Activity ID,Activity Date,Activity Name,Activity Type,Activity Description,Elapsed Time,Distance,Max Heart Rate,Relative Effort,Commute,Activity Private Note,Activity Gear,Filename,Athlete Weight,Bike Weight,Elapsed Time,Moving Time,Distance,Max Speed,Average Speed,Elevation Gain,Elevation Loss,Elevation Low,Elevation High,Max Grade,Average Grade,Average Positive Grade,Average Negative Grade,Max Cadence,Average Cadence,Max Heart Rate,Average Heart Rate,Max Watts,Average Watts,Calories,Max Temperature,Average Temperature,Relative Effort,Total Work,Number of Runs,Uphill Time,Downhill Time,Other Time,Perceived Exertion,Type,Start Time,Weighted Average Power,Power Count,Prefer Perceived Exertion,Perceived Relative Effort,Commute,Total Weight Lifted,From Upload,Grade Adjusted Distance,Weather Observation Time,Weather Condition,Weather Temperature,Apparent Temperature,Dewpoint,Humidity,Weather Pressure,Wind Speed,Wind Gust,Wind Bearing,Precipitation Intensity,Sunrise Time,Sunset Time,Moon Phase,Bike,Gear,Precipitation Probability,Precipitation Type,Cloud Cover,Weather Visibility,UV Index,Weather Ozone,Jump Count,Total Grit,Average Flow,Flagged,Average Elapsed Speed,Dirt Distance,Newly Explored Distance,Newly Explored Dirt Distance,Activity Count,Total Steps,Carbon Saved,Pool Length,Training Load,Intensity,Average Grade Adjusted Pace,Timer Time,Total Cycles,Media
1225552669,"Oct 11, 2017, 3:11:09 PM",Giro pomeridiano,Ride,"",5757,30.08,,,false,,,activities/1225552669.gpx,67.0,,5757.0,5571.0,30085.30078125,14.800000190734863,,1102.1400146484375,,379.0,1054.0,48.599998474121094,0.007644929923117161,,,,,,,,169.98800659179688,,,,,,,,,,,,,,,,,0.0,,,,,,,,,,,,,,,,,,,,,,,,,,,,,,,,,,,,,,,,,,,""
1229918463,"Oct 14, 2017, 1:54:29 PM",Giro pomeridiano,Ride,"",6233,24.88,,,false,,,activities/1229918463.gpx,67.0,,6233.0,4047.0,24887.400390625,18.299999237060547,,781.3150024414062,779.614990234375,328.8999938964844,959.0,49.70000076293945,0.006830770056694746,,,,,,,,169.65065002441406,765.5324096679688,,,,,,,,,,,,,,0.0,,0.0,,,,,,,,,,,,,,,,,,,,,,,,,,,,,,,0.0,,,,,,,,,,,,""
1240589429,"Oct 21, 2017, 1:41:10 PM",Giro pomeridiano,Ride,"",9402,55.72,,,false,,,activities/1240589429.gpx,67.0,,9402.0,9137.0,55724.0,21.799999237060547,,1636.7900390625,,324.0,1082.300048828125,49.70000076293945,0.0008972790092229843,,,,,,,,171.73399353027344,1749.5838623046875,,,,,,,,,,,,,,,,0.0,,,,,,,,,,,,,,,,,,,,,,,,,,,,,,,,,,,,,,,,,,,""
1249220307,"Oct 27, 2017, 1:58:03 PM",Giro pomeridiano,Ride,,8758,43.11,,,false,,,activities/1249220307.gpx,67.0,,8758.0,8057.0,43115.5,18.299999237060547,,1415.02001953125,,314.1000061035156,1031.0,49.70000076293945,-0.0013916100142523646,,,,,,,,156.9199981689453,1409.699462890625,,,,,,,,,,,,,,,,0.0,,,,,,,,,,,,,,,,,,,,,,,,,,,,,,,,,,,,,,,,,,,""
1494764699,"Apr 7, 2018, 11:49:37 AM",Giro pomeridiano,Ride,,12893,67.88,,,false,,,activities/1494764699.gpx,67.0,,12893.0,12047.0,67887.3984375,16.700000762939453,,1764.3612060546875,,312.1000061035156,1267.0,48.29999923706055,-0.05214516818523407,,,,,,,,142.94625854492188,1920.1085205078125,,,,,,,,,,,,,,,,0.0,,,,,,,,,,,,,,,,,,,,,,,,,,,,,,,,,,,,,,,,,,,""
1508376294,"Apr 14, 2018, 1:27:44 PM",Giro pomeridiano,Ride,,13553,53.93,,,false,,,activities/1508376294.gpx,67.0,,13553.0,11072.0,53938.30078125,16.0,,1394.150146484375,,765.0999755859375,1267.0,48.20000076293945,0.020949862897396088,,,,,,,,135.81187438964844,1676.63720703125,,,,,,,,,,,,,,,,0.0,,,,,,,,,,,,,,,,,,,,,,,,,,,,,,,,,,,,,,,,,,,""
1525369116,"Apr 22, 2018, 2:32:50 PM",Giro pomeridiano,Ride,,9788,47.21,,,false,,,activities/1525369116.gpx,67.0,,9788.0,8954.0,47210.1015625,15.699999809265137,,1184.7877197265625,,449.0,1066.5999755859375,49.400001525878906,0.12349052727222443,,,,,,,,138.18768310546875,1379.62890625,,,,,,,,,,,,,,,,0.0,,,,,,,,,,,,,,,,,,,,,,,,,,,,,,,,,,,,,,,,,,,""
1557473309,"May 8, 2018, 8:32:28 AM",Giro mattutino,Ride,,8300,43.24,,,false,,,activities/1557473309.gpx,67.0,,8300.0,7403.0,43248.6015625,25.799999237060547,,1525.0406494140625,,314.0,991.9000244140625,49.79999923706055,0.014566945843398571,,,,,,,,165.73403930664062,1368.025634765625,,,,,,,,,,,,,,,,0.0,,,,,,,,,,,,,,,,,,,,,,,,,,,,,,,,,,,,,,,,,,,""
1580352564,"May 18, 2018, 4:52:10 PM",Giro serale,Ride,"",5168,23.86,,,false,,,activities/1580352564.gpx,67.0,,5168.0,4222.0,23860.5,16.0,,773.3663330078125,,331.6000061035156,959.0,48.29999923706055,0.012992183677852154,,,,,,,,150.45895385742188,708.290283203125,,,,,,,,,,,,,,,,0.0,,,,,,,,,,,,,,,,,,,,,,,,,,,,,,,,,,,,,,,,,,,""
1587123616,"May 21, 2018, 4:29:00 PM",Giro serale,Ride,,6017,36.19,,,false,,,activities/1587123616.gpx,67.0,,6017.0,5688.0,36189.69921875,17.399999618530273,,1024.1519775390625,,324.0,959.0999755859375,49.70000076293945,0.003315860638394952,,,,,,,,172.93345642089844,1096.7618408203125,,,,,,,,,,,,,,,,0.0,,,,,,,,,,,,,,,,,,,,,,,,,,,,,,,,,,,,,,,,,,,""
1595483820,"May 25, 2018, 5:02:03 PM",Giro serale,Ride,,5168,25.53,,,false,,,activities/1595483820.gpx,67.0,,5168.0,3676.0,25536.900390625,18.5,,747.1114501953125,,448.20001220703125,959.0,45.20000076293945,0.14488837122917175,,,,,,,,194.98287963867188,799.1846313476562,,,,,,,,,,,,,,,,0.0,,,,,,,,,,,,,,,,,,,,,,,,,,,,,,,,,,,,,,,,,,,""
1596778905,"May 26, 2018, 8:59:33 AM",Giro mattutino,Ride,,9497,50.74,,,false,,,activities/1596778905.gpx,67.0,,9497.0,8908.0,50748.1015625,19.200000762939453,,1519.897216796875,,310.0,1030.9000244140625,46.900001525878906,0.0256167221814394,,,,,,,,161.78236389160156,1606.88671875,,,,,,,,,,,,,,,,0.0,,,,,,,,,,,,,,,,,,,,,,,,,,,,,,,,,,,,,,,,,,,""
1610424531,"Jun 1, 2018, 3:47:24 PM",Giro pomeridiano,Ride,,8152,47.86,,,false,,,activities/1610424531.gpx,67.0,,8152.0,7772.0,47860.69921875,20.399999618530273,,1181.8150634765625,,269.0,1054.0,47.79999923706055,-0.0020893970504403114,,,,,,,,164.9534149169922,1429.4464111328125,,,,,,,,,,,,,,,,0.0,,,,,,,,,,,,,,,,,,,,,,,,,,,,,,,,,,,,,,,,,,,""
1619157098,"Jun 5, 2018, 4:18:29 PM",Giro serale,Ride,,5843,35.41,,,false,,,activities/1619157098.gpx,67.0,,5843.0,5799.0,35415.1015625,15.5,,1050.8187255859375,,469.8999938964844,1036.5999755859375,49.70000076293945,-0.004517846740782261,,,,,,,,168.2202606201172,1087.691162109375,,,,,,,,,,,,,,,,0.0,,,,,,,,,,,,,,,,,,,,,,,,,,,,,,,,,,,,,,,,,,,""
1625583403,"Jun 8, 2018, 4:59:34 PM",Giro serale,Ride,,7033,34.34,,,false,,,activities/1625583403.gpx,67.0,,7033.0,5554.0,34339.6015625,17.0,,1006.8751220703125,,312.0,1054.0,46.79999923706055,0.10600007325410843,,,,,,,,189.55596923828125,1173.8653564453125,,,,,,,,,,,,,,,,0.0,,,,,,,,,,,,,,,,,,,,,,,,,,,,,,,,,,,,,,,,,,,""
1637702724,"Jun 14, 2018, 8:12:18 AM",Giro mattutino,Ride,,9318,52.48,,,false,,,activities/1637702724.gpx,67.0,,9318.0,9075.0,52482.5,16.399999618530273,,1542.2742919921875,,289.0,959.5,48.599998474121094,-0.012385080568492413,,,,,,,,161.50942993164062,1634.2490234375,,,,,,,,,,,,,,,,0.0,,,,,,,,,,,,,,,,,,,,,,,,,,,,,,,,,,,,,,,,,,,""
1648890736,"Jun 19, 2018, 3:58:34 PM",Giro pomeridiano,Ride,,7479,44.70,,,false,,,activities/1648890736.gpx,67.0,,7479.0,7224.0,44700.1015625,19.700000762939453,,1299.1783447265625,,324.0,1030.9000244140625,49.400001525878906,0.014093928039073944,,,,,,,,174.41610717773438,1404.8790283203125,,,,,,,,,,,,,,,,0.0,,,,,,,,,,,,,,,,,,,,,,,,,,,,,,,,,,,,,,,,,,,""
1655256944,"Jun 22, 2018, 4:50:56 PM",Giro serale,Ride,,6078,28.98,,,false,,,activities/1655256944.gpx,67.0,,6078.0,4827.0,28986.5,18.399999618530273,,849.7190551757812,,449.0,1030.9000244140625,41.599998474121094,-0.0058647990226745605,,,,,,,,183.13729858398438,985.6625366210938,,,,,,,,,,,,,,,,0.0,,,,,,,,,,,,,,,,,,,,,,,,,,,,,,,,,,,,,,,,,,,""
1680883757,"Jul 4, 2018, 4:25:57 PM",Giro serale,Ride,,4844,29.12,,,false,,,activities/1680883757.gpx,67.0,,4844.0,4620.0,29127.80078125,18.0,,827.056884765625,,289.0,960.2999877929688,50.0,-0.025061968713998795,,,,,,,,167.94158935546875,865.11962890625,,,,,,,,,,,,,,,,0.0,,,,,,,,,,,,,,,,,,,,,,,,,,,,,,,,,,,,,,,,,,,""
1700223277,"Jul 13, 2018, 4:49:25 PM",Giro serale,Ride,,5642,19.87,,,false,,,activities/1700223277.gpx,67.0,,5642.0,3975.0,19878.30078125,15.899999618530273,,709.3113403320312,,575.0999755859375,1112.0,43.599998474121094,-0.032195910811424255,,,,,,,,157.1855010986328,696.6680297851562,,,,,,,,,,,,,,,,0.0,,,,,,,,,,,,,,,,,,,,,,,,,,,,,,,,,,,,,,,,,,,""
1731678047,"Jul 27, 2018, 4:49:06 PM",Giro serale,Ride,,5888,24.36,,,false,,,activities/1731678047.gpx,67.0,,5888.0,4115.0,24366.69921875,18.100000381469727,,764.84375,,330.29998779296875,965.7000122070312,47.29999923706055,-0.031190108507871628,,,,,,,,166.57525634765625,764.2835693359375,,,,,,,,,,,,,,,,0.0,,,,,,,,,,,,,,,,,,,,,,,,,,,,,,,,,,,,,,,,,,,""
1740610918,"Jul 31, 2018, 3:56:17 PM",Giro pomeridiano,Ride,,8874,35.91,,,false,,,activities/1740610918.gpx,67.0,,8874.0,6054.0,35912.8984375,17.5,,1041.843505859375,,312.1000061035156,1054.0,48.099998474121094,0.0,,,,,,,,176.14236450195312,1188.9954833984375,,,,,,,,,,,,,,,,0.0,,,,,,,,,,,,,,,,,,,,,,,,,,,,,,,,,,,,,,,,,,,""
1747521545,"Aug 3, 2018, 4:52:38 PM",Giro serale,Ride,,7208,35.41,,,false,,,activities/1747521545.gpx,67.0,,7208.0,5890.0,35411.30078125,17.200000762939453,,991.7235107421875,,312.1000061035156,1054.0,48.599998474121094,-0.021744471043348312,,,,,,,,169.3129119873047,1111.937744140625,,,,,,,,,,,,,,,,0.0,,,,,,,,,,,,,,,,,,,,,,,,,,,,,,,,,,,,,,,,,,,""
1763137223,"Aug 10, 2018, 4:51:51 PM",Giro serale,Ride,,5613,27.10,,,false,,,activities/1763137223.gpx,67.0,,5613.0,4764.0,27100.0,16.899999618530273,,792.130615234375,,450.1000061035156,1030.9000244140625,49.29999923706055,-0.021402213722467422,,,,,,,,170.17547607421875,903.94580078125,,,,,,,,,,,,,,,,0.0,,,,,,,,,,,,,,,,,,,,,,,,,,,,,,,,,,,,,,,,,,,""
1819148490,"Sep 4, 2018, 3:56:03 PM",Giro pomeridiano,Ride,,5350,31.57,,,false,,,activities/1819148490.gpx,67.0,,5350.0,5113.0,31577.30078125,17.899999618530273,,922.7068481445312,,449.0,1031.0,46.29999923706055,-0.0015834158984944224,,,,,,,,170.23245239257812,970.4943237304688,,,,,,,,,,,,,,,,0.0,,,,,,,,,,,,,,,,,,,,,,,,,,,,,,,,,,,,,,,,,,,""
1822976254,"Sep 6, 2018, 9:33:32 AM",Giro all’ora di pranzo,Ride,,5810,32.88,,,false,,,activities/1822976254.gpx,67.0,,5810.0,5366.0,32887.80078125,14.399999618530273,,866.75146484375,,269.0,959.0,49.099998474121094,-0.0003040641313418746,,,,,,,,160.1794891357422,958.3682861328125,,,,,,,,,,,,,,,,0.0,,,,,,,,,,,,,,,,,,,,,,,,,,,,,,,,,,,,,,,,,,,""
1869149119,"Sep 27, 2018, 1:53:29 PM",Giro pomeridiano,Ride,,7042,38.47,,,false,,,activities/1869149119.gpx,67.0,,7042.0,6588.0,38471.3984375,16.700000762939453,,961.5809326171875,,289.0,959.0,49.5,0.003379133529961109,,,,,,,,150.19320678710938,1103.26220703125,,,,,,,,,,,,,,,,0.0,,,,,,,,,,,,,,,,,,,,,,,,,,,,,,,,,,,,,,,,,,,""
1871214443,"Sep 28, 2018, 3:17:44 PM",Giro pomeridiano,Ride,,3793,17.48,,,false,,,activities/1871214443.gpx,67.0,,3793.0,3674.0,17488.19921875,13.800000190734863,,763.2376098632812,,324.0,958.2000122070312,46.5,3.5772693157196045,,,,,,,,178.95364379882812,733.0853881835938,,,,,,,,,,,,,,,,0.0,,,,,,,,,,,,,,,,,,,,,,,,,,,,,,,,,,,,,,,,,,,""
1873306972,"Sep 29, 2018, 12:32:56 PM",Giro pomeridiano,Ride,,11263,50.94,,,false,,,activities/1873306972.gpx,67.0,,11263.0,10184.0,50943.69921875,15.100000381469727,,1523.220703125,,295.0,959.0,49.400001525878906,0.00019629512098617852,,,,,,,,138.20033264160156,1569.2869873046875,,,,,,,,,,,,,,,,0.0,,,,,,,,,,,,,,,,,,,,,,,,,,,,,,,,,,,,,,,,,,,""
1883818428,"Oct 4, 2018, 1:49:47 PM",Giro pomeridiano,Ride,,7786,44.67,,,false,,,activities/1883818428.gpx,67.0,,7786.0,7538.0,44671.5,15.5,,1283.3740234375,,310.0,989.4000244140625,45.20000076293945,0.01253595668822527,,,,,,,,168.6063232421875,1417.1142578125,,,,,,,,,,,,,,,,0.0,,,,,,,,,,,,,,,,,,,,,,,,,,,,,,,,,,,,,,,,,,,""
1885828184,"Oct 5, 2018, 1:44:28 PM",Giro pomeridiano,Ride,,8957,52.47,,,false,,,activities/1885828184.gpx,67.0,,8957.0,8750.0,52475.69921875,18.600000381469727,,1469.5152587890625,,324.0,1082.800048828125,50.0,0.002858466003090143,,,,,,,,168.46282958984375,1643.5655517578125,,,,,,,,,,,,,,,,0.0,,,,,,,,,,,,,,,,,,,,,,,,,,,,,,,,,,,,,,,,,,,""
1912622057,"Oct 18, 2018, 1:09:30 PM",Giro pomeridiano,Ride,,10919,62.09,,,false,,,activities/1912622057.gpx,67.0,,10919.0,10373.0,62089.69921875,17.200000762939453,,1601.9251708984375,,431.0,1267.0,46.29999923706055,0.0011274011339992285,,,,,,,,161.6260223388672,1869.349609375,,,,,,,,,,,,,,,,0.0,,,,,,,,,,,,,,,,,,,,,,,,,,,,,,,,,,,,,,,,,,,""
1914510741,"Oct 19, 2018, 2:52:13 PM",Giro pomeridiano,Ride,,4327,26.14,,,false,,,activities/1914510741.gpx,67.0,,4327.0,4155.0,26140.599609375,23.299999237060547,,773.4821166992188,,304.0,959.0,44.400001525878906,-0.021040067076683044,,,,,,,,182.51596069335938,845.5645141601562,,,,,,,,,,,,,,,,0.0,,,,,,,,,,,,,,,,,,,,,,,,,,,,,,,,,,,,,,,,,,,""
1916402187,"Oct 20, 2018, 12:49:49 PM",Giro pomeridiano,Ride,,6488,35.51,,,false,,,activities/1916402187.gpx,67.0,,6488.0,5973.0,35518.0,19.700000762939453,,948.8919677734375,,322.5,1051.0,49.20000076293945,0.0005630947416648269,,,,,,,,164.524169921875,1095.713623046875,,,,,,,,,,,,,,,,0.0,,,,,,,,,,,,,,,,,,,,,,,,,,,,,,,,,,,,,,,,,,,""
1924876708,"Oct 24, 2018, 2:25:12 PM",Giro pomeridiano,Ride,,7004,38.58,,,false,,,activities/1924876708.gpx,67.0,,7004.0,6551.0,38582.0,19.200000762939453,,1027.94580078125,,327.0,1028.5,34.70000076293945,-0.010367528535425663,,,,,,,,162.03201293945312,1183.5408935546875,,,,,,,,,,,,,,,,0.0,,,,,,,,,,,,,,,,,,,,,,,,,,,,,,,,,,,,,,,,,,,""
1926811830,"Oct 25, 2018, 2:10:20 PM",Giro pomeridiano,Ride,,8855,54.64,,,false,,,activities/1926811830.gpx,67.0,,8855.0,8193.0,54639.0,19.200000762939453,,1226.1944580078125,,322.29998779296875,966.0,31.299999237060547,0.001464155619032681,,,,,,,,165.63018798828125,1513.06396484375,,,,,,,,,,,,,,,,0.0,,,,,,,,,,,,,,,,,,,,,,,,,,,,,,,,,,,,,,,,,,,""
2153229591,"Feb 16, 2019, 1:27:49 PM",Giro pomeridiano,Ride,,7039,37.28,,,false,,,activities/2153229591.gpx,67.0,,7039.0,6142.0,37284.8984375,17.0,,957.3258056640625,,322.70001220703125,1050.9000244140625,45.900001525878906,-0.09467639774084091,,,,,,,,149.90484619140625,1026.597900390625,,,,,,,,,,,,,,,,0.0,,,,,,,,,,,,,,,,,,,,,,,,,,,,,,,,,,,,,,,,,,,""
2186321673,"Mar 2, 2019, 2:06:45 PM",Giro pomeridiano,Ride,,7552,36.24,,,false,,,activities/2186321673.gpx,67.0,,7552.0,6400.0,36247.80078125,17.299999237060547,,868.0621337890625,,295.5,966.0,44.099998474121094,-0.0008276364533230662,,,,,,,,151.59002685546875,1081.7464599609375,,,,,,,,,,,,,,,,0.0,,,,,,,,,,,,,,,,,,,,,,,,,,,,,,,,,,,,,,,,,,,""
2217506874,"Mar 16, 2019, 2:19:34 PM",Giro pomeridiano,Ride,,7689,37.30,,,false,,,activities/2217506874.gpx,67.0,,7689.0,6617.0,37306.6015625,18.700000762939453,,957.8056030273438,,341.79998779296875,1028.4000244140625,29.799999237060547,0.007773423567414284,,,,,,,,147.74014282226562,1090.0201416015625,,,,,,,,,,,,,,,,0.0,,,,,,,,,,,,,,,,,,,,,,,,,,,,,,,,,,,,,,,,,,,""
2251462344,"Mar 30, 2019, 10:16:15 AM",Giro all’ora di pranzo,Ride,,6237,38.43,,,false,,,activities/2251462344.gpx,67.0,,6237.0,5879.0,38434.19921875,20.899999618530273,,988.2371215820312,,445.79998779296875,1028.699951171875,46.400001525878906,0.0015611096750944853,,,,,,,,167.0554656982422,1095.062744140625,,,,,,,,,,,,,,,,0.0,,,,,,,,,,,,,,,,,,,,,,,,,,,,,,,,,,,,,,,,,,,""
2305339145,"Apr 20, 2019, 2:49:27 PM",Giro pomeridiano,Ride,,9360,41.42,,,false,,,activities/2305339145.gpx,67.0,,9360.0,8370.0,41427.69921875,16.0,,1174.192138671875,,312.8999938964844,963.5,43.400001525878906,-0.02631089836359024,,,,,,,,135.21487426757812,1261.8995361328125,,,,,,,,,,,,,,,,0.0,,,,,,,,,,,,,,,,,,,,,,,,,,,,,,,,,,,,,,,,,,,""
2322279418,"Apr 27, 2019, 8:13:00 AM",Giro mattutino,Ride,,9853,54.70,,,false,,,activities/2322279418.gpx,67.0,,9853.0,9426.0,54701.19921875,15.0,,1358.326416015625,,322.6000061035156,1049.5,30.700000762939453,-0.009871812537312508,,,,,,,,152.8819122314453,1606.7874755859375,,,,,,,,,,,,,,,,0.0,,,,,,,,,,,,,,,,,,,,,,,,,,,,,,,,,,,,,,,,,,,""
2349632641,"May 7, 2019, 5:13:42 PM",Giro serale,Ride,,4597,25.00,,,false,,,activities/2349632641.gpx,67.0,,,4229.0,25002.69921875,18.299999237060547,,850.3110961914062,,317.1000061035156,965.9000244140625,47.5,-0.035196200013160706,,,,,,,,174.96969604492188,825.0407104492188,,,,,,,,,,,,,,,,,,,,,,,,,,,,,,,,,,,,,,,,,,,,,,,,,,,,,,,,,,,""
2356860789,"May 10, 2019, 4:57:41 PM",Giro serale,Ride,,5593,24.05,,,false,,,activities/2356860789.gpx,67.0,,,4101.0,24050.5,16.600000381469727,,729.4412231445312,,331.1000061035156,966.0999755859375,39.29999923706055,-0.01372112799435854,,,,,,,,169.59109497070312,775.4747314453125,,,,,,,,,,,,,,,,,,,,,,,,,,,,,,,,,,,,,,,,,,,,,,,,,,,,,,,,,,,""
2391375778,"May 23, 2019, 5:11:47 PM",Giro serale,Ride,,3295,21.54,,,false,,,activities/2391375778.gpx,67.0,,,2941.0,21545.0,23.100000381469727,,410.93157958984375,,445.79998779296875,1020.4000244140625,43.70000076293945,-1.5511720180511475,,,,,,,,159.42955017089844,522.8037719726562,,,,,,,,,,,,,,,,,,,,,,,,,,,,,,,,,,,,,,,,,,,,,,,,,,,,,,,,,,,""
2412321052,"May 31, 2019, 4:58:30 PM",Giro serale,Ride,,4821,25.66,,,false,,,activities/2412321052.gpx,67.0,,,3905.0,25664.69921875,15.5,,601.6488647460938,,445.79998779296875,966.0,45.70000076293945,-0.008961725980043411,,,,,,,,160.8403778076172,700.3110961914062,,,,,,,,,,,,,,,,,,,,,,,,,,,,,,,,,,,,,,,,,,,,,,,,,,,,,,,,,,,""
2416465964,"Jun 2, 2019, 6:30:11 AM",Giro mattutino,Ride,,8218,40.99,,,false,,,activities/2416465964.gpx,67.0,,,7088.0,40993.8984375,20.299999237060547,,1136.2337646484375,,309.1000061035156,1082.9000244140625,45.900001525878906,0.015124201774597168,,,,,,,,142.70193481445312,1127.79052734375,,,,,,,,,,,,,,,,,,,,,,,,,,,,,,,,,,,,,,,,,,,,,,,,,,,,,,,,,,,""
2423612677,"Jun 4, 2019, 5:19:49 PM",Giro serale,Ride,,5988,33.60,,,false,,,activities/2423612677.gpx,67.0,,,4807.0,33601.8984375,20.0,,1117.0416259765625,,322.70001220703125,1031.800048828125,49.70000076293945,0.7193045616149902,,,,,,,,173.02586364746094,927.3848876953125,,,,,,,,,,,,,,,,,,,,,,,,,,,,,,,,,,,,,,,,,,,,,,,,,,,,,,,,,,,""
2431427917,"Jun 7, 2019, 5:16:23 PM",Giro serale,Ride,,6034,26.12,,,false,,,activities/2431427917.gpx,67.0,,,4271.0,26121.80078125,17.799999237060547,,847.3717041015625,,322.3999938964844,1049.300048828125,48.099998474121094,1.6602990627288818,,,,,,,,161.3016357421875,768.14501953125,,,,,,,,,,,,,,,,,,,,,,,,,,,,,,,,,,,,,,,,,,,,,,,,,,,,,,,,,,,""
2432810951,"Jun 8, 2019, 7:17:47 AM",Giro mattutino,Ride,,13528,58.80,,,false,,,activities/2432810951.gpx,67.0,,,8078.0,58806.6015625,23.0,,1222.1904296875,,257.5,957.0,48.79999923706055,-0.05849683657288551,,,,,,,,132.93011474609375,1197.2974853515625,,,,,,,,,,,,,,,,,,,,,,,,,,,,,,,,,,,,,,,,,,,,,,,,,,,,,,,,,,,""
2449879824,"Jun 14, 2019, 6:00:55 PM",Giro serale,Ride,,4344,10.92,,,false,,,activities/2449879824.gpx,67.0,,,2088.0,10919.2998046875,18.700000762939453,,392.1820983886719,,730.5999755859375,1028.4000244140625,23.700000762939453,2.0926249027252197,,,,,,,,173.6321563720703,404.23651123046875,,,,,,,,,,,,,,,,,,,,,,,,,,,,,,,,,,,,,,,,,,,,,,,,,,,,,,,,,,,""
2454429602,"Jun 16, 2019, 7:56:55 AM",Giro mattutino,Ride,,12228,72.57,,,false,,,activities/2454429602.gpx,67.0,,,10948.0,72572.796875,22.5,,1751.7633056640625,,321.20001220703125,966.0,48.400001525878906,-0.008129768073558807,,,,,,,,159.0537872314453,1941.5726318359375,,,,,,,,,,,,,,,,,,,,,,,,,,,,,,,,,,,,,,,,,,,,,,,,,,,,,,,,,,,""
2487879174,"Jun 28, 2019, 5:02:15 PM",Giro serale,Ride,,5380,29.48,,,false,,,activities/2487879174.gpx,67.0,,5380.0,3989.0,29486.69921875,26.600000381469727,,831.8134155273438,,445.79998779296875,1028.800048828125,48.5,0.12412375956773758,,,,,,,,182.74366760253906,812.79541015625,,,,,,,,,,,,,,,,,,,,,,,,,,,,,,,,,,,,,,,,,,,,,,,,,,,,,,,,,,,""
2506833489,"Jul 5, 2019, 5:21:28 PM",Giro serale,Ride,,3551,10.14,,,false,,,activities/2506833489.gpx,67.0,,3551.0,2677.0,10143.599609375,14.899999618530273,,611.2603149414062,,575.2999877929688,1082.9000244140625,48.099998474121094,3.5519933700561523,,,,,,,,175.13507080078125,522.7527465820312,,,,,,,,,,,,,,,,,,,,,,,,,,,,,,,,,,,,,,,,,,,,,,,,,,,,,,,,,,,""
2537712768,"Jul 16, 2019, 5:32:59 PM",Giro serale,Ride,,3987,25.49,,,false,,,activities/2537712768.gpx,67.0,,3987.0,3269.0,25496.69921875,23.299999237060547,,961.4033813476562,,336.70001220703125,966.0999755859375,46.5,-0.033729854971170425,,,,,,,,185.29844665527344,675.4008178710938,,,,,,,,,,,,,,,,,,,,,,,,,,,,,,,,,,,,,,,,,,,,,,,,,,,,,,,,,,,""
2545954559,"Jul 19, 2019, 5:33:16 PM",Cronoscalata Nembro-Selvino,Ride,"",4378,13.36,,,false,,,activities/2545954559.gpx,67.0,,4378.0,2923.0,13364.900390625,15.5,,674.2437744140625,,340.6000061035156,958.7000122070312,48.099998474121094,4.593375205993652,,,,,,,,197.4002685546875,643.3561401367188,,,,,,,,,,,,,,,,,,,,,,,,,,,,,,,,,,,,,,,,,,,,,,,,,,,,,,,,,,,""
2557532327,"Jul 23, 2019, 7:13:31 PM",We run San Pellegrino,Run,"",4539,8.36,187.0,95,false,,,activities/2714387714.tcx.gz,67.0,,4539.0,2507.0,8367.5,7.599999904632568,,149.75897216796875,,338.70001220703125,417.5,48.29999923706055,-0.048999104648828506,,,,,187.0,,,,1137.0,,,95.0,,,,,,,,,,,,,,,,,,,,,,,,,,,,,,,,,,,,,,,,,,,,,,,,,,,,,,,,""
2565193996,"Jul 26, 2019, 5:13:04 PM",Corsa serale,Run,"",2904,9.49,186.0,112,false,,,activities/2722264371.tcx.gz,67.0,,2904.0,2664.0,9496.0,7.199999809265137,,190.80386352539062,,896.5999755859375,961.4000244140625,24.399999618530273,0.10320134460926056,,,,,186.0,171.86837768554688,,,784.0,,,112.0,,,,,,,,,,,,,,,,,,,,,,,,,,,,,,,,,,,,,,,,,,,,,,,,,,,,,,,,""
2573571056,"Jul 29, 2019, 5:14:41 PM",Evening Ride,Ride,,5664,33.41,183.0,126,false,,,activities/2730950659.tcx.gz,67.0,,5664.0,5570.0,33416.6015625,16.0,,922.5634765625,,322.70001220703125,1050.699951171875,42.70000076293945,0.0026932721957564354,,,,,183.0,,,172.25485229492188,1305.0,,,126.0,,,,,,,,,,,,,,,,,,,,,,,,,,,,,,,,,,,,,,,,,,,,,,,,,,,,,,,,""
2579342149,"Jul 31, 2019, 5:30:08 PM",Evening Run,Run,"",3083,11.10,184.0,121,false,,,activities/2736918385.tcx.gz,67.0,,3083.0,3073.0,11105.7998046875,5.800000190734863,,225.16116333007812,,896.5999755859375,960.9000244140625,28.600000381469727,0.007203443441540003,,,,,184.0,,,,838.0,,,121.0,,,,,,,,,,,,,,,,,,,,,,,,,,,,,,,,,,,,,,,,,,,,,,,,,,,,,,,,""
2596785307,"Aug 6, 2019, 7:11:07 PM",We run Santa Croce,Run,"",1922,4.32,185.0,44,false,,,activities/2755330208.tcx.gz,67.0,,1922.0,1398.0,4323.39990234375,7.0,,192.41995239257812,,739.0999755859375,913.4000244140625,49.0,-0.032381922006607056,,,,,185.0,,,,458.0,,,44.0,,,,,,,,,,,,,,,,,,,,,,,,,,,,,,,,,,,,,,,,,,,,,,,,,,,,,,,,""
2602074592,"Aug 8, 2019, 4:44:13 PM",Evening Run,Run,"",1702,6.40,183.0,75,false,,,activities/2760815615.tcx.gz,67.0,,1702.0,1688.0,6400.2998046875,6.099999904632568,,128.70004272460938,,906.5,958.7000122070312,16.5,0.34373387694358826,,,,,183.0,,,,475.0,,,75.0,,,,,,,,,,,,,,,,,,,,,,,,,,,,,,,,,,,,,,,,,,,,,,,,,,,,,,,,""
2605016763,"Aug 9, 2019, 4:53:00 PM",Cronoscalata Algua-Aviatico,Ride,"",5552,25.16,183.0,77,false,,,activities/2763867167.tcx.gz,67.0,,5552.0,4221.0,25160.0,16.299999237060547,,704.0843505859375,,445.79998779296875,1028.4000244140625,35.5,-0.021462639793753624,,,,,183.0,,,165.23550415039062,1014.0,,,77.0,,,,,,,,,,,,,,,,,,,,,,,,,,,,,,,,,,,,,,,,,,,,,,,,,,,,,,,,""
2633271984,"Aug 19, 2019, 5:26:03 PM",Evening Run,Run,"",2541,9.46,186.0,125,false,,,activities/2793323542.tcx.gz,67.0,,2541.0,2532.0,9459.400390625,7.599999904632568,,175.83555603027344,,896.0,961.5,32.70000076293945,-0.07822906225919724,,,,,186.0,,,,741.0,,,125.0,,,,,,,,,,,0.0,,,,,,,,,,,,,,,,,,,,,,,,,,,,,,,,,,,,,,,,,,,,,""
2636068415,"Aug 20, 2019, 4:51:49 PM",Evening Ride,Ride,"",4504,30.05,183.0,90,false,,,activities/2796245571.tcx.gz,67.0,,4504.0,4435.0,30055.599609375,23.200000762939453,,760.085693359375,,342.70001220703125,960.2999877929688,39.599998474121094,-0.022292017936706543,,,,,183.0,,,177.0179443359375,981.0,,,90.0,,,,,,,,,,,0.0,,,,,,,,,,,,,,,,,,,,,,,,,,,,,,,,,,,,,,,,,,,,,""
2639655810,"Aug 21, 2019, 7:10:51 PM",We run Bergamo,Run,"",5856,10.86,189.0,126,false,,,activities/2799960307.tcx.gz,67.0,,5856.0,3155.0,10863.5,9.399999618530273,,206.51524353027344,,262.1000061035156,397.6000061035156,48.900001525878906,0.0,,,,,189.0,,,,879.0,,,126.0,,,,,,,,,,,0.0,,,,,,,,,,,,,,,,,,,,,,,,,,,,,,,,,,,,,,,,,,,,,""
2653779274,"Aug 26, 2019, 5:10:22 PM",Evening Run,Run,"",3237,11.33,188.0,152,false,,,activities/2814695027.tcx.gz,67.0,,3237.0,3229.0,11331.7001953125,6.900000095367432,,211.23216247558594,,896.2999877929688,966.0999755859375,26.5,0.12884210050106049,,,,,188.0,,,,920.0,,,152.0,,,,,,,,,,,0.0,,,,,,,,,,,,,,,,,,,,,,,,,,,,,,,,,,,,,,,,,,,,,""
2660193925,"Aug 28, 2019, 7:12:26 PM",We run Bergamo,Run,"",6023,10.59,183.0,87,false,,,activities/2821351759.tcx.gz,67.0,,6023.0,3371.0,10596.400390625,7.5,,194.62879943847656,,262.29998779296875,397.5,23.799999237060547,-0.01604318432509899,,,,,183.0,,,,810.0,,,87.0,,,,,,,,,,,0.0,,,,,,,,,,,,,,,,,,,,,,,,,,,,,,,,,,,,,,,,,,,,,""
2667988217,"Aug 31, 2019, 3:00:42 PM",Afternoon Run,Run,"",4406,16.14,186.0,226,false,,,activities/2829476287.tcx.gz,67.0,,4406.0,4259.0,16146.7001953125,12.199999809265137,,182.949951171875,,327.1000061035156,415.20001220703125,47.20000076293945,0.00805118028074503,,,,,186.0,,,,1292.0,,,226.0,,,,,,,,,,,0.0,,,,,,,,,,,,,,,,,,,,,,,,,,,,,,,,,,,,,,,,,,,,,""
2674132646,"Sep 2, 2019, 5:18:04 PM",Evening Run,Run,"",2818,10.17,182.0,105,false,,,activities/2835905370.tcx.gz,67.0,,2818.0,2818.0,10169.0,6.099999904632568,,192.4801788330078,,896.2999877929688,961.4000244140625,30.0,-0.02655128389596939,,,,,182.0,,,,757.0,,,105.0,,,,,,,,,,,0.0,,,,,,,,,,,,,,,,,,,,,,,,,,,,,,,,,,,,,,,,,,,,,""
2681213537,"Sep 4, 2019, 7:12:22 PM",We run Bergamo,Run,"",6311,10.54,187.0,102,false,,,activities/2843220413.tcx.gz,67.0,,6311.0,3036.0,10541.2001953125,6.199999809265137,,200.2418670654297,,262.29998779296875,397.6000061035156,34.20000076293945,0.0,,,,,187.0,,,,791.0,,,102.0,,,,,,,,,,,0.0,,,,,,,,,,,,,,,,,,,,,,,,,,,,,,,,,,,,,,,,,,,,,""
2687416460,"Sep 7, 2019, 9:30:03 AM",Lunch Run,Run,"",4861,17.77,185.0,226,false,,,activities/2849628533.tcx.gz,67.0,,4861.0,4566.0,17776.599609375,13.899999618530273,,225.78518676757812,,327.0,437.70001220703125,42.5,-0.007875521667301655,,,,,185.0,,,,1410.0,,,226.0,,,,,,,,,,,0.0,,0.0,,,,,,,,,,,,,,,,,,,,,,,,,,,,,,,,,,,,,,,,,,,""
2714469841,"Sep 16, 2019, 4:44:12 PM",Evening Run,Run,"",3023,10.80,191.0,151,false,,,activities/2877737378.tcx.gz,67.0,,3023.0,2954.0,10805.900390625,7.400000095367432,,76.57467651367188,,266.29998779296875,305.8999938964844,11.800000190734863,-0.005552522372454405,,,,,191.0,,,,897.0,,,151.0,,,,,,,,,,,0.0,,0.0,,,,,,,,,,,,,,,,,,,,,,,,,,,,,,,,,,,,,,,,,,,""
2725662133,"Sep 20, 2019, 4:50:44 PM",Evening Run,Run,"",3137,11.77,191.0,158,false,,,activities/2889291870.tcx.gz,67.0,,3137.0,3113.0,11774.599609375,10.199999809265137,,80.51854705810547,,271.3999938964844,315.0,11.899999618530273,0.0,,,,,191.0,,,,928.0,,,158.0,,,,,,,,,,,0.0,,0.0,,,,,,,,,,,,,,,,,,,,,,,,,,,,,,,,,,,,,,,,,,,""
2728209973,"Sep 21, 2019, 2:02:37 PM",Afternoon Ride,Ride,"",5695,26.55,176.0,66,false,,,activities/2891946714.tcx.gz,67.0,,5695.0,4949.0,26557.099609375,15.699999809265137,,741.3770751953125,,440.70001220703125,1028.5999755859375,32.5,0.13028530776500702,,,,,176.0,,,141.8385467529297,1103.0,,,66.0,,,,,,,,,,,0.0,,0.0,,,,,,,,,,,,,,,,,,,,,,,,,,,,,,,,,,,,,,,,,,,""
2737241460,"Sep 24, 2019, 4:52:04 PM",Evening Run,Run,"",3923,14.92,185.0,181,false,,,activities/2901332182.tcx.gz,67.0,,3923.0,3907.0,14924.400390625,8.199999809265137,,92.0045394897461,,269.20001220703125,329.0,21.399999618530273,0.0013400873867794871,,,,,185.0,,,,1111.0,,,181.0,,,,,,,,,,,0.0,,0.0,,,,,,,,,,,,,,,,,,,,,,,,,,,,,,,,,,,,,,,,,,,""
2742203636,"Sep 26, 2019, 4:54:53 PM",Evening Run,Run,"",2618,9.90,189.0,116,false,,,activities/2906475629.tcx.gz,67.0,,2618.0,2554.0,9907.599609375,7.900000095367432,,68.61982727050781,,262.8999938964844,302.79998779296875,23.399999618530273,0.0040373047813773155,,,,,189.0,,,,734.0,,,116.0,,,,,,,,,,,0.0,,0.0,,,,,,,,,,,,,,,,,,,,,,,,,,,,,,,,,,,,,,,,,,,""
2747136545,"Sep 28, 2019, 2:15:33 PM",Afternoon Run,Run,"",5255,19.02,187.0,283,false,,,activities/2911596649.tcx.gz,67.0,,5255.0,5234.0,19024.400390625,6.900000095367432,,100.88534545898438,,288.20001220703125,357.1000061035156,9.199999809265137,0.01839742623269558,,,,,187.0,,,,1563.0,,,283.0,,,,,,,,,,,0.0,,0.0,,,,,,,,,,,,,,,,,,,,,,,,,,,,,,,,,,,,,,,,,,,""
2758852007,"Oct 2, 2019, 4:56:51 PM",Evening Run,Run,"",2425,9.13,181.0,67,false,,,activities/2923837387.tcx.gz,67.0,,2425.0,2412.0,9131.599609375,8.399999618530273,,64.3477783203125,,269.20001220703125,306.0,19.700000762939453,0.006570590194314718,,,,,181.0,,,,590.0,,,67.0,,,,,,,,,,,0.0,,0.0,,,,,,,,,,,,,,,,,,,,,,,,,,,,,,,,,,,,,,,,,,,""
2758852768,"Oct 2, 2019, 7:14:09 PM",We run Bergamo,Run,"",5321,9.57,186.0,85,false,,,activities/2923838149.tcx.gz,67.0,,5321.0,2504.0,9569.7001953125,18.700000762939453,,241.43736267089844,,251.1999969482422,413.0,50.0,0.02925901487469673,,,,,186.0,,,,711.0,,,85.0,,,,,,,,,,,0.0,,0.0,,,10292.0,,,,,,,,,,,,,,,,,,,,,,,,,,,,,,,,,,,,,,,,""
2762760539,"Oct 4, 2019, 5:00:05 PM",Evening Run,Run,"",4055,15.60,182.0,160,false,,,activities/2927864446.tcx.gz,67.0,,4055.0,4041.0,15604.7001953125,7.199999809265137,,67.18534851074219,,293.1000061035156,314.29998779296875,6.5,0.0,,,,,182.0,,,,1099.0,,,160.0,,,,,,,,,,,0.0,,0.0,,,,,,,,,,,,,,,,,,,,,,,,,,,,,,,,,,,,,,,,,,,""
2765008735,"Oct 5, 2019, 1:56:37 PM",Cronoscalata Nembro-Selvino,Ride,"",5041,20.28,175.0,49,false,,,activities/2930223520.tcx.gz,67.0,,5041.0,3508.0,20279.69921875,21.100000381469727,,655.35888671875,,337.3999938964844,937.2999877929688,47.0,-0.07002075761556625,,,,,175.0,,,174.98675537109375,797.0,,,49.0,,,,,,,,,,,0.0,,0.0,,,,,,,,,,,,,,,,,,,,,,,,,,,,,,,,,,,,,,,,,,,""
2771022056,"Oct 7, 2019, 4:56:14 PM",Evening Run,Run,"",3061,11.87,186.0,99,false,,,activities/2936517236.tcx.gz,67.0,,3061.0,2977.0,11871.900390625,8.0,,52.05507278442383,,293.1000061035156,312.6000061035156,12.399999618530273,-0.00842325109988451,,,,,186.0,,,,770.0,,,99.0,,,,,,,,,,,0.0,,0.0,,,,,,,,,,,,,,,,,,,,,,,,,,,,,,,,,,,,,,,,,,,""
2780022228,"Oct 10, 2019, 5:03:40 PM",Evening Run,Run,"",3597,13.97,180.0,115,false,,,activities/2945885366.tcx.gz,67.0,,3597.0,3587.0,13975.400390625,6.900000095367432,,57.461029052734375,,299.1000061035156,332.79998779296875,9.300000190734863,-0.01001760270446539,,,,,180.0,,,,915.0,,,115.0,,,,,,,,,,,0.0,,0.0,,,,,,,,,,,,,,,,,,,,,,,,,,,,,,,,,,,,,,,,,,,""
2786274609,"Oct 13, 2019, 3:01:26 PM",Afternoon Ride,Ride,,4681,27.72,158.0,33,false,,,activities/2952543465.tcx.gz,67.0,,4681.0,4604.0,27721.5,19.600000381469727,,679.9563598632812,,392.5,961.4000244140625,48.0,-0.012625579722225666,,,,,158.0,,,145.47845458984375,813.0,,,33.0,,,,,,,,,,,,,0.0,,,,,,,,,,,,,,,,,,,,,,,,,,,,,,,,,,,,,,,,,,,""
2789043771,"Oct 14, 2019, 5:06:15 PM",Evening Run,Run,"",3005,11.52,177.0,109,false,,,activities/2955503749.tcx.gz,67.0,,3005.0,3002.0,11527.400390625,6.300000190734863,,55.94622039794922,,300.70001220703125,327.79998779296875,12.800000190734863,0.0034699931275099516,,,,,177.0,,,,788.0,,,109.0,,,,,,,,,,,0.0,,0.0,,,,,,,,,,,,,,,,,,,,,,,,,,,,,,,,,,,,,,,,,,,""
2797916456,"Oct 17, 2019, 4:51:12 PM",Evening Run,Run,"",3673,14.15,186.0,116,false,,,activities/2964926055.tcx.gz,67.0,,3673.0,3586.0,14149.0,6.5,,55.4228630065918,,299.1000061035156,312.6000061035156,12.899999618530273,-0.011308219283819199,,,,,186.0,,,,925.0,,,116.0,,,,,,,,,,,0.0,,0.0,,,,,,,,,,,,,,,,,,,,,,,,,,,,,,,,,,,,,,,,,,,""
2816613615,"Oct 23, 2019, 5:21:18 PM",Evening Run,Run,"",2554,10.02,188.0,106,false,,,activities/2984912291.tcx.gz,67.0,,2554.0,2554.0,10019.0,6.699999809265137,,44.033653259277344,,300.70001220703125,305.8999938964844,6.599999904632568,-0.0009981036419048905,,,,,188.0,,,,704.0,,,106.0,,,,,,,,,,,0.0,,0.0,,,,,,,,,,,,,,,,,,,,,,,,,,,,,,,,,,,,,,,,,,,""
2816614467,"Oct 24, 2019, 5:41:31 PM",Evening Run,Run,"",2809,11.09,182.0,86,false,,,activities/2984913205.tcx.gz,67.0,,2809.0,2809.0,11093.7998046875,6.400000095367432,,44.33116912841797,,300.70001220703125,305.8999938964844,5.199999809265137,0.010816852562129498,,,,,182.0,,,,711.0,,,86.0,,,,,,,,,,,0.0,,0.0,,,,,,,,,,,,,,,,,,,,,,,,,,,,,,,,,,,,,,,,,,,""
2820693821,"Oct 27, 2019, 8:06:04 AM",Mezza maratona Valencia,Run,"",5505,21.58,187.0,251,false,,,activities/2989397003.tcx.gz,67.0,,5505.0,5498.0,21580.400390625,7.599999904632568,,125.88421630859375,,2.5999999046325684,28.5,16.100000381469727,0.0,,,,,187.0,,,,1575.0,,,251.0,,,,,,,,,,,0.0,,0.0,,,,,,,,,,,,,,,,,,,,,,,,,,,,,,,,,,,,,,,,,,,""
2834903117,"Nov 2, 2019, 9:15:07 AM",Morning Run,Run,,2965,10.10,,,false,,,activities/3004951295.tcx.gz,69.0,,2965.0,2852.0,10103.7998046875,7.5,,231.14918518066406,,895.7999877929688,967.0,27.399999618530273,0.6215483546257019,,,,,,,,,758.0,,,,,,,,,,,,,,,,0.0,,,,,,,,,,,,,,,,,,,,,,,,,,,,,,,,,,,,,,,,,,,""
2842079753,"Nov 4, 2019, 5:57:12 PM",Evening Run,Run,"",3211,12.01,179.0,114,false,,,activities/3012931000.tcx.gz,69.0,,3211.0,3126.0,12012.2001953125,6.400000095367432,,69.40806579589844,,300.70001220703125,327.79998779296875,12.600000381469727,-0.0008324869559146464,,,,,179.0,,,,822.0,,,114.0,,,,,,,,,,,0.0,,0.0,,,,,,,,,,,,,,,,,,,,,,,,,,,,,,,,,,,,,,,,,,,""
2863704461,"Nov 13, 2019, 6:14:56 PM",Evening Run,Run,,2766,10.01,,,false,,,activities/3037884318.tcx.gz,69.0,,2766.0,2753.0,10015.599609375,6.0,,55.4144287109375,,299.1000061035156,318.0,15.199999809265137,-0.007987539283931255,,,,,,,,,682.0,,,,,,,,,,,,,,,,0.0,,,,,,,,,,,,,,,,,,,,,,,,,,,,,,,,,,,,,,,,,,,""
2879856462,"Nov 20, 2019, 6:11:04 PM",Evening Run,Run,"",2897,10.66,183.0,111,false,,,activities/3057400650.tcx.gz,69.0,,2897.0,2897.0,10661.099609375,7.199999809265137,3.6800482273101807,61.060630798339844,,299.3999938964844,324.70001220703125,13.300000190734863,-0.016883810982108116,,,,,183.0,,,,786.0,,,111.0,,,,,,,,,,,0.0,,0.0,,,,,,,,,,,,,,,,,,,,,,,,,,,,,,,,,,,,,,,,,,,""
2891124992,"Nov 25, 2019, 5:56:05 PM",Evening Run,Run,"",3803,13.45,183.0,150,false,,,activities/3071924456.tcx.gz,69.0,,3803.0,3600.0,13456.599609375,7.400000095367432,3.7379443645477295,66.78395080566406,,293.1000061035156,315.3999938964844,10.800000190734863,-0.02080763317644596,,,,,183.0,,,,1025.0,,,150.0,,,,,,,,,,,0.0,,0.0,,,,,,,,,,,,,,,,,,,,,,,,,,,,,,,,,,,,,,,,,,,""
2906114185,"Nov 30, 2019, 8:56:11 AM",Morning Activity,Alpine Ski,"",15253,39.51,128.0,15,false,,,activities/3090351635.tcx.gz,69.0,,15253.0,10552.0,39518.69921875,20.700000762939453,3.74513840675354,5186.0986328125,,1541.300048828125,2163.89990234375,50.0,-0.0073382980190217495,,,,,128.0,,,,703.0,,,15.0,,,,,,,,,,,0.0,,0.0,,,,,,,,,,,,,,,,,,,,,,,,,,,,,,,,,,,,,,,,,,,""
2911757592,"Dec 4, 2019, 8:14:49 PM",We run Bergamo,Run,"",5189,8.89,100.0,5,false,,,activities/3096997405.tcx.gz,69.0,,5189.0,2336.0,8894.900390625,13.899999618530273,3.807748317718506,228.62318420410156,,248.39999389648438,391.6000061035156,46.29999923706055,0.10005733370780945,,,,,100.0,,,,600.0,,,5.0,,,,,,,,,,,0.0,,0.0,,,10206.099609375,,,,,,,,,,,,,,,,,,,,,,,,,,,,,,,,,,,,,,,,""
2920206332,"Dec 8, 2019, 8:37:33 AM",Morning Activity,Alpine Ski,,8405,25.95,145.0,9,false,,,activities/3106929702.tcx.gz,,,8405.0,4649.0,25953.80078125,24.799999237060547,5.582663059234619,3031.82763671875,,1857.199951171875,2350.0,50.0,-0.4816250503063202,,,,,145.0,,,,561.0,,,9.0,,,,,,,,,,,,,0.0,,,,,,,,,,,,,,,,,,,,,,,,,,,,,,,,,,,,,,,,,,,""
2933022312,"Dec 14, 2019, 7:22:51 PM",We Run for Christmas,Run,"",2724,8.53,,,false,,,activities/3121929214.tcx.gz,69.0,,2724.0,2724.0,8537.2001953125,4.800000190734863,3.1340675354003906,288.1199035644531,,1014.2000122070312,1259.5,36.099998474121094,2.6320104598999023,,,,,,,,,662.0,,,,,,,,,,,,,,0.0,,0.0,,1.0,9727.7998046875,,,,,,,,,,,,,,,,,,,,,,,,,,,,,,,,,,,,,,,,""
2947241387,"Dec 21, 2019, 3:11:43 PM",Afternoon Run,Run,"",3734,12.76,190.0,194,false,,,activities/3138290012.tcx.gz,69.0,,3734.0,3518.0,12764.400390625,8.399999618530273,3.6283116340637207,252.88494873046875,,896.0,959.5,22.600000381469727,-0.02271943911910057,,,,,190.0,,,,1057.0,,,194.0,,,,,,1.0,,,,,0.0,7.0,0.0,,1.0,13457.2998046875,,,,,,,,,,,,,,,,,,,,,,,,,,,,,,,,,,,,,,,,""
2954151380,"Dec 24, 2019, 4:54:14 PM",Afternoon Run,Run,,3750,12.89,,,false,,,activities/3146220423.tcx.gz,69.0,,3750.0,3683.0,12893.0,5.5,3.500678777694702,265.161865234375,,906.4000244140625,967.0,39.099998474121094,-0.043434422463178635,,,,,,,,,927.0,,,,,,,,,,,,,,,,0.0,,1.0,13654.599609375,,,,,,,,,,,,,,,,,,,,,,,,,,,,,,,,,,,,,,,,""
2954153670,"Dec 23, 2019, 8:24:11 AM",Morning Activity,Alpine Ski,"",14712,32.82,124.0,16,false,,,activities/3146222912.tcx.gz,69.0,,14712.0,8083.0,32823.6015625,23.299999237060547,4.060819149017334,4067.92578125,,1262.4000244140625,2982.699951171875,50.0,2.1798341274261475,,,,,124.0,,,,766.0,,,16.0,,,,,,,,,,,0.0,,0.0,,1.0,,,,,,,,,,,,,,,,,,,,,,,,,,,,,,,,,,,,,,,,,""
2966662340,"Dec 29, 2019, 4:26:06 PM",Afternoon Run,Run,"",3684,11.79,,,false,,,activities/3160587306.tcx.gz,69.0,,3684.0,3403.0,11794.7998046875,6.900000095367432,3.466000556945801,255.9654083251953,,896.9000244140625,956.0,45.5,0.20008817315101624,,,,,,,,,924.0,,,,,,,,,,,,,,0.0,,0.0,,1.0,12590.5,,,,,,,,,,,,,,,,,,,,,,,,,,,,,,,,,,,,,,,,""
2966662774,"Dec 26, 2019, 11:02:24 AM",Lunch Run,Run,,2498,9.21,,,false,,,activities/3160587794.tcx.gz,69.0,,2498.0,2489.0,9218.900390625,14.199999809265137,3.703856945037842,166.5346221923828,,895.7999877929688,973.5999755859375,31.899999618530273,-0.17030231654644012,,,,,,,,,631.0,,,,,,,,,,,,,,,,0.0,,1.0,9664.2998046875,,,,,,,,,,,,,,,,,,,,,,,,,,,,,,,,,,,,,,,,""
2978953813,"Jan 3, 2020, 5:01:44 PM",Evening Run,Run,"",3197,10.24,171.0,67,false,,,activities/3174577324.tcx.gz,69.0,,3197.0,3184.0,10248.2998046875,6.0,3.2186872959136963,198.09671020507812,,907.0999755859375,967.0,18.799999237060547,0.0078061725944280624,,,,,171.0,,,,721.0,,,67.0,,,,,,,,,,,0.0,,0.0,,1.0,10746.599609375,,,,,,,,,,,,,,,,,,,,,,,,,,,,,,,,,,,,,,,,""
2990793438,"Jan 5, 2020, 3:38:36 PM",Afternoon Run,Run,"",997,1.77,187.0,33,false,,,activities/3187969880.tcx.gz,69.0,,997.0,811.0,1772.699951171875,4.300000190734863,2.1858198642730713,170.99403381347656,,788.9000244140625,953.5999755859375,41.70000076293945,8.952445030212402,,,,,187.0,,,,231.0,,,33.0,,,,,,,,,,,0.0,,0.0,,1.0,2708.699951171875,,,,,,,,,,,,,,,,,,,,,,,,,,,,,,,,,,,,,,,,""
2990794074,"Jan 5, 2020, 3:01:39 PM",Afternoon Run,Run,"",2100,6.27,182.0,46,false,,,activities/3187970507.tcx.gz,69.0,,2100.0,1921.0,6274.2001953125,5.0,3.266111373901367,108.06687927246094,,786.0,953.7000122070312,18.700000762939453,-2.6425678730010986,,,,,182.0,,,,476.0,,,46.0,,,,,,,,,,,0.0,,0.0,,1.0,6592.60009765625,,,,,,,,,,,,,,,,,,,,,,,,,,,,,,,,,,,,,,,,""
3006332200,"Jan 12, 2020, 8:41:09 AM",Morning Activity,Alpine Ski,"",14548,33.42,122.0,12,false,,,activities/3205378456.tcx.gz,69.0,,14548.0,7156.0,33422.1015625,27.600000381469727,4.6705002784729,4470.11572265625,,1265.699951171875,2990.10009765625,50.0,3.0566601753234863,,,,,122.0,,,,463.0,,,12.0,,,,,,,,,,,0.0,,0.0,,1.0,,,,,,,,,,,,,,,,,,,,,,,,,,,,,,,,,,,,,,,,,""
3006335267,"Jan 11, 2020, 8:20:53 AM",Morning Activity,Alpine Ski,"",11920,38.60,130.0,12,false,,,activities/3205382325.tcx.gz,69.0,,11920.0,6974.0,38603.30078125,32.5,5.5353169441223145,5071.69873046875,,1813.199951171875,2991.89990234375,50.0,2.1104414463043213,,,,,130.0,,,,459.0,,,12.0,,,,,,,,,,,0.0,,0.0,,1.0,,,,,,,,,,,,,,,,,,,,,,,,,,,,,,,,,,,,,,,,,""
3022413353,"Jan 18, 2020, 3:36:36 PM",Afternoon Run,Run,,2771,8.54,,,false,,,activities/3223395388.tcx.gz,69.0,,2771.0,2208.0,8546.0,20.700000762939453,3.8704710006713867,450.16326904296875,,860.9000244140625,1042.9000244140625,49.70000076293945,-0.18722209334373474,,,,,,,,,687.0,,,,,,,,,,,,,,,,0.0,,1.0,11396.7001953125,,,,,,,,,,,,,,,,,,,,,,,,,,,,,,,,,,,,,,,,""
3027159131,"Jan 19, 2020, 8:39:01 AM",Morning Activity,Alpine Ski,"",14259,23.50,117.0,6,false,,,activities/3228717386.tcx.gz,69.0,,14259.0,4879.0,23500.0,21.299999237060547,4.816560745239258,2903.0361328125,,1124.199951171875,2504.699951171875,50.0,0.30936169624328613,,,,,117.0,,,,434.0,,,6.0,,,,,,,,,,,0.0,,0.0,,1.0,,,,,,,,,,,,,,,,,,,,,,,,,,,,,,,,,,,,,,,,,""
3036865240,"Jan 22, 2020, 8:28:48 PM",We Run,Run,"",3801,7.50,,,false,,,activities/3239548723.tcx.gz,69.0,,3801.0,2102.0,7500.2998046875,9.199999809265137,3.5681731700897217,158.14971923828125,,250.5,379.5,47.70000076293945,0.13732783496379852,,,,,,,,,520.0,,,,,,,,,,,,,,0.0,,0.0,,1.0,8019.2998046875,,,,,,,,,,,,,,,,,,,,,,,,,,,,,,,,,,,,,,,,""
3050557890,"Jan 26, 2020, 8:06:40 AM",Morning Activity,Alpine Ski,"",15081,51.32,130.0,15,false,,,activities/3254905269.tcx.gz,69.0,,15081.0,10234.0,51324.1015625,29.100000381469727,5.015057563781738,5714.939453125,,1033.0999755859375,2117.5,50.0,-0.744484543800354,,,,,130.0,,,,721.0,,,15.0,,,,,,,,,,,0.0,,0.0,,1.0,,,,,,,,,,,,,,,,,,,,,,,,,,,,,,,,,,,,,,,,,""
3054884693,"Jan 29, 2020, 6:12:21 PM",Evening Run,Run,"",3096,9.93,186.0,106,false,,,activities/3259792186.tcx.gz,69.0,,3096.0,2832.0,9933.5,7.300000190734863,3.507591724395752,213.74705505371094,,896.7999877929688,956.5,18.0,0.26274725794792175,,,,,186.0,,,,805.0,,,106.0,,,,,,,,,,,0.0,,0.0,,1.0,10569.7001953125,,,,,,,,,,,,,,,,,,,,,,,,,,,,,,,,,,,,,,,,""
3074839155,"Feb 5, 2020, 6:37:40 PM",Evening Run,Run,,3472,13.02,,,false,,,activities/3282204336.tcx.gz,69.0,,3472.0,3373.0,13028.900390625,6.900000095367432,3.862703800201416,63.37652587890625,,293.1000061035156,324.70001220703125,9.699999809265137,0.013047916814684868,,,,,,,,,833.0,,,,,,,,,,,,,,,,0.0,,1.0,13106.2998046875,,,,,,,,,,,,,,,,,,,,,,,,,,,,,,,,,,,,,,,,""
3084698687,"Feb 9, 2020, 7:51:12 AM",Morning Run,Run,,3225,10.54,101.0,6,false,,,activities/3293189378.tcx.gz,69.0,,3225.0,2927.0,10539.2998046875,8.399999618530273,3.600717544555664,219.73858642578125,192.73899841308594,895.9000244140625,953.5999755859375,29.899999618530273,0.25618401169776917,,,,,101.0,,,,801.0,,,6.0,,,,,,,,,,,,,0.0,,1.0,11203.0,,,,,,,,,,,,,,,,,,,,,,,,,,,,,,,,,,,,,,,,""
3094338234,"Feb 12, 2020, 6:18:00 PM",Evening Run,Run,"",2705,10.22,191.0,113,false,,,activities/3303922695.tcx.gz,69.0,,2705.0,2652.0,10225.2001953125,6.5,3.855656147003174,45.9180793762207,46.31809997558594,300.70001220703125,324.70001220703125,8.5,-0.003911904059350491,,,,,191.0,,,,730.0,,,113.0,,,,,,,,,,,0.0,,0.0,,1.0,10277.599609375,,,,,,,,,,,,,,,,,,,,,,,,,,,,,,,,,,,,,,,,""
3117206664,"Feb 20, 2020, 6:09:08 PM",Evening Run,Run,,2865,10.74,,,false,,,activities/3329527377.tcx.gz,69.0,,2865.0,2794.0,10740.599609375,6.300000190734863,3.8441660404205322,71.82654571533203,70.82649993896484,274.8999938964844,306.0,10.199999809265137,0.009310467168688774,,,,,,,,,687.0,,,,,,,,,,,,,,,,0.0,,1.0,10819.2998046875,,,,,,,,,,,,,,,,,,,,,,,,,,,,,,,,,,,,,,,,""
3128812987,"Feb 24, 2020, 6:08:59 PM",Evening Run,Run,"",3219,12.03,192.0,167,false,,,activities/3342444099.tcx.gz,69.0,,3219.0,3164.0,12032.900390625,7.300000190734863,3.803065776824951,65.8984146118164,67.99839782714844,288.20001220703125,324.70001220703125,10.199999809265137,-0.01745215244591236,,,,,192.0,,,,938.0,,,167.0,,,,,,,,,,,0.0,,0.0,,1.0,12111.7998046875,,,,,,,,,,,,,,,,,,,,,,,,,,,,,,,,,,,,,,,,""
3134647032,"Feb 26, 2020, 6:19:52 PM",Evening Run,Run,,3617,13.67,,,false,,,activities/3348889161.tcx.gz,69.0,,3617.0,3588.0,13672.7998046875,7.599999904632568,3.810702323913574,79.0932846069336,80.69329833984375,269.20001220703125,306.0,8.5,-0.011702065356075764,,,,,,,,,907.0,,,,,,,,,,,,,,,,0.0,,1.0,13760.7001953125,,,,,,,,,,,,,,,,,,,,,,,,,,,,,,,,,,,,,,,,""
3139590844,"Feb 27, 2020, 6:58:16 PM",Evening Hike,Hike,"",2222,2.01,106.0,4,false,,,activities/3354406015.tcx.gz,69.0,,2222.0,2151.0,2016.9000244140625,1.7999999523162842,0.9376568794250488,383.184326171875,-5.616000175476074,1221.800048828125,1610.5999755859375,46.70000076293945,19.277109146118164,,,,,106.0,,,,159.0,,,4.0,,,,,,,,,,,0.0,,0.0,,1.0,,,,,,,,,,,,,,,,,,,,,,,,,,,,,,,,,,,,,,,,,""
3143186943,"Feb 29, 2020, 4:37:08 PM",Afternoon Run,Run,,3076,9.69,,,false,,,activities/3358396864.tcx.gz,69.0,,3076.0,2853.0,9692.5,5.5,3.397301197052002,197.61056518554688,182.21099853515625,896.7999877929688,967.0,23.299999237060547,0.15888573229312897,,,,,,,,,695.0,,,,,,,,,,,,,,,,0.0,,1.0,10252.5,,,,,,,,,,,,,,,,,,,,,,,,,,,,,,,,,,,,,,,,""
3144060400,"Mar 1, 2020, 7:35:43 AM",Morning Run,Run,,2543,5.47,,,false,,,activities/3359393955.tcx.gz,69.0,,2543.0,1531.0,5478.39990234375,7.300000190734863,3.578314781188965,140.3705291748047,93.97100067138672,896.7999877929688,956.2000122070312,23.399999618530273,0.8469626307487488,,,,,,,,,663.0,,,,,,,,,,,,,,,,0.0,,1.0,5939.0,,,,,,,,,,,,,,,,,,,,,,,,,,,,,,,,,,,,,,,,""
3151830421,"Mar 3, 2020, 5:57:42 PM",Evening Run,Run,"",1551,6.02,187.0,62,false,,,activities/3368029341.tcx.gz,69.0,,1551.0,1544.0,6023.0,7.0,3.900906801223755,38.15217208862305,48.45220184326172,273.5,306.70001220703125,7.300000190734863,-0.17101112008094788,,,,,187.0,,,,412.0,,,62.0,,,,,,,,,,,0.0,,0.0,,1.0,6045.7998046875,,,,,,,,,,,,,,,,,,,,,,,,,,,,,,,,,,,,,,,,""
3151831277,"Mar 3, 2020, 6:24:26 PM",Evening Run,Run,"",2069,7.64,185.0,105,false,,,activities/3368030196.tcx.gz,69.0,,2069.0,2062.0,7646.39990234375,5.5,3.7082443237304688,36.50365447998047,29.003700256347656,288.20001220703125,306.0,15.0,0.09808537364006042,,,,,185.0,,,,594.0,,,105.0,,,,,,,,,,,0.0,,0.0,,1.0,7697.7001953125,,,,,,,,,,,,,,,,,,,,,,,,,,,,,,,,,,,,,,,,""
3157265600,"Mar 5, 2020, 6:20:54 PM",Evening Run,Run,"",2499,10.01,184.0,127,false,,,activities/3374053508.tcx.gz,69.0,,2499.0,2499.0,10011.2998046875,7.199999809265137,4.006122589111328,47.36637496948242,46.36640167236328,299.79998779296875,306.0,6.0,0.009988713078200817,,,,,184.0,,,,712.0,,,127.0,,,,,,,,,,,0.0,,0.0,,1.0,10055.400390625,,,,,,,,,,,,,,,,,,,,,,,,,,,,,,,,,,,,,,,,""
3396166339,"May 4, 2020, 8:59:11 AM",Morning Ride,Ride,"",6234,36.99,173.0,88,false,,,activities/3628581451.tcx.gz,69.0,,6234.0,6044.0,36992.80078125,18.700000762939453,6.120582580566406,1018.366455078125,946.5700073242188,343.20001220703125,1028.699951171875,41.20000076293945,0.1940918266773224,,,,,173.0,,,163.7054443359375,1216.0,,,88.0,,,,,,,,,,,0.0,,0.0,,1.0,,,,,,,,,,,,,,,,,,,,,,,,,,,,,,,,,,,,,,,,,""
3403658792,"May 5, 2020, 5:21:12 PM",Evening Run,Run,"",2708,9.22,177.0,83,false,,,activities/3636432333.tcx.gz,69.0,,2708.0,2496.0,9219.2998046875,12.199999809265137,3.693629741668701,202.26251220703125,196.66299438476562,895.7999877929688,979.5999755859375,22.200000762939453,0.06074213981628418,,,,,177.0,,,,636.0,,,83.0,,,,,,,,,,,0.0,,0.0,,1.0,9881.400390625,,,,,,,,,,,,,,,,,,,,,,,,,,,,,,,,,,,,,,,,""
3414677852,"May 7, 2020, 2:52:44 PM",Afternoon Ride,Ride,"",7005,39.45,172.0,100,false,,,activities/3647659818.tcx.gz,69.0,,7005.0,6829.0,39454.1015625,15.399999618530273,5.777434349060059,1134.561767578125,1138.760009765625,326.79998779296875,1028.699951171875,40.0,-0.01064528152346611,,,,,172.0,,,159.18601989746094,1370.0,,,100.0,,,,,,,,,,,0.0,,0.0,,1.0,,,,,,,,,,,,,,,,,,,,,,,,,,,,,,,,,,,,,,,,,""
3426096209,"May 8, 2020, 5:10:33 PM",Evening Run,Run,"",2789,9.89,178.0,85,false,,,activities/3659775404.tcx.gz,69.0,,2789.0,2692.0,9889.7998046875,6.199999809265137,3.673774242401123,181.23541259765625,182.13499450683594,896.5,961.7999877929688,28.299999237060547,-0.009100285358726978,,,,,178.0,,,,679.0,,,85.0,,,,,,,,,,,0.0,,0.0,,1.0,10374.2998046875,,,,,,,,,,,,,,,,,,,,,,,,,,,,,,,,,,,,,,,,""
3426102246,"May 9, 2020, 2:54:34 PM",Afternoon Ride,Ride,"",7458,40.81,173.0,110,false,,,activities/3659781480.tcx.gz,69.0,,7458.0,7320.0,40817.30078125,21.0,5.576133728027344,1193.5338134765625,1194.530029296875,324.3999938964844,959.9000244140625,29.100000381469727,-0.002449941588565707,,,,,173.0,,,153.03726196289062,1505.0,,,110.0,,,,,,,,,,,0.0,,0.0,,1.0,,,,,,,,,,,,,,,,,,,,,,,,,,,,,,,,,,,,,,,,,""
3446418361,"May 12, 2020, 5:40:36 PM",Evening Run,Run,"",2884,10.49,175.0,90,false,,,activities/3681135414.tcx.gz,69.0,,2884.0,2881.0,10495.099609375,6.199999809265137,3.642867088317871,189.72674560546875,189.927001953125,905.7999877929688,966.5999755859375,24.799999237060547,-0.0019056511810049415,,,,,175.0,,,,721.0,,,90.0,,,,,,,,,,,0.0,,0.0,,1.0,10966.0,,,,,,,,,,,,,,,,,,,,,,,,,,,,,,,,,,,,,,,,""
3450702030,"May 14, 2020, 2:04:48 PM",Afternoon Ride,Ride,"",9216,49.28,173.0,127,false,,,activities/3685632518.tcx.gz,69.0,,9216.0,8848.0,49283.30078125,15.699999809265137,5.569993019104004,1271.7911376953125,1271.489990234375,296.0,948.5,43.900001525878906,0.0006087254732847214,,,,,173.0,,,143.3634796142578,1778.0,,,127.0,,,,,,,,,,,0.0,,0.0,,1.0,,,,,,,,,,,,,,,,,,,,,,,,,,,,,,,,,,,,,,,,,""
3465139557,"May 17, 2020, 9:26:27 AM",Lunch Run,Run,"",3010,10.49,180.0,96,false,,,activities/3700816027.tcx.gz,69.0,,3010.0,2885.0,10492.900390625,6.300000190734863,3.6370537281036377,188.0985565185547,189.5989990234375,889.9000244140625,948.4000244140625,23.0,-0.014295380562543869,,,,,180.0,,,,736.0,,,96.0,,,,,,,,,,,0.0,,0.0,,1.0,11041.7998046875,,,,,,,,,,,,,,,,,,,,,,,,,,,,,,,,,,,,,,,,""
3473894173,"May 18, 2020, 3:38:34 PM",Afternoon Ride,Ride,"",5581,33.03,172.0,103,false,,,activities/3710044237.tcx.gz,69.0,,5581.0,5432.0,33035.5,22.600000381469727,6.081645965576172,804.60546875,804.905029296875,315.5,1047.199951171875,34.099998474121094,-0.0009081140160560608,,,,,172.0,,,165.0481414794922,1203.0,,,103.0,,,,,,,,,,,0.0,,0.0,,1.0,,,,,,,,,,,,,,,,,,,,,,,,,,,,,,,,,,,,,,,,,""
3483894227,"May 20, 2020, 5:04:50 PM",Evening Run,Run,"",3467,12.47,176.0,113,false,,,activities/3720532790.tcx.gz,69.0,,3467.0,3462.0,12472.0,6.199999809265137,3.602541923522949,232.1121063232422,232.91200256347656,889.9000244140625,948.5,31.799999237060547,-0.006414368283003569,,,,,176.0,,,,881.0,,,113.0,,,,,,,,,,,0.0,,0.0,,1.0,13149.7998046875,,,,,,,,,,,,,,,,,,,,,,,,,,,,,,,,,,,,,,,,""
3489372976,"May 21, 2020, 2:06:20 PM",Afternoon Ride,Ride,"",10400,56.54,169.0,152,false,,,activities/3726305036.tcx.gz,69.0,,10400.0,9474.0,56547.3984375,20.700000762939453,5.968693256378174,1411.9830322265625,1411.5799560546875,325.6000061035156,1051.9000244140625,27.200000762939453,0.0007073711603879929,,,,,169.0,,,147.16648864746094,1979.0,,,152.0,,,,,,,,,,,0.0,,0.0,,1.0,,,,,,,,,,,,,,,,,,,,,,,,,,,,,,,,,,,,,,,,,""
3497765559,"May 23, 2020, 5:07:45 AM",Giro mattutino,Ride,,23346,113.77,,,false,,,activities/3497765559.gpx,,,23346.0,20225.0,113771.8984375,16.5,5.62531042098999,2361.41455078125,2375.110107421875,250.60000610351562,1322.300048828125,49.099998474121094,-0.012041637673974037,,,,,,,,127.08649444580078,2865.900390625,,,,,,,,,,,,,,0.0,,0.0,,1.0,,,,,,,,,,,,,,,,,,,,,,,,,,,,,,,,,,,,,,,,,""
3509945234,"May 25, 2020, 1:43:03 PM",Afternoon Ride,Ride,,9121,52.32,172.0,123,false,,,activities/3748142695.tcx.gz,,,9121.0,8872.0,52323.6015625,15.5,5.897610664367676,1214.042236328125,1234.6400146484375,315.5,1047.199951171875,22.200000762939453,-0.03937038034200668,,,,,,141.64024353027344,,145.0631866455078,1740.0,,,123.0,,,,,,,,,,,,,0.0,,1.0,,,,,,,,,,,,,,,,,,,,,,,,,,,,,,,,,,,,,,,,,""
3516720101,"May 26, 2020, 5:22:33 PM",Evening Run,Run,"",2643,9.81,178.0,69,false,,,activities/3755258594.tcx.gz,,,2643.0,2640.0,9813.7001953125,6.900000095367432,3.717310667037964,156.6970977783203,158.69700622558594,889.9000244140625,948.5,26.299999237060547,-0.020379673689603806,,,,,,161.1944580078125,,,632.0,,,69.0,,,,,,,,,,,0.0,,0.0,,1.0,10170.2001953125,,,,,,,,,,,,,,,,,,,,,,,,,,,,,,,,,,,,,,,,""
3526520627,"May 28, 2020, 2:06:51 PM",Afternoon Ride,Ride,"",11044,67.37,174.0,117,false,,,activities/3765576187.tcx.gz,,,11044.0,10790.0,67375.6015625,16.100000381469727,6.244263172149658,1500.19091796875,1501.8900146484375,316.0,1259.9000244140625,30.100000381469727,-0.0025231686886399984,,,,,,137.34425354003906,,148.05958557128906,2037.0,,,117.0,,,,,,,,,,,0.0,,0.0,,1.0,,,,,,,,,,,,,,,,,,,,,,,,,,,,,,,,,,,,,,,,,""
3531940924,"May 29, 2020, 5:25:35 PM",Evening Run,Run,"",3286,12.55,179.0,118,false,,,activities/3771256704.tcx.gz,,,3286.0,3176.0,12556.2001953125,7.800000190734863,3.953463554382324,58.71971130371094,60.11970138549805,274.29998779296875,308.6000061035156,38.599998474121094,-0.011149870231747627,,,,,,168.68946838378906,,,831.0,,,118.0,,,,,,,,,,,0.0,,0.0,,1.0,12598.2001953125,,,,,,,,,,,,,,,,,,,,,,,,,,,,,,,,,,,,,,,,""
3543534964,"May 31, 2020, 4:34:31 PM",Evening Run,Run,"",2535,7.19,172.0,40,false,,,activities/3783640341.tcx.gz,,,2535.0,2030.0,7198.60009765625,6.0,3.5461084842681885,137.04554748535156,138.14599609375,895.7999877929688,959.7999877929688,24.100000381469727,-0.015280748717486858,,,,,,152.83424377441406,,,448.0,,,40.0,,,,,,,,,,,0.0,,0.0,,1.0,7586.7998046875,,,,,,,,,,,,,,,,,,,,,,,,,,,,,,,,,,,,,,,,""
3549071346,"Jun 1, 2020, 3:51:06 PM",Afternoon Run,Run,"",2735,10.26,178.0,77,false,,,activities/3789543466.tcx.gz,,,2735.0,2735.0,10266.099609375,6.0,3.753601551055908,191.7021942138672,192.20199584960938,895.9000244140625,966.5999755859375,30.200000762939453,-0.00487039890140295,,,,,,162.0552520751953,,,660.0,,,77.0,,,,,,,,,,,0.0,,0.0,,1.0,10777.5,,,,,,,,,,,,,,,,,,,,,,,,,,,,,,,,,,,,,,,,""
3568596648,"Jun 5, 2020, 4:15:09 PM",Evening Run,Run,"",2373,8.44,180.0,51,false,,,activities/3810116392.tcx.gz,,,2373.0,2282.0,8444.2001953125,7.199999809265137,3.700350522994995,160.9618682861328,150.86199951171875,898.2000122070312,949.0,47.5,0.11960872262716293,,,,,,156.42018127441406,,,542.0,,,51.0,,,,,,,,,,,0.0,,0.0,,1.0,8944.099609375,,,,,,,,,,,,,,,,,,,,,,,,,,,,,,,,,,,,,,,,""
3571485669,"Jun 6, 2020, 6:06:22 AM",Giro mattutino,Ride,"",17992,102.67,,,false,,,activities/3571485669.gpx,,,17992.0,17192.0,102669.3984375,18.899999618530273,5.971928596496582,1999.92431640625,1998.8199462890625,290.20001220703125,1246.0999755859375,49.599998474121094,0.0010714000090956688,,,,,,,,133.5586700439453,2560.203125,,,,,,,,,,,,,,0.0,,0.0,,1.0,,,,,,,,,,,,,,,,,,,,,,,,,,,,,,,,,,,,,,,,,""
3575578056,"Jun 7, 2020, 5:58:10 AM",Morning Run,Run,"",2792,8.22,175.0,65,false,,,activities/3817516153.tcx.gz,,,2792.0,2374.0,8222.900390625,6.400000095367432,3.4637320041656494,157.84242248535156,161.04200744628906,889.9000244140625,949.0,29.700000762939453,-0.038915712386369705,,,,,,161.75833129882812,,,575.0,,,65.0,,,,,,,,,,,0.0,,0.0,,1.0,8715.7998046875,,,,,,,,,,,,,,,,,,,,,,,,,,,,,,,,,,,,,,,,""
3599152880,"Jun 11, 2020, 5:03:15 PM",Evening Run,Run,"",3093,8.27,179.0,83,false,,,activities/3842333379.tcx.gz,,,3093.0,2315.0,8274.400390625,7.900000095367432,3.5742547512054443,148.66297912597656,147.56300354003906,889.9000244140625,948.5999755859375,46.70000076293945,0.01329401507973671,,,,,,167.3425750732422,,,725.0,,,83.0,,,,,,,,,,,0.0,,0.0,,1.0,8781.099609375,,,,,,,,,,,,,,,,,,,,,,,,,,,,,,,,,,,,,,,,""
3604102725,"Jun 12, 2020, 5:03:53 PM",Evening Ride,Ride,"",5307,30.22,177.0,76,false,,,activities/3847564205.tcx.gz,,,5307.0,4956.0,30224.30078125,14.899999618530273,6.098526954650879,690.5393676757812,690.6389770507812,296.0,948.5,40.599998474121094,-0.0003308596205897629,,,,,,141.88107299804688,,145.31967163085938,1077.0,,,76.0,,,,,,,,,,,0.0,,0.0,,1.0,,,,,,,,,,,,,,,,,,,,,,,,,,,,,,,,,,,,,,,,,""
3606642733,"Jun 13, 2020, 7:21:12 AM",Giro mattutino,Ride,"",10459,42.56,,,false,,,activities/3606642733.gpx,,,10459.0,9907.0,42563.5,14.5,4.2963056564331055,1333.9161376953125,716.02001953125,290.20001220703125,973.5,25.700000762939453,1.4517133235931396,,,,,,,,147.9958038330078,1634.8089599609375,,,,,,,,,,,,,,0.0,,0.0,,1.0,,,,,,,,,,,,,,,,,,,,,,,,,,,,,,,,,,,,,,,,,""
3606786469,"Jun 13, 2020, 5:26:57 AM",Morning Ride,Ride,,5838,29.45,169.0,46,false,,,activities/3850447249.tcx.gz,,,5838.0,4449.0,29451.30078125,21.0,6.619757175445557,642.6248779296875,1100.0250244140625,324.5,941.5,48.0,-1.5530723333358765,,,,,,137.55348205566406,,,2429.0,,,46.0,,,,,,,,,,,,,0.0,,1.0,,,,,,,,,,,,,,,,,,,,,,,,,,,,,,,,,,,,,,,,,""
3619926408,"Jun 15, 2020, 5:17:30 PM",Evening Run,Run,"",3540,13.09,178.0,111,false,,,activities/3864437974.tcx.gz,,,3540.0,3531.0,13092.5,6.5,3.7078731060028076,222.68942260742188,225.48899841308594,889.9000244140625,948.7000122070312,48.29999923706055,-0.021386289969086647,,,,,,165.6634521484375,,,888.0,,,111.0,,,,,,,,,,,0.0,,0.0,,1.0,13692.099609375,,,,,,,,,,,,,,,,,,,,,,,,,,,,,,,,,,,,,,,,""
3625295164,"Jun 16, 2020, 5:17:48 PM",Evening Ride,Ride,,4277,27.59,170.0,36,false,,,activities/3870152361.tcx.gz,,,4277.0,4206.0,27589.80078125,15.699999809265137,6.559628963470459,584.095703125,583.8956909179688,362.1000061035156,948.4000244140625,20.700000762939453,0.0007249055779539049,,,,,,134.10952758789062,,144.4883270263672,760.0,,,36.0,,,,,,,,,,,,,0.0,,1.0,,,,,,,,,,,,,,,,,,,,,,,,,,,,,,,,,,,,,,,,,""
3634835737,"Jun 18, 2020, 4:46:40 PM",Evening Run,Run,"",2568,9.65,180.0,103,false,,,activities/3880363221.tcx.gz,,,2568.0,2472.0,9654.599609375,6.699999809265137,3.9055824279785156,40.62030029296875,41.3203010559082,290.8999938964844,310.8999938964844,8.0,-0.007250430062413216,,,,,,172.0640411376953,,,677.0,,,103.0,,,,,,,,,,,0.0,,0.0,,1.0,9686.099609375,,,,,,,,,,,,,,,,,,,,,,,,,,,,,,,,,,,,,,,,""
3639733478,"Jun 19, 2020, 5:03:05 PM",Cronoscalata Nembro-Selvino,Ride,"",3525,19.93,174.0,32,false,,,activities/3885639635.tcx.gz,,,3525.0,3283.0,19932.80078125,16.799999237060547,6.07151985168457,594.5568237304688,594.5570068359375,327.70001220703125,912.4000244140625,44.20000076293945,0.0,,,,,,135.47793579101562,,174.7047882080078,606.0,,,32.0,,,,,,,,,,,0.0,,0.0,,1.0,,,,,,,,,,,,,,,,,,,,,,,,,,,,,,,,,,,,,,,,,""
3644219185,"Jun 20, 2020, 1:41:39 PM",Afternoon Hike,Hike,"",7287,6.19,170.0,23,false,,,activities/3890450514.tcx.gz,,,7287.0,5173.0,6197.5,4.199999809265137,1.1980475187301636,301.8498229980469,534.0499877929688,1006.0999755859375,1340.0999755859375,49.5,-3.7466721534729004,,,,,,121.08958435058594,,,825.0,,,23.0,,,,,,,,,,,0.0,,0.0,,1.0,,,,,,,,,,,,,,,,,,,,,,,,,,,,,,,,,,,,,,,,,""
3657067146,"Jun 22, 2020, 4:31:57 PM",Evening Ride,Ride,,7150,39.20,174.0,95,false,,,activities/3904426969.tcx.gz,,,7150.0,6807.0,39205.80078125,18.100000381469727,5.759629726409912,1012.788818359375,1043.8887939453125,325.6000061035156,941.4000244140625,16.100000381469727,-0.07932499796152115,,,,,,138.732177734375,,147.50918579101562,1353.0,,,95.0,,,,,,,,,,,,,0.0,,1.0,,,,,,,,,,,,,,,,,,,,,,,,,,,,,,,,,,,,,,,,,""
3660480676,"Jun 23, 2020, 5:11:39 PM",Evening Run,Run,"",3817,13.22,177.0,111,false,,,activities/3908090006.tcx.gz,,,3817.0,3662.0,13226.2998046875,6.400000095367432,3.611769437789917,69.9609375,70.16089630126953,274.20001220703125,325.79998779296875,8.699999809265137,-0.0015121386386454105,,,,,,163.83224487304688,,,905.0,,,111.0,,,,,,,,,,,0.0,,0.0,,1.0,13299.5,,,,,,,,,,,,,,,,,,,,,,,,,,,,,,,,,,,,,,,,""
3665217712,"Jun 24, 2020, 4:35:07 PM",Evening Ride,Ride,,4832,24.66,174.0,55,false,,,activities/3913221386.tcx.gz,,,4832.0,4552.0,24665.900390625,16.799999237060547,5.418694972991943,721.22265625,714.4226684570312,426.29998779296875,1087.5999755859375,25.0,0.027568424120545387,,,,,,140.1473846435547,,151.47279357910156,920.0,,,55.0,,,,,,,,,,,,,0.0,,1.0,,,,,,,,,,,,,,,,,,,,,,,,,,,,,,,,,,,,,,,,,""
3675198846,"Jun 26, 2020, 6:01:07 PM",Evening Run,Run,"",2658,10.02,181.0,95,false,,,activities/3924079712.tcx.gz,,,2658.0,2494.0,10023.2001953125,5.400000095367432,4.018925189971924,51.0,51.900001525878906,327.20001220703125,378.5,36.099998474121094,-0.008979168720543385,,,,,,170.1460723876953,,,682.0,,,95.0,,,,,,,,,,,0.0,,0.0,,1.0,10104.2001953125,,,,,,,,,,,,,,,,,,,,,,,,,,,,,,,,,,,,,,,,""
3675201661,"Jun 26, 2020, 4:22:43 PM",Evening Ride,Ride,"",5089,37.58,166.0,36,false,,,activities/3924082664.tcx.gz,,,5089.0,4240.0,37587.1015625,20.399999618530273,8.864882469177246,232.52191162109375,231.02200317382812,327.20001220703125,528.0999755859375,47.79999923706055,0.003990730736404657,,,,,,130.19346618652344,,184.82888793945312,783.0,,,36.0,,,,,,,,,,,0.0,,0.0,,1.0,,,,,,,,,,,,,,,,,,,,,,,,,,,,,,,,,,,,,,,,,""
3689500785,"Jun 29, 2020, 5:16:20 PM",Evening Ride,Ride,"",5477,27.27,168.0,40,false,,,activities/3939697538.tcx.gz,,,5477.0,4860.0,27272.0,15.199999809265137,5.611522674560547,705.9157104492188,691.2160034179688,413.20001220703125,1013.2000122070312,50.0,0.05390143766999245,,,,,,129.33897399902344,,136.7876434326172,822.0,,,40.0,,,,,,,,,,,0.0,,0.0,,1.0,,,,,,,,,,,,,,,,,,,,,,,,,,,,,,,,,,,,,,,,,""
3694549067,"Jun 30, 2020, 4:38:45 PM",Evening Run,Run,"",2812,10.41,179.0,98,false,,,activities/3945209474.tcx.gz,,,2812.0,2807.0,10416.599609375,6.199999809265137,3.710937023162842,179.31761169433594,182.71800231933594,898.2000122070312,963.4000244140625,34.20000076293945,-0.032640207558870316,,,,,,166.73484802246094,,,720.0,,,98.0,,,,,,,,,,,0.0,,0.0,,1.0,10994.0,,,,,,,,,,,,,,,,,,,,,,,,,,,,,,,,,,,,,,,,""
3699350706,"Jul 1, 2020, 5:01:15 PM",Evening Ride,Ride,"",5729,33.45,177.0,93,false,,,activities/3950479371.tcx.gz,,,5729.0,5416.0,33449.0,15.899999618530273,6.175960063934326,793.9658813476562,794.0659790039062,315.5,1047.300048828125,39.29999923706055,-0.0002989626082126051,,,,,,147.9781494140625,,157.05679321289062,1180.0,,,93.0,,,,,,,,,,,0.0,,0.0,,1.0,,,,,,,,,,,,,,,,,,,,,,,,,,,,,,,,,,,,,,,,,""
3720612153,"Jul 4, 2020, 2:43:01 PM",Afternoon Ride,Ride,"",5898,34.44,177.0,94,false,,,activities/3973619911.tcx.gz,,,5898.0,5784.0,34445.30078125,22.100000381469727,5.955273151397705,947.0248413085938,948.8250122070312,413.29998779296875,1013.2000122070312,38.599998474121094,-0.005225676577538252,,,,,,146.82691955566406,,159.3180694580078,1221.0,,,94.0,,,,,,,,,,,0.0,,0.0,,1.0,,,,,,,,,,,,,,,,,,,,,,,,,,,,,,,,,,,,,,,,,""
3726005553,"Jul 6, 2020, 4:37:29 PM",Evening Ride,Ride,"",5591,37.81,174.0,105,false,,,activities/3979508057.tcx.gz,,,5591.0,5591.0,37814.30078125,17.5,6.763423442840576,861.9840087890625,879.083984375,327.5,1013.2000122070312,48.70000076293945,-0.045220986008644104,,,,,,148.9908447265625,,163.72047424316406,1179.0,,,105.0,,,,,,,,,,,0.0,,0.0,,1.0,,,,,,,,,,,,,,,,,,,,,,,,,,,,,,,,,,,,,,,,,""
3728217212,"Jul 7, 2020, 4:50:34 PM",Evening Run,Run,"",2708,10.32,177.0,94,false,,,activities/3981915387.tcx.gz,,,2708.0,2705.0,10321.2998046875,5.900000095367432,3.8156378269195557,186.1989288330078,196.0989990234375,889.9000244140625,948.7000122070312,44.900001525878906,-0.09591814875602722,,,,,,167.53900146484375,,,693.0,,,94.0,,,,,,,,,,,0.0,,0.0,,1.0,10893.5,,,,,,,,,,,,,,,,,,,,,,,,,,,,,,,,,,,,,,,,""
3737741494,"Jul 9, 2020, 4:51:42 PM",Evening Run,Run,"",2540,9.21,179.0,76,false,,,activities/3992306916.tcx.gz,,,2540.0,2537.0,9211.2001953125,5.300000190734863,3.6307449340820312,201.88461303710938,204.5850067138672,898.2000122070312,963.4000244140625,28.200000762939453,-0.029312141239643097,,,,,,163.833984375,,,633.0,,,76.0,,,,,,,,,,,0.0,,0.0,,1.0,9929.0,,,,,,,,,,,,,,,,,,,,,,,,,,,,,,,,,,,,,,,,""
3754472034,"Jul 10, 2020, 4:57:33 PM",Cronoscalata Rigosa-Salmezza,Ride,"",5290,16.41,178.0,33,false,,,activities/4011091140.tcx.gz,,,5290.0,3220.0,16412.69921875,16.799999237060547,5.097111701965332,600.2825927734375,603.5830078125,561.4000244140625,1087.0,20.399999618530273,-0.020106380805373192,,,,,,126.92865753173828,,161.8196258544922,548.0,,,33.0,,,,,,,,,,,0.0,,0.0,,1.0,,,,,,,,,,,,,,,,,,,,,,,,,,,,,,,,,,,,,,,,,""
3757932767,"Jul 13, 2020, 5:07:08 PM",Evening Ride,Ride,"",5269,28.21,171.0,46,false,,,activities/4014950743.tcx.gz,,,5269.0,5075.0,28217.0,17.399999618530273,5.559999942779541,878.080810546875,717.281005859375,425.79998779296875,1013.2000122070312,48.599998474121094,0.5698692202568054,,,,,,134.7135772705078,,161.01699829101562,932.0,,,46.0,,,,,,,,,,,0.0,,0.0,,1.0,,,,,,,,,,,,,,,,,,,,,,,,,,,,,,,,,,,,,,,,,""
3762789279,"Jul 14, 2020, 5:15:48 PM",Evening Run,Run,"",2554,9.57,181.0,94,false,,,activities/4020404858.tcx.gz,,,2554.0,2538.0,9570.2998046875,7.5,3.770803689956665,182.4945831298828,169.09500122070312,889.9000244140625,947.0,25.899999618530273,0.14001651108264923,,,,,,169.0303497314453,,,675.0,,,94.0,,,,,,,,,,,0.0,,0.0,,1.0,10083.7001953125,,,,,,,,,,,,,,,,,,,,,,,,,,,,,,,,,,,,,,,,""
3772481295,"Jul 16, 2020, 4:35:07 PM",Evening Ride,Ride,"",4974,30.01,169.0,43,false,,,activities/4031173935.tcx.gz,,,4974.0,4913.0,30015.900390625,17.0,6.109485149383545,773.0055541992188,769.5059814453125,425.79998779296875,1013.0999755859375,39.29999923706055,0.011660486459732056,,,,,,132.65447998046875,,166.8479766845703,880.0,,,43.0,,,,,,,,,,,0.0,,0.0,,1.0,,,,,,,,,,,,,,,,,,,,,,,,,,,,,,,,,,,,,,,,,""
3795434339,"Jul 20, 2020, 4:33:14 PM",Evening Run,Run,"",1812,6.30,184.0,48,false,,,activities/4056903517.tcx.gz,,,1812.0,1726.0,6302.89990234375,6.300000190734863,3.651738166809082,118.97057342529297,124.47100067138672,899.0,948.9000244140625,16.5,-0.08726141601800919,,,,,,161.83419799804688,,,435.0,,,48.0,,,,,,,,,,,0.0,,0.0,,1.0,6632.10009765625,,,,,,,,,,,,,,,,,,,,,,,,,,,,,,,,,,,,,,,,""
3805696302,"Jul 23, 2020, 4:33:23 PM",Evening Ride,Ride,"",6591,36.18,166.0,27,false,,,activities/4068377154.tcx.gz,,,6591.0,6491.0,36186.30078125,16.399999618530273,5.5748419761657715,936.0382080078125,947.6380004882812,325.6000061035156,1013.2000122070312,47.0,-0.032056331634521484,,,,,,121.67822265625,,141.39932250976562,960.0,,,27.0,,,,,,,,,,,0.0,,0.0,,1.0,,,,,,,,,,,,,,,,,,,,,,,,,,,,,,,,,,,,,,,,,""
3820423646,"Jul 24, 2020, 5:00:27 PM",Cronoscalata Algua-Aviatico,Ride,"",5478,20.29,180.0,30,false,,,activities/4085616355.tcx.gz,,,5478.0,3265.0,20290.900390625,16.600000381469727,6.214670658111572,625.93994140625,625.4400024414062,426.29998779296875,1013.2000122070312,45.599998474121094,0.0024641589261591434,,,,,,130.1521453857422,,144.25624084472656,569.0,,,30.0,,,,,,,,,,,0.0,,0.0,,1.0,,,,,,,,,,,,,,,,,,,,,,,,,,,,,,,,,,,,,,,,,""
3822122721,"Jul 27, 2020, 4:18:14 PM",Evening Run,Run,"",3353,11.79,181.0,112,false,,,activities/4087610514.tcx.gz,,,3353.0,3350.0,11796.7998046875,5.199999809265137,3.521432876586914,235.87950134277344,236.8800048828125,889.9000244140625,963.4000244140625,27.5,-0.00847687479108572,,,,,,166.49612426757812,,,862.0,,,112.0,,,,,,,,,,,0.0,,0.0,,1.0,12521.2001953125,,,,,,,,,,,,,,,,,,,,,,,,,,,,,,,,,,,,,,,,""
3834726880,"Jul 29, 2020, 5:19:34 PM",Evening Ride,Ride,"",4181,26.22,179.0,62,false,,,activities/4102005320.tcx.gz,,,4181.0,4166.0,26219.80078125,18.5,6.293758869171143,668.1248168945312,679.5250244140625,425.79998779296875,1013.2000122070312,46.5,-0.0434785932302475,,,,,,139.74697875976562,,164.0738067626953,813.0,,,62.0,,,,,,,,,,,0.0,,0.0,,1.0,,,,,,,,,,,,,,,,,,,,,,,,,,,,,,,,,,,,,,,,,""
3858253646,"Jul 31, 2020, 4:28:15 PM",Cronoscalata Gazzaniga-Ganda,Ride,"",7176,28.41,181.0,82,false,,,activities/4128358254.tcx.gz,,,7176.0,5149.0,28415.099609375,14.5,5.518566608428955,775.6474609375,783.7470092773438,315.5,1046.9000244140625,41.79999923706055,-0.028505969792604446,,,,,,141.53228759765625,,155.4292449951172,1051.0,,,82.0,,,,,,,,,,,0.0,,0.0,,1.0,,,,,,,,,,,,,,,,,,,,,,,,,,,,,,,,,,,,,,,,,""
3868497449,"Aug 4, 2020, 4:48:44 PM",Evening Run,Run,"",2405,8.70,178.0,56,false,,,activities/4139617234.tcx.gz,,,2405.0,2401.0,8705.7001953125,6.400000095367432,3.625864267349243,160.7157440185547,164.11599731445312,898.2000122070312,949.0,48.70000076293945,-0.03905487060546875,,,,,,156.30970764160156,,,553.0,,,56.0,,,,,,,,,,,0.0,,0.0,,1.0,9190.7001953125,,,,,,,,,,,,,,,,,,,,,,,,,,,,,,,,,,,,,,,,""
3875083896,"Aug 6, 2020, 4:21:03 PM",Evening Ride,Ride,"",4380,30.72,169.0,70,false,,,activities/4146803502.tcx.gz,,,4380.0,4380.0,30719.0,18.600000381469727,7.01347017288208,633.648193359375,641.0479736328125,326.8999938964844,963.0,29.399999618530273,-0.024089325219392776,,,,,,144.21368408203125,,166.87496948242188,871.0,,,70.0,,,,,,,,,,,0.0,,0.0,,1.0,,,,,,,,,,,,,,,,,,,,,,,,,,,,,,,,,,,,,,,,,""
3893887434,"Aug 7, 2020, 4:57:06 PM",Cronoscalata Costa Serina-Aviatico,Ride,"",6025,21.75,177.0,55,false,,,activities/4167479832.tcx.gz,,,6025.0,3671.0,21753.69921875,17.799999237060547,5.925824165344238,668.5111083984375,676.8109741210938,425.79998779296875,1013.2000122070312,45.79999923706055,-0.03815443068742752,,,,,,137.23641967773438,,172.52525329589844,726.0,,,55.0,,,,,,,,,,,0.0,,0.0,,1.0,,,,,,,,,,,,,,,,,,,,,,,,,,,,,,,,,,,,,,,,,""
3894011396,"Aug 10, 2020, 3:24:26 PM",Afternoon Run,Run,,2699,6.07,176.0,41,false,,,activities/4167612544.tcx.gz,,,2699.0,2421.0,6074.39990234375,9.800000190734863,2.5090458393096924,264.591796875,275.091796875,886.5,1014.5,49.20000076293945,-0.17285658419132233,,,,,,152.0327606201172,,,567.0,,,41.0,,,,,,,,,,,,,0.0,,1.0,7553.7001953125,,,,,,,,,,,,,,,,,,,,,,,,,,,,,,,,,,,,,,,,""
3941530250,"Aug 20, 2020, 3:55:49 PM",Giro pomeridiano,Ride,,4356,26.78,,,false,,,activities/3941530250.gpx,,,4356.0,4295.0,26785.5,15.600000381469727,6.236437797546387,648.7923583984375,657.7923583984375,307.70001220703125,948.4000244140625,50.0,-0.03360026702284813,,,,,,,,151.06813049316406,723.4539184570312,,,,,,,,,,,,,,0.0,,0.0,,1.0,,,,,,,,,,,,,,,,,,,,,,,,,,,,,,,,,,,,,,,,,""
3946665348,"Aug 21, 2020, 5:05:20 PM",Cronoscalata Algua-Selvino,Ride,"",3769,21.71,182.0,52,false,,,activities/4224711463.tcx.gz,,,3769.0,3312.0,21711.80078125,21.100000381469727,6.555495262145996,515.0850219726562,486.4849853515625,425.79998779296875,934.5,38.20000076293945,0.13172560930252075,,,,,,133.72853088378906,,182.15203857421875,654.0,,,52.0,,,,,,,,,,,0.0,,0.0,,1.0,,,,,,,,,,,,,,,,,,,,,,,,,,,,,,,,,,,,,,,,,""
3960827561,"Aug 24, 2020, 5:05:56 PM",Evening Run,Run,"",2607,9.56,184.0,88,false,,,activities/4239870148.tcx.gz,,,2607.0,2604.0,9564.7998046875,6.199999809265137,3.6731183528900146,183.2379608154297,214.93800354003906,898.2000122070312,967.9000244140625,29.600000381469727,-0.3314235508441925,,,,,,166.1356201171875,,,665.0,,,88.0,,,,,,,,,,,0.0,,0.0,,1.0,10098.2998046875,,,,,,,,,,,,,,,,,,,,,,,,,,,,,,,,,,,,,,,,""
3965476483,"Aug 25, 2020, 5:17:55 PM",Evening Run,Run,"",2234,7.86,185.0,84,false,,,activities/4244820993.tcx.gz,,,2234.0,2103.0,7868.60009765625,6.199999809265137,3.741607189178467,146.823486328125,160.6230010986328,889.9000244140625,949.9000244140625,27.100000381469727,-0.1753806322813034,,,,,,170.682861328125,,,592.0,,,84.0,,,,,,,,,,,0.0,,0.0,,1.0,8272.2998046875,,,,,,,,,,,,,,,,,,,,,,,,,,,,,,,,,,,,,,,,""
3972090823,"Aug 26, 2020, 6:27:13 PM",Evening Run,Run,"",1669,5.96,185.0,56,false,,,activities/4251885691.tcx.gz,,,1669.0,1669.0,5968.5,6.699999809265137,3.5760934352874756,80.0177230834961,72.21769714355469,898.2000122070312,948.7999877929688,47.099998474121094,0.13068610429763794,,,,,,166.74819946289062,,,435.0,,,56.0,,,,,,,,,,,0.0,,0.0,,1.0,6149.10009765625,,,,,,,,,,,,,,,,,,,,,,,,,,,,,,,,,,,,,,,,""
3972130249,"Aug 26, 2020, 5:15:19 PM",Evening Ride,Ride,,4083,19.90,178.0,58,false,,,activities/4251927705.tcx.gz,,,4083.0,3489.0,19899.099609375,17.100000381469727,5.7033820152282715,575.169677734375,563.86962890625,389.20001220703125,938.0999755859375,49.599998474121094,0.056786488741636276,,,,,,144.5087890625,,159.1232452392578,743.0,,,58.0,,,,,,,,,,,,,0.0,,1.0,,,,,,,,,,,,,,,,,,,,,,,,,,,,,,,,,,,,,,,,,""
3992682554,"Aug 31, 2020, 4:16:25 PM",Evening Ride,Ride,"",6321,32.91,179.0,70,false,,,activities/4273928952.tcx.gz,,,6321.0,5865.0,32917.80078125,22.299999237060547,5.612583160400391,794.2095336914062,759.010009765625,315.5,1047.199951171875,45.0,0.10693302750587463,,,,,,136.94363403320312,,149.65870666503906,1164.0,,,70.0,,,,,,,,,,,0.0,,0.0,,1.0,,,,,,,,,,,,,,,,,,,,,,,,,,,,,,,,,,,,,,,,,""
3997691957,"Sep 1, 2020, 5:21:07 PM",Evening Run,Run,"",3072,11.14,183.0,76,false,,,activities/4279277622.tcx.gz,,,3072.0,3068.0,11141.099609375,7.5,3.6313884258270264,201.61962890625,203.1199951171875,889.9000244140625,949.0,37.29999923706055,-0.013463662005960941,,,,,,157.57301330566406,,,728.0,,,76.0,,,,,,,,,,,0.0,,0.0,,1.0,11707.2001953125,,,,,,,,,,,,,,,,,,,,,,,,,,,,,,,,,,,,,,,,""
4006853790,"Sep 3, 2020, 5:00:59 PM",Evening Run,Run,,3858,6.50,180.0,38,false,,,activities/4289010360.tcx.gz,,,3858.0,3239.0,6501.2001953125,5.800000190734863,2.0071628093719482,349.60797119140625,334.8079833984375,812.7000122070312,1064.5999755859375,49.5,0.22765028476715088,,,,,,140.98410034179688,,,680.0,,,38.0,,,,,,,,,,,,,0.0,,1.0,8793.099609375,,,,,,,,,,,,,,,,,,,,,,,,,,,,,,,,,,,,,,,,""
4011663741,"Sep 4, 2020, 4:12:36 PM",Evening Ride,Ride,,5688,29.04,166.0,44,false,,,activities/4294109825.tcx.gz,,,5688.0,5195.0,29040.30078125,16.600000381469727,5.590048313140869,745.9188842773438,743.9188842773438,425.79998779296875,1013.2000122070312,34.0,0.006886981427669525,,,,,,132.1479949951172,,139.91390991210938,950.0,,,44.0,,,,,,,,,,,,,0.0,,1.0,,,,,,,,,,,,,,,,,,,,,,,,,,,,,,,,,,,,,,,,,""
4018999782,"Sep 6, 2020, 6:09:30 AM",Morning Ride,Ride,"",9446,33.70,173.0,46,false,,,activities/4301621395.tcx.gz,,,9446.0,6368.0,33708.8984375,20.700000762939453,5.293483257293701,904.020263671875,932.52001953125,314.29998779296875,1087.199951171875,18.600000381469727,-0.08454740792512894,,,,,,125.03304290771484,,132.3883514404297,1035.0,,,46.0,,,,,,,,,,,0.0,,0.0,,1.0,,,,,,,,,,,,,,,,,,,,,,,,,,,,,,,,,,,,,,,,,""
4029584329,"Sep 7, 2020, 5:33:42 PM",Evening Swim,Swim,,3914,0,151.0,37,false,,,activities/4312879069.tcx.gz,,,3914.0,3914.0,0.0,0.0,0.0,0.0,,,,0.0,0.0,,,,,,131.35948181152344,,,647.0,,,37.0,,,,,,,,,,,,,0.0,,1.0,,,,,,,,,,,,,,,,,,,,,,,,,,,,,,,,,,,,,,,,,""
4031277141,"Sep 8, 2020, 4:44:01 PM",Evening Ride,Ride,"",3996,23.19,182.0,65,false,,,activities/4314654150.tcx.gz,,,3996.0,3817.0,23196.5,21.5,6.077154636383057,652.0380249023438,636.8380126953125,314.5,946.0999755859375,50.0,0.06552712619304657,,,,,,147.73495483398438,,159.3795928955078,846.0,,,65.0,,,,,,,,,,,0.0,,0.0,,1.0,,,,,,,,,,,,,,,,,,,,,,,,,,,,,,,,,,,,,,,,,""
4036180231,"Sep 9, 2020, 4:19:35 PM",Evening Ride,Ride,"",6112,33.27,173.0,62,false,,,activities/4319809599.tcx.gz,,,6112.0,5840.0,33270.30078125,17.299999237060547,5.696969032287598,813.8892822265625,812.5889892578125,315.5,1047.800048828125,46.29999923706055,0.003907389007508755,,,,,,135.31326293945312,,146.97422790527344,1098.0,,,62.0,,,,,,,,,,,0.0,,0.0,,1.0,,,,,,,,,,,,,,,,,,,,,,,,,,,,,,,,,,,,,,,,,""
4040999839,"Sep 10, 2020, 5:20:01 PM",Evening Run,Run,,4004,15.02,185.0,179,false,,,activities/4324905195.tcx.gz,,,4004.0,3984.0,15022.2001953125,6.099999904632568,3.77063250541687,73.72148132324219,74.82147979736328,274.20001220703125,325.8999938964844,7.300000190734863,-0.007322496268898249,,,,,,173.18858337402344,,,1125.0,,,179.0,,,,,,,,,,,,,0.0,,1.0,15084.7001953125,,,,,,,,,,,,,,,,,,,,,,,,,,,,,,,,,,,,,,,,""
4048741919,"Sep 12, 2020, 7:20:07 AM",Morning Ride,Ride,"",14747,83.70,180.0,277,false,,,activities/4333090269.tcx.gz,,,14747.0,13197.0,83706.796875,17.0,6.342865943908691,1602.0849609375,1605.280029296875,245.89999389648438,948.4000244140625,45.900001525878906,-0.003822867525741458,,,,,,153.28118896484375,,146.69528198242188,3017.0,,,277.0,,,,,,,,,,,0.0,,0.0,,1.0,,,,,,,,,,,,,,,,,,,,,,,,,,,,,,,,,,,,,,,,,""
4053158899,"Sep 13, 2020, 9:12:32 AM",Lunch Hike,Hike,"",5262,4.61,177.0,25,false,,,activities/4337748034.tcx.gz,,,5262.0,4401.0,4611.2001953125,4.199999809265137,1.0477619171142578,285.53411865234375,275.6340026855469,648.2000122070312,911.5999755859375,36.599998474121094,0.21469466388225555,,,,,,121.8176040649414,,,757.0,,,25.0,,,,,,,,,,,0.0,,0.0,,1.0,,,,,,,,,,,,,,,,,,,,,,,,,,,,,,,,,,,,,,,,,""
4060299438,"Sep 14, 2020, 6:02:57 PM",Evening Run,Run,"",2043,7.63,179.0,63,false,,,activities/4345331899.tcx.gz,,,2043.0,2039.0,7631.39990234375,7.300000190734863,3.7427170276641846,122.15463256835938,123.75499725341797,898.2000122070312,963.4000244140625,49.20000076293945,-0.02096600830554962,,,,,,164.16094970703125,,,514.0,,,63.0,,,,,,,,,,,0.0,,0.0,,1.0,8128.2001953125,,,,,,,,,,,,,,,,,,,,,,,,,,,,,,,,,,,,,,,,""
4074529685,"Sep 17, 2020, 4:29:44 PM",Evening Run,Run,"",2098,7.35,179.0,43,false,,,activities/4360315064.tcx.gz,,,2098.0,2081.0,7355.7001953125,12.0,3.5346949100494385,99.82371520996094,123.82369995117188,898.2000122070312,970.5,44.70000076293945,-0.32627758383750916,,,,,,154.0946807861328,,,473.0,,,43.0,,,,,,,,,,,0.0,,0.0,,1.0,7568.7998046875,,,,,,,,,,,,,,,,,,,,,,,,,,,,,,,,,,,,,,,,""
4082794722,"Sep 19, 2020, 2:32:53 PM",Afternoon Run,Run,"",2658,8.34,170.0,48,false,,,activities/4369054166.tcx.gz,,,2658.0,2520.0,8347.5,5.099999904632568,3.3125,145.50245666503906,145.802001953125,898.2000122070312,963.4000244140625,46.29999923706055,-0.0035938904620707035,,,,,,152.58767700195312,,,564.0,,,48.0,,,,,,,,,,,0.0,,0.0,,1.0,8855.099609375,,,,,,,,,,,,,,,,,,,,,,,,,,,,,,,,,,,,,,,,""
4086821796,"Sep 20, 2020, 5:33:06 AM",Giro mattutino,Ride,,21595,102.16,,,false,,,activities/4086821796.gpx,,,21595.0,18727.0,102163.703125,18.299999237060547,5.455422878265381,2589.506591796875,2588.606689453125,187.0,1071.4000244140625,42.20000076293945,0.0008809391292743385,,,,,,,,151.2821807861328,3158.863525390625,,,,,,,,,,,,,,0.0,,0.0,,1.0,,,,,,,,,,,,,,,,,,,,,,,,,,,,,,,,,,,,,,,,,""
4113985422,"Sep 26, 2020, 8:46:45 AM",Morning Ride,Ride,,12170,81.28,,,false,,,activities/4402088643.fit.gz,,,12170.0,11404.0,81287.0,15.800000190734863,7.1279377937316895,1384.9031982421875,1908.0,290.20001220703125,968.7999877929688,13.100000381469727,-0.028909912332892418,,,,,,,,154.2187042236328,3482.0,,,,,,,,,,,,,,,,0.0,,1.0,,,,,,,,,,,,,,,,,,,,,,,,,,,,,,,,,,,,,,,,,""
4120265592,"Sep 27, 2020, 3:11:51 PM",Afternoon Run,Run,"",3009,11.00,184.0,113,false,,,activities/4408747902.fit.gz,,,3009.0,2937.0,11007.7998046875,5.099999904632568,3.747974157333374,205.7133331298828,279.0,889.9000244140625,961.4000244140625,28.100000381469727,-0.008176020346581936,,,88.0,84.44934844970703,,171.0457763671875,,,698.0,,,113.0,,,,,,,,,,,0.0,,0.0,,1.0,11588.2001953125,,,,,,,,,,,,,,,,,,,,,,,,,,,,,,,,,,,,,,,,""
4133786123,"Sep 30, 2020, 4:59:06 PM",Evening Run,Run,"",2244,8.34,183.0,94,false,,,activities/4423154827.fit.gz,,,2244.0,2228.0,8347.599609375,5.599999904632568,3.746678590774536,155.66917419433594,247.0,898.2000122070312,948.5,26.799999237060547,-0.0011979491682723165,,,87.0,84.00405883789062,,173.04811096191406,,,545.0,,,94.0,,,,,,,,,,,0.0,,0.0,,1.0,8796.7001953125,,,,,,,,,,,,,,,,,,,,,,,,,,,,,,,,,,,,,,,,""
4146427371,"Oct 3, 2020, 4:07:30 PM",Evening Run,Run,"",2917,10.62,184.0,112,false,,,activities/4436585457.fit.gz,,,2917.0,2862.0,10620.599609375,4.900000095367432,3.7109014987945557,196.3288116455078,240.0,889.9000244140625,963.2999877929688,24.0,-0.013181929476559162,,,88.0,84.51964569091797,,170.67892456054688,,,683.0,,,112.0,,,,,,,,,,,0.0,,0.0,,1.0,11145.2998046875,,,,,,,,,,,,,,,,,,,,,,,,,,,,,,,,,,,,,,,,""
4148552888,"Oct 4, 2020, 7:32:36 AM",Morning Run,Run,,2675,9.22,182.0,75,false,,,activities/4438854249.fit.gz,,,2675.0,2618.0,9219.7001953125,5.400000095367432,3.521657705307007,159.46142578125,204.0,898.2000122070312,947.0,14.600000381469727,0.021692680194973946,,,89.0,85.13802337646484,,162.8583984375,,,591.0,,,75.0,,,,,,,,,,,,,0.0,,1.0,9610.5,,,,,,,,,,,,,,,,,,,,,,,,,,,,,,,,,,,,,,,,""
4155307198,"Oct 5, 2020, 5:02:49 PM",Evening Run,Run,"",2996,11.22,187.0,131,false,,,activities/4446009668.fit.gz,,,2996.0,2993.0,11227.099609375,5.0,3.751119375228882,53.996604919433594,335.0,273.3999938964844,309.5,7.400000095367432,-0.012469827197492123,,,89.0,84.29332733154297,,173.05587768554688,,,741.0,,,131.0,,,,,,,,,,,0.0,,0.0,,1.0,11274.7001953125,,,,,,,,,,,,,,,,,,,,,,,,,,,,,,,,,,,,,,,,""
4159889084,"Oct 6, 2020, 5:09:33 PM",Evening Swim,Swim,"",4123,"2,025",159.0,53,false,,,activities/4450845294.fit.gz,,,4123.0,3428.0,2025.0,10.399999618530273,0.59072345495224,0.0,,,,0.0,0.0,,,,31.0,,133.19131469726562,,,439.0,,,53.0,,,,,,,,,,,0.0,,0.0,,1.0,,,,,,,,,,,,,,,,,,,,,,,,,,,,,,,,,,,,,,,,,""
4164925458,"Oct 7, 2020, 5:44:01 PM",Evening Run,Run,"",8435,15.92,181.0,92,false,,,activities/4456162876.fit.gz,,,8435.0,4684.0,15927.900390625,5.400000095367432,3.4004909992218018,219.86355590820312,473.0,232.89999389648438,383.5,48.900001525878906,0.016951387748122215,,,89.0,83.78092956542969,,154.4949493408203,,,1009.0,,,92.0,,,,,,,,,,,0.0,,0.0,,1.0,16429.5,,,,,,,,,,,,,,,,,,,,,,,,,,,,,,,,,,,,,,,,""
4172794342,"Oct 9, 2020, 5:22:10 PM",Evening Run,Run,"",1929,7.41,180.0,52,false,,,activities/4464510870.fit.gz,,,1929.0,1918.0,7415.2998046875,5.099999904632568,3.8661627769470215,105.1104736328125,145.0,898.2000122070312,961.5,25.399999618530273,-0.020228447392582893,,,88.0,85.04692077636719,,160.53517150878906,,,458.0,,,52.0,,,,,,,,,,,0.0,,0.0,,1.0,7676.39990234375,,,,,,,,,,,,,,,,,,,,,,,,,,,,,,,,,,,,,,,,""
4176957325,"Oct 10, 2020, 12:06:46 PM",Afternoon Ride,Ride,,14825,60.71,,,false,,,activities/4468920258.fit.gz,,,14825.0,10707.0,60712.1015625,15.800000190734863,5.670318603515625,998.65087890625,1425.0,257.0,948.4000244140625,19.899999618530273,-0.002470677252858877,,,,,,,,109.4228744506836,2444.0,,,,,,,,,,,,,,,,0.0,,1.0,,,,,,,,,,,,,,,,,,,,,,,,,,,,,,,,,,,,,,,,,""
4179425532,"Oct 11, 2020, 7:51:20 AM",Morning Run,Run,"",3131,11.57,181.0,114,false,,,activities/4471570090.fit.gz,,,3131.0,3131.0,11577.5,5.0,3.6977005004882812,206.58047485351562,269.0,898.2000122070312,962.7999877929688,30.0,-0.15461023151874542,,,88.0,85.12460327148438,,169.18370056152344,,,796.0,,,114.0,,,,,,,,,,,0.0,,0.0,,1.0,12188.599609375,,,,,,,,,,,,,,,,,,,,,,,,,,,,,,,,,,,,,,,,""
4186323338,"Oct 12, 2020, 4:59:54 PM",Evening Run,Run,"",2738,10.40,183.0,93,false,,,activities/4478899262.fit.gz,,,2738.0,2709.0,10400.400390625,5.300000190734863,3.839202642440796,40.94333267211914,267.0,296.20001220703125,325.29998779296875,9.399999618530273,-0.003846006002277136,,,89.0,84.516845703125,,167.44140625,,,672.0,,,93.0,,,,,,,,,,,0.0,,0.0,,1.0,10425.599609375,,,,,,,,,,,,,,,,,,,,,,,,,,,,,,,,,,,,,,,,""
4190681611,"Oct 13, 2020, 5:17:36 PM",Evening Swim,Swim,"",3382,"1,500",171.0,45,false,,,activities/4483547453.fit.gz,,,3382.0,2911.0,1500.0,0.800000011920929,0.5152868628501892,0.0,,,,0.0,0.0,,,,31.0,,135.3806610107422,,,318.0,,,45.0,,,,,,,,,,,0.0,,0.0,,1.0,,,,,,,,,,,,,,,,,,,,,,,,,,,,,,,,,,,,,,,,,""
4194900987,"Oct 14, 2020, 4:47:52 PM",Evening Run,Run,"",2864,10.08,179.0,79,false,,,activities/4488111717.fit.gz,,,2864.0,2864.0,10081.5,4.5,3.5200767517089844,184.2084503173828,310.0,889.9000244140625,947.0,17.399999618530273,0.06745027750730515,,,88.0,84.15220642089844,,161.6961212158203,,,697.0,,,79.0,,,,,,,,,,,0.0,,0.0,,1.0,10574.2998046875,,,,,,,,,,,,,,,,,,,,,,,,,,,,,,,,,,,,,,,,""
4205387824,"Oct 17, 2020, 9:20:56 AM",Lunch Run,Run,,2170,7.80,181.0,84,false,,,activities/4499239620.fit.gz,,,2170.0,2170.0,7799.60009765625,4.5,3.594285726547241,115.77666473388672,195.0,898.2000122070312,961.7999877929688,26.399999618530273,-0.03461715951561928,,,88.0,84.5689926147461,,170.69187927246094,,,556.0,,,84.0,,,,,,,,,,,,,0.0,,1.0,8079.10009765625,,,,,,,,,,,,,,,,,,,,,,,,,,,,,,,,,,,,,,,,""
4229733838,"Oct 22, 2020, 5:10:12 PM",Evening Run,Run,"",3319,10.60,188.0,107,false,,,activities/4525056154.fit.gz,,,3319.0,3125.0,10601.0,5.400000095367432,3.392319917678833,193.71380615234375,308.0,898.2000122070312,1007.7999877929688,22.100000381469727,0.09150080382823944,,,88.0,83.96031951904297,,167.14999389648438,,,774.0,,,107.0,,,,,,,,,,,0.0,,0.0,,1.0,11136.0,,,,,,,,,,,,,,,,,,,,,,,,,,,,,,,,,,,,,,,,""
4242324671,"Oct 25, 2020, 8:14:48 AM",Morning Walk,Hike,"",5571,3.98,152.0,18,false,,,activities/4538345181.fit.gz,,,5571.0,4418.0,3982.800048828125,2.0999999046325684,0.9014939069747925,589.78759765625,114.0,1241.699951171875,1830.5,49.099998474121094,14.61534595489502,,,96.0,53.01131057739258,,130.90496826171875,,,657.0,,,18.0,,,,,,,,,,,0.0,,0.0,,1.0,,,,,,,,,,,,,,,,,,,,,,,,,,,,,,,,,,,,,,,,,""
4242646174,"Oct 25, 2020, 9:55:20 AM",Morning Walk,Hike,"",17839,9.15,150.0,21,false,,,activities/4538683885.fit.gz,,,17839.0,8645.0,9152.0,2.9000000953674316,1.058646559715271,261.97430419921875,1028.0,1241.300048828125,2029.300048828125,38.5,-6.316652297973633,,,123.0,54.12392807006836,,102.66304779052734,,,764.0,,,21.0,,,,,,,,,,,0.0,,0.0,,1.0,,,,,,,,,,,,,,,,,,,,,,,,,,,,,,,,,,,,,,,,,""
4250921937,"Oct 27, 2020, 5:16:37 PM",Evening Run,Run,"",2156,7.33,190.0,77,false,,,activities/4547491749.fit.gz,,,2156.0,2153.0,7331.2001953125,5.599999904632568,3.405109167098999,103.91130828857422,221.0,894.5999755859375,955.7999877929688,34.900001525878906,-0.049105193465948105,,,86.0,83.39061737060547,,168.1175079345703,,,535.0,,,77.0,,,,,,,,,,,0.0,,0.0,,1.0,7613.10009765625,,,,,,,,,,,,,,,,,,,,,,,,,,,,,,,,,,,,,,,,""
4255540326,"Oct 28, 2020, 6:09:05 PM",Evening Run,Run,"",2442,8.22,181.0,89,false,,,activities/4552352934.fit.gz,,,2442.0,2349.0,8228.2001953125,5.699999809265137,3.502852201461792,119.4344482421875,222.0,894.5999755859375,956.0999755859375,17.5,-0.07656595855951309,,,87.0,83.72049713134766,,170.08645629882812,,,588.0,,,89.0,,,,,,,,,,,0.0,,0.0,,1.0,8544.5,,,,,,,,,,,,,,,,,,,,,,,,,,,,,,,,,,,,,,,,""
4263258172,"Oct 30, 2020, 5:38:12 PM",Evening Run,Run,"",2876,9.85,185.0,119,false,,,activities/4560534318.fit.gz,,,2876.0,2851.0,9849.099609375,4.900000095367432,3.4546124935150146,173.9390411376953,277.0,894.5999755859375,949.5999755859375,35.5,0.049750737845897675,,,115.0,84.03048706054688,,171.97897338867188,,,722.0,,,119.0,,,,,,,,,,,0.0,,0.0,,1.0,10420.400390625,,,,,,,,,,,,,,,,,,,,,,,,,,,,,,,,,,,,,,,,""
4267429983,"Oct 31, 2020, 9:46:19 AM",Morning Ride,Ride,,23696,67.19,72.0,16,false,,,activities/4564961689.fit.gz,,,23696.0,13189.0,67194.1015625,17.399999618530273,5.094707489013672,1021.1511840820312,1327.0,885.4000244140625,1501.800048828125,28.399999618530273,0.002083516214042902,,,,,,72.0,,88.3952407836914,2468.0,,,16.0,,,,,,,,,,,,,0.0,,1.0,,,,,,,,,,,,,,,,,,,,,,,,,,,,,,,,,,,,,,,,,""
4281668580,"Nov 3, 2020, 5:41:53 PM",Evening Run,Run,"",3683,10.51,190.0,108,false,,,activities/4580094103.fit.gz,,,3683.0,3151.0,10517.2001953125,4.800000190734863,3.3377339839935303,271.90838623046875,302.0,894.5999755859375,1016.7000122070312,34.70000076293945,-0.03327881917357445,,,88.0,83.6576156616211,,167.05670166015625,,,757.0,,,108.0,,,,,,,,,,,0.0,,0.0,,1.0,11511.7998046875,,,,,,,,,,,,,,,,,,,,,,,,,,,,,,,,,,,,,,,,""
4286347352,"Nov 4, 2020, 5:55:17 PM",Evening Run,Run,"",3339,10.83,184.0,97,false,,,activities/4585044610.fit.gz,,,3339.0,2925.0,10834.5,5.099999904632568,3.7041025161743164,48.611167907714844,183.0,296.3999938964844,309.8999938964844,20.5,-0.00461488775908947,,,108.0,85.0361328125,,164.7046356201172,,,689.0,,,97.0,,,,,,,,,,,0.0,,0.0,,1.0,10868.5,,,,,,,,,,,,,,,,,,,,,,,,,,,,,,,,,,,,,,,,""
4290714361,"Nov 5, 2020, 5:16:49 PM",Evening Run,Run,"",2294,7.10,179.0,61,false,,,activities/4589688798.fit.gz,,,2294.0,2016.0,7101.60009765625,4.800000190734863,3.5226190090179443,129.36154174804688,195.0,894.5999755859375,949.5999755859375,39.900001525878906,0.0070406668819487095,,,121.0,85.05522155761719,,163.2936553955078,,,485.0,,,61.0,,,,,,,,,,,0.0,,0.0,,1.0,7476.2001953125,,,,,,,,,,,,,,,,,,,,,,,,,,,,,,,,,,,,,,,,""
4303754498,"Nov 7, 2020, 5:56:09 PM",Evening Run,Run,"",2400,8.66,181.0,82,false,,,activities/4600705377.fit.gz,,,2400.0,2400.0,8668.0,5.599999904632568,3.611666679382324,135.86322021484375,214.0,894.5999755859375,943.7999877929688,19.799999237060547,-0.03807106614112854,,,88.0,85.0562744140625,,167.0516815185547,,,591.0,,,82.0,,,,,,,,,,,0.0,,0.0,,1.0,9046.2001953125,,,,,,,,,,,,,,,,,,,,,,,,,,,,,,,,,,,,,,,,""
4307545878,"Nov 8, 2020, 10:22:26 AM",Lunch Ride,Ride,"",5802,34.09,202.0,142,false,,,activities/4604741424.fit.gz,,,5802.0,5563.0,34089.0,22.399999618530273,6.127808570861816,779.5442504882812,937.0,316.1000061035156,1042.5,29.600000381469727,0.0017600986175239086,,,,,,159.2919921875,,150.77569580078125,1211.0,,,142.0,,,,,,,,,,,0.0,,0.0,,1.0,,,,,,,,,,,,,,,,,,,,,,,,,,,,,,,,,,,,,,,,,""
4328466626,"Nov 12, 2020, 6:04:29 PM",Evening Run,Run,,2861,10.30,178.0,105,false,,,activities/4627026606.fit.gz,,,2861.0,2858.0,10301.0,4.900000095367432,3.604268789291382,148.6123809814453,232.0,894.5999755859375,944.2000122070312,19.600000381469727,-0.019415590912103653,,,88.0,84.86825561523438,,169.38787841796875,,,715.0,,,105.0,,,,,,,,,,,,,0.0,,1.0,10704.7001953125,,,,,,,,,,,,,,,,,,,,,,,,,,,,,,,,,,,,,,,,""
4337349098,"Nov 14, 2020, 3:52:22 PM",Afternoon Run,Run,,2422,8.66,190.0,98,false,,,activities/4636426390.fit.gz,,,2422.0,2401.0,8660.5,5.400000095367432,3.607038736343384,154.69654846191406,186.0,908.5,949.5,27.899999618530273,0.06119738891720772,,,88.0,85.0532455444336,,172.03036499023438,,,606.0,,,98.0,,,,,,,,,,,,,0.0,,1.0,9149.0,,,,,,,,,,,,,,,,,,,,,,,,,,,,,,,,,,,,,,,,""
4342661258,"Nov 15, 2020, 3:12:17 PM",Afternoon Walk,Hike,"",3475,4.88,166.0,17,false,,,activities/4642051150.fit.gz,,,3475.0,3426.0,4883.39990234375,2.9000000953674316,1.425394058227539,246.8318328857422,317.0,927.2999877929688,1112.0999755859375,28.799999237060547,-0.2047753632068634,,,124.0,58.35698699951172,,123.940673828125,,,457.0,,,17.0,,,,,,,,,,,0.0,,0.0,,1.0,,,,,,,,,,,,,,,,,,,,,,,,,,,,,,,,,,,,,,,,,""
4343121801,"Nov 15, 2020, 4:26:34 PM",Afternoon Run,Run,,2595,9.06,184.0,82,false,,,activities/4642537050.fit.gz,,,2595.0,2592.0,9059.900390625,4.800000190734863,3.4953317642211914,173.56832885742188,282.0,908.5,955.7999877929688,30.200000762939453,-0.01986776851117611,,,88.0,84.87897491455078,,165.64479064941406,,,624.0,,,82.0,,,,,,,,,,,,,0.0,,1.0,9613.900390625,,,,,,,,,,,,,,,,,,,,,,,,,,,,,,,,,,,,,,,,""
4357327316,"Nov 18, 2020, 6:29:03 PM",Evening Run,Run,,3093,11.02,180.0,99,false,,,activities/4657429780.fit.gz,,,3093.0,3087.0,11028.7001953125,5.099999904632568,3.572627067565918,162.45285034179688,283.0,894.5999755859375,943.9000244140625,35.20000076293945,-0.009067251347005367,,,87.0,84.84829711914062,,166.5880889892578,,,747.0,,,99.0,,,,,,,,,,,,,0.0,,1.0,11504.2998046875,,,,,,,,,,,,,,,,,,,,,,,,,,,,,,,,,,,,,,,,""
4370370902,"Nov 21, 2020, 3:40:33 PM",Afternoon Run,Run,,3583,12.63,188.0,120,false,,,activities/4671197736.fit.gz,,,3583.0,3536.0,12630.599609375,5.199999809265137,3.5720021724700928,217.2034454345703,360.0,894.5999755859375,959.2000122070312,40.599998474121094,-0.013459376059472561,,,89.0,85.66950225830078,,168.1523895263672,,,868.0,,,120.0,,,,,,,,,,,,,0.0,,1.0,13243.400390625,,,,,,,,,,,,,,,,,,,,,,,,,,,,,,,,,,,,,,,,""
4374636659,"Nov 22, 2020, 8:27:49 AM",Morning Walk,Walk,,11861,13.56,131.0,23,false,,,activities/4675696544.fit.gz,,,11861.0,10611.0,13561.2998046875,2.9000000953674316,1.2780416011810303,479.8590393066406,871.0,814.0999755859375,1018.7000122070312,48.0,-0.14084196090698242,,,121.0,53.675750732421875,,96.98464965820312,,,960.0,,,23.0,,,,,,,,,,,,,0.0,,1.0,,,,,,,,,,,,,,,,,,,,,,,,,,,,,,,,,,,,,,,,,""
4389983324,"Nov 25, 2020, 5:52:33 PM",Evening Run,Run,,2656,9.35,176.0,79,false,,,activities/4692145583.fit.gz,,,2656.0,2574.0,9353.400390625,5.099999904632568,3.6337995529174805,149.0879364013672,186.0,894.5999755859375,955.7999877929688,43.5,-0.005345649551600218,,,89.0,85.08804321289062,,165.65447998046875,,,626.0,,,79.0,,,,,,,,,,,,,0.0,,1.0,9802.599609375,,,,,,,,,,,,,,,,,,,,,,,,,,,,,,,,,,,,,,,,""
4403297199,"Nov 28, 2020, 4:06:52 PM",Afternoon Run,Run,,2790,9.74,179.0,85,false,,,activities/4706221925.fit.gz,,,2790.0,2654.0,9744.599609375,5.5,3.6716654300689697,159.00344848632812,239.0,894.5999755859375,956.0999755859375,30.799999237060547,-0.12930238246917725,,,90.0,86.10574340820312,,166.554931640625,,,653.0,,,85.0,,,,,,,,,,,,,0.0,,1.0,10159.7001953125,,,,,,,,,,,,,,,,,,,,,,,,,,,,,,,,,,,,,,,,""
4406631131,"Nov 29, 2020, 10:55:36 AM",Lunch Run,Run,,2209,7.73,176.0,74,false,,,activities/4709744859.fit.gz,,,2209.0,2160.0,7733.2998046875,5.300000190734863,3.5802314281463623,132.1365509033203,271.0,894.9000244140625,949.5999755859375,23.299999237060547,-0.03620705381035805,,,90.0,86.10780334472656,,168.68727111816406,,,543.0,,,74.0,,,,,,,,,,,,,0.0,,1.0,8037.60009765625,,,,,,,,,,,,,,,,,,,,,,,,,,,,,,,,,,,,,,,,""
4463411891,"Dec 12, 2020, 4:27:52 PM",Afternoon Run,Run,,2831,10.15,181.0,108,false,,,activities/4769612854.fit.gz,,,2831.0,2826.0,10157.400390625,5.099999904632568,3.5942676067352295,202.78778076171875,259.0,894.5999755859375,967.0999755859375,28.299999237060547,0.03150412440299988,,,89.0,85.38837432861328,,170.84454345703125,,,728.0,,,108.0,,,,,,,,,,,,,0.0,,1.0,10815.0,,,,,,,,,,,,,,,,,,,,,,,,,,,,,,,,,,,,,,,,""
4472286100,"Dec 14, 2020, 6:00:45 PM",Evening Run,Run,,3487,13.00,182.0,134,false,,,activities/4778975136.fit.gz,,,3487.0,3487.0,13007.099609375,5.099999904632568,3.7301692962646484,51.09333419799805,220.0,292.1000061035156,326.70001220703125,3.700000047683716,-0.004612865392118692,,,89.0,85.73313903808594,,171.11248779296875,,,887.0,,,134.0,,,,,,,,,,,,,0.0,,1.0,13040.099609375,,,,,,,,,,,,,,,,,,,,,,,,,,,,,,,,,,,,,,,,""
4487949778,"Dec 18, 2020, 5:27:50 PM",Evening Run,Run,,3151,10.57,181.0,98,false,,,activities/4795488378.fit.gz,,,3151.0,2910.0,10574.599609375,5.699999809265137,3.633883237838745,171.17892456054688,269.0,908.5,949.5,28.200000762939453,-0.08983791619539261,,,89.0,85.79413604736328,,166.99862670898438,,,731.0,,,98.0,,,,,,,,,,,,,0.0,,1.0,10984.7001953125,,,,,,,,,,,,,,,,,,,,,,,,,,,,,,,,,,,,,,,,""
4501184727,"Dec 21, 2020, 6:19:36 PM",Evening Run,Run,,3261,11.66,179.0,124,false,,,activities/4809483286.fit.gz,,,3261.0,3138.0,11667.099609375,4.900000095367432,3.7180051803588867,46.45964431762695,170.0,291.8999938964844,326.5,3.299999952316284,-0.004285555332899094,,,89.0,85.9808349609375,,171.64669799804688,,,801.0,,,124.0,,,,,,,,,,,,,0.0,,1.0,11702.599609375,,,,,,,,,,,,,,,,,,,,,,,,,,,,,,,,,,,,,,,,""
4513350334,"Dec 24, 2020, 5:09:21 PM",Evening Run,Run,,2721,9.67,177.0,93,false,,,activities/4822317097.fit.gz,,,2721.0,2719.0,9670.0,5.300000190734863,3.556454658508301,153.43881225585938,208.0,894.5999755859375,949.5999755859375,29.600000381469727,-0.0310237854719162,,,88.0,85.44632720947266,,168.47923278808594,,,699.0,,,93.0,,,,,,,,,,,,,0.0,,1.0,10019.599609375,,,,,,,,,,,,,,,,,,,,,,,,,,,,,,,,,,,,,,,,""
4540329824,"Dec 30, 2020, 4:55:58 PM",Afternoon Run,Run,,2499,8.56,191.0,80,false,,,activities/4850917857.fit.gz,,,2499.0,2420.0,8568.2001953125,3.799999952316284,3.540578603744507,0.0,,,,0.0,0.0,,,88.0,85.51597595214844,,165.60159301757812,,,603.0,,,80.0,,,,,,,,,,,,,0.0,,1.0,,,,,,,,,,,,,,,,,,,,,,,,,,,,,,,,,,,,,,,,,""
4562490505,"Jan 3, 2021, 6:02:09 PM",Evening Ride,Ride,,3988,38.02,170.0,102,false,,,activities/4874386250.fit.gz,,,3988.0,3988.0,38023.19921875,10.600000381469727,9.534402847290039,0.0,,,,0.0,0.0,,,,,,158.50050354003906,,,931.0,,,102.0,,,,,,,,,,,,,0.0,,1.0,,,,,,,,,,,,,,,,,,,,,,,,,,,,,,,,,,,,,,,,,""
4566639305,"Jan 4, 2021, 4:23:43 PM",Afternoon Run,Run,,3008,10.83,178.0,101,false,,,activities/4878776231.fit.gz,,,3008.0,2908.0,10834.099609375,7.900000095367432,3.725619077682495,180.4711151123047,299.0,894.5999755859375,956.0999755859375,22.299999237060547,-0.007384093012660742,,,89.0,86.1895751953125,,168.2926025390625,,,731.0,,,101.0,,,,,,,,,,,,,0.0,,1.0,11306.900390625,,,,,,,,,,,,,,,,,,,,,,,,,,,,,,,,,,,,,,,,""
4572317554,"Jan 5, 2021, 5:19:41 PM",Evening Run,Run,,2582,9.09,198.0,91,false,,,activities/4884724896.fit.gz,,,2582.0,2575.0,9090.2998046875,4.400000095367432,3.5302135944366455,171.99166870117188,213.0,894.5999755859375,957.4000244140625,26.700000762939453,-0.029701989144086838,,,89.0,85.56281280517578,,167.4850311279297,,,642.0,,,91.0,,,,,,,,,,,,,0.0,,1.0,9777.900390625,,,,,,,,,,,,,,,,,,,,,,,,,,,,,,,,,,,,,,,,""
4583369758,"Jan 7, 2021, 5:55:51 PM",Evening Run,Run,,3745,14.02,181.0,149,false,,,activities/4896299231.fit.gz,,,3745.0,3688.0,14020.400390625,4.800000190734863,3.8016269207000732,60.950355529785156,272.0,287.8999938964844,326.20001220703125,4.199999809265137,-0.004992724861949682,,,90.0,86.56182098388672,,171.4819793701172,,,931.0,,,149.0,,,,,,,,,,,,,0.0,,1.0,14075.5,,,,,,,,,,,,,,,,,,,,,,,,,,,,,,,,,,,,,,,,""
4593796317,"Jan 9, 2021, 5:06:28 PM",Evening Ride,Ride,,3077,30.00,174.0,94,false,,,activities/4907204287.fit.gz,,,3077.0,3077.0,30004.5,12.699999809265137,9.751218795776367,0.0,,,,0.0,0.0,,,,,,164.90672302246094,,,770.0,,,94.0,,,,,,,,,,,,,0.0,,1.0,,,,,,,,,,,,,,,,,,,,,,,,,,,,,,,,,,,,,,,,,""
4605008640,"Jan 11, 2021, 6:03:47 PM",Evening Run,Run,,2896,10.46,188.0,106,false,,,activities/4918990858.fit.gz,,,2896.0,2772.0,10468.7998046875,5.0,3.776623487472534,45.12349319458008,203.0,287.8999938964844,318.20001220703125,4.800000190734863,0.005731315817683935,,,91.0,86.40167236328125,,170.43844604492188,,,712.0,,,106.0,,,,,,,,,,,,,0.0,,1.0,10518.099609375,,,,,,,,,,,,,,,,,,,,,,,,,,,,,,,,,,,,,,,,""
4615780690,"Jan 13, 2021, 6:23:58 PM",Evening Ride,Ride,,3819,35.51,174.0,99,false,,,activities/4930224194.fit.gz,,,3819.0,3819.0,35515.69921875,11.300000190734863,9.299737930297852,0.0,,,,0.0,0.0,,,,,,160.2678680419922,,,888.0,,,99.0,,,,,,,,,,,,,0.0,,1.0,,,,,,,,,,,,,,,,,,,,,,,,,,,,,,,,,,,,,,,,,""
4620486392,"Jan 14, 2021, 5:28:36 PM",Evening Run,Run,,3584,12.48,189.0,120,false,,,activities/4935150233.fit.gz,,,3584.0,3457.0,12479.2998046875,5.199999809265137,3.6098639965057373,221.1572265625,300.0,894.5999755859375,949.5999755859375,34.5,0.008814596571028233,,,90.0,86.32715606689453,,167.88563537597656,,,877.0,,,120.0,,,,,,,,,,,,,0.0,,1.0,13137.7001953125,,,,,,,,,,,,,,,,,,,,,,,,,,,,,,,,,,,,,,,,""
4631304674,"Jan 16, 2021, 5:19:06 PM",Evening Run,Run,,2934,10.27,177.0,89,false,,,activities/4946415820.fit.gz,,,2934.0,2854.0,10278.400390625,5.699999809265137,3.6014015674591064,185.46810913085938,222.0,894.5999755859375,949.5999755859375,30.0,0.03697073459625244,,,91.0,86.68518829345703,,165.92343139648438,,,697.0,,,89.0,,,,,,,,,,,,,0.0,,1.0,10819.2001953125,,,,,,,,,,,,,,,,,,,,,,,,,,,,,,,,,,,,,,,,""
4637371726,"Jan 17, 2021, 3:59:14 PM",Afternoon Run,Run,,2372,8.31,190.0,82,false,,,activities/4952743823.fit.gz,,,2372.0,2305.0,8316.900390625,5.0,3.6081995964050293,153.39797973632812,237.0,908.5,949.5999755859375,39.29999923706055,0.0012023710878565907,,,90.0,86.49043273925781,,168.06695556640625,,,572.0,,,82.0,,,,,,,,,,,,,0.0,,1.0,8806.0,,,,,,,,,,,,,,,,,,,,,,,,,,,,,,,,,,,,,,,,""
4648367732,"Jan 19, 2021, 6:27:12 PM",Evening Ride,Ride,,4297,40.51,168.0,98,false,,,activities/4964197743.fit.gz,,,4297.0,4297.0,40511.1015625,12.199999809265137,9.427763938903809,0.0,,,,0.0,0.0,,,,,,154.0439910888672,,,932.0,,,98.0,,,,,,,,,,,,,0.0,,1.0,,,,,,,,,,,,,,,,,,,,,,,,,,,,,,,,,,,,,,,,,""
4653510304,"Jan 20, 2021, 6:39:40 PM",Evening Run,Run,,2399,8.54,183.0,92,false,,,activities/4969530337.fit.gz,,,2399.0,2359.0,8543.400390625,5.0,3.62161922454834,111.91047668457031,199.0,894.5999755859375,943.0999755859375,32.599998474121094,0.16152819991111755,,,89.0,86.41553497314453,,171.2066192626953,,,594.0,,,92.0,,,,,,,,,,,,,0.0,,1.0,8860.400390625,,,,,,,,,,,,,,,,,,,,,,,,,,,,,,,,,,,,,,,,""
4668985002,"Jan 23, 2021, 3:58:59 PM",Afternoon Run,Run,,2699,9.71,178.0,98,false,,,activities/4985638328.fit.gz,,,2699.0,2667.0,9710.0,6.199999809265137,3.6407949924468994,156.16285705566406,252.0,895.0,949.5999755859375,24.799999237060547,-0.035015448927879333,,,89.0,86.00869750976562,,170.34164428710938,,,661.0,,,98.0,,,,,,,,,,,,,0.0,,1.0,10103.2001953125,,,,,,,,,,,,,,,,,,,,,,,,,,,,,,,,,,,,,,,,""
4675357355,"Jan 24, 2021, 4:21:33 PM",Afternoon Run,Run,,2937,10.12,191.0,89,false,,,activities/4992280407.fit.gz,,,2937.0,2937.0,10126.2001953125,5.099999904632568,3.4478039741516113,183.3576202392578,318.0,894.5999755859375,959.2000122070312,30.700000762939453,-0.1807193160057068,,,88.0,84.9227066040039,,163.99488830566406,,,700.0,,,89.0,,,,,,,,,,,,,0.0,,1.0,10689.099609375,,,,,,,,,,,,,,,,,,,,,,,,,,,,,,,,,,,,,,,,""
4680442975,"Jan 25, 2021, 6:03:25 PM",Evening Run,Run,,2976,10.66,181.0,86,false,,,activities/4997600732.fit.gz,,,2976.0,2893.0,10663.2001953125,5.099999904632568,3.6858625411987305,48.900474548339844,201.0,272.29998779296875,309.8999938964844,13.199999809265137,-0.0009378048125654459,,,97.0,85.60694122314453,,164.16326904296875,,,697.0,,,86.0,,,,,,,,,,,,,0.0,,1.0,10706.599609375,,,,,,,,,,,,,,,,,,,,,,,,,,,,,,,,,,,,,,,,""
4691136491,"Jan 27, 2021, 5:57:02 PM",Evening Ride,Ride,,3169,26.29,172.0,66,false,,,activities/5008687411.fit.gz,,,3169.0,3169.0,26298.5,15.199999809265137,8.298674583435059,0.0,,,,0.0,0.0,,,,,,151.755126953125,,,663.0,,,66.0,,,,,,,,,,,,,0.0,,1.0,,,,,,,,,,,,,,,,,,,,,,,,,,,,,,,,,,,,,,,,,""
4696195460,"Jan 28, 2021, 5:22:07 PM",Evening Run,Run,,4041,14.32,187.0,145,false,,,activities/5013943333.fit.gz,,,4041.0,4033.0,14326.400390625,5.599999904632568,3.552293539047241,215.2133331298828,387.0,894.5999755859375,955.4000244140625,31.399999618530273,-0.029316507279872894,,,89.0,85.87763977050781,,169.5445556640625,,,1026.0,,,145.0,,,,,,,,,,,,,0.0,,1.0,14937.7998046875,,,,,,,,,,,,,,,,,,,,,,,,,,,,,,,,,,,,,,,,""
4706812701,"Jan 30, 2021, 5:33:59 PM",Evening Run,Run,,3114,6.61,197.0,66,false,,,activities/5024998732.fit.gz,,,3114.0,2524.0,6614.7001953125,6.199999809265137,2.6207211017608643,248.5286865234375,258.0,921.7999877929688,953.9000244140625,28.700000762939453,0.20560267567634583,,,124.0,76.20285034179688,,161.81956481933594,,,573.0,,,66.0,,,,,,,,,,,,,0.0,,1.0,8219.400390625,,,,,,,,,,,,,,,,,,,,,,,,,,,,,,,,,,,,,,,,""
4718397434,"Feb 1, 2021, 6:15:21 PM",Evening Run,Run,,4176,15.01,180.0,145,false,,,activities/5037090061.fit.gz,,,4176.0,4111.0,15017.599609375,4.699999809265137,3.6530284881591797,61.45273971557617,292.0,272.29998779296875,318.70001220703125,17.399999618530273,0.0,,,89.0,85.78956604003906,,169.24063110351562,,,1030.0,,,145.0,,,,,,,,,,,,,0.0,,1.0,15060.400390625,,,,,,,,,,,,,,,,,,,,,,,,,,,,,,,,,,,,,,,,""
4723795976,"Feb 2, 2021, 6:28:50 PM",Evening Ride,Ride,,3327,30.01,167.0,81,false,,,activities/5042687859.fit.gz,,,3327.0,3327.0,30012.19921875,11.300000190734863,9.02079963684082,0.0,,,,0.0,0.0,,,,,,156.38021850585938,,,784.0,,,81.0,,,,,,,,,,,,,0.0,,1.0,,,,,,,,,,,,,,,,,,,,,,,,,,,,,,,,,,,,,,,,,""
4752000563,"Feb 7, 2021, 5:34:49 PM",Evening Ride,Ride,,3270,27.02,171.0,80,false,,,activities/5071941429.fit.gz,,,3270.0,3270.0,27024.0,12.800000190734863,8.264220237731934,0.0,,,,0.0,0.0,,,,,,157.4614715576172,,,725.0,,,80.0,,,,,,,,,,,,,0.0,,1.0,,,,,,,,,,,,,,,,,,,,,,,,,,,,,,,,,,,,,,,,,""
4756579621,"Feb 8, 2021, 6:40:49 PM",Evening Run,Run,,2648,9.29,179.0,72,false,,,activities/5076703797.fit.gz,,,2648.0,2591.0,9293.0,4.900000095367432,3.58664608001709,164.94984436035156,208.0,894.5999755859375,956.0999755859375,24.299999237060547,-0.04842354357242584,,,89.0,85.27356719970703,,162.45211791992188,,,633.0,,,72.0,,,,,,,,,,,,,0.0,,1.0,9749.099609375,,,,,,,,,,,,,,,,,,,,,,,,,,,,,,,,,,,,,,,,""
4761401560,"Feb 9, 2021, 5:18:47 PM",Evening Walk,Walk,,4437,7.71,148.0,11,false,,,activities/5081690931.fit.gz,,,4437.0,4290.0,7718.7001953125,5.0,1.7992308139801025,167.5030975341797,425.0,894.5999755859375,998.0,41.5,0.0842110738158226,,,121.0,62.0093879699707,,107.84624481201172,,,499.0,,,11.0,,,,,,,,,,,,,0.0,,1.0,,,,,,,,,,,,,,,,,,,,,,,,,,,,,,,,,,,,,,,,,""
4766781462,"Feb 10, 2021, 5:45:08 PM",Evening Run,Run,,3902,12.21,190.0,90,false,,,activities/5087251516.fit.gz,,,3902.0,3730.0,12216.900390625,5.5,3.27530837059021,160.6001434326172,316.0,917.2999877929688,944.2000122070312,26.299999237060547,0.004911229480057955,,,96.0,84.74322509765625,,160.4394989013672,,,865.0,,,90.0,,,,,,,,,,,,,0.0,,1.0,12626.7001953125,,,,,,,,,,,,,,,,,,,,,,,,,,,,,,,,,,,,,,,,""
4776526307,"Feb 12, 2021, 5:32:23 PM",Evening Run,Run,,3149,10.42,181.0,87,false,,,activities/5097355368.fit.gz,,,3149.0,2970.0,10427.2998046875,6.400000095367432,3.5108754634857178,186.11619567871094,272.0,894.5999755859375,949.5999755859375,25.700000762939453,0.05850028246641159,,,98.0,85.40480041503906,,163.56690979003906,,,732.0,,,87.0,,,,,,,,,,,,,0.0,,1.0,10967.7001953125,,,,,,,,,,,,,,,,,,,,,,,,,,,,,,,,,,,,,,,,""
4788043043,"Feb 14, 2021, 4:55:34 PM",Afternoon Ride,Ride,,7024,60.00,170.0,206,false,,,activities/5109317767.fit.gz,,,7024.0,7024.0,60005.69921875,9.699999809265137,8.542952537536621,0.0,,,,0.0,0.0,,,,,,162.21981811523438,,,1624.0,,,206.0,,,,,,,,,,,,,0.0,,1.0,,,,,,,,,,,,,,,,,,,,,,,,,,,,,,,,,,,,,,,,,""
4792596723,"Feb 15, 2021, 6:06:10 PM",Evening Run,Run,,2946,10.48,179.0,102,false,,,activities/5114055575.fit.gz,,,2946.0,2876.0,10482.7998046875,4.800000190734863,3.644923448562622,39.993690490722656,138.0,299.3999938964844,325.8999938964844,3.4000000953674316,0.002861830871552229,,,90.0,85.64862060546875,,168.6063995361328,,,723.0,,,102.0,,,,,,,,,,,,,0.0,,1.0,10513.2998046875,,,,,,,,,,,,,,,,,,,,,,,,,,,,,,,,,,,,,,,,""
4803525869,"Feb 17, 2021, 6:31:57 PM",Evening Ride,Ride,,3459,33.15,171.0,95,false,,,activities/5125342553.fit.gz,,,3459.0,3459.0,33151.30078125,11.5,9.584070205688477,0.0,,,,0.0,0.0,,,,,,161.13818359375,,,856.0,,,95.0,,,,,,,,,,,,,0.0,,1.0,,,,,,,,,,,,,,,,,,,,,,,,,,,,,,,,,,,,,,,,,""
4808401180,"Feb 18, 2021, 5:23:53 PM",Evening Run,Run,,3958,13.75,178.0,115,false,,,activities/5130384668.fit.gz,,,3958.0,3859.0,13755.5,5.0,3.5645244121551514,210.51380920410156,333.0,894.5999755859375,955.7000122070312,32.29999923706055,-0.09232670813798904,,,91.0,85.5932388305664,,164.98597717285156,,,964.0,,,115.0,,,,,,,,,,,,,0.0,,1.0,14415.2001953125,,,,,,,,,,,,,,,,,,,,,,,,,,,,,,,,,,,,,,,,""
4813490200,"Feb 19, 2021, 6:16:48 PM",Evening Run,Run,,2385,8.50,177.0,72,false,,,activities/5135655085.fit.gz,,,2385.0,2385.0,8507.7998046875,6.0,3.567211627960205,145.28904724121094,234.0,894.5999755859375,954.9000244140625,34.20000076293945,-0.1492747813463211,,,89.0,85.96551513671875,,164.5272674560547,,,590.0,,,72.0,,,,,,,,,,,,,0.0,,1.0,8869.400390625,,,,,,,,,,,,,,,,,,,,,,,,,,,,,,,,,,,,,,,,""
4831691182,"Feb 22, 2021, 5:56:53 PM",Evening Run,Run,,4349,15.04,180.0,145,false,,,activities/5154620102.fit.gz,,,4349.0,4181.0,15048.2998046875,4.800000190734863,3.599210739135742,69.30555725097656,301.0,273.8999938964844,326.29998779296875,12.699999809265137,0.007309795822948217,,,88.0,85.71887969970703,,169.47410583496094,,,1054.0,,,145.0,,,,,,,,,,,,,0.0,,1.0,15106.2001953125,,,,,,,,,,,,,,,,,,,,,,,,,,,,,,,,,,,,,,,,""
4837535914,"Feb 23, 2021, 6:28:29 PM",Evening Ride,Ride,,3060,30.00,167.0,74,false,,,activities/5160682554.fit.gz,,,3060.0,3060.0,30005.599609375,11.300000190734863,9.80575180053711,0.0,,,,0.0,0.0,,,,,,157.104248046875,,,732.0,,,74.0,,,,,,,,,,,,,0.0,,1.0,,,,,,,,,,,,,,,,,,,,,,,,,,,,,,,,,,,,,,,,,""
4860776768,"Feb 27, 2021, 5:06:46 PM",Evening Run,Run,,3255,6.31,183.0,46,false,,,activities/5184937657.fit.gz,,,3255.0,2408.0,6312.5,6.5,2.6214702129364014,241.1752166748047,240.0,921.7999877929688,953.7999877929688,41.599998474121094,0.24871286749839783,,,117.0,76.03961944580078,,154.26515197753906,,,481.0,,,46.0,,,,,,,,,,,,,0.0,,1.0,7864.7998046875,,,,,,,,,,,,,,,,,,,,,,,,,,,,,,,,,,,,,,,,""
4867635795,"Feb 28, 2021, 5:01:51 PM",Evening Run,Run,,2773,10.00,189.0,101,false,,,activities/5192174744.fit.gz,,,2773.0,2736.0,10003.900390625,5.800000190734863,3.6563961505889893,162.221435546875,265.0,894.7999877929688,949.5999755859375,22.399999618530273,-0.020991813391447067,,,88.0,85.73379516601562,,169.7412109375,,,688.0,,,101.0,,,,,,,,,,,,,0.0,,1.0,10452.5,,,,,,,,,,,,,,,,,,,,,,,,,,,,,,,,,,,,,,,,""
4873317879,"Mar 1, 2021, 6:30:03 PM",Evening Ride,Ride,,3230,30.24,166.0,71,false,,,activities/5198998273.fit.gz,,,3230.0,3230.0,30239.900390625,12.800000190734863,9.362197875976562,0.0,,,,0.0,0.0,,,,,,154.10711669921875,,,701.0,,,71.0,,,,,,,,,,,,,0.0,,1.0,,,,,,,,,,,,,,,,,,,,,,,,,,,,,,,,,,,,,,,,,""
4890669240,"Mar 4, 2021, 6:08:38 PM",Evening Run,Run,,3847,7.68,184.0,49,false,,,activities/5217087805.fit.gz,,,3847.0,3003.0,7682.10009765625,5.599999904632568,2.5581419467926025,256.1096496582031,319.0,894.5999755859375,953.7999877929688,34.599998474121094,0.11194855719804764,,,114.0,76.6998062133789,,150.80809020996094,,,606.0,,,49.0,,,,,,,,,,,,,0.0,,1.0,9173.2001953125,,,,,,,,,,,,,,,,,,,,,,,,,,,,,,,,,,,,,,,,""
4895959435,"Mar 5, 2021, 6:31:59 PM",Evening Ride,Ride,,3620,37.02,170.0,111,false,,,activities/5222639388.fit.gz,,,3620.0,3620.0,37022.19921875,12.399999618530273,10.227127075195312,0.0,,,,0.0,0.0,,,,,,164.87210083007812,,,892.0,,,111.0,,,,,,,,,,,,,0.0,,1.0,,,,,,,,,,,,,,,,,,,,,,,,,,,,,,,,,,,,,,,,,""
4902135122,"Mar 6, 2021, 6:10:18 PM",Evening Ride,Ride,,2703,25.57,170.0,75,false,,,activities/5229156767.fit.gz,,,2703.0,2703.0,25575.5,10.399999618530273,9.461894035339355,0.0,,,,0.0,0.0,,,,,,161.806884765625,,,656.0,,,75.0,,,,,,,,,,,,,0.0,,1.0,,,,,,,,,,,,,,,,,,,,,,,,,,,,,,,,,,,,,,,,,""
4909245064,"Mar 7, 2021, 6:51:04 PM",Evening Ride,Ride,,3163,30.00,173.0,97,false,,,activities/5236689692.fit.gz,,,3163.0,3163.0,30003.80078125,11.800000190734863,9.485867500305176,0.0,,,,0.0,0.0,,,,,,164.77236938476562,,,775.0,,,97.0,,,,,,,,,,,,,0.0,,1.0,,,,,,,,,,,,,,,,,,,,,,,,,,,,,,,,,,,,,,,,,""
4925356708,"Mar 10, 2021, 6:18:28 PM",Evening Ride,Ride,,3162,30.02,173.0,93,false,,,activities/5253704526.fit.gz,,,3162.0,3162.0,30019.099609375,12.199999809265137,9.493706703186035,0.0,,,,0.0,0.0,,,,,,163.66098022460938,,,768.0,,,93.0,,,,,,,,,,,,,0.0,,1.0,,,,,,,,,,,,,,,,,,,,,,,,,,,,,,,,,,,,,,,,,""
4930293276,"Mar 11, 2021, 5:48:07 PM",Evening Run,Run,,2854,10.10,180.0,102,false,,,activities/5258918788.fit.gz,,,2854.0,2818.0,10106.400390625,5.699999809265137,3.5863733291625977,163.9471435546875,294.0,894.5999755859375,949.5999755859375,22.200000762939453,-0.001978944055736065,,,89.0,85.84489440917969,,169.1081085205078,,,711.0,,,102.0,,,,,,,,,,,,,0.0,,1.0,10552.7001953125,,,,,,,,,,,,,,,,,,,,,,,,,,,,,,,,,,,,,,,,""
4939616671,"Mar 13, 2021, 1:41:04 PM",Afternoon Run,Run,,2561,9.00,184.0,105,false,,,activities/5268762777.fit.gz,,,2561.0,2561.0,9006.0,5.0,3.5165951251983643,162.32000732421875,190.0,894.5999755859375,955.9000244140625,20.899999618530273,-0.032200753688812256,,,102.0,85.7403335571289,,172.0433349609375,,,658.0,,,105.0,,,,,,,,,,,,,0.0,,1.0,9412.400390625,,,,,,,,,,,,,,,,,,,,,,,,,,,,,,,,,,,,,,,,""
4952541179,"Mar 15, 2021, 6:25:05 PM",Evening Ride,Ride,,3416,30.06,173.0,98,false,,,activities/5282402143.fit.gz,,,3416.0,3416.0,30065.0,10.600000381469727,8.801229476928711,0.0,,,,0.0,0.0,,,,,,163.16920471191406,,,777.0,,,98.0,,,,,,,,,,,,,0.0,,1.0,,,,,,,,,,,,,,,,,,,,,,,,,,,,,,,,,,,,,,,,,""
4957624136,"Mar 16, 2021, 5:23:41 PM",Evening Run,Run,,3078,11.11,180.0,119,false,,,activities/5287720985.fit.gz,,,3078.0,3077.0,11109.0,5.199999809265137,3.610334634780884,172.58071899414062,294.0,894.5999755859375,955.7000122070312,30.600000381469727,-0.028805473819375038,,,89.0,86.0936050415039,,170.48287963867188,,,775.0,,,119.0,,,,,,,,,,,,,0.0,,1.0,11637.900390625,,,,,,,,,,,,,,,,,,,,,,,,,,,,,,,,,,,,,,,,""
4968947601,"Mar 18, 2021, 5:48:45 PM",Evening Run,Run,,3088,10.34,190.0,74,false,,,activities/5299538428.fit.gz,,,3088.0,2853.0,10347.2001953125,4.900000095367432,3.6267788410186768,130.20237731933594,283.0,894.5999755859375,938.0999755859375,13.5,0.0724833756685257,,,92.0,86.3412857055664,,159.5774383544922,,,652.0,,,74.0,,,,,,,,,,,,,0.0,,1.0,10594.2998046875,,,,,,,,,,,,,,,,,,,,,,,,,,,,,,,,,,,,,,,,""
4986869369,"Mar 21, 2021, 5:20:25 PM",Evening Run,Run,,3024,10.38,193.0,92,false,,,activities/5318282434.fit.gz,,,3024.0,2984.0,10382.2001953125,4.900000095367432,3.4792895317077637,168.5316619873047,329.0,894.5999755859375,949.5,22.899999618530273,-0.03563791885972023,,,89.0,85.61750030517578,,163.99932861328125,,,715.0,,,92.0,,,,,,,,,,,,,0.0,,1.0,10801.900390625,,,,,,,,,,,,,,,,,,,,,,,,,,,,,,,,,,,,,,,,""
4992105114,"Mar 22, 2021, 6:04:38 PM",Evening Run,Run,,2505,8.00,186.0,66,false,,,activities/5323783086.fit.gz,,,2505.0,2261.0,8006.2001953125,4.699999809265137,3.5409996509552,105.13226318359375,191.0,894.5999755859375,943.7999877929688,39.5,0.09242837131023407,,,92.0,86.0930404663086,,162.74667358398438,,,549.0,,,66.0,,,,,,,,,,,,,0.0,,1.0,8269.900390625,,,,,,,,,,,,,,,,,,,,,,,,,,,,,,,,,,,,,,,,""
5009857221,"Mar 25, 2021, 6:08:52 PM",Evening Ride,Ride,,3714,35.06,171.0,104,false,,,activities/5342371422.fit.gz,,,3714.0,3714.0,35061.0,12.899999618530273,9.440226554870605,0.0,,,,0.0,0.0,,,,,,161.96365356445312,,,891.0,,,104.0,,,,,,,,,,,,,0.0,,1.0,,,,,,,,,,,,,,,,,,,,,,,,,,,,,,,,,,,,,,,,,""
5017090873,"Mar 27, 2021, 7:31:55 AM",Morning Run,Run,,3614,11.44,180.0,119,false,,,activities/5349980022.fit.gz,,,3614.0,3480.0,11445.900390625,4.800000190734863,3.2890517711639404,212.76380920410156,329.0,894.5999755859375,949.5999755859375,28.100000381469727,0.048052139580249786,,,108.0,84.95051574707031,,168.1927490234375,,,867.0,,,119.0,,,,,,,,,,,,,0.0,,1.0,12117.099609375,,,,,,,,,,,,,,,,,,,,,,,,,,,,,,,,,,,,,,,,""
5038905505,"Mar 30, 2021, 4:22:32 PM",Evening Ride,Ride,,4693,24.60,175.0,75,false,,,activities/5372885489.fit.gz,,,4693.0,3575.0,24603.400390625,14.5,6.882070064544678,617.162841796875,794.0,326.20001220703125,940.0999755859375,30.399999618530273,0.002032239455729723,,,,,,154.94992065429688,,136.17710876464844,1006.0,,,75.0,,,,,,,,,,,,,0.0,,1.0,,,,,,,,,,,,,,,,,,,,,,,,,,,,,,,,,,,,,,,,,""
5050991036,"Apr 1, 2021, 4:19:29 PM",Evening Ride,Ride,,5149,25.17,177.0,73,false,,,activities/5385540753.fit.gz,,,5149.0,4696.0,25169.400390625,14.399999618530273,5.359753131866455,672.9862060546875,796.0,425.79998779296875,1007.2999877929688,19.700000762939453,0.0007946157129481435,,,,,,142.43099975585938,,129.02577209472656,819.0,,,73.0,,,,,,,,,,,,,0.0,,1.0,,,,,,,,,,,,,,,,,,,,,,,,,,,,,,,,,,,,,,,,,""
5057232504,"Apr 2, 2021, 5:20:41 PM",Evening Run,Run,,2876,10.00,182.0,104,false,,,activities/5392084664.fit.gz,,,2876.0,2811.0,10006.099609375,5.199999809265137,3.5596230030059814,173.67845153808594,248.0,894.7999877929688,956.0999755859375,25.799999237060547,0.029981711879372597,,,106.0,84.96651458740234,,170.5290069580078,,,698.0,,,104.0,,,,,,,,,,,,,0.0,,1.0,10473.5,,,,,,,,,,,,,,,,,,,,,,,,,,,,,,,,,,,,,,,,""
5060452966,"Apr 3, 2021, 9:11:04 AM",Lunch Ride,Ride,,7452,38.75,169.0,135,false,,,activities/5395478634.fit.gz,,,7452.0,7155.0,38750.5,14.800000190734863,5.415863037109375,1031.80712890625,1180.0,325.8999938964844,944.0999755859375,25.799999237060547,0.00025806119083426893,,,,,,150.21315002441406,,135.67776489257812,1365.0,,,135.0,,,,,,,,,,,,,0.0,,1.0,,,,,,,,,,,,,,,,,,,,,,,,,,,,,,,,,,,,,,,,,""
5086077761,"Apr 7, 2021, 4:20:58 PM",Evening Run,Run,,4187,13.23,181.0,110,false,,,activities/5422322210.fit.gz,,,4187.0,3638.0,13229.5,4.900000095367432,3.6364760398864746,179.58262634277344,330.0,894.5999755859375,943.7999877929688,49.099998474121094,0.06349446624517441,,,103.0,85.89878845214844,,164.07339477539062,,,841.0,,,110.0,,,,,,,,,,,,,0.0,,1.0,13721.7998046875,,,,,,,,,,,,,,,,,,,,,,,,,,,,,,,,,,,,,,,,""
5091995114,"Apr 8, 2021, 4:39:14 PM",Evening Ride,Ride,,4207,23.75,171.0,77,false,,,activities/5428482578.fit.gz,,,4207.0,4064.0,23749.80078125,14.199999809265137,5.843946933746338,636.082275390625,761.0,314.79998779296875,944.2999877929688,14.100000381469727,-0.0016842246986925602,,,,,,150.67666625976562,,143.937255859375,837.0,,,77.0,,,,,,,,,,,,,0.0,,1.0,,,,,,,,,,,,,,,,,,,,,,,,,,,,,,,,,,,,,,,,,""
5097470246,"Apr 9, 2021, 4:28:06 PM",Evening Run,Run,,3324,9.53,178.0,87,false,,,activities/5434209017.fit.gz,,,3324.0,3198.0,9532.7998046875,5.099999904632568,2.980863094329834,356.5183410644531,469.0,814.0999755859375,1082.800048828125,38.5,-0.027274252846837044,,,103.0,81.9348373413086,,161.9114227294922,,,751.0,,,87.0,,,,,,,,,,,,,0.0,,1.0,11042.2001953125,,,,,,,,,,,,,,,,,,,,,,,,,,,,,,,,,,,,,,,,""
5108909976,"Apr 11, 2021, 1:39:42 PM",Afternoon Run,Run,,2482,8.51,182.0,77,false,,,activities/5446195762.fit.gz,,,2482.0,2482.0,8512.7998046875,5.0,3.429814577102661,163.9905548095703,264.0,908.5,955.5999755859375,23.799999237060547,-0.0505121685564518,,,88.0,85.1257553100586,,165.63079833984375,,,610.0,,,77.0,,,,,,,,,,,,,0.0,,1.0,9028.2001953125,,,,,,,,,,,,,,,,,,,,,,,,,,,,,,,,,,,,,,,,""
5121338808,"Apr 13, 2021, 5:21:14 PM",Evening Run,Run,,3748,13.12,195.0,126,false,,,activities/5459227561.fit.gz,,,3748.0,3702.0,13128.099609375,5.300000190734863,3.546218156814575,207.8141632080078,288.0,894.5999755859375,949.5999755859375,22.600000381469727,-0.022851744666695595,,,89.0,85.21888732910156,,167.0459442138672,,,907.0,,,126.0,,,,,,,,,,,,,0.0,,1.0,13669.900390625,,,,,,,,,,,,,,,,,,,,,,,,,,,,,,,,,,,,,,,,""
5132809294,"Apr 15, 2021, 5:31:46 PM",Evening Run,Run,,3169,11.30,182.0,124,false,,,activities/5471166362.fit.gz,,,3169.0,3121.0,11307.0,5.800000190734863,3.622877359390259,161.55047607421875,264.0,894.5999755859375,946.2999877929688,25.600000381469727,0.04775802418589592,,,90.0,85.89188385009766,,171.31568908691406,,,781.0,,,124.0,,,,,,,,,,,,,0.0,,1.0,11771.7998046875,,,,,,,,,,,,,,,,,,,,,,,,,,,,,,,,,,,,,,,,""
5143965980,"Apr 17, 2021, 11:59:02 AM",Afternoon Ride,Ride,,19887,100.01,173.0,226,false,,,activities/5482766141.fit.gz,,,19887.0,16364.0,100012.5,14.199999809265137,6.111739158630371,1807.838134765625,2464.0,236.8000030517578,984.7999877929688,38.599998474121094,-0.0012998374877497554,,,,,,144.40994262695312,,123.86799621582031,2657.0,,,226.0,,,,,,,,,,,,,0.0,,1.0,,,,,,,,,,,,,,,,,,,,,,,,,,,,,,,,,,,,,,,,,""
5156123286,"Apr 19, 2021, 5:03:00 PM",Evening Run,Run,,4201,16.02,190.0,156,false,,,activities/5495512320.fit.gz,,,4201.0,4201.0,16025.099609375,5.099999904632568,3.814591646194458,72.54261779785156,285.0,274.3999938964844,309.8999938964844,4.5,-0.005616189446300268,,,90.0,86.45649719238281,,170.1364288330078,,,1043.0,,,156.0,,,,,,,,,,,,,0.0,,1.0,16071.7001953125,,,,,,,,,,,,,,,,,,,,,,,,,,,,,,,,,,,,,,,,""
5168236880,"Apr 21, 2021, 5:13:59 PM",Evening Run,Run,,3865,13.00,182.0,121,false,,,activities/5508050628.fit.gz,,,3865.0,3762.0,13008.400390625,5.300000190734863,3.457841634750366,233.53314208984375,361.0,894.7999877929688,956.0999755859375,43.29999923706055,-0.061498723924160004,,,89.0,84.89917755126953,,165.60675048828125,,,926.0,,,121.0,,,,,,,,,,,,,0.0,,1.0,13684.599609375,,,,,,,,,,,,,,,,,,,,,,,,,,,,,,,,,,,,,,,,""
5179203440,"Apr 23, 2021, 4:36:52 PM",Evening Ride,Ride,,5527,34.37,176.0,109,false,,,activities/5519420779.fit.gz,,,5527.0,5402.0,34373.6015625,15.300000190734863,6.363124847412109,918.8994140625,1053.0,425.79998779296875,1007.2999877929688,43.70000076293945,-0.0014546046731993556,,,,,,151.177490234375,,156.90597534179688,1072.0,,,109.0,,,,,,,,,,,,,0.0,,1.0,,,,,,,,,,,,,,,,,,,,,,,,,,,,,,,,,,,,,,,,,""
5183116905,"Apr 24, 2021, 6:57:39 AM",Morning Ride,Ride,,19924,121.90,176.0,264,false,,,activities/5523492333.fit.gz,,,19924.0,18500.0,121903.703125,16.100000381469727,6.589389324188232,1683.07861328125,2050.0,186.39999389648438,944.0999755859375,27.299999237060547,-0.0026250227820128202,,,,,,145.71792602539062,,133.04107666015625,2713.0,,,264.0,,,,,,,,,,,,,0.0,,1.0,,,,,,,,,,,,,,,,,,,,,,,,,,,,,,,,,,,,,,,,,""
5197179809,"Apr 26, 2021, 5:00:34 PM",Evening Run,Run,,3331,12.66,187.0,116,false,,,activities/5538151899.fit.gz,,,3331.0,3308.0,12663.900390625,5.0,3.8282647132873535,48.164642333984375,307.0,296.3999938964844,316.3999938964844,3.299999952316284,0.0,,,91.0,86.14605712890625,,168.5568389892578,,,827.0,,,116.0,,,,,,,,,,,,,0.0,,1.0,12691.7998046875,,,,,,,,,,,,,,,,,,,,,,,,,,,,,,,,,,,,,,,,""
5202920863,"Apr 27, 2021, 4:36:31 PM",Evening Run,Run,,3559,12.28,186.0,102,false,,,activities/5544099747.fit.gz,,,3559.0,3423.0,12286.0,5.199999809265137,3.5892491340637207,211.0365447998047,340.0,894.5999755859375,966.5,25.600000381469727,-0.21080905199050903,,,89.0,85.43717193603516,,163.39117431640625,,,832.0,,,102.0,,,,,,,,,,,,,0.0,,1.0,12891.400390625,,,,,,,,,,,,,,,,,,,,,,,,,,,,,,,,,,,,,,,,""
5219230403,"Apr 30, 2021, 4:41:05 PM",Evening Run,Run,,3122,11.14,206.0,91,false,,,activities/5561572671.fit.gz,,,3122.0,2807.0,11147.900390625,5.199999809265137,3.971464157104492,48.42618942260742,219.0,300.1000061035156,305.0,3.5,0.0,,,93.0,87.48359680175781,,165.66488647460938,,,693.0,,,91.0,,,,,,,,,,,,,0.0,,1.0,11173.7998046875,,,,,,,,,,,,,,,,,,,,,,,,,,,,,,,,,,,,,,,,""
5222376555,"May 1, 2021, 7:05:53 AM",Morning Ride,Ride,,12621,66.16,169.0,165,false,,,activities/5564844558.fit.gz,,,12621.0,10014.0,66160.0,14.300000190734863,6.60675048828125,1384.913330078125,1661.0,316.1000061035156,1238.5,34.79999923706055,-0.0010580411180853844,,,,,,146.93959045410156,,151.734375,1901.0,,,165.0,,,,,,,,,,,,,0.0,,1.0,,,,,,,,,,,,,,,,,,,,,,,,,,,,,,,,,,,,,,,,,""
5228956459,"May 2, 2021, 8:36:21 AM",Morning Ride,Ride,,8656,45.44,173.0,142,false,,,activities/5571697348.fit.gz,,,8656.0,7630.0,45442.19921875,14.699999809265137,5.955727577209473,1230.6280517578125,1438.0,296.1000061035156,944.2999877929688,20.600000381469727,-0.0028607770800590515,,,,,,150.32948303222656,,153.10118103027344,1587.0,,,142.0,,,,,,,,,,,,,0.0,,1.0,,,,,,,,,,,,,,,,,,,,,,,,,,,,,,,,,,,,,,,,,""
5242051047,"May 4, 2021, 4:16:41 PM",Giro serale,Ride,,7166,54.88,,,false,,,activities/5242051047.gpx,,,7166.0,6994.0,54882.69921875,18.399999618530273,7.847111701965332,794.6861572265625,793.6861572265625,263.5,944.2999877929688,16.700000762939453,0.0018220677739009261,,,,,,,,153.76243591308594,1199.0870361328125,,,,,,,,,,,,,,0.0,,0.0,,1.0,,,,,,,,,,,,,,,,,,,,,,,,,,,,,,,,,,,,,,,,,""
5261026343,"May 8, 2021, 7:54:42 AM",Giro mattutino,Ride,,11738,66.03,,,false,,,activities/5261026343.gpx,,,11738.0,10677.0,66036.703125,18.700000762939453,6.184948921203613,1513.466064453125,1515.8660888671875,316.1000061035156,1042.5,38.79999923706055,-0.0036343426909297705,,,,,,,,146.55502319335938,1744.7161865234375,,,,,,,,,,,,,,0.0,,0.0,,1.0,,,,,,,,,,,,,,,,,,,,,,,,,,,,,,,,,,,,,,,,,""
5267325394,"May 9, 2021, 5:57:32 AM",Giro mattutino,Ride,,20234,126.18,,,false,,,activities/5267325394.gpx,,,20234.0,18271.0,126182.0,22.200000762939453,6.906135559082031,2182.49267578125,2181.99267578125,206.3000030517578,1241.5999755859375,40.5,0.0003962530172429979,,,,,,,,139.61399841308594,2844.239501953125,,,,,,,,,,,,,,0.0,,0.0,,1.0,,,,,,,,,,,,,,,,,,,,,,,,,,,,,,,,,,,,,,,,,""
5285403446,"May 12, 2021, 4:41:49 PM",Evening Run,Run,,2812,9.72,177.0,76,false,,,activities/5630667124.fit.gz,,,2812.0,2612.0,9719.900390625,6.0,3.721248149871826,131.8699951171875,212.0,917.0,956.0999755859375,25.200000762939453,0.010288171470165253,,,120.0,86.32559967041016,,164.4815216064453,,,637.0,,,76.0,,,,,,,,,,,,,0.0,,1.0,10100.400390625,,,,,,,,,,,,,,,,,,,,,,,,,,,,,,,,,,,,,,,,""
5299647434,"May 15, 2021, 9:10:05 AM",Lunch Run,Run,,3156,12.00,192.0,134,false,,,activities/5645590813.fit.gz,,,3156.0,3156.0,12006.599609375,5.199999809265137,3.804372549057007,208.633056640625,279.0,894.7999877929688,956.0999755859375,28.5,-0.014991754665970802,,,90.0,86.7041244506836,,173.02537536621094,,,824.0,,,134.0,,,,,,,,,,,,,0.0,,1.0,12622.900390625,,,,,,,,,,,,,,,,,,,,,,,,,,,,,,,,,,,,,,,,""
5305948182,"May 16, 2021, 7:53:44 AM",Morning Ride,Ride,,10555,60.54,178.0,192,false,,,activities/5652178597.fit.gz,,,10555.0,9840.0,60548.3984375,14.600000381469727,6.153292655944824,1520.35498046875,1817.0,291.5,1007.2999877929688,26.299999237060547,-0.00016515713650733232,,,,,,151.94146728515625,,154.67352294921875,1868.0,,,192.0,,,,,,,,,,,,,0.0,,1.0,,,,,,,,,,,,,,,,,,,,,,,,,,,,,,,,,,,,,,,,,""
5319221463,"May 18, 2021, 4:20:20 PM",Evening Ride,Ride,,8043,53.77,174.0,159,false,,,activities/5665967663.fit.gz,,,8043.0,7901.0,53773.80078125,14.899999618530273,6.805948734283447,1176.41845703125,1368.0,326.20001220703125,1049.4000244140625,19.600000381469727,-0.0022315699607133865,,,,,,151.03353881835938,,163.43101501464844,1528.0,,,159.0,,,,,,,,,,,,,0.0,,1.0,,,,,,,,,,,,,,,,,,,,,,,,,,,,,,,,,,,,,,,,,""
5330149645,"May 20, 2021, 5:20:29 PM",Evening Run,Run,,2887,11.38,184.0,119,false,,,activities/5677289528.fit.gz,,,2887.0,2845.0,11380.900390625,5.0,4.000316143035889,45.80535888671875,174.0,300.1000061035156,325.8999938964844,4.300000190734863,0.0,,,92.0,87.2231674194336,,172.29757690429688,,,721.0,,,119.0,,,,,,,,,,,,,0.0,,1.0,11412.900390625,,,,,,,,,,,,,,,,,,,,,,,,,,,,,,,,,,,,,,,,""
5335056000,"May 21, 2021, 5:11:10 PM",Evening Ride,Ride,,3392,19.00,72.0,4,false,,,activities/5682400554.fit.gz,,,3392.0,3333.0,19001.30078125,15.399999618530273,5.700960159301758,628.1318359375,766.0,510.29998779296875,1082.800048828125,23.399999618530273,-0.0036839584354311228,,,,,,72.0,,166.55685424804688,964.0,,,4.0,,,,,,,,,,,,,0.0,,1.0,,,,,,,,,,,,,,,,,,,,,,,,,,,,,,,,,,,,,,,,,""
5344267816,"May 23, 2021, 6:03:53 AM",Morning Ride,Ride,,21029,94.56,179.0,203,false,,,activities/5692043047.fit.gz,,,21029.0,14915.0,94563.1015625,15.800000190734863,6.340134143829346,1966.839111328125,2428.0,251.39999389648438,984.7999877929688,42.099998474121094,-0.0017977413954213262,,,,,,140.61929321289062,,137.2643585205078,2574.0,,,203.0,,,,,,,,,,,,,0.0,,1.0,,,,,,,,,,,,,,,,,,,,,,,,,,,,,,,,,,,,,,,,,""
5356902209,"May 25, 2021, 4:56:22 PM",Evening Run,Run,,4704,18.21,185.0,186,false,,,activities/5705214902.fit.gz,,,4704.0,4674.0,18213.099609375,5.0,3.896683692932129,81.91999816894531,367.0,274.3999938964844,326.20001220703125,7.099999904632568,-0.006588664371520281,,,89.0,86.88998413085938,,171.83689880371094,,,1204.0,,,186.0,,,,,,,,,,,,,0.0,,1.0,18276.0,,,,,,,,,,,,,,,,,,,,,,,,,,,,,,,,,,,,,,,,""
5362581829,"May 26, 2021, 4:38:26 PM",Evening Ride,Ride,,5332,33.04,173.0,78,false,,,activities/5711123463.fit.gz,,,5332.0,5194.0,33048.8984375,15.399999618530273,6.362899303436279,781.3031005859375,915.0,316.1000061035156,1042.5,31.5,-0.0024206554517149925,,,,,,146.07852172851562,,155.73529052734375,1012.0,,,78.0,,,,,,,,,,,,,0.0,,1.0,,,,,,,,,,,,,,,,,,,,,,,,,,,,,,,,,,,,,,,,,""
5373100659,"May 28, 2021, 5:10:25 PM",Evening Run,Run,,2960,11.01,186.0,119,false,,,activities/5722055840.fit.gz,,,2960.0,2875.0,11010.400390625,5.400000095367432,3.8297042846679688,191.8800048828125,325.0,894.5999755859375,955.2999877929688,34.29999923706055,0.000908232235815376,,,89.0,86.03033447265625,,172.57858276367188,,,744.0,,,119.0,,,,,,,,,,,,,0.0,,1.0,11560.5,,,,,,,,,,,,,,,,,,,,,,,,,,,,,,,,,,,,,,,,""
5376214196,"May 29, 2021, 8:02:25 AM",Morning Ride,Ride,,10071,60.50,174.0,189,false,,,activities/5725310194.fit.gz,,,10071.0,9605.0,60504.3984375,15.300000190734863,6.29926061630249,1476.88818359375,1784.0,382.6000061035156,1238.699951171875,28.700000762939453,-0.001487495144829154,,,,,,152.3550262451172,,152.17845153808594,1827.0,,,189.0,,,,,,,,,,,,,0.0,,1.0,,,,,,,,,,,,,,,,,,,,,,,,,,,,,,,,,,,,,,,,,""
5382499861,"May 30, 2021, 6:34:07 AM",Morning Ride,Ride,,15678,79.99,172.0,119,false,,,activities/5731865152.fit.gz,,,15678.0,12226.0,79997.796875,15.199999809265137,6.543251991271973,1531.628173828125,2039.0,291.70001220703125,965.0999755859375,47.900001525878906,0.036375999450683594,,,,,,132.24154663085938,,128.38894653320312,1932.0,,,119.0,,,,,,,,,,,,,0.0,,1.0,,,,,,,,,,,,,,,,,,,,,,,,,,,,,,,,,,,,,,,,,""
5396082040,"Jun 1, 2021, 4:45:42 PM",Evening Run,Run,,2745,10.30,190.0,89,false,,,activities/5746040965.fit.gz,,,2745.0,2745.0,10306.2998046875,5.099999904632568,3.7545719146728516,171.8057098388672,269.0,895.0,949.5999755859375,25.399999618530273,-0.11255251616239548,,,90.0,85.73831939697266,,165.71136474609375,,,671.0,,,89.0,,,,,,,,,,,,,0.0,,1.0,10757.2998046875,,,,,,,,,,,,,,,,,,,,,,,,,,,,,,,,,,,,,,,,""
5399475540,"Jun 2, 2021, 4:59:52 AM",Morning Ride,Ride,,18532,111.19,170.0,297,false,,,activities/5749571406.fit.gz,,,18532.0,17059.0,111198.5,15.600000381469727,6.518465518951416,2376.455322265625,3077.0,326.20001220703125,1958.5999755859375,46.79999923706055,-0.0003597170871216804,,,,,,148.45953369140625,,158.78475952148438,3021.0,,,297.0,,,,,,,,,,,,,0.0,,1.0,,,,,,,,,,,,,,,,,,,,,,,,,,,,,,,,,,,,,,,,,""
5413619928,"Jun 4, 2021, 5:22:02 PM",Evening Run,Run,,2603,10.06,181.0,88,false,,,activities/5764352507.fit.gz,,,2603.0,2603.0,10066.599609375,5.199999809265137,3.86730694770813,156.52809143066406,261.0,894.5999755859375,964.9000244140625,22.899999618530273,-0.33477044105529785,,,91.0,86.83781433105469,,166.88047790527344,,,648.0,,,88.0,,,,,,,,,,,,,0.0,,1.0,10417.7998046875,,,,,,,,,,,,,,,,,,,,,,,,,,,,,,,,,,,,,,,,""
5416953034,"Jun 5, 2021, 8:03:53 AM",Morning Ride,Ride,,14610,96.44,173.0,186,false,,,activities/5767847668.fit.gz,,,14610.0,12528.0,96441.1015625,16.100000381469727,7.698044300079346,1512.411376953125,1876.0,326.20001220703125,1128.300048828125,26.100000381469727,0.0,,,,,,145.60816955566406,,166.22665405273438,2222.0,,,186.0,,,,,,,,,,,,,0.0,,1.0,,,,,,,,,,,,,,,,,,,,,,,,,,,,,,,,,,,,,,,,,""
5423718531,"Jun 6, 2021, 8:51:32 AM",Morning Ride,Ride,,7503,50.44,166.0,114,false,,,activities/5774934870.fit.gz,,,7503.0,7503.0,50439.1015625,15.300000190734863,6.722524166107178,1230.7469482421875,1419.0,326.20001220703125,1049.4000244140625,47.70000076293945,0.004361695609986782,,,,,,145.42005920410156,,165.891845703125,1364.0,,,114.0,,,,,,,,,,,,,0.0,,1.0,,,,,,,,,,,,,,,,,,,,,,,,,,,,,,,,,,,,,,,,,""
5436459964,"Jun 8, 2021, 5:36:58 PM",Evening Run,Run,,3056,11.74,178.0,90,false,,,activities/5788221838.fit.gz,,,3056.0,3052.0,11741.2998046875,5.099999904632568,3.847083806991577,169.05332946777344,306.0,894.5999755859375,943.7999877929688,21.0,0.02129236049950123,,,91.0,85.71395874023438,,164.1261444091797,,,748.0,,,90.0,,,,,,,,,,,,,0.0,,1.0,12192.2001953125,,,,,,,,,,,,,,,,,,,,,,,,,,,,,,,,,,,,,,,,""
5442012187,"Jun 9, 2021, 4:24:09 PM",Evening Ride,Ride,,5466,33.22,,,false,,,activities/5794023870.fit.gz,,,5466.0,5295.0,33223.69921875,14.199999809265137,6.274541854858398,798.4275512695312,918.0,316.1000061035156,1042.5,42.400001525878906,0.0015049497596919537,,,,,,,,156.0939483642578,1513.0,,,,,,,,,,,,,,,,0.0,,1.0,,,,,,,,,,,,,,,,,,,,,,,,,,,,,,,,,,,,,,,,,""
5470000035,"Jun 14, 2021, 5:14:26 PM",Evening Run,Run,,3130,12.07,184.0,119,false,,,activities/5823205225.fit.gz,,,3130.0,3081.0,12072.0,5.400000095367432,3.918208360671997,52.29249954223633,268.0,287.8999938964844,325.8999938964844,4.099999904632568,-0.004970178939402103,,,92.0,86.1871337890625,,170.10096740722656,,,793.0,,,119.0,,,,,,,,,,,,,0.0,,1.0,12113.400390625,,,,,,,,,,,,,,,,,,,,,,,,,,,,,,,,,,,,,,,,""
5475410877,"Jun 15, 2021, 4:38:07 PM",Evening Ride,Ride,,6027,41.20,176.0,125,false,,,activities/5828808457.fit.gz,,,6027.0,6027.0,41204.80078125,15.800000190734863,6.836701393127441,1023.5626831054688,1131.0,317.70001220703125,944.0999755859375,31.799999237060547,0.0007280705031007528,,,,,,152.83277893066406,,177.87164306640625,1265.0,,,125.0,,,,,,,,,,,,,0.0,,1.0,,,,,,,,,,,,,,,,,,,,,,,,,,,,,,,,,,,,,,,,,""
5481065431,"Jun 16, 2021, 5:20:11 PM",Evening Run,Run,,2724,10.37,180.0,76,false,,,activities/5834688385.fit.gz,,,2724.0,2724.0,10369.2001953125,4.800000190734863,3.806607961654663,163.75222778320312,253.0,894.5999755859375,955.9000244140625,24.100000381469727,-0.028931835666298866,,,89.0,86.06607818603516,,162.31204223632812,,,686.0,,,76.0,,,,,,,,,,,,,0.0,,1.0,10878.5,,,,,,,,,,,,,,,,,,,,,,,,,,,,,,,,,,,,,,,,""
5491420254,"Jun 18, 2021, 4:52:12 PM",Cronoscalata Nembro-Selvino,Ride,"",4245,21.55,,,false,,,activities/5845489627.fit.gz,,,4245.0,3228.0,21557.599609375,16.5,6.678314685821533,589.0375366210938,681.0,324.3999938964844,944.2999877929688,46.70000076293945,-0.16235573589801788,,,,,,,,169.4709930419922,979.0,,,,,,,,,,,,,,0.0,,0.0,,1.0,,,,,,,,,,,,,,,,,,,,,,,,,,,,,,,,,,,,,,,,,""
5496898823,"Jun 19, 2021, 3:36:32 PM",Afternoon Ride,Ride,,7745,52.05,174.0,126,false,,,activities/5851198775.fit.gz,,,7745.0,7677.0,52052.3984375,15.600000381469727,6.780304908752441,1205.653564453125,1352.0,316.1000061035156,1042.4000244140625,18.700000762939453,-0.0007684563752263784,,,,,,146.806640625,,165.9176483154297,1456.0,,,126.0,,,,,,,,,,,,,0.0,,1.0,,,,,,,,,,,,,,,,,,,,,,,,,,,,,,,,,,,,,,,,,""
5506980091,"Jun 21, 2021, 5:07:34 PM",Evening Run,Run,,2793,10.54,181.0,79,false,,,activities/5861744493.fit.gz,,,2793.0,2793.0,10540.599609375,5.0,3.773934841156006,175.75106811523438,282.0,894.7999877929688,949.5999755859375,26.700000762939453,-0.02751266583800316,,,89.0,85.99140930175781,,162.48370361328125,,,693.0,,,79.0,,,,,,,,,,,,,0.0,,1.0,10989.0,,,,,,,,,,,,,,,,,,,,,,,,,,,,,,,,,,,,,,,,""
5512286192,"Jun 22, 2021, 5:09:47 PM",Evening Run,Run,,3219,12.01,183.0,118,false,,,activities/5867255790.fit.gz,,,3219.0,3067.0,12014.7001953125,4.900000095367432,3.9174110889434814,56.23143005371094,236.0,274.3999938964844,309.8999938964844,5.400000095367432,-0.0033292549196630716,,,93.0,87.91133117675781,,170.249267578125,,,774.0,,,118.0,,,,,,,,,,,,,0.0,,1.0,12050.2001953125,,,,,,,,,,,,,,,,,,,,,,,,,,,,,,,,,,,,,,,,""
5528048122,"Jun 25, 2021, 4:55:01 PM",Cronoscalata Algua-Selvino,Ride,"",4406,24.26,,,false,,,activities/5883670665.fit.gz,,,4406.0,3291.0,24262.900390625,14.699999809265137,7.372500896453857,516.9011840820312,605.0,425.79998779296875,944.2999877929688,16.399999618530273,-0.051106832921504974,,,,,,,,169.04103088378906,1052.0,,,,,,,,,,,,,,0.0,,0.0,,1.0,,,,,,,,,,,,,,,,,,,,,,,,,,,,,,,,,,,,,,,,,""
5539498235,"Jun 27, 2021, 3:10:55 PM",Afternoon Ride,Ride,,10104,60.08,180.0,195,false,,,activities/5895607198.fit.gz,,,10104.0,9849.0,60088.30078125,15.100000381469727,6.100954532623291,1523.8912353515625,1707.0,291.70001220703125,1007.2999877929688,47.20000076293945,-0.0016642174450680614,,,,,,150.91860961914062,,155.21522521972656,1953.0,,,195.0,,,,,,,,,,,,,0.0,,1.0,,,,,,,,,,,,,,,,,,,,,,,,,,,,,,,,,,,,,,,,,""
5543868436,"Jun 28, 2021, 4:54:56 PM",Evening Run,Run,,2982,11.08,186.0,118,false,,,activities/5900189079.fit.gz,,,2982.0,2850.0,11083.7998046875,4.800000190734863,3.889052629470825,51.8313102722168,237.0,287.20001220703125,326.5,5.599999904632568,-0.001804435276426375,,,89.0,87.2978515625,,172.18115234375,,,748.0,,,118.0,,,,,,,,,,,,,0.0,,1.0,11134.599609375,,,,,,,,,,,,,,,,,,,,,,,,,,,,,,,,,,,,,,,,""
5549036297,"Jun 29, 2021, 4:44:07 PM",Evening Run,Run,,3518,11.78,178.0,74,false,,,activities/5905553941.fit.gz,,,3518.0,3481.0,11787.0,5.0,3.3860960006713867,238.13333129882812,314.0,895.0,967.2000122070312,48.20000076293945,0.07041656225919724,,,93.0,85.37615203857422,,155.12998962402344,,,814.0,,,74.0,,,,,,,,,,,,,0.0,,1.0,12584.599609375,,,,,,,,,,,,,,,,,,,,,,,,,,,,,,,,,,,,,,,,""
5559617236,"Jul 1, 2021, 4:27:52 PM",Evening Ride,Ride,,7896,53.43,173.0,116,false,,,activities/5916559853.fit.gz,,,7896.0,7811.0,53430.19921875,15.300000190734863,6.840378761291504,1214.63671875,1390.0,326.20001220703125,1049.4000244140625,24.299999237060547,-0.0018716007471084595,,,,,,142.79745483398438,,167.7989959716797,1349.0,,,116.0,,,,,,,,,,,,,0.0,,1.0,,,,,,,,,,,,,,,,,,,,,,,,,,,,,,,,,,,,,,,,,""
5564477298,"Jul 2, 2021, 4:59:42 PM",Evening Ride,Ride,,3528,23.83,,,false,,,activities/5921622863.fit.gz,,,3528.0,3513.0,23834.400390625,15.699999809265137,6.784628391265869,629.4783325195312,708.0,314.79998779296875,943.5,43.70000076293945,-0.05118652060627937,,,,,,,,165.6589813232422,1064.0,,,,,,,,,,,,,,,,0.0,,1.0,,,,,,,,,,,,,,,,,,,,,,,,,,,,,,,,,,,,,,,,,""
5569200569,"Jul 3, 2021, 3:35:13 PM",Afternoon Run,Run,,2119,8.01,179.0,59,false,,,activities/5926548659.fit.gz,,,2119.0,2119.0,8012.60009765625,4.900000095367432,3.7813119888305664,167.163330078125,217.0,894.5999755859375,956.0,26.600000381469727,-0.023712651804089546,,,91.0,86.87677001953125,,162.05902099609375,,,526.0,,,59.0,,,,,,,,,,,,,0.0,,1.0,8498.400390625,,,,,,,,,,,,,,,,,,,,,,,,,,,3.7813119888305664,,,,,,,,,,,,,""
5580290720,"Jul 5, 2021, 5:37:39 PM",Evening Run,Run,,2599,10.06,191.0,109,false,,,activities/5938168973.fit.gz,,,2599.0,2599.0,10062.2001953125,5.300000190734863,3.8715660572052,164.16952514648438,256.0,894.5999755859375,949.5999755859375,28.700000762939453,-0.028820734471082687,,,89.0,87.06928253173828,,172.52386474609375,,,675.0,,,109.0,,,,,,,,,,,,,0.0,,1.0,10494.7001953125,,,,,,,,,,,,,,,,,,,,,,,,,,,3.8715660572052,,,,,,,,,,,,,""
5585499712,"Jul 6, 2021, 4:27:43 PM",Evening Ride,Ride,,6094,35.47,179.0,80,false,,,activities/5943595345.fit.gz,,,6094.0,5952.0,35476.69921875,14.600000381469727,5.9604668617248535,956.2164306640625,1119.0,414.20001220703125,1007.2999877929688,33.70000076293945,-0.010993130505084991,,,,,,138.3131866455078,,147.8441619873047,1012.0,,,80.0,,,,,,,,,,,,,0.0,,1.0,,,,,,,,,,,,,,,,,,,,,,,,,,,,,,,,,,,,,,,,,""
5590647685,"Jul 7, 2021, 4:33:44 PM",Evening Ride,Ride,,3950,27.97,174.0,57,false,,,activities/5948966159.fit.gz,,,3950.0,3842.0,27973.19921875,15.5,7.280895233154297,591.8082275390625,677.0,352.79998779296875,941.0999755859375,18.100000381469727,0.0010724550811573863,,,,,,137.72201538085938,,165.3914794921875,706.0,,,57.0,,,,,,,,,,,,,0.0,,1.0,,,,,,,,,,,,,,,,,,,,,,,,,,,,,,,,,,,,,,,,,""
5601466040,"Jul 9, 2021, 4:49:10 PM",Cronoscalata Gazzaniga-Ganda,Ride,"",6169,34.20,,,false,,,activities/5960234702.fit.gz,,,6169.0,5188.0,34204.5,15.300000190734863,6.593003273010254,802.1507568359375,860.0,316.1000061035156,1042.5,49.5,0.03976085036993027,,,,,,,,158.8082275390625,1443.0,,,,,,,,,,,,,,0.0,,0.0,,1.0,,,,,,,,,,,,,,,,,,,,,,,,,,,,5.544577598571777,,,,,,,,,,,,,""
5617084755,"Jul 12, 2021, 5:02:58 PM",Evening Ride,Ride,,6874,45.22,185.0,103,false,,,activities/5976557919.fit.gz,,,6874.0,6854.0,45223.1015625,19.200000762939453,6.59805965423584,988.2767944335938,1085.0,317.70001220703125,1082.800048828125,21.700000762939453,0.00044225185411050916,,,,,,144.2594451904297,,165.04100036621094,1216.0,,,103.0,,,,,,,,,,,,,0.0,,1.0,,,,,,,,,,,,,,,,,,,,,,,,,,,,6.578862190246582,,,,,,,,,,,,,""
5622120432,"Jul 13, 2021, 5:05:38 PM",Evening Swim,Swim,,1295,550,152.0,11,false,,,activities/5981806224.fit.gz,,,1295.0,879.0,550.0,1.7000000476837158,0.6257110238075256,0.0,,,,0.0,0.0,,,,32.0,,129.70712280273438,,,111.0,,,11.0,,,,,,,,,,,,,0.0,,1.0,,,,,,,,,,,,,,,,,,,,,,,,,,,,0.4247104227542877,,,,,,,,,,,,,""
5622121460,"Jul 13, 2021, 5:27:49 PM",Evening Swim,Swim,,2793,"1,100",167.0,29,false,,,activities/5981807327.fit.gz,,,2793.0,2045.0,1100.0,3.0999999046325684,0.5378972887992859,0.0,,,,0.0,0.0,,,,30.0,,120.10411834716797,,,220.0,,,29.0,,,,,,,,,,,,,0.0,,1.0,,,,,,,,,,,,,,,,,,,,,,,,,,,,0.3938417434692383,,,,,,,,,,,,,""
5627582706,"Jul 14, 2021, 5:23:59 PM",Evening Run,Run,,2941,11.41,197.0,121,false,,,activities/5987489758.fit.gz,,,2941.0,2844.0,11411.900390625,5.300000190734863,4.012622833251953,46.78916549682617,255.0,296.3999938964844,309.79998779296875,4.800000190734863,-0.0017525565344840288,,,91.0,86.5417709350586,,172.02464294433594,,,728.0,,,121.0,,,,,,,,,,,,,0.0,,1.0,11427.0,,,,,,,,,,,,,,,,,,,,,,,,,,,3.8802788257598877,,,,,,,,,,,,,""
5633038679,"Jul 15, 2021, 4:39:36 PM",Evening Ride,Ride,,8599,56.82,182.0,118,false,,,activities/5993160764.fit.gz,,,8599.0,8167.0,56827.69921875,19.100000381469727,6.958209991455078,1241.9739990234375,1254.0,299.8999938964844,1042.300048828125,38.29999923706055,0.0010558231733739376,,,,,,143.51446533203125,,174.74136352539062,1472.0,,,118.0,,,,,,,,,,,,,0.0,,1.0,,,,,,,,,,,,,,,,,,,,,,,,,,,,6.608640670776367,,,,,,,,,,,,,""
5653598416,"Jul 19, 2021, 4:58:12 PM",Evening Run,Run,,3965,14.00,186.0,174,false,,,activities/6014656436.fit.gz,,,3965.0,3761.0,14008.7998046875,4.599999904632568,3.7247540950775146,65.6322250366211,296.0,274.3999938964844,326.0,14.399999618530273,0.0,,,89.0,86.04806518554688,,175.330322265625,,,984.0,,,174.0,,,,,,,,,,,,,0.0,,1.0,14066.2001953125,,,,,,,,,,,,,,,,,,,,,,,,,,,3.5331146717071533,,,,,,,,,,,,,""
5659323590,"Jul 20, 2021, 4:55:46 PM",Evening Ride,Ride,,6156,40.92,182.0,139,false,,,activities/6020594855.fit.gz,,,6156.0,6156.0,40923.8984375,15.699999809265137,6.6478071212768555,1020.9345092773438,1223.0,326.20001220703125,1007.2999877929688,38.599998474121094,-0.0019548479467630386,,,,,,154.6027069091797,,165.06521606445312,1271.0,,,139.0,,,,,,,,,,,,,0.0,,1.0,,,,,,,,,,,,,,,,,,,,,,,,,,,,6.6478071212768555,,,,,,,,,,,,,""
5664764060,"Jul 21, 2021, 4:34:13 PM",Evening Ride,Ride,,6235,34.63,178.0,81,false,,,activities/6026262345.fit.gz,,,6235.0,6119.0,34630.3984375,15.699999809265137,5.659486770629883,967.08837890625,1067.0,325.8999938964844,1082.800048828125,20.299999237060547,-0.0028876361902803183,,,,,,138.55874633789062,,146.42654418945312,1076.0,,,81.0,,,,,,,,,,,,,0.0,,1.0,,,,,,,,,,,,,,,,,,,,,,,,,,,,5.55419397354126,,,,,,,,,,,,,""
5675380796,"Jul 23, 2021, 4:55:45 PM",Cronoscalata Rigosa-Salmezza,Ride,"",5151,19.92,,,false,,,activities/6037331141.fit.gz,,,5151.0,3509.0,19922.69921875,13.0,5.677600383758545,594.823486328125,657.0,560.5,1082.800048828125,32.70000076293945,-0.0035135799553245306,,,,,,,,151.49172973632812,963.0,,,,,,,,,,,,,,0.0,,0.0,,1.0,,,,,,,,,,,,,,,,,,,,,,,,,,,,3.867734432220459,,,,,,,,,,,,,""
5691185245,"Jul 26, 2021, 5:07:38 PM",Evening Run,Run,,3576,12.02,183.0,93,false,,,activities/6053868870.fit.gz,,,3576.0,3300.0,12019.900390625,4.900000095367432,3.6423938274383545,245.2101593017578,364.0,893.5,1002.2999877929688,30.799999237060547,-0.033278148621320724,,,89.0,85.76822662353516,,162.07400512695312,,,810.0,,,93.0,,,,,,,,,,,,,0.0,,1.0,12731.7998046875,,,,,,,,,,,,,,,,,,,,,,,,,,,3.361269474029541,,,,,,,,,,,,,""
5712345206,"Jul 30, 2021, 5:30:15 PM",Evening Run,Run,,2615,10.06,186.0,113,false,,,activities/6076095698.fit.gz,,,2615.0,2610.0,10064.2001953125,5.300000190734863,3.85601544380188,164.49082946777344,247.0,894.5999755859375,949.5999755859375,26.600000381469727,-0.11625365167856216,,,90.0,87.01953887939453,,171.68008422851562,,,669.0,,,113.0,,,,,,,,,,,,,0.0,,1.0,10502.0,,,,,,,,,,,,,,,,,,,,,,,,,,,3.848642349243164,,,,,,,,,,,,,""
5727895943,"Aug 2, 2021, 5:13:25 PM",Evening Ride,Ride,,4575,30.67,,,false,,,activities/6092530807.fit.gz,,,4575.0,4575.0,30676.400390625,15.399999618530273,6.70522403717041,703.975830078125,821.0,296.20001220703125,944.2999877929688,44.70000076293945,-0.01303933933377266,,,,,,,,157.0050506591797,1343.0,,,,,,,,,,,,,,,,0.0,,1.0,,,,,,,,,,,,,,,,,,,,,,,,,,,,6.70522403717041,,,,,,,,,,,,,""
5733383786,"Aug 3, 2021, 4:28:43 PM",Evening Ride,Ride,,5895,37.26,181.0,108,false,,,activities/6098258353.fit.gz,,,5895.0,5622.0,37268.69921875,15.399999618530273,6.629082202911377,852.9371948242188,977.0,316.1000061035156,1042.5,49.099998474121094,-0.001073286752216518,,,,,,147.62335205078125,,160.16517639160156,1040.0,,,108.0,,,,,,,,,,,,,0.0,,1.0,,,,,,,,,,,,,,,,,,,,,,,,,,,,6.322086334228516,,,,,,,,,,,,,""
5744728476,"Aug 5, 2021, 5:39:18 PM",Evening Ride,Ride,,4433,30.03,,,false,,,activities/6110083913.fit.gz,,,4433.0,4099.0,30029.19921875,15.899999618530273,7.325982093811035,617.6688232421875,788.0,326.3999938964844,944.0999755859375,15.899999618530273,-0.0016650459729135036,,,,,,,,167.8756103515625,1332.0,,,,,,,,,,,,,,,,0.0,,1.0,,,,,,,,,,,,,,,,,,,,,,,,,,,,6.774013042449951,,,,,,,,,,,,,""
5747766693,"Aug 6, 2021, 7:24:48 AM","""Smart working""",Walk,,16505,9.45,158.0,29,false,,,activities/6113272795.fit.gz,,,16505.0,8334.0,9450.2998046875,2.200000047683716,1.1339452266693115,492.4578552246094,546.0,1234.4000244140625,1629.0999755859375,49.0,-0.3999873101711273,,,80.0,52.99526596069336,,115.15550231933594,,,867.0,,,29.0,,,,,,,,,,,0.0,,0.0,,1.0,,,,,,,,,,,,,,,,,,,,,,,,,,,,0.5725719332695007,,,,,,,,,,,,,""
5749424802,"Aug 6, 2021, 4:59:50 PM",Cronoscalata Algua-Costa Serina-Aviatico,Ride,,5210,27.67,,,false,,,activities/6115001817.fit.gz,,,5210.0,4055.0,27669.900390625,14.600000381469727,6.823649883270264,678.6564331054688,832.0,425.70001220703125,1007.2999877929688,18.600000381469727,-0.03035789728164673,,,,,,,,164.64907836914062,1305.0,,,,,,,,,,,,,,0.0,,0.0,,1.0,,,,,,,,,,,,,,,,,,,,,,,,,,,,5.3109211921691895,,,,,,,,,,,,,""
5765572610,"Aug 9, 2021, 4:32:05 PM",Evening Ride,Ride,,4520,30.26,,,false,,,activities/6131947653.fit.gz,,,4520.0,4503.0,30261.80078125,15.600000381469727,6.720364093780518,767.9658203125,928.0,425.79998779296875,1007.2999877929688,47.20000076293945,-0.03139271214604378,,,,,,,,166.62425231933594,1401.0,,,,,,,,,,,,,,,,0.0,,1.0,,,,,,,,,,,,,,,,,,,,,,,,,,,,6.6950883865356445,,,,,,,,,,,,,""
5814716087,"Aug 18, 2021, 6:25:33 PM",We Run Selvino,Run,,3763,7.81,187.0,54,false,,,activities/6183362290.fit.gz,,,3763.0,2659.0,7818.7998046875,4.199999809265137,2.9405038356781006,223.71559143066406,276.0,900.7999877929688,1002.4000244140625,42.79999923706055,-0.07162224501371384,,,99.0,82.25047302246094,,155.0519256591797,,,567.0,,,54.0,,,,,,,,,,,0.0,,0.0,,1.0,8696.7998046875,,,,,,,,,,,,,,,,,,,,,,,,,,,2.077810287475586,,,,,,,,,,,,,""
5820055182,"Aug 19, 2021, 4:15:42 PM",Evening Ride,Ride,,5537,33.14,178.0,97,false,,,activities/6188944257.fit.gz,,,5537.0,5324.0,33139.8984375,15.300000190734863,6.224624156951904,773.8062133789062,913.0,316.1000061035156,1046.9000244140625,32.5,-0.03198561072349548,,,,,,147.81842041015625,,150.4263153076172,1020.0,,,97.0,,,,,,,,,,,,,0.0,,1.0,,,,,,,,,,,,,,,,,,,,,,,,,,,,5.985172271728516,,,,,,,,,,,,,""
5841110271,"Aug 23, 2021, 4:29:29 PM",Evening Run,Run,,3125,10.10,176.0,59,false,,,activities/6211037293.fit.gz,,,3125.0,2950.0,10105.900390625,4.800000190734863,3.4257287979125977,215.88880920410156,316.0,898.9000244140625,1007.5,34.900001525878906,-0.07421407103538513,,,97.0,85.12216186523438,,153.0573272705078,,,667.0,,,59.0,,,,,,,,,,,,,0.0,,1.0,10807.2001953125,,,,,,,,,,,,,,,,,,,,,,,,,,,3.2338879108428955,,,,,,,,,,,,,""
5846475963,"Aug 24, 2021, 4:43:11 PM",Evening Run,Run,,4207,16.54,191.0,196,false,,,activities/6216627007.fit.gz,,,4207.0,4204.0,16548.400390625,4.800000190734863,3.9363462924957275,76.05999755859375,338.0,274.29998779296875,326.0,5.0,0.0012085760245099664,,,89.0,86.83218383789062,,174.75357055664062,,,1088.0,,,196.0,,,,,,,,,,,,,0.0,,1.0,16606.099609375,,,,,,,,,,,,,,,,,,,,,,,,,,,3.933539390563965,,,,,,,,,,,,,""
5857707281,"Aug 26, 2021, 4:47:45 PM",Evening Ride,Ride,,4946,30.23,180.0,85,false,,,activities/6228323059.fit.gz,,,4946.0,4751.0,30231.69921875,14.199999809265137,6.363228797912598,707.9019775390625,776.0,296.3999938964844,949.2000122070312,41.29999923706055,-0.04465511441230774,,,,,,143.83270263671875,,151.77658081054688,924.0,,,85.0,,,,,,,,,,,,,0.0,,1.0,,,,,,,,,,,,,,,,,,,,,,,,,,,,6.112353324890137,,,,,,,,,,,,,""
5862708756,"Aug 27, 2021, 4:59:50 PM",Cronoscalata Algua-Selvino,Ride,,5396,23.87,,,false,,,activities/6233548547.fit.gz,,,5396.0,3383.0,23877.80078125,14.5,7.058173179626465,528.6958618164062,641.0,426.8999938964844,949.2000122070312,17.200000762939453,-0.015076765790581703,,,,,,,,160.7278594970703,1079.0,,,,,,,,,,,,,,0.0,,0.0,,1.0,,,,,,,,,,,,,,,,,,,,,,,,,,,,4.425092697143555,,,,,,,,,,,,,""
5878290201,"Aug 30, 2021, 5:06:16 PM",Evening Run,Run,,2893,10.50,187.0,128,false,,,activities/6249946710.fit.gz,,,2893.0,2747.0,10501.099609375,4.699999809265137,3.822751998901367,52.06674575805664,235.0,274.29998779296875,309.29998779296875,5.5,0.0009522811742499471,,,89.0,86.0337142944336,,174.27110290527344,,,714.0,,,128.0,,,,,,,,,,,,,0.0,,1.0,10532.400390625,,,,,,,,,,,,,,,,,,,,,,,,,,,3.6298305988311768,,,,,,,,,,,,,""
5883740164,"Aug 31, 2021, 5:22:09 PM",Evening Run,Run,,2789,10.56,184.0,99,false,,,activities/6255621780.fit.gz,,,2789.0,2789.0,10562.7998046875,5.0,3.7873072624206543,163.77667236328125,262.0,894.7999877929688,957.2000122070312,13.199999809265137,-0.08047108352184296,,,89.0,86.12638854980469,,167.74183654785156,,,701.0,,,99.0,,,,,,,,,,,,,0.0,,1.0,10954.7001953125,,,,,,,,,,,,,,,,,,,,,,,,,,,3.7873072624206543,,,,,,,,,,,,,""
5889249469,"Sep 1, 2021, 4:26:56 PM",Evening Ride,Ride,,5677,35.09,175.0,111,false,,,activities/6261353452.fit.gz,,,5677.0,5677.0,35091.5,15.100000381469727,6.1813459396362305,975.4182739257812,1075.0,326.20001220703125,1090.199951171875,17.0,-0.0039895703084766865,,,,,,151.38636779785156,,163.8306884765625,1120.0,,,111.0,,,,,,,,,,,,,0.0,,1.0,,,,,,,,,,,,,,,,,,,,,,,,,,,,6.1813459396362305,,,,,,,,,,,,,""
5900156904,"Sep 3, 2021, 5:21:34 PM",Evening Run,Run,,3001,11.72,186.0,112,false,,,activities/6272750959.fit.gz,,,3001.0,3001.0,11727.0,6.0,3.9076974391937256,143.10667419433594,269.0,898.9000244140625,949.0999755859375,26.899999618530273,-0.09891702979803085,,,91.0,86.25642395019531,,169.11965942382812,,,738.0,,,112.0,,,,,,,,,,,,,0.0,,1.0,12011.5,1630688384.0,2.0,17.219999313354492,17.219999313354492,11.8100004196167,0.699999988079071,1016.9000244140625,0.9100000262260437,0.9900000095367432,90.0,0.016599999740719795,1630644352.0,1630691840.0,0.8899999856948853,,,0.019999999552965164,5.0,0.6800000071525574,16093.0,0.0,312.20001220703125,,,,0.0,3.9076974391937256,,,,,,,,,,,,,""
5903107702,"Sep 4, 2021, 7:58:04 AM",Morning Ride,Ride,,11143,68.71,173.0,211,false,,,activities/6275835820.fit.gz,,,11143.0,10562.0,68713.5,16.5,6.505728244781494,1444.475830078125,1607.0,299.70001220703125,949.2000122070312,43.099998474121094,-0.0001455318124499172,,,,,,152.79400634765625,,147.5319366455078,2043.0,,,211.0,,,,,,,,,,,,,0.0,,1.0,,1630738816.0,2.0,18.489999771118164,18.489999771118164,14.9399995803833,0.800000011920929,1016.7000122070312,0.9800000190734863,1.0399999618530273,88.0,0.01850000023841858,1630730880.0,1630778112.0,0.9200000166893005,,,0.029999999329447746,5.0,0.5400000214576721,16093.0,1.0,303.20001220703125,,,,0.0,6.16651725769043,,,,,,,,,,,,,""
5916666997,"Sep 6, 2021, 4:20:27 PM",Evening Ride,Ride,,5949,34.64,176.0,89,false,,,activities/6290041319.fit.gz,,,5949.0,5861.0,34643.19921875,15.100000381469727,5.910799980163574,956.31494140625,1148.0,426.79998779296875,949.0,20.700000762939453,-0.0057731387205421925,,,,,,143.10748291015625,,153.3031463623047,1042.0,,,89.0,,,,,,,,,,,,,0.0,,1.0,,1630944000.0,1.0,24.829999923706055,24.829999923706055,12.59000015258789,0.46000000834465027,1021.7999877929688,0.9599999785423279,1.2799999713897705,201.0,0.02160000056028366,1630903808.0,1630950656.0,0.9900000095367432,,,0.019999999552965164,5.0,0.25,16093.0,1.0,305.8999938964844,,,,0.0,5.823365211486816,,,,,,,,,,,,,""
5922575758,"Sep 7, 2021, 5:04:43 PM",Evening Run,Run,,4680,18.02,182.0,199,false,,,activities/6296206190.fit.gz,,,4680.0,4678.0,18027.0,5.099999904632568,3.853569984436035,79.43250274658203,439.0,271.1000061035156,322.29998779296875,4.199999809265137,-0.0027736173942685127,,,88.0,85.58352661132812,,173.65090942382812,,,1185.0,,,199.0,,,,,,,,,,,,,0.0,,1.0,18082.19921875,1631033984.0,2.0,23.649999618530273,23.649999618530273,13.229999542236328,0.5199999809265137,1020.2000122070312,1.4299999475479126,1.4299999475479126,67.0,0.0,1630990208.0,1631037056.0,0.029999999329447746,,,0.0,,0.5699999928474426,16093.0,0.0,302.5,,,,0.0,3.8519229888916016,,,,,,,,,,,,,""
5933420730,"Sep 9, 2021, 5:19:31 PM",Evening Run,Run,,3269,12.79,186.0,145,false,,,activities/6307523888.fit.gz,,,3269.0,3240.0,12794.0,5.699999809265137,3.948765516281128,49.79666519165039,286.0,296.0,325.79998779296875,2.9000000953674316,-0.001563232741318643,,,90.0,85.55679321289062,,173.83399963378906,,,840.0,,,145.0,,,,,,,,,,,,,0.0,,1.0,12819.7998046875,1631206784.0,1.0,22.530000686645508,22.530000686645508,11.479999542236328,0.5,1016.0999755859375,1.1799999475479126,1.4900000095367432,51.0,0.0,1631163136.0,1631209600.0,0.10000000149011612,,,0.0,,0.019999999552965164,16093.0,0.0,323.3999938964844,,,,0.0,3.9137351512908936,,,,,,,,,,,,,""
5938492836,"Sep 10, 2021, 5:15:48 PM",Evening Run,Run,,3605,11.21,182.0,101,false,,,activities/6312828062.fit.gz,,,3605.0,2977.0,11209.400390625,5.199999809265137,3.765334129333496,145.19808959960938,253.0,898.9000244140625,945.4000244140625,18.399999618530273,0.017842167988419533,,,91.0,85.92476654052734,,167.7144775390625,,,714.0,,,101.0,,,,,,,,,,,,,0.0,,1.0,11553.900390625,1631293184.0,2.0,17.729999542236328,17.729999542236328,9.960000038146973,0.6000000238418579,1016.4000244140625,1.350000023841858,1.5700000524520874,342.0,0.0,1631249664.0,1631295872.0,0.14000000059604645,,,0.0,,0.7400000095367432,16093.0,0.0,318.29998779296875,,,,0.0,3.109403610229492,,,,,,,,,,,,,""
5947807094,"Sep 12, 2021, 9:07:02 AM",Lunch Ride,Ride,,8037,53.94,177.0,190,false,,,activities/6322608932.fit.gz,,,8037.0,7899.0,53939.3984375,16.899999618530273,6.828636646270752,1203.3580322265625,1360.0,326.20001220703125,1054.199951171875,16.799999237060547,0.0014831458684056997,,,,,,157.6802215576172,,162.8961944580078,1655.0,,,190.0,,,,,,,,,,,,,0.0,,1.0,,1631437184.0,1.0,22.799999237060547,22.799999237060547,13.84000015258789,0.5699999928474426,1017.4000244140625,1.3700000047683716,1.409999966621399,203.0,0.0,1631422592.0,1631468416.0,0.20999999344348907,,,0.0,,0.05000000074505806,16093.0,4.0,309.0,,,,0.0,6.7113847732543945,,,,,,,,,,,,,""
5960230461,"Sep 14, 2021, 4:59:07 PM",Evening Run,Run,,3482,13.30,178.0,106,false,,,activities/6335632310.fit.gz,,,3482.0,3482.0,13302.5,4.699999809265137,3.820361852645874,197.56190490722656,330.0,894.9000244140625,949.0999755859375,17.0,0.0015034767566248775,,,89.0,85.23756408691406,,165.0361785888672,,,861.0,,,106.0,,,,,,,,,,,,,0.0,,1.0,13716.099609375,1631635200.0,3.0,25.110000610351562,25.200000762939453,16.290000915527344,0.5799999833106995,1016.9000244140625,1.0299999713897705,1.25,254.0,0.0,1631595520.0,1631640960.0,0.2800000011920929,,,0.0,,0.9800000190734863,16093.0,0.0,288.5,,,,0.0,3.820361852645874,,,,,,,,,,,,,""
5965720295,"Sep 15, 2021, 5:19:36 PM",Evening Run,Run,,2868,10.56,178.0,76,false,,,activities/6341382941.fit.gz,,,2868.0,2821.0,10566.2998046875,5.0,3.745586633682251,169.92999267578125,240.0,898.9000244140625,948.7999877929688,16.899999618530273,-0.007571240421384573,,,88.0,84.85065460205078,,162.08265686035156,,,689.0,,,76.0,,,,,,,,,,,,,0.0,,1.0,10919.400390625,1631725184.0,3.0,17.670000076293945,17.670000076293945,14.369999885559082,0.8100000023841858,1016.0,1.6100000143051147,2.2200000286102295,30.0,0.2207999974489212,1631682048.0,1631727232.0,0.3199999928474426,,,0.15000000596046448,5.0,0.9700000286102295,16093.0,0.0,280.1000061035156,,,,0.0,3.6842050552368164,,,,,,,,,,,,,""
5975936210,"Sep 17, 2021, 4:58:11 PM",Evening Run,Run,,3091,11.84,182.0,103,false,,,activities/6352056972.fit.gz,,,3091.0,3030.0,11846.7001953125,5.5,3.909801959991455,147.36619567871094,299.0,898.9000244140625,947.0,24.5,-0.09707344323396683,,,92.0,85.84579467773438,,166.93927001953125,,,756.0,,,103.0,,,,,,,,,,,,,0.0,,1.0,12125.5,1631894400.0,2.0,24.06999969482422,24.709999084472656,21.1200008392334,0.8399999737739563,1010.7000122070312,1.2100000381469727,1.840000033378601,167.0,0.09470000118017197,1631854976.0,1631899776.0,0.38999998569488525,,,0.05999999865889549,5.0,0.38999998569488525,16093.0,0.0,287.70001220703125,,,,0.0,3.8326432704925537,,,,,,,,,,,,,""
5981257814,"Sep 18, 2021, 1:27:20 PM",Afternoon Ride,Ride,,13681,81.58,169.0,160,false,,,activities/6357633784.fit.gz,,,13681.0,12812.0,81586.5,15.899999618530273,6.367975234985352,1515.0316162109375,2002.0,252.10000610351562,989.7000122070312,27.799999237060547,-0.000612846459262073,,,,,,138.04244995117188,,135.4107666015625,2175.0,,,160.0,,,,,,,,,,,,,0.0,,1.0,,1631970048.0,5.0,18.59000015258789,18.6299991607666,15.300000190734863,0.8100000023841858,1013.0,1.159999966621399,1.2200000286102295,205.0,0.5181999802589417,1631941504.0,1631986048.0,0.4300000071525574,,,0.30000001192092896,5.0,0.9599999785423279,16093.0,3.0,288.6000061035156,,,,0.0,5.963489532470703,,,,,,,,,,,,,""
5991976366,"Sep 20, 2021, 4:40:39 PM",Evening Run,Run,,5940,21.35,188.0,177,false,,,activities/6368933117.fit.gz,,,5940.0,5580.0,21358.69921875,6.0,3.827723979949951,170.0933380126953,498.0,256.29998779296875,382.8999938964844,18.799999237060547,0.003745546331629157,,,90.0,86.3933334350586,,165.49569702148438,,,1376.0,,,177.0,,,,,,,,,,,,,0.0,,1.0,21788.30078125,1632153600.0,2.0,20.84000015258789,20.84000015258789,14.699999809265137,0.6800000071525574,1015.5999755859375,1.2599999904632568,1.7000000476837158,137.0,0.19580000638961792,1632114432.0,1632158720.0,0.49000000953674316,,,0.1899999976158142,5.0,0.6200000047683716,15636.0,0.0,311.0,,,,0.0,3.595740795135498,,,,,,,,,,,,,""
6002574387,"Sep 22, 2021, 4:58:23 PM",Evening Run,Run,,3183,12.38,186.0,109,false,,,activities/6380012381.fit.gz,,,3183.0,3114.0,12379.5,5.800000190734863,3.975433588027954,48.803890228271484,289.0,296.0,309.20001220703125,3.200000047683716,-0.0008077870588749647,,,91.0,86.19645690917969,,168.12303161621094,,,800.0,,,109.0,,,,,,,,,,,,,0.0,,1.0,12399.5,1632326400.0,2.0,19.540000915527344,19.540000915527344,13.899999618530273,0.699999988079071,1020.7000122070312,1.2899999618530273,1.7999999523162842,144.0,0.0,1632287360.0,1632331264.0,0.5600000023841858,,,0.0,,0.7900000214576721,16093.0,0.0,280.0,,,,0.0,3.8892555236816406,,,,,,,,,,,,,""
6012701039,"Sep 24, 2021, 5:11:15 PM",Evening Run,Run,,3474,10.51,183.0,61,false,,,activities/6390632303.fit.gz,,,3474.0,2952.0,10512.7998046875,4.599999904632568,3.561246633529663,168.1847686767578,271.0,898.9000244140625,949.2000122070312,42.5,-0.02092687040567398,,,90.0,84.95215606689453,,154.46221923828125,,,692.0,,,61.0,,,,,,,,,,,,,0.0,,1.0,10956.099609375,1632502784.0,1.0,15.430000305175781,15.430000305175781,12.720000267028809,0.8399999737739563,1017.5,1.2599999904632568,1.399999976158142,70.0,0.0,1632460288.0,1632503808.0,0.6200000047683716,,,0.0,,0.23000000417232513,16093.0,0.0,278.70001220703125,,,,0.0,3.026137113571167,,,,,,,,,,,,,""
6020840676,"Sep 26, 2021, 7:06:24 AM",Morning Run,Run,,7905,27.15,193.0,256,false,,,activities/6399201455.fit.gz,,,7905.0,7410.0,27150.19921875,5.400000095367432,3.663994550704956,102.36519622802734,551.0,256.5,301.70001220703125,8.399999618530273,0.0025782498996704817,,,89.0,85.94054412841797,,167.6864013671875,,,1829.0,,,256.0,,,,,,,,,,,,,0.0,,1.0,27255.80078125,1632639616.0,5.0,18.049999237060547,18.219999313354492,16.1200008392334,0.8799999952316284,1020.0,0.8199999928474426,1.1100000143051147,71.0,0.12720000743865967,1632633344.0,1632676352.0,0.6800000071525574,,,0.27000001072883606,5.0,0.9700000286102295,16093.0,1.0,281.6000061035156,,,,0.0,3.4345602989196777,,,,,,,,,,,,,""
6033758346,"Sep 28, 2021, 4:34:49 PM",Evening Run,Run,,3344,10.76,189.0,79,false,,,activities/6412755391.fit.gz,,,3344.0,3185.0,10766.599609375,5.5,3.3804080486297607,141.2530517578125,286.0,898.9000244140625,945.4000244140625,16.700000762939453,0.004643991589546204,,,93.0,86.43607330322266,,162.04019165039062,,,746.0,,,79.0,,,,,,,,,,,,,0.0,,1.0,11094.0,1632844800.0,3.0,19.1299991607666,19.18000030517578,15.529999732971191,0.800000011920929,1018.0,0.949999988079071,1.190000057220459,164.0,0.03370000049471855,1632806272.0,1632848896.0,0.7400000095367432,,,0.029999999329447746,5.0,0.9800000190734863,16093.0,0.0,276.8999938964844,,,,0.0,3.219676971435547,,,,,,,,,,,,,""
6044161710,"Sep 30, 2021, 5:31:44 PM",Evening Run,Run,,2445,9.28,184.0,79,false,,Mizuno,activities/6423654989.fit.gz,,,2445.0,2435.0,9284.400390625,5.699999809265137,3.8128952980041504,151.36619567871094,228.0,898.9000244140625,949.0,18.5,-0.13786566257476807,,,88.0,85.5032958984375,,165.7911834716797,,,615.0,,,79.0,,,,,,,,,,,,,0.0,,1.0,9601.099609375,1633021184.0,2.0,12.039999961853027,12.039999961853027,10.579999923706055,0.9100000262260437,1024.0,1.2999999523162842,1.409999966621399,18.0,0.011699999682605267,1632979200.0,1633021440.0,0.800000011920929,,9269722.0,0.03999999910593033,5.0,0.49000000953674316,16093.0,0.0,291.3999938964844,,,,0.0,3.7973005771636963,,,,,,,,,,,,,""
6056085500,"Oct 3, 2021, 7:07:22 AM",Mezza maratona Sestri Levante,Run,,5311,21.13,186.0,280,false,,Mizuno,activities/6436183914.fit.gz,,,5311.0,5311.0,21133.900390625,4.900000095367432,3.979269504547119,60.62333297729492,377.0,-0.699999988079071,16.5,18.799999237060547,0.0,,,92.0,88.03257751464844,,178.88418579101562,,,1427.0,,,280.0,,,,,,,,,,,0.0,,0.0,,1.0,21245.599609375,,,,,,,,,,,,,,,,9269722.0,,,,,,,,,,0.0,3.979269504547119,,,,,,,,,,,,,""
6073641616,"Oct 6, 2021, 4:49:05 PM",Evening Run,Run,,2718,10.35,178.0,65,false,,Mizuno,activities/6454669453.fit.gz,,,2718.0,2718.0,10352.900390625,5.400000095367432,3.809014081954956,157.8333282470703,282.0,894.9000244140625,949.0999755859375,13.899999618530273,-0.09948903322219849,,,89.0,84.20198822021484,,158.05923461914062,,,662.0,,,65.0,,,,,,,,,,,,,0.0,,1.0,10679.5,1633536000.0,3.0,9.25,8.229999542236328,6.179999828338623,0.8100000023841858,1014.0,2.0999999046325684,3.890000104904175,340.0,0.09529999643564224,1633497984.0,1633539200.0,0.009999999776482582,,9269722.0,0.18000000715255737,5.0,0.8999999761581421,16093.0,0.0,322.0,,,,0.0,3.809014081954956,,,,,,,,,,,,,""
6085714708,"Oct 9, 2021, 8:46:54 AM",Morning Run,Run,,2701,10.60,192.0,115,false,,Mizuno,activities/6467370336.fit.gz,,,2701.0,2701.0,10599.7998046875,5.400000095367432,3.924398422241211,178.44000244140625,240.0,894.5,957.0999755859375,22.600000381469727,-0.01509462483227253,,,89.0,85.84062194824219,,172.15196228027344,,,713.0,,,115.0,,,,,,,,,,,,,0.0,,1.0,11014.7998046875,1633766400.0,3.0,7.949999809265137,7.949999809265137,7.320000171661377,0.9599999785423279,1025.699951171875,0.7599999904632568,1.0700000524520874,154.0,0.040800001472234726,1633757440.0,1633798144.0,0.12999999523162842,,9269722.0,0.07999999821186066,5.0,0.8799999952316284,16093.0,1.0,276.3999938964844,,,,0.0,3.924398422241211,,,,,,,,,,,,,""
6098558417,"Oct 11, 2021, 5:05:10 PM",Evening Activity,Weight Training,,4455,0,150.0,14,false,,,activities/6481051821.fit.gz,,,4455.0,4455.0,0.0,0.0,0.0,0.0,,,,0.0,0.0,,,,,,118.19775390625,,,496.0,,,14.0,,,,,,,,,,,,,0.0,,1.0,,,,,,,,,,,,,,,,,,,,,,,,,,,0.0,0.0,,,,,,,,,,,,,""
6113028820,"Oct 14, 2021, 5:04:36 PM",Evening Run,Run,,3028,11.64,192.0,108,false,,Mizuno,activities/6496319008.fit.gz,,,3028.0,3000.0,11639.5,5.0,3.879833221435547,43.96773910522461,207.0,296.0,325.8999938964844,3.0,0.0008591434452682734,,,89.0,85.98763275146484,,168.45681762695312,,,761.0,,,108.0,,,,,,,,,,,,,0.0,,1.0,11664.2001953125,1634230784.0,1.0,11.010000228881836,11.010000228881836,6.789999961853027,0.75,1023.9000244140625,1.2599999904632568,1.2599999904632568,42.0,0.0,1634189824.0,1634229504.0,0.3100000023841858,,9269722.0,0.0,,0.20999999344348907,16093.0,0.0,288.29998779296875,,,,0.0,3.843956470489502,7536.2001953125,,,,,,,,,,,,""
6120355679,"Oct 16, 2021, 7:25:51 AM",Morning Ride,Ride,,12600,72.48,178.0,280,false,,Ridley,activities/6504076152.fit.gz,,8.100000381469727,12600.0,11758.0,72479.6015625,17.0,6.164279460906982,1513.75537109375,1944.0,316.1000061035156,1243.0999755859375,42.5,-0.00151766836643219,,,,,,156.88931274414062,,145.19007873535156,2359.0,,,280.0,,,,,,,,,,,,,0.0,,1.0,,1634367616.0,1.0,9.350000381469727,9.0,5.130000114440918,0.75,1019.2999877929688,1.4199999570846558,1.5099999904632568,56.0,0.0,1634362752.0,1634402048.0,0.3799999952316284,9789874.0,,0.0,,0.14000000059604645,16093.0,0.0,300.5,,,,0.0,5.752349376678467,0.0,,,,,,,,,,,,""
6126460199,"Oct 17, 2021, 7:48:13 AM",Morning Walk,Walk,,18687,11.33,145.0,31,false,,Mizuno,activities/6510564477.fit.gz,,,18687.0,11292.0,11337.900390625,4.900000095367432,1.0040647983551025,756.2083129882812,924.0,1591.4000244140625,2069.800048828125,47.400001525878906,0.14288359880447388,,,121.0,52.1543083190918,,108.7329330444336,,,1082.0,,,31.0,,,,,,,,,,,,,0.0,,1.0,,1634454016.0,1.0,4.849999904632568,4.849999904632568,2.569999933242798,0.8500000238418579,1020.9000244140625,1.0800000429153442,1.25,56.0,0.0,1634449280.0,1634488320.0,0.4099999964237213,,9269722.0,0.0,,0.009999999776482582,16093.0,0.0,291.5,,,,0.0,0.6067265868186951,11246.5,,,,,,,,,,,,""
6132391572,"Oct 18, 2021, 4:47:07 PM",Evening Run,Run,,3856,12.88,186.0,87,false,,Mizuno,activities/6516892784.fit.gz,,,3856.0,3514.0,12879.2001953125,6.099999904632568,3.6651110649108887,20.139999389648438,208.0,256.5,268.5,3.5,0.0,,,94.0,85.54618072509766,,159.40933227539062,,,825.0,,,87.0,,,,,,,,,,,,,0.0,,1.0,12896.2998046875,1634572800.0,1.0,16.229999542236328,16.229999542236328,9.1899995803833,0.6299999952316284,1024.300048828125,1.4500000476837158,1.4500000476837158,164.0,0.0,1634535808.0,1634574720.0,0.4399999976158142,,9269722.0,0.0,,0.0,16093.0,0.0,285.79998779296875,,,,0.0,3.340041399002075,221.0,,,,,,,,,,,,""
6146987514,"Oct 21, 2021, 6:20:17 PM",Evening Activity,Weight Training,,3249,0,139.0,9,false,,,activities/6532302149.fit.gz,,,3249.0,3249.0,0.0,0.0,0.0,0.0,,,,0.0,0.0,,,,,,109.15204620361328,,,322.0,,,9.0,,,,,,,,,,,,,0.0,,1.0,,,,,,,,,,,,,,,,,,,,,,,,,,,0.0,0.0,0.0,,,,,,,,,,,,""
6150963552,"Oct 22, 2021, 4:22:32 PM",Evening Run,Run,,4926,15.09,195.0,103,false,,Mizuno,activities/6536532652.fit.gz,,,4926.0,4509.0,15089.3701171875,5.456705570220947,3.3465003967285156,195.4631805419922,400.0,898.9000244140625,949.2000122070312,31.041316986083984,-0.025846010074019432,,,104.0,79.89125061035156,,157.65516662597656,,,1019.0,,,103.0,,,,,,,,,,,,,0.0,,1.0,15531.099609375,1634918400.0,1.0,14.1899995803833,14.1899995803833,12.65999984741211,0.9100000262260437,1014.0999755859375,0.9200000166893005,1.0399999618530273,157.0,0.16329999268054962,1634881664.0,1634919808.0,0.5699999928474426,,9269722.0,0.11999999731779099,5.0,0.27000001072883606,16093.0,0.0,297.29998779296875,,,,0.0,3.0632095336914062,0.0,,,,,,,,,,,,""
6161436055,"Oct 24, 2021, 4:40:05 PM",Evening Run,Run,,2885,10.26,194.0,83,false,,Mizuno,activities/6547686799.fit.gz,,,2885.0,2885.0,10262.080078125,4.686279296875,3.557046890258789,168.29666137695312,344.0,898.9000244140625,948.7999877929688,21.999040603637695,-0.00584676768630743,,,109.0,84.42371368408203,,162.05027770996094,,,697.0,,,83.0,,,,,,,,,,,,,0.0,,1.0,10671.2001953125,1635091200.0,2.0,8.220000267028809,8.220000267028809,5.760000228881836,0.8399999737739563,1026.5,0.7900000214576721,0.8100000023841858,156.0,0.0,1635054720.0,1635092480.0,0.6299999952316284,,9269722.0,0.0,,0.6000000238418579,16093.0,0.0,283.3999938964844,,,,0.0,3.557046890258789,386.6000061035156,,,,,,,,,,,,""
6165603000,"Oct 25, 2021, 4:52:06 PM",Evening Activity,Weight Training,,4722,0,164.0,18,false,,,activities/6552146380.fit.gz,,,4722.0,4722.0,0.0,0.0,0.0,0.0,,,,0.0,0.0,,,,,,119.42206573486328,,,530.0,,,18.0,,,,,,,,,,,,,0.0,,1.0,,,,,,,,,,,,,,,,,,,,,,,,,,,0.0,0.0,0.0,,,,,,,,,,,,""
6170249503,"Oct 26, 2021, 4:45:25 PM",Evening Run,Run,,3618,13.07,189.0,139,false,,Mizuno,activities/6557059295.fit.gz,,,3618.0,3618.0,13071.4697265625,5.522070407867432,3.6128993034362793,220.27667236328125,368.0,898.9000244140625,957.0999755859375,20.299123764038086,-0.02295074798166752,,,88.0,84.94664001464844,,170.05723571777344,,,906.0,,,139.0,,,,,,,,,,,,,0.0,,1.0,13621.5,1635264000.0,2.0,12.84000015258789,12.84000015258789,9.6899995803833,0.8100000023841858,1022.0999755859375,1.0199999809265137,1.100000023841858,151.0,0.0,1635227648.0,1635265024.0,0.6899999976158142,,9269722.0,0.0,,0.4399999976158142,16093.0,0.0,292.6000061035156,,,,0.0,3.6128993034362793,415.29998779296875,,,,,,,,,,,,""
6179996838,"Oct 28, 2021, 5:05:49 PM",Evening Activity,Weight Training,,5394,0,156.0,18,false,,,activities/6567385562.fit.gz,,,5394.0,5394.0,0.0,0.0,0.0,0.0,,,,0.0,0.0,,,,,,117.1464614868164,,,538.0,,,18.0,,,,,,,,,,,,,0.0,,1.0,,,,,,,,,,,,,,,,,,,,,,,,,,,0.0,0.0,0.0,,,,,,,,,,,,""
6188444596,"Oct 30, 2021, 4:17:09 PM",Evening Run,Run,,2949,11.26,188.0,147,false,,Mizuno,activities/6576386260.fit.gz,,,2949.0,2927.0,11259.2998046875,6.343994140625,3.846703052520752,145.567138671875,245.0,898.9000244140625,946.4000244140625,25.01805877685547,-0.006217082496732473,,,91.0,85.78569030761719,,176.56185913085938,,,760.0,,,147.0,,,,,,,,,,,,,0.0,,1.0,11587.2001953125,1635609600.0,5.0,7.179999828338623,7.179999828338623,5.119999885559082,0.8700000047683716,1019.0999755859375,0.6100000143051147,0.8399999737739563,341.0,0.3991999924182892,1635573632.0,1635610368.0,0.8100000023841858,,9269722.0,0.38999998569488525,5.0,0.9900000095367432,16093.0,0.0,288.8999938964844,,,,0.0,3.8180060386657715,0.0,,,,,,,,,,,,""
6190585483,"Oct 31, 2021, 7:04:31 AM",Morning Run,Run,,2775,9.04,187.0,87,false,,Mizuno,activities/6578708878.fit.gz,,,2775.0,2446.0,9039.599609375,4.973337650299072,3.6956663131713867,163.30917358398438,213.0,907.5999755859375,949.2000122070312,17.80049705505371,0.004424974787980318,,,118.0,86.1172866821289,,167.77972412109375,,,601.0,,,87.0,,,,,,,,,,,,,0.0,,1.0,9427.2001953125,1635663616.0,3.0,7.150000095367432,7.150000095367432,5.409999847412109,0.8899999856948853,1019.0999755859375,0.5400000214576721,0.5600000023841858,54.0,0.11980000138282776,1635660032.0,1635696640.0,0.8500000238418579,,9269722.0,0.1899999976158142,5.0,0.9700000286102295,16093.0,0.0,279.70001220703125,,,,0.0,3.2575132846832275,400.6000061035156,,,,,,,,,,,,""
6207562475,"Nov 3, 2021, 6:19:55 PM",Evening Activity,Weight Training,,4565,0,151.0,14,false,,,activities/6596856419.fit.gz,,,4565.0,4565.0,0.0,0.0,0.0,0.0,,,,0.0,0.0,,,,,,115.94282531738281,,,460.0,,,14.0,,,,,,,,,,,,,0.0,,1.0,,,,,,,,,,,,,,,,,,,,,,,,,,,0.0,0.0,0.0,,,,,,,,,,,,""
6211967117,"Nov 4, 2021, 6:22:09 PM",Evening Run,Run,,3376,12.23,187.0,132,false,,Mizuno,activities/6601612004.fit.gz,,,3376.0,3240.0,12233.9296875,5.0957207679748535,3.7759041786193848,175.95237731933594,280.0,898.9000244140625,948.7999877929688,20.839027404785156,-0.036782946437597275,,,89.0,85.62967681884766,,172.0148162841797,,,810.0,,,132.0,,,,,,,,,,,,,0.0,,1.0,12595.900390625,1636048768.0,1.0,7.119999885559082,6.139999866485596,6.440000057220459,0.949999988079071,1011.4000244140625,1.690000057220459,1.7100000381469727,25.0,0.0421999990940094,1636006016.0,1636041856.0,1.0,,9269722.0,0.09000000357627869,5.0,0.14000000059604645,16093.0,0.0,341.6000061035156,,,,0.0,3.6237943172454834,385.0,,,,,,,,,,,,""
6216232590,"Nov 5, 2021, 6:43:12 PM",Evening Activity,Weight Training,,3027,0,132.0,7,false,,,activities/6606184410.fit.gz,,,3027.0,3027.0,0.0,0.0,0.0,0.0,,,,0.0,0.0,,,,,,104.55665588378906,,,258.0,,,7.0,,,,,,,,,,,,,0.0,,1.0,,,,,,,,,,,,,,,,,,,,,,,,,,,0.0,0.0,0.0,,,,,,,,,,,,""
6218389526,"Nov 6, 2021, 9:17:17 AM",Morning Run,Run,,3283,12.47,193.0,154,false,,Mizuno,activities/6608497835.fit.gz,,,3283.0,3203.0,12471.5498046875,5.810000419616699,3.8937089443206787,32.72380828857422,207.0,271.20001220703125,279.20001220703125,5.041969299316406,0.0032072998583316803,,,94.0,85.9654541015625,,175.59017944335938,,,825.0,,,154.0,,,,,,,,,,,,,0.0,,1.0,12498.2001953125,1636189184.0,1.0,10.010000228881836,10.010000228881836,2.7699999809265137,0.6100000143051147,1027.9000244140625,0.8600000143051147,1.1200000047683716,335.0,0.0,1636178944.0,1636214528.0,0.07999999821186066,,9269722.0,0.0,,0.11999999731779099,16093.0,1.0,317.6000061035156,,,,0.0,3.7988271713256836,3398.800048828125,,,,,,,,,,,,""
6222777892,"Nov 7, 2021, 7:34:17 AM",Morning Run,Run,,2792,10.03,180.0,87,false,,Mizuno,activities/6613221711.fit.gz,,,2792.0,2742.0,10032.650390625,4.951741695404053,3.6588804721832275,164.03225708007812,243.0,894.9000244140625,949.2000122070312,15.207141876220703,0.01893816702067852,,,89.0,86.33406066894531,,165.3655548095703,,,669.0,,,87.0,,,,,,,,,,,,,0.0,,1.0,10392.2998046875,1636268416.0,1.0,4.449999809265137,3.25,0.3700000047683716,0.75,1023.0,1.559999942779541,1.6100000143051147,56.0,0.01549999974668026,1636265472.0,1636300800.0,0.10999999940395355,,9269722.0,0.029999999329447746,5.0,0.23000000417232513,16093.0,0.0,302.20001220703125,,,,0.0,3.593355894088745,392.8999938964844,,,,,,,,,,,,""
6230483558,"Nov 8, 2021, 6:18:36 PM",Evening Activity,Weight Training,,3229,0,124.0,6,false,,,activities/6621478231.fit.gz,,,3229.0,3229.0,0.0,0.0,0.0,0.0,,,,0.0,0.0,,,,,,95.37318420410156,,,231.0,,,6.0,,,,,,,,,,,,,0.0,,1.0,,,,,,,,,,,,,,,,,,,,,,,,,,,0.0,0.0,0.0,,,,,,,,,,,,""
6235187443,"Nov 9, 2021, 6:28:43 PM",Evening Run,Run,,2522,10.18,188.0,112,false,,Mizuno,activities/6626478734.fit.gz,,,2522.0,2522.0,10185.7607421875,5.52197265625,4.038763046264648,38.83476257324219,180.0,300.6000061035156,305.29998779296875,2.9761674404144287,-0.0009817627724260092,,,90.0,86.12798309326172,,173.4664764404297,,,654.0,,,112.0,,,,,,,,,,,,,0.0,,1.0,10207.099609375,1636480768.0,2.0,8.229999542236328,8.229999542236328,7.590000152587891,0.9599999785423279,1029.0999755859375,1.1200000047683716,1.1200000047683716,359.0,0.0,1636438400.0,1636473472.0,0.1899999976158142,,9269722.0,0.0,,0.6200000047683716,16093.0,0.0,278.70001220703125,,,,0.0,4.038763046264648,0.0,,,,,,,,,,,,""
6244657966,"Nov 11, 2021, 7:00:41 PM",Evening Activity,Weight Training,,3163,0,122.0,7,false,,,activities/6636552495.fit.gz,,,3163.0,3163.0,0.0,0.0,0.0,0.0,,,,0.0,0.0,,,,,,98.99684143066406,,,255.0,,,7.0,,,,,,,,,,,,,0.0,,1.0,,,,,,,,,,,,,,,,,,,,,,,,,,,0.0,0.0,0.0,,,,,,,,,,,,""
6262410558,"Nov 15, 2021, 5:56:20 PM",Evening Run,Run,,4150,16.02,183.0,179,false,,Mizuno,activities/6655551160.fit.gz,,,4150.0,4098.0,16025.349609375,5.6886162757873535,3.910529375076294,64.64095306396484,330.0,296.0,326.5,3.3761024475097656,0.0006240113289095461,,,88.0,85.57470703125,,173.5897979736328,,,1059.0,,,179.0,,,,,,,,,,,,,0.0,,1.0,16062.2998046875,1636995584.0,3.0,10.619999885559082,10.619999885559082,8.920000076293945,0.8899999856948853,1021.0999755859375,0.7900000214576721,1.0299999713897705,53.0,0.11779999732971191,1636957312.0,1636991488.0,0.38999998569488525,,9269722.0,0.2199999988079071,5.0,0.9700000286102295,16093.0,0.0,283.20001220703125,,,,0.0,3.861530065536499,7835.2998046875,,,,,,,,,,,,""
6271481376,"Nov 17, 2021, 6:03:29 PM",Evening Run,Run,,2701,10.08,182.0,104,false,,Mizuno,activities/6665220315.fit.gz,,,2701.0,2701.0,10088.4599609375,5.057995796203613,3.7350833415985107,158.18618774414062,209.0,898.9000244140625,949.0,16.68103790283203,-0.08326344937086105,,,88.0,85.53093719482422,,169.8177032470703,,,681.0,,,104.0,,,,,,,,,,,,,0.0,,1.0,10427.2001953125,1637171968.0,3.0,10.149999618530273,10.149999618530273,8.850000381469727,0.9200000166893005,1020.7999877929688,0.5799999833106995,0.6000000238418579,330.0,0.028599999845027924,1637130240.0,1637164160.0,0.44999998807907104,,9269722.0,0.10999999940395355,5.0,0.9800000190734863,16093.0,0.0,279.8999938964844,,,,0.0,3.7350833415985107,407.3999938964844,,,,,,,,,,,,""
6275916282,"Nov 18, 2021, 5:54:42 PM",Evening Activity,Weight Training,,3664,0,138.0,9,false,,,activities/6669956315.fit.gz,,,3664.0,3664.0,0.0,0.0,0.0,0.0,,,,0.0,0.0,,,,,,104.74317932128906,,,325.0,,,9.0,,,,,,,,,,,,,0.0,,1.0,,,,,,,,,,,,,,,,,,,,,,,,,,,0.0,0.0,0.0,,,,,,,,,,,,""
6286598363,"Nov 21, 2021, 7:21:15 AM",Mezza maratona Verona,Run,,5299,21.32,205.0,281,false,,Mizuno,activities/6681424922.fit.gz,,,5299.0,5299.0,21320.91015625,6.287890434265137,4.0235724449157715,37.84000015258789,367.0,57.099998474121094,69.0,3.874385118484497,-0.000938046257942915,,,92.0,87.60823059082031,,180.0411376953125,,,1436.0,,,281.0,,,,,,,,,,,0.0,,0.0,,1.0,21352.19921875,1637478016.0,1.0,6.420000076293945,6.420000076293945,4.860000133514404,0.8999999761581421,1015.2000122070312,1.0,1.0,314.0,0.0,1637475840.0,1637509376.0,0.5699999928474426,,9269722.0,0.0,,0.11999999731779099,16093.0,0.0,307.6000061035156,,,,0.0,4.0235724449157715,0.0,,,,,,,,,,,,""
6302533840,"Nov 24, 2021, 6:34:10 PM",Evening Ride,Ride,,3550,28.63,171.0,53,false,,Ridley,activities/6698544754.fit.gz,,8.100000381469727,3550.0,2957.0,28634.83984375,12.013671875,9.683747291564941,0.0,19.0,946.0,946.2999877929688,0.2635642886161804,0.0,,,,,,149.28726196289062,,186.49453735351562,638.0,,,53.0,,,,,,,,,,,,,0.0,,1.0,,1637776768.0,2.0,5.5,5.5,1.7699999809265137,0.7699999809265137,1020.0,0.7799999713897705,0.8100000023841858,71.0,0.0,1637735680.0,1637768576.0,0.6600000262260437,9789874.0,,0.0,,0.5600000023841858,16093.0,0.0,312.79998779296875,,,,0.0,8.06615161895752,0.0,,,,,,,,,,,,""
6306848603,"Nov 25, 2021, 5:53:38 PM",Evening Activity,Weight Training,,5203,0,161.0,16,false,,,activities/6703154725.fit.gz,,,5203.0,5203.0,0.0,0.0,0.0,0.0,,,,0.0,0.0,,,,,,113.25792694091797,,,501.0,,,16.0,,,,,,,,,,,,,0.0,,1.0,,,,,,,,,,,,,,,,,,,,,,,,,,,0.0,0.0,0.0,,,,,,,,,,,,""
6318695539,"Nov 28, 2021, 4:37:07 PM",Afternoon Ride,Ride,,3302,32.25,169.0,79,false,,Ridley,activities/6715915951.fit.gz,,8.100000381469727,3302.0,3302.0,32256.470703125,10.902587890625,9.768767356872559,0.0,,,,0.0,0.0,,,,,,157.1408233642578,,,776.0,,,79.0,,,,,,,,,,,,,0.0,,1.0,,,,,,,,,,,,,,,,9789874.0,,,,,,,,,,,0.0,9.768767356872559,0.0,,,,,,,,,,,,""
6322650198,"Nov 29, 2021, 6:30:57 PM",Evening Ride,Ride,,2746,27.33,164.0,46,false,,Ridley,activities/6720193832.fit.gz,,8.100000381469727,2746.0,2746.0,27330.650390625,14.266992568969727,9.952895164489746,0.0,,,,0.0,0.0,,,,,,149.43336486816406,,,605.0,,,46.0,,,,,,,,,,,,,0.0,,1.0,,,,,,,,,,,,,,,,9789874.0,,,,,,,,,,,0.0,9.952895164489746,0.0,,,,,,,,,,,,""
6331127519,"Dec 1, 2021, 5:54:00 PM",Evening Activity,Weight Training,,5279,0,164.0,19,false,,,activities/6729248894.fit.gz,,,5279.0,5279.0,0.0,0.0,0.0,0.0,,,,0.0,0.0,,,,,,120.44383239746094,,,613.0,,,19.0,,,,,,,,,,,,,0.0,,1.0,,,,,,,,,,,,,,,,,,,,,,,,,,,0.0,0.0,0.0,,,,,,,,,,,,""
6335060103,"Dec 2, 2021, 5:45:16 PM",Evening Run,Run,,3352,12.24,184.0,160,false,,Mizuno,activities/6733456081.fit.gz,,,3352.0,3315.0,12240.650390625,5.286702632904053,3.6925039291381836,196.7385711669922,349.0,898.9000244140625,948.7000122070312,24.669391632080078,-0.017972901463508606,,,89.0,85.58673858642578,,174.9669952392578,,,851.0,,,160.0,,,,,,,,,,,,,0.0,,1.0,12726.599609375,1638464384.0,3.0,0.23999999463558197,0.23999999463558197,-0.07000000029802322,0.9800000190734863,998.7000122070312,0.6800000071525574,0.7200000286102295,44.0,0.0,1638427520.0,1638459520.0,0.9399999976158142,,9269722.0,0.0,,0.949999988079071,16093.0,0.0,336.79998779296875,,,,0.0,3.651745319366455,411.29998779296875,,,,,,,,,,,,""
6342927685,"Dec 4, 2021, 3:55:54 PM",Afternoon Ride,Ride,,3066,33.36,174.0,92,false,,Ridley,activities/6741896629.fit.gz,,8.100000381469727,3066.0,3066.0,33368.98046875,14.68359375,10.88355541229248,0.0,,,,0.0,0.0,,,,,,164.27267456054688,,,739.0,,,92.0,,,,,,,,,,,,,0.0,,1.0,,,,,,,,,,,,,,,,9789874.0,,,,,,,,,,,0.0,10.88355541229248,0.0,,,,,,,,,,,,""
6351695092,"Dec 6, 2021, 6:18:45 PM",Evening Activity,Weight Training,,4157,0,149.0,13,false,,,activities/6751350704.fit.gz,,,4157.0,4157.0,0.0,0.0,0.0,0.0,,,,0.0,0.0,,,,,,119.12171936035156,,,461.0,,,13.0,,,,,,,,,,,,,0.0,,1.0,,,,,,,,,,,,,,,,,,,,,,,,,,,0.0,0.0,0.0,,,,,,,,,,,,""
6355612692,"Dec 7, 2021, 6:13:49 PM",Evening Run,Run,,2852,10.54,184.0,128,false,,Mizuno,activities/6755690783.fit.gz,,,2852.0,2852.0,10539.83984375,4.97833251953125,3.6955959796905518,165.163330078125,251.0,898.9000244140625,948.7000122070312,14.45632266998291,0.001897562062367797,,,88.0,85.50421142578125,,173.7642059326172,,,720.0,,,128.0,,,,,,,,,,,,,0.0,,1.0,10896.2001953125,1638899968.0,2.0,-0.75,-3.1700000762939453,-7.179999828338623,0.6200000047683716,1014.2999877929688,1.8799999952316284,1.8799999952316284,21.0,0.0,1638859776.0,1638891520.0,0.14000000059604645,,9269722.0,0.0,,0.550000011920929,16093.0,0.0,304.1000061035156,,,,0.0,3.6955959796905518,404.1000061035156,,,,,,,,,,,,""
6367449425,"Dec 10, 2021, 6:38:07 PM",Evening Activity,Weight Training,,3117,0,142.0,9,false,,,activities/6768415001.fit.gz,,,3117.0,3117.0,0.0,0.0,0.0,0.0,,,,0.0,0.0,,,,,,111.27590942382812,,,313.0,,,9.0,,,,,,,,,,,,,0.0,,1.0,,,,,,,,,,,,,,,,,,,,,,,,,,,0.0,0.0,0.0,,,,,,,,,,,,""
6371853181,"Dec 11, 2021, 7:13:34 PM",We run for Christmas,Run,Valpiana - Zambla,2566,8.53,169.0,47,false,,Mizuno,activities/6773178361.fit.gz,,,2566.0,2563.0,8529.759765625,5.185546875,3.3280372619628906,319.598876953125,166.0,999.0,1254.4000244140625,41.48511505126953,2.919191360473633,,,87.0,85.07581329345703,,151.91989135742188,,,573.0,,,47.0,,,,,,,,,,,0.0,,0.0,,1.0,10141.5,1639249152.0,1.0,-2.5799999237060547,-6.539999961853027,-5.429999828338623,0.8100000023841858,1016.5,2.940000057220459,4.230000019073486,12.0,0.0,1639205632.0,1639237120.0,0.2800000011920929,,9269722.0,0.0,,0.019999999552965164,16093.0,0.0,339.70001220703125,,,,0.0,3.3241465091705322,37.70000076293945,,,,,,,,,,,,""
6383872641,"Dec 14, 2021, 5:59:44 PM",Evening Ride,Ride,,3140,30.01,175.0,72,false,,Ridley,activities/6786233113.fit.gz,,8.100000381469727,3140.0,3140.0,30015.390625,11.945489883422852,9.559041976928711,0.0,,,,0.0,0.0,,,,,,155.812744140625,,,705.0,,,72.0,,,,,,,,,,,,,0.0,,1.0,,,,,,,,,,,,,,,,9789874.0,,,,,,,,,,,0.0,9.559041976928711,0.0,,,,,,,,,,,,""
6388068969,"Dec 15, 2021, 6:12:34 PM",Evening Activity,Weight Training,,3211,0,128.0,6,false,,,activities/6790735590.fit.gz,,,3211.0,3211.0,0.0,0.0,0.0,0.0,,,,0.0,0.0,,,,,,95.16412353515625,,,223.0,,,6.0,,,,,,,,,,,,,0.0,,1.0,,,,,,,,,,,,,,,,,,,,,,,,,,,0.0,0.0,0.0,,,,,,,,,,,,""
6391953365,"Dec 16, 2021, 6:12:22 PM",Evening Run,Run,,3166,8.81,177.0,33,false,,Mizuno,activities/6794905222.fit.gz,,,3166.0,2270.0,8811.259765625,5.4212646484375,3.8816123008728027,39.47249984741211,172.0,291.5,320.0,4.008023738861084,-0.0034047344233840704,,,89.0,85.55387878417969,,148.70980834960938,,,521.0,,,33.0,,,,,,,,,,,,,0.0,,1.0,8858.7998046875,1639677568.0,1.0,3.859999895095825,3.859999895095825,3.380000114440918,0.9700000286102295,1032.5,1.1799999475479126,1.1799999475479126,31.0,0.0,1639637760.0,1639669120.0,0.4300000071525574,,9269722.0,0.0,,0.1899999976158142,16093.0,0.0,315.70001220703125,,,,0.0,2.7830889225006104,6672.39990234375,,,,,,,,,,,,""
6411963125,"Dec 21, 2021, 5:55:36 PM",Evening Ride,Ride,,3559,36.32,177.0,97,false,,Ridley,activities/6816471824.fit.gz,,8.100000381469727,3559.0,3559.0,36319.94921875,14.62109375,10.205099105834961,0.0,,,,0.0,0.0,,,,,,161.28294372558594,,,844.0,,,97.0,,,,,,,,,,,,,0.0,,1.0,,,,,,,,,,,,,,,,9789874.0,,,,,,,,,,,0.0,10.205099105834961,0.0,,,,,,,,,,,,""
6421553226,"Dec 24, 2021, 9:36:17 AM",Morning Run,Run,,3130,10.14,168.0,54,false,,Mizuno,activities/6826818066.fit.gz,,,3130.0,2973.0,10142.9501953125,4.505588054656982,3.4116885662078857,170.0019073486328,281.0,974.0,1055.9000244140625,10.152287483215332,0.000985906459391117,,,88.0,84.3298568725586,,151.57786560058594,,,682.0,,,54.0,,,,,,,,,,,,,0.0,,1.0,10446.7998046875,1640336384.0,3.0,2.049999952316284,2.049999952316284,0.36000001430511475,0.8899999856948853,1015.4000244140625,0.8899999856948853,1.2000000476837158,13.0,0.0,1640329344.0,1640360576.0,0.6700000166893005,,9269722.0,0.0,,1.0,16093.0,0.0,284.79998779296875,,,,0.0,3.2405591011047363,0.0,,,,,,,,,,,,""
6433532313,"Dec 27, 2021, 8:17:44 AM",Morning Activity,Alpine Ski,,20725,69.09,127.0,27,false,,,activities/6839877188.fit.gz,,,20725.0,14104.0,69091.8984375,20.219999313354492,4.898745059967041,6910.4716796875,7542.0,1520.5,2358.60009765625,50.0,0.006368329748511314,,,114.0,51.591278076171875,,91.1225814819336,,,1140.0,,,27.0,,17,,,,,,,,,0.0,,0.0,,1.0,,1640592000.0,2.0,-6.010000228881836,-6.010000228881836,-6.010000228881836,1.0,1009.2999877929688,0.949999988079071,1.5499999523162842,114.0,0.024900000542402267,1640588672.0,1640619776.0,0.7699999809265137,,,0.07000000029802322,6.0,0.5600000023841858,13879.0,0.0,275.29998779296875,,,,0.0,3.3337466716766357,52986.69921875,,,,,,,,,,,,""
6438942418,"Dec 28, 2021, 5:06:10 PM",Evening Ride,Ride,,2402,25.08,168.0,52,false,,Ridley,activities/6845709270.fit.gz,,8.100000381469727,2402.0,2402.0,25087.48046875,14.037012100219727,10.444413185119629,0.0,,,,0.0,0.0,,,,,,154.68983459472656,,,572.0,,,52.0,,,,,,,,,,,,,0.0,,1.0,,,,,,,,,,,,,,,,9789874.0,,,,,,,,,,,0.0,10.444413185119629,0.0,,,,,,,,,,,,""
6442681047,"Dec 29, 2021, 2:18:22 PM",Afternoon Run,Run,,2684,10.00,186.0,102,false,,Mizuno,activities/6849751135.fit.gz,,,2684.0,2684.0,10007.080078125,5.544043064117432,3.7284200191497803,177.72238159179688,223.0,898.9000244140625,957.0999755859375,20.49181365966797,-0.022983727976679802,,,89.0,85.73286437988281,,169.8737030029297,,,685.0,,,102.0,,,,,,,,,,,,,0.0,,1.0,10493.099609375,1640786432.0,2.0,7.510000228881836,7.510000228881836,6.0,0.8999999761581421,1012.0,0.8100000023841858,0.9599999785423279,120.0,0.0,1640761344.0,1640792704.0,0.8500000238418579,,9269722.0,0.0,,0.6000000238418579,16093.0,0.0,293.20001220703125,,,,0.0,3.7284200191497803,374.5,,,,,,,,,,,,""
6467398933,"Jan 3, 2022, 4:55:46 PM",Afternoon Ride,Ride,,3144,32.00,172.0,77,false,,Ridley,activities/6876419539.fit.gz,,8.100000381469727,3144.0,3144.0,31999.228515625,14.66796875,10.177871704101562,0.0,,,,0.0,0.0,,,,,,157.2834014892578,,,729.0,,,77.0,,,,,,,,,,,,,0.0,,1.0,,,,,,,,,,,,,,,,9789874.0,,,,,,,,,,,0.0,10.177871704101562,0.0,,,,,,,,,,,,""
6472633902,"Jan 4, 2022, 5:39:30 PM",Evening Run,Run,,3104,12.09,187.0,134,false,,Mizuno,activities/6882034282.fit.gz,,,3104.0,3000.0,12094.2802734375,5.158365726470947,4.031426906585693,51.341548919677734,243.0,291.5,326.29998779296875,3.3753418922424316,-0.001653674291446805,,,88.0,86.2494125366211,,171.99533081054688,,,777.0,,,134.0,,,,,,,,,,,,,0.0,,1.0,12125.7001953125,1641315584.0,5.0,7.650000095367432,7.650000095367432,5.96999979019165,0.8899999856948853,1008.9000244140625,0.6000000238418579,0.6200000047683716,13.0,0.8136000037193298,1641279744.0,1641311488.0,0.07999999821186066,,9269722.0,0.550000011920929,5.0,0.9900000095367432,16093.0,0.0,305.70001220703125,,,,0.0,3.896353244781494,8669.099609375,,,,,,,,,,,,""
6482683445,"Jan 6, 2022, 5:07:10 PM",Evening Ride,Ride,,3739,37.78,171.0,85,false,,Ridley,activities/6892760152.fit.gz,,8.100000381469727,3739.0,3739.0,37781.2890625,14.504003524780273,10.104650497436523,0.0,,,,0.0,0.0,,,,,,156.1016387939453,,,854.0,,,85.0,,,,,,,,,,,,,0.0,,1.0,,,,,,,,,,,,,,,,9789874.0,,,,,,,,,,,0.0,10.104650497436523,0.0,,,,,,,,,,,,""
6491512501,"Jan 8, 2022, 2:13:43 PM",Afternoon Run,Run,,3015,9.25,186.0,89,false,,Mizuno,activities/6902234199.fit.gz,,,3015.0,2505.0,9253.83984375,5.136034965515137,3.6941475868225098,216.9276123046875,285.0,892.4000244140625,1006.7999877929688,28.8747501373291,-0.2096427083015442,,,90.0,85.98918151855469,,167.4197998046875,,,629.0,,,89.0,,,,,,,,,,,,,0.0,,1.0,9914.599609375,1641650432.0,1.0,-0.2199999988079071,-0.2199999988079071,-3.7899999618530273,0.7699999809265137,1012.9000244140625,1.2300000190734863,1.4600000381469727,211.0,0.0,1641625344.0,1641657344.0,0.2199999988079071,,9269722.0,0.0,,0.019999999552965164,16093.0,0.0,400.5,,,,0.0,3.0692670345306396,389.0,,,,,,,,,,,,""
6497077599,"Jan 9, 2022, 8:19:21 AM",Morning Activity,Alpine Ski,,23920,72.46,105.0,20,false,,,activities/6908205815.fit.gz,,,23920.0,13965.0,72464.171875,24.079999923706055,5.188986778259277,7940.05029296875,8790.0,1121.0999755859375,2986.199951171875,50.0,-0.8068811893463135,,,117.0,54.8273811340332,,78.4583740234375,,,967.0,,,20.0,,21,,,,,,,,,0.0,,0.0,,1.0,,1641715200.0,3.0,-7.340000152587891,-10.020000457763672,-7.730000019073486,0.9700000286102295,1006.5999755859375,1.4500000476837158,2.3399999141693115,351.0,0.02019999921321869,1641711616.0,1641743488.0,0.25,,,0.029999999329447746,6.0,0.9900000095367432,16093.0,0.0,396.0,,,,0.0,3.0294387340545654,27462.80078125,,,,,,,,,,,,""
6508037047,"Jan 11, 2022, 6:15:27 PM",Evening Ride,Ride,,2850,29.99,175.0,78,false,,Ridley,activities/6919928022.fit.gz,,8.100000381469727,2850.0,2850.0,29997.75,14.448046684265137,10.52552604675293,0.0,,,,0.0,0.0,,,,,,161.52386474609375,,,675.0,,,78.0,,,,,,,,,,,,,0.0,,1.0,,,,,,,,,,,,,,,,9789874.0,,,,,,,,,,,0.0,10.52552604675293,0.0,,,,,,,,,,,,""
6523272695,"Jan 14, 2022, 6:00:12 PM",Evening Run,Run,,2443,6.01,167.0,19,false,,Mizuno,activities/6936162642.fit.gz,,,2443.0,1623.0,6013.35009765625,5.754004001617432,3.705083131790161,96.87952423095703,199.0,925.0999755859375,965.5,43.65474319458008,0.011640765704214573,,,88.0,84.01811218261719,,145.65866088867188,,,353.0,,,19.0,,,,,,,,,,,,,0.0,,1.0,6365.60009765625,1642183168.0,1.0,4.96999979019165,3.2699999809265137,-0.3700000047683716,0.6800000071525574,1028.300048828125,2.059999942779541,2.069999933242798,15.0,0.0,1642143616.0,1642176128.0,0.4000000059604645,,9269722.0,0.0,,0.0,16093.0,0.0,314.8999938964844,,,,0.0,2.461461305618286,0.0,,,,,,,,,,,,""
6536489331,"Jan 16, 2022, 8:51:35 AM",Morning Activity,Alpine Ski,,9091,23.21,104.0,8,false,,,activities/6950380449.fit.gz,,,9091.0,7751.0,23216.900390625,17.459999084472656,2.995342493057251,2295.923095703125,2837.0,1169.5999755859375,1617.5999755859375,50.0,-1.6608591079711914,,,114.0,57.408573150634766,,70.00276184082031,,,534.0,,,8.0,,7,,,,,,,,,0.0,,0.0,,1.0,,1642320000.0,1.0,0.2199999988079071,0.2199999988079071,-2.950000047683716,0.7900000214576721,1024.4000244140625,1.309999942779541,1.4199999570846558,4.0,0.0,1642316288.0,1642349056.0,0.46000000834465027,,,0.0,,0.009999999776482582,16093.0,0.0,324.8999938964844,,,,0.0,2.553833484649658,21897.19921875,,,,,,,,,,,,""
6539266839,"Jan 17, 2022, 5:55:17 PM",Evening Activity,Weight Training,,3420,0,151.0,10,false,,,activities/6953365214.fit.gz,,,3420.0,3420.0,0.0,0.0,0.0,0.0,,,,0.0,0.0,,,,,,113.67835998535156,,,380.0,,,10.0,,,,,,,,,,,,,0.0,,1.0,,,,,,,,,,,,,,,,,,,,,,,,,,,0.0,0.0,0.0,,,,,,,,,,,,""
6544691986,"Jan 18, 2022, 6:15:39 PM",Evening Ride,Ride,,3248,30.00,177.0,89,false,,Ridley,activities/6959146520.fit.gz,,8.100000381469727,3248.0,3248.0,30004.0703125,11.470866203308105,9.237706184387207,0.0,,,,0.0,0.0,,,,,,161.16348266601562,,,772.0,,,89.0,,,,,,,,,,,,,0.0,,1.0,,,,,,,,,,,,,,,,9789874.0,,,,,,,,,,,0.0,9.237706184387207,0.0,,,,,,,,,,,,""
6554821865,"Jan 20, 2022, 5:47:58 PM",Evening Activity,Weight Training,,3408,0,146.0,10,false,,,activities/6969945732.fit.gz,,,3408.0,3408.0,0.0,0.0,0.0,0.0,,,,0.0,0.0,,,,,,112.86326599121094,,,378.0,,,10.0,,,,,,,,,,,,,0.0,,1.0,,,,,,,,,,,,,,,,,,,,,,,,,,,0.0,0.0,0.0,,,,,,,,,,,,""
6559626620,"Jan 21, 2022, 6:09:57 PM",Evening Ride,Ride,,3190,28.19,183.0,101,false,,Ridley,activities/6975079431.fit.gz,,8.100000381469727,3190.0,3190.0,28196.4296875,11.481689453125,8.839006423950195,0.0,,,,0.0,0.0,,,,,,163.4915313720703,,,760.0,,,101.0,,,,,,,,,,,,,0.0,,1.0,,,,,,,,,,,,,,,,9789874.0,,,,,,,,,,,0.0,8.839006423950195,0.0,,,,,,,,,,,,""
6569634414,"Jan 23, 2022, 8:18:52 AM",Morning Activity,Alpine Ski,,23799,46.51,102.0,12,false,,,activities/6985836765.fit.gz,,,23799.0,9769.0,46513.46875,24.160009384155273,4.761336803436279,4791.02392578125,5462.0,1337.300048828125,1865.699951171875,49.89059066772461,-0.7546195983886719,,,117.0,58.04335403442383,,71.88883972167969,,,658.0,,,12.0,,17,,,,,,,,,0.0,,0.0,,1.0,,1642924800.0,2.0,-1.600000023841858,-1.600000023841858,-8.649999618530273,0.5899999737739563,1029.5,0.7099999785423279,0.7300000190734863,55.0,0.0,1642920960.0,1642954496.0,0.6899999976158142,,,0.0,,0.6600000262260437,16093.0,0.0,338.70001220703125,,,,0.0,1.9544295072555542,24354.69921875,,,,,,,,,,,,""
6575639203,"Jan 24, 2022, 5:57:38 PM",Evening Activity,Weight Training,,4861,0,166.0,19,false,,,activities/6992305689.fit.gz,,,4861.0,4861.0,0.0,0.0,0.0,0.0,,,,0.0,0.0,,,,,,119.56366729736328,,,591.0,,,19.0,,,,,,,,,,,,,0.0,,1.0,,,,,,,,,,,,,,,,,,,,,,,,,,,0.0,0.0,0.0,,,,,,,,,,,,""
6586136010,"Jan 26, 2022, 6:17:40 PM",Evening Ride,Ride,,3194,31.18,178.0,101,false,,Ridley,activities/7003478360.fit.gz,,8.100000381469727,3194.0,3194.0,31186.66015625,11.973721504211426,9.764139175415039,0.0,,,,0.0,0.0,,,,,,164.36129760742188,,,790.0,,,101.0,,,,,,,,,,,,,0.0,,1.0,,,,,,,,,,,,,,,,9789874.0,,,,,,,,,,,0.0,9.764139175415039,0.0,,,,,,,,,,,,""
6591004321,"Jan 27, 2022, 6:04:31 PM",Evening Activity,Weight Training,,3423,0,136.0,9,false,,,activities/7008677005.fit.gz,,,3423.0,3423.0,0.0,0.0,0.0,0.0,,,,0.0,0.0,,,,,,111.2319564819336,,,346.0,,,9.0,,,,,,,,,,,,,0.0,,1.0,,,,,,,,,,,,,,,,,,,,,,,,,,,0.0,0.0,0.0,,,,,,,,,,,,""
6595934805,"Jan 28, 2022, 6:10:22 PM",Evening Run,Run,,2805,10.41,184.0,140,false,,Mizuno,activities/7013946400.fit.gz,,,2805.0,2805.0,10413.48046875,5.070019721984863,3.712470769882202,156.02952575683594,226.0,907.5999755859375,957.2000122070312,15.347516059875488,-0.12291759997606277,,,87.0,84.50285339355469,,176.19650268554688,,,737.0,,,140.0,,,,,,,,,,,,,0.0,,1.0,10745.2001953125,1643392768.0,1.0,1.690000057220459,-0.5799999833106995,-5.880000114440918,0.5699999928474426,1027.800048828125,2.0799999237060547,2.6500000953674316,18.0,0.0,1643352448.0,1643386880.0,0.8700000047683716,,9269722.0,0.0,,0.019999999552965164,16093.0,0.0,354.1000061035156,,,,0.0,3.712470769882202,366.3999938964844,,,,,,,,,,,,""
6606757122,"Jan 30, 2022, 5:46:24 PM",Evening Ride,Ride,,2774,25.70,181.0,106,false,,Ridley,activities/7025560389.fit.gz,,8.100000381469727,2774.0,2774.0,25706.958984375,11.680012702941895,9.267108917236328,0.0,,,,0.0,0.0,,,,,,169.29164123535156,,,672.0,,,106.0,,,,,,,,,,,,,0.0,,1.0,,,,,,,,,,,,,,,,9789874.0,,,,,,,,,,,0.0,9.267108917236328,0.0,,,,,,,,,,,,""
6611083490,"Jan 31, 2022, 6:00:25 PM",Evening Activity,Weight Training,,3436,0,146.0,9,false,,,activities/7030213910.fit.gz,,,3436.0,3436.0,0.0,0.0,0.0,0.0,,,,0.0,0.0,,,,,,107.67694854736328,,,330.0,,,9.0,,,,,,,,,,,,,0.0,,1.0,,,,,,,,,,,,,,,,,,,,,,,,,,,0.0,0.0,0.0,,,,,,,,,,,,""
6616200526,"Feb 1, 2022, 5:56:31 PM",Evening Run,Run,,3063,11.38,184.0,147,false,,Mizuno,activities/7035666611.fit.gz,,,3063.0,3063.0,11386.6103515625,5.183984279632568,3.7174699306488037,180.5,259.0,898.9000244140625,949.0999755859375,18.607065200805664,-0.013173366896808147,,,88.0,84.61686706542969,,174.75621032714844,,,779.0,,,147.0,,,,,,,,,,,,,0.0,,1.0,11774.400390625,1643734784.0,1.0,7.25,6.389999866485596,-1.909999966621399,0.5199999809265137,1015.0999755859375,1.6100000143051147,1.7999999523162842,40.0,0.0,1643697792.0,1643732864.0,0.019999999552965164,,9269722.0,0.0,,0.03999999910593033,16093.0,0.0,298.20001220703125,,,,0.0,3.7174699306488037,400.6000061035156,,,,,,,,,,,,""
6626627022,"Feb 3, 2022, 6:07:24 PM",Evening Activity,Weight Training,,3486,0,149.0,12,false,,,activities/7046769560.fit.gz,,,3486.0,3486.0,0.0,0.0,0.0,0.0,,,,0.0,0.0,,,,,,119.19219970703125,,,405.0,,,12.0,,,,,,,,,,,,,0.0,,1.0,,,,,,,,,,,,,,,,,,,,,,,,,,,0.0,0.0,0.0,,,,,,,,,,,,""
6640746073,"Feb 6, 2022, 8:23:57 AM",Morning Activity,Alpine Ski,,22862,71.28,120.0,24,false,,,activities/7061902837.fit.gz,,,22862.0,15241.0,71285.21875,21.479999542236328,4.677199840545654,9107.9892578125,9946.0,1158.5999755859375,2254.10009765625,50.0,-0.9007479548454285,,,114.0,53.755157470703125,,82.76506805419922,,,1110.0,,,24.0,,20,,,,,,,,,0.0,,0.0,,1.0,,1644134400.0,2.0,-3.4600000381469727,-3.4600000381469727,-14.149999618530273,0.4300000071525574,1023.7999877929688,1.0099999904632568,1.3899999856948853,349.0,0.0,1644129408.0,1644165120.0,0.20000000298023224,,,0.0,,0.8399999737739563,16093.0,0.0,330.0,,,,0.0,3.11806583404541,56189.3984375,,,,,,,,,,,,""
6646637870,"Feb 7, 2022, 6:11:41 PM",Evening Ride,Ride,,3725,35.56,179.0,125,false,,Ridley,activities/7068249547.fit.gz,,8.100000381469727,3725.0,3725.0,35565.66796875,12.548998832702637,9.547830581665039,0.0,,,,0.0,0.0,,,,,,166.91302490234375,,,890.0,,,125.0,,,,,,,,,,,,,0.0,,1.0,,,,,,,,,,,,,,,,9789874.0,,,,,,,,,,,0.0,9.547830581665039,0.0,,,,,,,,,,,,""
6651906498,"Feb 8, 2022, 6:00:03 PM",Evening Run,Run,,3742,13.44,186.0,133,false,,Mizuno,activities/7073871959.fit.gz,,,3742.0,3617.0,13443.8701171875,5.2733154296875,3.7168564796447754,52.249046325683594,259.0,300.6000061035156,305.29998779296875,3.2028915882110596,0.0029753337148576975,,,92.0,85.90119171142578,,168.26292419433594,,,871.0,,,133.0,,,,,,,,,,,,,0.0,,1.0,13474.2998046875,1644343168.0,1.0,5.309999942779541,4.210000038146973,-4.900000095367432,0.47999998927116394,1031.5999755859375,1.5700000524520874,1.590000033378601,9.0,0.0,1644302080.0,1644338304.0,0.25999999046325684,,9269722.0,0.0,,0.05000000074505806,16093.0,0.0,327.79998779296875,,,,0.0,3.59269642829895,0.0,,,,,,,,,,,,""
6662971919,"Feb 10, 2022, 7:19:07 PM",Evening Ride,Ride,,3048,31.58,179.0,89,false,,Ridley,activities/7085693762.fit.gz,,8.100000381469727,3048.0,3048.0,31584.279296875,12.317968368530273,10.362296104431152,0.0,,,,0.0,0.0,,,,,,162.3126678466797,,,729.0,,,89.0,,,,,,,,,,,,,0.0,,1.0,,,,,,,,,,,,,,,,9789874.0,,,,,,,,,,,0.0,10.362296104431152,0.0,,,,,,,,,,,,""
6667583687,"Feb 11, 2022, 6:27:31 PM",Evening Run,Run,,2730,10.21,184.0,84,false,,Mizuno,activities/7090654881.fit.gz,,,2730.0,2730.0,10209.8798828125,4.836669921875,3.739882707595825,175.08761596679688,259.0,907.5999755859375,957.0999755859375,18.456069946289062,-0.030362745746970177,,,87.0,85.15150451660156,,163.90145874023438,,,665.0,,,84.0,,,,,,,,,,,,,0.0,,1.0,10651.400390625,1644602368.0,2.0,3.1500000953674316,3.1500000953674316,1.8300000429153442,0.9100000262260437,1024.0,1.2799999713897705,1.6100000143051147,52.0,0.0,1644561024.0,1644597760.0,0.3499999940395355,,9269722.0,0.0,,0.6499999761581421,16093.0,0.0,346.20001220703125,,,,0.0,3.739882707595825,395.70001220703125,,,,,,,,,,,,""
6678297705,"Feb 13, 2022, 3:47:45 PM",Afternoon Run,Run,,2733,10.13,187.0,116,false,,Mizuno,activities/7102219308.fit.gz,,,2733.0,2724.0,10136.73046875,6.340000152587891,3.721266746520996,177.03237915039062,229.0,894.9000244140625,967.0,41.49768829345703,-0.0029595340602099895,,,88.0,85.81971740722656,,173.156982421875,,,692.0,,,116.0,,,,,,,,,,,,,0.0,,1.0,10640.7998046875,1644764416.0,1.0,2.009999990463257,2.009999990463257,-4.079999923706055,0.6399999856948853,1023.9000244140625,1.2899999618530273,1.2899999618530273,193.0,0.0,1644733696.0,1644770688.0,0.4099999964237213,,9269722.0,0.0,,0.23999999463558197,16093.0,0.0,353.0,,,,0.0,3.709012269973755,946.5,,,,,,,,,,,,""
6683230397,"Feb 14, 2022, 6:12:13 PM",Evening Activity,Weight Training,,3682,0,134.0,7,false,,,activities/7107579269.fit.gz,,,3682.0,3682.0,0.0,0.0,0.0,0.0,,,,0.0,0.0,,,,,,95.98777770996094,,,251.0,,,7.0,,,,,,,,,,,,,0.0,,1.0,,,,,,,,,,,,,,,,,,,,,,,,,,,0.0,0.0,0.0,,,,,,,,,,,,""
6688329551,"Feb 15, 2022, 6:33:58 PM",Evening Run,Run,,3702,12.11,183.0,70,false,,Mizuno,activities/7113042736.fit.gz,,,3702.0,3639.0,12117.5498046875,5.396093845367432,3.329911947250366,70.21416473388672,375.0,256.5,291.79998779296875,11.471134185791016,0.007427243981510401,,,90.0,83.85977172851562,,152.86981201171875,,,805.0,,,70.0,,,,,,,,,,,,,0.0,,1.0,12220.599609375,1644947968.0,3.0,5.630000114440918,5.630000114440918,3.940000057220459,0.8899999856948853,1015.2000122070312,0.8500000238418579,0.949999988079071,315.0,0.06520000100135803,1644906240.0,1644943744.0,0.4699999988079071,,9269722.0,0.2199999988079071,5.0,0.8799999952316284,16093.0,0.0,385.8999938964844,,,,0.0,3.2732441425323486,166.1999969482422,,,,,,,,,,,,""
6693322243,"Feb 16, 2022, 6:35:46 PM",Evening Ride,Ride,,2705,25.58,171.0,59,false,,Ridley,activities/7118388450.fit.gz,,8.100000381469727,2705.0,2705.0,25579.80078125,11.374186515808105,9.456488609313965,0.0,,,,0.0,0.0,,,,,,154.3426971435547,,,580.0,,,59.0,,,,,,,,,,,,,0.0,,1.0,,,,,,,,,,,,,,,,9789874.0,,,,,,,,,,,0.0,9.456488609313965,0.0,,,,,,,,,,,,""
6712202908,"Feb 20, 2022, 8:24:40 AM",Morning Activity,Alpine Ski,,25793,59.43,124.0,17,false,,,activities/7138741287.fit.gz,,,25793.0,12234.0,59434.80078125,23.540000915527344,4.858165740966797,6721.50634765625,7635.0,1121.4000244140625,2982.699951171875,50.0,-1.0042937994003296,,,78.0,52.949771881103516,,78.05968475341797,,,975.0,,,17.0,,16,,,,,,,,,0.0,,0.0,,1.0,,1645344000.0,1.0,-1.7599999904632568,-3.7200000286102295,-7.230000019073486,0.6600000262260437,1020.7999877929688,1.4800000190734863,2.140000104904175,342.0,0.0,1645337600.0,1645375872.0,0.6399999856948853,,,0.0,,0.10999999940395355,16093.0,0.0,385.70001220703125,,,,0.0,2.3042995929718018,38023.30078125,,,,,,,,,,,,""
6717973073,"Feb 21, 2022, 5:57:35 PM",Evening Run,Run,,5769,17.01,188.0,137,false,,Mizuno,activities/7144961353.fit.gz,,,5769.0,4717.0,17009.01953125,5.382031440734863,3.6058976650238037,85.88619232177734,545.0,247.10000610351562,283.5,9.220316886901855,-0.004703387152403593,,,92.0,85.41250610351562,,162.40403747558594,,,1117.0,,,137.0,,,,,,,,,,,,,0.0,,1.0,17084.80078125,1645462784.0,1.0,11.609999656677246,11.609999656677246,-3.9800000190734863,0.33000001311302185,1005.5999755859375,3.559999942779541,4.690000057220459,331.0,0.0,1645424128.0,1645462656.0,0.6700000166893005,,9269722.0,0.0,,0.09000000357627869,16093.0,0.0,381.1000061035156,,,,0.0,2.948348045349121,466.0,,,,,,,,,,,,""
6722743252,"Feb 22, 2022, 6:23:06 PM",Evening Activity,Weight Training,,3507,0,132.0,8,false,,,activities/7150068121.fit.gz,,,3507.0,3507.0,0.0,0.0,0.0,0.0,,,,0.0,0.0,,,,,,104.10521697998047,,,292.0,,,8.0,,,,,,,,,,,,,0.0,,1.0,,,,,,,,,,,,,,,,,,,,,,,,,,,0.0,0.0,0.0,,,,,,,,,,,,""
6728006267,"Feb 23, 2022, 6:12:38 PM",Evening Ride,Ride,,3089,27.52,179.0,94,false,,Ridley,activities/7155730607.fit.gz,,8.100000381469727,3089.0,3089.0,27521.5703125,12.262890815734863,8.909540176391602,0.0,,,,0.0,0.0,,,,,,163.1158905029297,,,718.0,,,94.0,,,,,,,,,,,,,0.0,,1.0,,,,,,,,,,,,,,,,9789874.0,,,,,,,,,,,0.0,8.909540176391602,0.0,,,,,,,,,,,,""
6752675584,"Feb 28, 2022, 5:55:08 PM",Evening Run,Run,,3325,11.34,185.0,106,false,,Mizuno,activities/7182437211.fit.gz,,,3325.0,3076.0,11347.58984375,4.580078125,3.6890735626220703,176.3909912109375,294.0,900.7000122070312,950.5999755859375,12.88019847869873,-0.02291235327720642,,,88.0,85.14327239990234,,165.9518585205078,,,758.0,,,106.0,,,,,,,,,,,,,0.0,,1.0,11724.2998046875,1646067584.0,1.0,6.659999847412109,6.659999847412109,-1.649999976158142,0.550000011920929,1024.9000244140625,1.2100000381469727,1.3300000429153442,103.0,0.0,1646028160.0,1646067968.0,0.9300000071525574,,9269722.0,0.0,,0.0,16093.0,0.0,369.1000061035156,,,,0.0,3.412809133529663,645.9000244140625,,,,,,,,,,,,""
6757879746,"Mar 1, 2022, 6:02:09 PM",Evening Activity,Weight Training,,3971,0,139.0,10,false,,,activities/7188047907.fit.gz,,,3971.0,3971.0,0.0,0.0,0.0,0.0,,,,0.0,0.0,,,,,,107.54042053222656,,,353.0,,,10.0,,,,,,,,,,,,,0.0,,1.0,,,,,,,,,,,,,,,,,,,,,,,,,,,0.0,0.0,0.0,,,,,,,,,,,,""
6763003265,"Mar 2, 2022, 6:13:52 PM",Evening Ride,Ride,,3363,31.78,176.0,94,false,,Ridley,activities/7193552488.fit.gz,,8.100000381469727,3363.0,3363.0,31782.669921875,11.027506828308105,9.450690269470215,0.0,,,,0.0,0.0,,,,,,161.1373748779297,,,779.0,,,94.0,,,,,,,,,,,,,0.0,,1.0,,,,,,,,,,,,,,,,9789874.0,,,,,,,,,,,0.0,9.450690269470215,0.0,,,,,,,,,,,,""
6768040987,"Mar 3, 2022, 5:51:45 PM",Evening Activity,Weight Training,,3986,0,139.0,9,false,,,activities/7198963758.fit.gz,,,3986.0,3986.0,0.0,0.0,0.0,0.0,,,,0.0,0.0,,,,,,98.81309509277344,,,301.0,,,9.0,,,,,,,,,,,,,0.0,,1.0,,,,,,,,,,,,,,,,,,,,,,,,,,,0.0,0.0,0.0,,,,,,,,,,,,""
6772779214,"Mar 4, 2022, 6:07:30 PM",Evening Run,Run,,3270,12.00,185.0,92,false,,Mizuno,activities/7204063223.fit.gz,,,3270.0,3226.0,12007.3603515625,4.991617679595947,3.7220582962036133,164.09666442871094,468.0,900.7000122070312,950.7999877929688,16.118118286132812,0.06995709240436554,,,90.0,85.26863098144531,,161.55076599121094,,,755.0,,,92.0,,,,,,,,,,,,,0.0,,1.0,12377.5,1646416768.0,2.0,1.0700000524520874,-0.36000001430511475,-1.2999999523162842,0.8399999737739563,1015.5,1.3899999856948853,2.0199999809265137,38.0,0.10949999839067459,1646373376.0,1646413952.0,0.07000000029802322,,9269722.0,0.11999999731779099,6.0,0.6700000166893005,2358.0,0.0,358.3999938964844,,,,0.0,3.671975612640381,0.0,,,,,,,,,,,,""
6782551454,"Mar 6, 2022, 8:28:00 AM",Morning Activity,Alpine Ski,,21646,66.76,115.0,20,false,,,activities/7214629854.fit.gz,,,21646.0,13643.0,66765.5234375,21.34000015258789,4.893754959106445,8827.0244140625,9785.0,1159.0999755859375,2251.199951171875,50.0,-1.1320217847824097,,,116.0,56.495296478271484,,80.23466491699219,,,925.0,,,20.0,,19,,,,,,,,,0.0,,0.0,,1.0,,1646553600.0,1.0,-9.760000228881836,-9.760000228881836,-12.020000457763672,0.8399999737739563,1018.7000122070312,0.6100000143051147,1.059999942779541,284.0,0.016599999740719795,1646545792.0,1646586752.0,0.14000000059604645,,,0.019999999552965164,6.0,0.25999999046325684,16093.0,1.0,393.5,,,,0.0,3.084427833557129,54063.8984375,,,,,,,,,,,,""
6788516398,"Mar 7, 2022, 6:08:07 PM",Evening Activity,Weight Training,,3650,0,142.0,9,false,,,activities/7221106952.fit.gz,,,3650.0,3650.0,0.0,0.0,0.0,0.0,,,,0.0,0.0,,,,,,105.66465759277344,,,328.0,,,9.0,,,,,,,,,,,,,0.0,,1.0,,,,,,,,,,,,,,,,,,,,,,,,,,,0.0,0.0,0.0,,,,,,,,,,,,""
6793550418,"Mar 8, 2022, 6:15:39 PM",Evening Ride,Ride,,2725,25.99,177.0,69,false,,Ridley,activities/7226501011.fit.gz,,8.100000381469727,2725.0,2725.0,25992.0390625,12.431055068969727,9.538363456726074,0.0,,,,0.0,0.0,,,,,,159.26824951171875,,,637.0,,,69.0,,,,,,,,,,,,,0.0,,1.0,,,,,,,,,,,,,,,,9789874.0,,,,,,,,,,,0.0,9.538363456726074,0.0,,,,,,,,,,,,""
6798879360,"Mar 9, 2022, 6:19:02 PM",Evening Run,Run,,2833,10.51,182.0,103,false,,Mizuno,activities/7232228889.fit.gz,,,2833.0,2805.0,10511.4501953125,5.083333492279053,3.7473976612091064,177.18190002441406,284.0,900.7000122070312,951.2999877929688,27.917755126953125,-0.01617283932864666,,,89.0,85.83124542236328,,168.56134033203125,,,697.0,,,103.0,,,,,,,,,,,,,0.0,,1.0,10971.5,1646848768.0,1.0,1.8200000524520874,1.8200000524520874,-4.369999885559082,0.6399999856948853,1022.7000122070312,0.8600000143051147,0.8700000047683716,10.0,0.0,1646804736.0,1646846464.0,0.23000000417232513,,9269722.0,0.0,,0.07000000029802322,16093.0,0.0,369.8999938964844,,,,0.0,3.710360050201416,483.3999938964844,,,,,,,,,,,,""
6808559502,"Mar 11, 2022, 5:51:59 PM",Evening Activity,Weight Training,,3561,0,137.0,9,false,,,activities/7242677069.fit.gz,,,3561.0,3561.0,0.0,0.0,0.0,0.0,,,,0.0,0.0,,,,,,104.80792236328125,,,300.0,,,9.0,,,,,,,,,,,,,0.0,,1.0,,,,,,,,,,,,,,,,,,,,,,,,,,,0.0,0.0,0.0,,,,,,,,,,,,""
6813748615,"Mar 12, 2022, 5:14:21 PM",Evening Ride,Ride,,3548,32.58,178.0,112,false,,Ridley,activities/7248267231.fit.gz,,8.100000381469727,3548.0,3548.0,32580.5703125,12.556005477905273,9.182798385620117,0.0,,,,0.0,0.0,,,,,,165.71702575683594,,,853.0,,,112.0,,,,,,,,,,,,,0.0,,1.0,,,,,,,,,,,,,,,,9789874.0,,,,,,,,,,,0.0,9.182798385620117,0.0,,,,,,,,,,,,""
6824149058,"Mar 14, 2022, 6:10:59 PM",Evening Activity,Weight Training,,3714,0,130.0,9,false,,,activities/7259561316.fit.gz,,,3714.0,3714.0,0.0,0.0,0.0,0.0,,,,0.0,0.0,,,,,,105.24286651611328,,,324.0,,,9.0,,,,,,,,,,,,,0.0,,1.0,,,,,,,,,,,,,,,,,,,,,,,,,,,0.0,0.0,0.0,,,,,,,,,,,,""
6829276624,"Mar 15, 2022, 6:01:32 PM",Evening Run,Run,,3277,11.73,186.0,111,false,,Mizuno,activities/7265058878.fit.gz,,,3277.0,3123.0,11738.41015625,5.425976753234863,3.7586967945098877,154.5611114501953,272.0,900.7000122070312,950.2000122070312,20.779279708862305,-0.019593793898820877,,,89.0,85.49662780761719,,168.00064086914062,,,766.0,,,111.0,,,,,,,,,,,,,0.0,,1.0,12073.599609375,1647367168.0,3.0,5.110000133514404,5.110000133514404,2.1700000762939453,0.8100000023841858,1030.0,0.6399999856948853,0.8799999952316284,301.0,0.0,1647322496.0,1647365248.0,0.41999998688697815,,9269722.0,0.0,,0.9200000166893005,16093.0,0.0,379.20001220703125,,,,0.0,3.582059860229492,0.0,,,,,,,,,,,,""
6834602600,"Mar 16, 2022, 6:02:54 PM",Evening Activity,Weight Training,,3835,0,129.0,8,false,,,activities/7270760109.fit.gz,,,3835.0,3835.0,0.0,0.0,0.0,0.0,,,,0.0,0.0,,,,,,95.14628601074219,,,258.0,,,8.0,,,,,,,,,,,,,0.0,,1.0,,,,,,,,,,,,,,,,,,,,,,,,,,,0.0,0.0,0.0,,,,,,,,,,,,""
6841590687,"Mar 17, 2022, 5:56:31 PM",Evening Ride,Ride,,2148,20.55,174.0,58,false,,Ridley,activities/7278258081.fit.gz,,8.100000381469727,2148.0,2148.0,20558.529296875,12.616015434265137,9.57101058959961,0.0,,,,0.0,0.0,,,,,,160.98463439941406,,,505.0,,,58.0,,,,,,,,,,,,,0.0,,1.0,,,,,,,,,,,,,,,,9789874.0,,,,,,,,,,,0.0,9.57101058959961,0.0,,,,,,,,,,,,""
6844454085,"Mar 18, 2022, 6:00:16 PM",Evening Run,Run,,2800,10.54,183.0,104,false,,Mizuno,activities/7281344043.fit.gz,,,2800.0,2800.0,10541.650390625,5.4599609375,3.7648749351501465,154.36619567871094,243.0,900.7000122070312,950.0,15.529401779174805,-0.11573141068220139,,,89.0,86.14791107177734,,169.14968872070312,,,695.0,,,104.0,,,,,,,,,,,,,0.0,,1.0,10852.900390625,1647626368.0,3.0,4.480000019073486,4.480000019073486,3.5799999237060547,0.9399999976158142,1034.0,0.8199999928474426,1.0399999618530273,329.0,0.10440000146627426,1647581312.0,1647624704.0,0.5199999809265137,,9269722.0,0.15000000596046448,5.0,0.8899999856948853,16093.0,0.0,369.29998779296875,,,,0.0,3.7648749351501465,411.3999938964844,,,,,,,,,,,,""
6855903427,"Mar 20, 2022, 6:11:42 PM",Evening Run,Run,,2845,10.05,184.0,117,false,,Mizuno,activities/7293774567.fit.gz,,,2845.0,2840.0,10053.6005859375,4.844991207122803,3.5400002002716064,179.70046997070312,235.0,900.7000122070312,964.2999877929688,45.17231750488281,0.1303015798330307,,,88.0,85.35494995117188,,172.0964813232422,,,702.0,,,117.0,,,,,,,,,,,,,0.0,,1.0,10494.599609375,1647799168.0,2.0,3.200000047683716,3.200000047683716,-4.650000095367432,0.5600000023841858,1034.5,0.75,1.2400000095367432,161.0,0.0,1647753856.0,1647797632.0,0.5899999737739563,,9269722.0,0.0,,0.8600000143051147,16093.0,0.0,362.70001220703125,,,,0.0,3.533778667449951,636.5,,,,,,,,,,,,""
6860468315,"Mar 21, 2022, 5:51:57 PM",Evening Activity,Weight Training,,3888,0,136.0,10,false,,,activities/7298746458.fit.gz,,,3888.0,3888.0,0.0,0.0,0.0,0.0,,,,0.0,0.0,,,,,,107.50360107421875,,,351.0,,,10.0,,,,,,,,,,,,,0.0,,1.0,,,,,,,,,,,,,,,,,,,,,,,,,,,0.0,0.0,0.0,,,,,,,,,,,,""
6865921747,"Mar 22, 2022, 6:22:49 PM",Evening Ride,Ride,,2213,20.19,176.0,48,false,,Ridley,activities/7304597840.fit.gz,,8.100000381469727,2213.0,2213.0,20198.87109375,12.924023628234863,9.12736988067627,0.0,,,,0.0,0.0,,,,,,155.43650817871094,,,479.0,,,48.0,,,,,,,,,,,,,0.0,,1.0,,,,,,,,,,,,,,,,9789874.0,,,,,,,,,,,0.0,9.12736988067627,0.0,,,,,,,,,,,,""
6876707118,"Mar 24, 2022, 6:02:01 PM",Evening Activity,Weight Training,,3532,0,135.0,8,false,,,activities/7316199979.fit.gz,,,3532.0,3532.0,0.0,0.0,0.0,0.0,,,,0.0,0.0,,,,,,102.22310638427734,,,291.0,,,8.0,,,,,,,,,,,,,0.0,,1.0,,,,,,,,,,,,,,,,,,,,,,,,,,,0.0,0.0,0.0,,,,,,,,,,,,""
6881632431,"Mar 25, 2022, 6:07:59 PM",Evening Run,Run,,3098,11.42,187.0,120,false,,Mizuno,activities/7321523422.fit.gz,,,3098.0,3098.0,11421.26953125,5.233996391296387,3.686659097671509,282.1761779785156,256.0,899.9000244140625,982.0999755859375,43.895023345947266,0.0954359769821167,,,88.0,85.40503692626953,,170.20477294921875,,,770.0,,,120.0,,,,,,,,,,,,,0.0,,1.0,12320.099609375,1648231168.0,1.0,8.600000381469727,8.600000381469727,-5.800000190734863,0.36000001430511475,1023.5999755859375,0.8999999761581421,1.0700000524520874,7.0,0.0,1648185344.0,1648230016.0,0.7699999809265137,,9269722.0,0.0,,0.019999999552965164,16093.0,0.0,343.8999938964844,,,,0.0,3.686659097671509,402.1000061035156,,,,,,,,,,,,""
6884620353,"Mar 26, 2022, 8:28:38 AM",Morning Ride,Ride,,12163,77.08,171.0,178,false,,Ridley,activities/7324788656.fit.gz,,8.100000381469727,12163.0,11430.0,77083.765625,15.101953506469727,6.743986129760742,1205.8236083984375,1717.0,251.39999389648438,951.5,18.627859115600586,-0.0028540382627397776,,,,,,146.83740234375,,139.74752807617188,1968.0,,,178.0,,,,,,,,,,,,,0.0,,1.0,,1648281600.0,1.0,13.75,13.75,-2.4200000762939453,0.33000001311302185,1027.199951171875,1.1299999952316284,1.2400000095367432,134.0,0.0,1648271616.0,1648316544.0,0.8100000023841858,9789874.0,,0.0,,0.019999999552965164,16093.0,2.0,311.29998779296875,,,,0.0,6.33756160736084,0.0,,,,,,,,,,,,""
6897514032,"Mar 28, 2022, 4:25:37 PM",Evening Ride,Ride,,4189,26.12,171.0,70,false,,Ridley,activities/7338946034.fit.gz,,8.100000381469727,4189.0,4087.0,26124.05078125,15.506054878234863,6.391986846923828,649.2416381835938,482.0,308.29998779296875,941.7000122070312,44.445343017578125,0.8161062002182007,,,,,,148.62269592285156,,178.22251892089844,814.0,,,70.0,,,,,,,,,,,,,0.0,,1.0,,1648483200.0,1.0,14.0,14.0,-0.14000000059604645,0.3799999952316284,1020.0999755859375,1.7100000381469727,1.809999942779541,177.0,0.0,1648444160.0,1648489472.0,0.8799999952316284,9789874.0,,0.0,,0.11999999731779099,16093.0,1.0,329.0,,,,0.0,6.236345291137695,0.0,,,,,,,,,,,,""
6902801369,"Mar 29, 2022, 5:00:32 PM",Evening Activity,Weight Training,,3500,0,129.0,7,false,,,activities/7344650597.fit.gz,,,3500.0,3500.0,0.0,0.0,0.0,0.0,,,,0.0,0.0,,,,,,96.38914489746094,,,251.0,,,7.0,,,,,,,,,,,,,0.0,,1.0,,,,,,,,,,,,,,,,,,,,,,,,,,,0.0,0.0,0.0,,,,,,,,,,,,""
6907790965,"Mar 30, 2022, 5:08:52 PM",Evening Run,Run,,2687,10.06,177.0,84,false,,Mizuno,activities/7350073290.fit.gz,,,2687.0,2687.0,10060.0302734375,5.309977054595947,3.7439637184143066,150.17416381835938,288.0,895.9000244140625,948.9000244140625,18.25238037109375,-0.018886623904109,,,88.0,85.28986358642578,,165.79359436035156,,,655.0,,,84.0,,,,,,,,,,,,,0.0,,1.0,10387.5,1648659584.0,3.0,5.880000114440918,5.880000114440918,5.880000114440918,1.0,1001.5999755859375,0.699999988079071,0.8799999952316284,186.0,0.1379999965429306,1648616704.0,1648662400.0,0.949999988079071,,9269722.0,0.17000000178813934,5.0,0.9900000095367432,16093.0,0.0,372.29998779296875,,,,0.0,3.7439637184143066,649.5,,,,,,,,,,,,""
6927021205,"Apr 3, 2022, 4:41:48 PM",Evening Run,Run,,2587,9.34,181.0,75,false,,Mizuno,activities/7370946930.fit.gz,,,2587.0,2479.0,9345.7998046875,12.017969131469727,3.7699878215789795,155.90321350097656,210.0,876.0,959.7999877929688,31.123857498168945,0.29210981726646423,,,88.0,85.36370849609375,,162.85948181152344,,,594.0,,,75.0,,,,,,,,,,,,,0.0,,1.0,9852.0,1649001600.0,3.0,2.6600000858306885,2.6600000858306885,0.9200000166893005,0.8799999952316284,1014.0999755859375,1.2200000286102295,1.5700000524520874,154.0,0.1388999968767166,1648961920.0,1649008384.0,0.07999999821186066,,9269722.0,0.07000000029802322,6.0,0.9900000095367432,16093.0,0.0,413.6000061035156,,,,0.0,3.6126015186309814,101.0,,,,,,,,,,,,""
6931274320,"Apr 4, 2022, 5:04:52 PM",Evening Run,Run,,3355,12.03,185.0,122,false,,Mizuno,activities/7375589375.fit.gz,,,3355.0,3142.0,12029.2998046875,5.336035251617432,3.8285486698150635,52.542022705078125,195.0,296.20001220703125,309.3999938964844,5.961286544799805,-0.002493910724297166,,,90.0,85.75757598876953,,169.2428436279297,,,784.0,,,122.0,,,,,,,,,,,,,0.0,,1.0,12056.400390625,1649091584.0,2.0,10.420000076293945,10.420000076293945,3.869999885559082,0.6399999856948853,1015.2000122070312,0.8999999761581421,1.340000033378601,47.0,0.007499999832361937,1649048192.0,1649094784.0,0.10999999940395355,,9269722.0,0.019999999552965164,5.0,0.6800000071525574,16093.0,0.0,367.79998779296875,,,,0.0,3.585484266281128,3162.199951171875,,,,,,,,,,,,""
6936241846,"Apr 5, 2022, 5:09:46 PM",Evening Ride,Ride,,2748,25.07,174.0,78,false,,Ridley,activities/7380920048.fit.gz,,8.100000381469727,2748.0,2748.0,25074.609375,10.575846672058105,9.124675750732422,0.0,,,,0.0,0.0,,,,,,162.4417724609375,,,659.0,,,78.0,,,,,,,,,,,,,0.0,,1.0,,,,,,,,,,,,,,,,9789874.0,,,,,,,,,,,0.0,9.124675750732422,0.0,,,,,,,,,,,,""
6954083550,"Apr 9, 2022, 8:17:21 AM",Morning Activity,Alpine Ski,,15192,37.70,135.0,19,false,,,activities/7400156191.fit.gz,,,15192.0,8528.0,37702.98828125,16.540000915527344,4.421083450317383,4653.27392578125,4798.0,1813.0,2759.5,49.834983825683594,-0.5291355848312378,,,106.0,55.29181671142578,,97.09294891357422,,,935.0,,,19.0,,12,,,,,,,,,0.0,,0.0,,1.0,,1649491200.0,3.0,-3.0899999141693115,-7.860000133514404,-3.7899999618530273,0.949999988079071,1007.9000244140625,3.7100000381469727,5.789999961853027,343.0,0.07609999924898148,1649479552.0,1649527168.0,0.27000001072883606,,,0.10999999940395355,6.0,0.8899999856948853,9348.0,2.0,352.29998779296875,,,,0.0,2.4817659854888916,19356.099609375,,,,,,,,,,,,""
6959561401,"Apr 10, 2022, 7:30:14 AM",Morning Activity,Alpine Ski,,18644,57.41,113.0,16,false,,,activities/7406096828.fit.gz,,,18644.0,10922.0,57410.01171875,22.739999771118164,5.256363391876221,7664.54541015625,8291.0,1810.300048828125,2707.89990234375,50.0,-1.0010451078414917,,,99.0,55.66933822631836,,80.0924301147461,,,728.0,,,16.0,,19,,,,,,,,,0.0,,0.0,,1.0,,1649574016.0,2.0,-11.399999618530273,-15.960000038146973,-14.619999885559082,0.7699999809265137,1022.0999755859375,2.130000114440918,3.390000104904175,342.0,0.010900000110268593,1649565824.0,1649613696.0,0.30000001192092896,,,0.029999999329447746,6.0,0.550000011920929,16093.0,1.0,352.8999938964844,,,,0.0,3.079275369644165,22548.900390625,,,,,,,,,,,,""
6971433775,"Apr 12, 2022, 5:16:26 PM",Evening Run,Run,,3297,10.56,186.0,106,false,,Mizuno,activities/7418994360.fit.gz,,,3297.0,2964.0,10567.73046875,5.491991996765137,3.565361261367798,20.5,193.0,256.5,268.70001220703125,2.787461280822754,0.0,,,92.0,84.38398742675781,,167.19810485839844,,,726.0,,,106.0,,,,,,,,,,,,,0.0,,1.0,10579.7001953125,1649782784.0,3.0,16.15999984741211,16.15999984741211,3.859999895095825,0.4399999976158142,1018.0999755859375,1.3200000524520874,1.7599999904632568,192.0,0.0,1649738496.0,1649786624.0,0.36000001430511475,,9269722.0,0.0,,0.9800000190734863,16093.0,0.0,330.70001220703125,,,,0.0,3.205256462097168,287.3999938964844,,,,,,,,,,,,""
6976861166,"Apr 13, 2022, 4:23:51 PM",Evening Ride,Ride,,5237,35.41,180.0,144,false,,Ridley,activities/7424848410.fit.gz,,8.100000381469727,5237.0,5237.0,35417.34765625,16.06000328063965,6.762907981872559,853.8468627929688,920.0,427.1000061035156,1014.0,27.061643600463867,0.0005646949866786599,,,,,,160.96810913085938,,166.69886779785156,1190.0,,,144.0,,,,,,,,,,,,,0.0,,1.0,,1649865600.0,3.0,15.920000076293945,15.920000076293945,7.03000020980835,0.5600000023841858,1018.5999755859375,1.5700000524520874,1.5800000429153442,183.0,0.0,1649824768.0,1649873152.0,0.38999998569488525,9789874.0,,0.0,,0.9800000190734863,16093.0,1.0,337.6000061035156,,,,0.0,6.762907981872559,0.0,,,,,,,,,,,,""
6987090780,"Apr 15, 2022, 4:57:48 PM",Evening Run,Run,,3292,12.03,187.0,154,false,,Mizuno,activities/7435925047.fit.gz,,,3292.0,3107.0,12037.9697265625,5.197998046875,3.874467134475708,51.60762023925781,251.0,296.20001220703125,309.29998779296875,2.8665049076080322,0.0,,,89.0,85.4763412475586,,176.5753936767578,,,812.0,,,154.0,,,,,,,,,,,,,0.0,,1.0,12060.7001953125,1650038400.0,1.0,20.420000076293945,20.420000076293945,8.460000038146973,0.46000000834465027,1017.0999755859375,1.6200000047683716,1.690000057220459,167.0,0.017000000923871994,1649997312.0,1650046080.0,0.46000000834465027,,9269722.0,0.019999999552965164,5.0,0.1599999964237213,16093.0,1.0,351.8999938964844,,,,0.0,3.6567344665527344,3078.699951171875,,,,,,,,,,,,""
7001060898,"Apr 18, 2022, 9:10:50 AM",Lunch Ride,Ride,,6295,38.76,176.0,147,false,,Ridley,activities/7451174739.fit.gz,,8.100000381469727,6295.0,6176.0,38766.55859375,16.270000457763672,6.276968955993652,1009.8706665039062,1154.0,318.79998779296875,942.7000122070312,40.0835075378418,0.0,,,,,,156.9912567138672,,159.7491455078125,1344.0,,,147.0,,,,,,,,,,,,,0.0,,1.0,,1650272384.0,2.0,7.199999809265137,6.0,-1.25,0.550000011920929,1015.5,1.9299999475479126,2.0399999618530273,194.0,0.0,1650256256.0,1650305536.0,0.5699999928474426,9789874.0,,0.0,,0.44999998807907104,16093.0,3.0,368.8999938964844,,,,0.0,6.158309459686279,0.0,,,,,,,,,,,,""
7008276790,"Apr 19, 2022, 4:48:12 PM",Evening Activity,Weight Training,,3820,0,115.0,6,false,,,activities/7459029913.fit.gz,,,3820.0,3820.0,0.0,0.0,0.0,0.0,,,,0.0,0.0,,,,,,85.28324890136719,,,189.0,,,6.0,,,,,,,,,,,,,0.0,,1.0,,,,,,,,,,,,,,,,,,,,,,,,,,,0.0,0.0,0.0,,,,,,,,,,,,""
7013777095,"Apr 20, 2022, 5:08:57 PM",Evening Run,Run,,3561,13.43,192.0,112,false,,Mizuno,activities/7464960095.fit.gz,,,3561.0,3478.0,13429.5498046875,5.302490234375,3.8612852096557617,65.26667022705078,290.0,274.5,309.3999938964844,6.671118259429932,0.0,,,88.0,85.04402923583984,,164.70590209960938,,,860.0,,,112.0,,,,,,,,,,,,,0.0,,1.0,13475.5,1650473984.0,3.0,12.34000015258789,12.34000015258789,6.940000057220459,0.699999988079071,1011.7999877929688,1.0,1.1399999856948853,189.0,0.0,1650428800.0,1650478464.0,0.6499999761581421,,9269722.0,0.0,,0.9900000095367432,16093.0,0.0,369.3999938964844,,,,0.0,3.7712862491607666,9040.900390625,,,,,,,,,,,,""
7024045695,"Apr 22, 2022, 5:32:39 PM",Evening Run,Run,,2829,10.66,184.0,128,false,,Mizuno,activities/7476060336.fit.gz,,,2829.0,2829.0,10661.91015625,5.850000381469727,3.7687911987304688,169.96603393554688,230.0,900.7000122070312,949.0999755859375,17.0059871673584,0.0,,,88.0,85.67927551269531,,173.61351013183594,,,721.0,,,128.0,,,,,,,,,,,,,0.0,,1.0,11018.0,1650646784.0,3.0,7.489999771118164,7.489999771118164,7.489999771118164,1.0,1002.2999877929688,1.2400000095367432,2.0299999713897705,153.0,0.061799999326467514,1650601472.0,1650651392.0,0.7200000286102295,,9269722.0,0.07000000029802322,5.0,0.9800000190734863,16093.0,0.0,364.0,,,,0.0,3.7687911987304688,654.2000122070312,,,,,,,,,,,,""
7038127277,"Apr 25, 2022, 6:35:09 AM",Morning Ride,Ride,,18276,102.96,173.0,328,false,,Ridley,activities/7491440732.fit.gz,,8.100000381469727,18276.0,16343.0,102967.34375,16.737890243530273,6.300394058227539,2070.83740234375,2374.0,202.3000030517578,1073.699951171875,49.731021881103516,0.0,,,,,,152.2456817626953,,148.02496337890625,3107.0,,,328.0,,,,,,,,,,,,,0.0,,1.0,,1650866432.0,2.0,7.809999942779541,7.809999942779541,5.28000020980835,0.8399999737739563,1008.5999755859375,1.2699999809265137,1.8899999856948853,26.0,0.03060000017285347,1650860288.0,1650910848.0,0.8299999833106995,9789874.0,,0.07999999821186066,5.0,0.8500000238418579,16093.0,0.0,390.1000061035156,,,,0.0,5.634019374847412,322.79998779296875,,,,,,,,,,,,""
7051163688,"Apr 27, 2022, 4:25:00 PM",Evening Ride,Ride,,4618,30.08,172.0,87,false,,Ridley,activities/7505500257.fit.gz,,8.100000381469727,4618.0,4499.0,30079.640625,15.482030868530273,6.685850143432617,746.3336181640625,805.0,369.0559997558594,1014.0,16.741973876953125,0.0009973524138331413,,,,,,152.1767120361328,,170.63037109375,926.0,,,87.0,,,,,,,,,,,,,0.0,,1.0,,1651075200.0,2.0,16.790000915527344,16.790000915527344,10.220000267028809,0.6499999761581421,1017.5,1.600000023841858,1.8300000429153442,187.0,0.01600000075995922,1651032960.0,1651083776.0,0.8999999761581421,9789874.0,,0.03999999910593033,5.0,0.5600000023841858,16093.0,1.0,368.3999938964844,,,,0.0,6.513564109802246,0.0,,,,,,,,,,,,""
7055975853,"Apr 28, 2022, 5:16:59 PM",Evening Activity,Weight Training,,3714,0,135.0,9,false,,,activities/7510689234.fit.gz,,,3714.0,3714.0,0.0,0.0,0.0,0.0,,,,0.0,0.0,,,,,,105.71378326416016,,,330.0,,,9.0,,,,,,,,,,,,,0.0,,1.0,,,,,,,,,,,,,,,,,,,,,,,,,,,0.0,0.0,0.0,,,,,,,,,,,,""
7060809466,"Apr 29, 2022, 5:16:21 PM",Evening Run,Run,,2671,10.14,186.0,92,false,,Mizuno,activities/7515920845.fit.gz,,,2671.0,2671.0,10144.359375,5.1512451171875,3.7979631423950195,156.6233367919922,230.0,892.7999877929688,949.0,20.442930221557617,0.0,,,88.0,85.74419403076172,,167.57020568847656,,,654.0,,,92.0,,,,,,,,,,,,,0.0,,1.0,10466.099609375,1651251584.0,2.0,12.100000381469727,12.100000381469727,4.539999961853027,0.6000000238418579,1022.0,1.3200000524520874,2.059999942779541,178.0,0.0,1651205632.0,1651256704.0,0.9700000286102295,,9269722.0,0.0,,0.47999998927116394,16093.0,0.0,358.70001220703125,,,,0.0,3.7979631423950195,647.0,,,,,,,,,,,,""
7064340436,"Apr 30, 2022, 7:20:42 AM",Morning Ride,Ride,,13639,82.47,176.0,247,false,,Ridley,activities/7519757593.fit.gz,,8.100000381469727,13639.0,12572.0,82470.9609375,17.032032012939453,6.559891700744629,1673.7803955078125,2185.0,326.3999938964844,1246.300048828125,41.8300666809082,-0.0001212548086186871,,,,,,152.03990173339844,,144.39820861816406,2244.0,,,247.0,,,,,,,,,,,,,0.0,,1.0,,1651302016.0,2.0,14.3100004196167,14.3100004196167,6.869999885559082,0.6100000143051147,1020.9000244140625,0.949999988079071,1.0800000429153442,121.0,0.0,1651291904.0,1651343232.0,1.0,9789874.0,,0.0,,0.6100000143051147,16093.0,1.0,360.1000061035156,,,,0.0,6.046700954437256,0.0,,,,,,,,,,,,""
7077701958,"May 2, 2022, 4:56:29 PM",Evening Run,Run,,3145,11.45,182.0,94,false,,Mizuno,activities/7534349020.fit.gz,,,3145.0,3050.0,11457.2099609375,5.463964939117432,3.756462335586548,152.70872497558594,282.0,900.7000122070312,947.0999755859375,39.87331771850586,-0.0008728128159418702,,,89.0,85.06229400634766,,165.29017639160156,,,737.0,,,94.0,,,,,,,,,,,,,0.0,,1.0,11805.900390625,1651507200.0,3.0,16.389999389648438,16.389999389648438,10.180000305175781,0.6700000166893005,1013.2999877929688,1.2200000286102295,1.5700000524520874,161.0,0.40860000252723694,1651464448.0,1651516160.0,0.05999999865889549,,9269722.0,0.20000000298023224,5.0,0.8999999761581421,15864.0,1.0,376.0,,,,0.0,3.6429920196533203,0.0,,,,,,,,,,,,""
7082582361,"May 3, 2022, 5:10:01 PM",Evening Activity,Weight Training,,2814,0,114.0,4,false,,,activities/7539640726.fit.gz,,,2814.0,2814.0,0.0,0.0,0.0,0.0,,,,0.0,0.0,,,,,,81.3567886352539,,,130.0,,,4.0,,,,,,,,,,,,,0.0,,1.0,,,,,,,,,,,,,,,,,,,,,,,,,,,0.0,0.0,0.0,,,,,,,,,,,,""
7093493776,"May 5, 2022, 4:59:16 PM",Evening Activity,Weight Training,,3968,0,134.0,9,false,,,activities/7551436055.fit.gz,,,3968.0,3968.0,0.0,0.0,0.0,0.0,,,,0.0,0.0,,,,,,100.4054946899414,,,321.0,,,9.0,,,,,,,,,,,,,0.0,,1.0,,,,,,,,,,,,,,,,,,,,,,,,,,,0.0,0.0,0.0,,,,,,,,,,,,""
7101188437,"May 7, 2022, 8:51:06 AM",Morning Run,Run,,3435,11.61,187.0,158,false,,Mizuno,activities/7559831057.fit.gz,,,3435.0,3108.0,11609.740234375,5.8701171875,3.7354376316070557,171.6566619873047,323.0,909.2999877929688,949.0999755859375,14.71499252319336,0.0,,,89.0,85.36463165283203,,176.99806213378906,,,797.0,,,158.0,,,,,,,,,,,,,0.0,,1.0,11980.0,1651910400.0,2.0,9.890000343322754,9.890000343322754,9.890000343322754,1.0,1018.7999877929688,1.190000057220459,1.2300000190734863,191.0,0.018200000748038292,1651896064.0,1651948672.0,0.20999999344348907,,9269722.0,0.05000000074505806,5.0,0.8700000047683716,16093.0,2.0,370.29998779296875,,,,0.0,3.3798370361328125,393.70001220703125,,,,,,,,,,,,""
7114663727,"May 9, 2022, 4:56:12 PM",Evening Activity,Weight Training,,3630,0,134.0,7,false,,,activities/7574570724.fit.gz,,,3630.0,3630.0,0.0,0.0,0.0,0.0,,,,0.0,0.0,,,,,,92.42534637451172,,,245.0,,,7.0,,,,,,,,,,,,,0.0,,1.0,,,,,,,,,,,,,,,,,,,,,,,,,,,0.0,0.0,0.0,,,,,,,,,,,,""
7120673469,"May 10, 2022, 4:20:13 PM",Evening Ride,Ride,,6521,40.51,178.0,134,false,,Ridley,activities/7581051346.fit.gz,,8.100000381469727,6521.0,6282.0,40517.20703125,17.132030487060547,6.44973087310791,888.0488891601562,996.0,316.1000061035156,1049.5999755859375,47.056419372558594,-0.006910644005984068,,,,,,152.00254821777344,,151.2952423095703,1222.0,,,134.0,,,,,,,,,,,,,0.0,,1.0,,1652198400.0,2.0,22.899999618530273,22.899999618530273,11.579999923706055,0.49000000953674316,1019.0,1.2799999713897705,1.840000033378601,217.0,0.029400000348687172,1652155008.0,1652208000.0,0.3100000023841858,9789874.0,,0.019999999552965164,5.0,0.5600000023841858,16093.0,1.0,343.6000061035156,,,,0.0,6.213342666625977,0.0,,,,,,,,,,,,""
7126080101,"May 11, 2022, 4:59:00 PM",Evening Run,Run,,2897,10.34,184.0,123,false,,Mizuno,activities/7586907764.fit.gz,,,2897.0,2827.0,10344.7001953125,4.558268070220947,3.659250259399414,52.16381072998047,184.0,274.5,309.3999938964844,7.034040451049805,-0.0058000716380774975,,,87.0,84.3941879272461,,172.65428161621094,,,704.0,,,123.0,,,,,,,,,,,,,0.0,,1.0,10380.099609375,1652284800.0,1.0,24.920000076293945,24.920000076293945,12.359999656677246,0.46000000834465027,1017.9000244140625,1.8899999856948853,2.5899999141693115,225.0,0.014100000262260437,1652241408.0,1652294528.0,0.3400000035762787,,9269722.0,0.009999999776482582,5.0,0.11999999731779099,16093.0,1.0,337.5,,,,0.0,3.5708320140838623,9033.900390625,,,,,,,,,,,,""
7131621939,"May 12, 2022, 4:51:22 PM",Evening Activity,Weight Training,,3915,0,144.0,12,false,,,activities/7592920450.fit.gz,,,3915.0,3915.0,0.0,0.0,0.0,0.0,,,,0.0,0.0,,,,,,114.5254135131836,,,425.0,,,12.0,,,,,,,,,,,,,0.0,,1.0,,,,,,,,,,,,,,,,,,,,,,,,,,,0.0,0.0,0.0,,,,,,,,,,,,""
7136721890,"May 13, 2022, 4:29:12 PM",Evening Ride,Ride,,5249,35.57,177.0,113,false,,Ridley,activities/7598466423.fit.gz,,8.100000381469727,5249.0,5149.0,35574.8984375,15.747998237609863,6.909089088439941,796.001953125,993.0,326.3999938964844,1014.0,45.16128921508789,-0.001967679476365447,,,,,,154.40084838867188,,166.68148803710938,1091.0,,,113.0,,,,,,,,,,,,,0.0,,1.0,,1652457600.0,3.0,19.049999237060547,19.049999237060547,13.140000343322754,0.6899999976158142,1015.9000244140625,1.7100000381469727,1.7799999713897705,225.0,0.07609999924898148,1652413952.0,1652467456.0,0.4099999964237213,9789874.0,,0.03999999910593033,5.0,0.9900000095367432,16093.0,1.0,346.70001220703125,,,,0.0,6.777462482452393,0.0,,,,,,,,,,,,""
7140349596,"May 14, 2022, 7:41:53 AM",Morning Ride,Ride,,13610,73.66,174.0,223,false,,Ridley,activities/7602404637.fit.gz,,8.100000381469727,13610.0,12505.0,73662.2890625,17.68798828125,5.890626907348633,1752.7520751953125,2193.0,382.79998779296875,1247.0999755859375,40.90413284301758,-0.0019005653448402882,,,,,,149.71926879882812,,137.38327026367188,2275.0,,,223.0,,,,,,,,,,,,,0.0,,1.0,,1652511616.0,2.0,18.260000228881836,18.260000228881836,14.84000015258789,0.800000011920929,1019.0,0.8500000238418579,1.2799999713897705,68.0,0.19920000433921814,1652500352.0,1652553856.0,0.44999998807907104,9789874.0,,0.11999999731779099,5.0,0.7799999713897705,16093.0,2.0,354.8999938964844,,,,0.0,5.412365436553955,0.0,,,,,,,,,,,,""
7146323096,"May 15, 2022, 6:17:08 AM",Morning Walk,Walk,,20206,18.53,166.0,132,false,,Mizuno,activities/7608946665.fit.gz,,,20206.0,17898.0,18536.390625,2.62109375,1.0356682538986206,1439.4654541015625,1962.0,1081.0999755859375,1971.5999755859375,48.61664581298828,0.059342727065086365,,,124.0,56.37611770629883,,136.10679626464844,,,2342.0,,,132.0,,,,,,,,,,,,,0.0,,1.0,,1652594432.0,3.0,13.989999771118164,13.989999771118164,13.529999732971191,0.9700000286102295,1018.7999877929688,1.1799999475479126,1.2400000095367432,29.0,0.06530000269412994,1652586624.0,1652640384.0,0.49000000953674316,,9269722.0,0.05000000074505806,5.0,0.9599999785423279,16093.0,1.0,340.79998779296875,,,,0.0,0.917370617389679,17754.69921875,,,,,,,,,,,,""
7164632008,"May 18, 2022, 5:19:06 PM",Evening Run,Run,,2719,10.20,179.0,94,false,,Mizuno,activities/7628875569.fit.gz,,,2719.0,2719.0,10203.25,5.289998531341553,3.7525744438171387,157.3766632080078,253.0,895.9000244140625,949.0999755859375,14.80100154876709,-0.000980079872533679,,,88.0,85.25414276123047,,167.27804565429688,,,674.0,,,94.0,,,,,,,,,,,,,0.0,,1.0,10519.2998046875,1652893184.0,2.0,17.559999465942383,17.709999084472656,15.819999694824219,0.8999999761581421,1022.0,1.7000000476837158,2.890000104904175,127.0,0.2957000136375427,1652845696.0,1652899840.0,0.6000000238418579,,9269722.0,0.12999999523162842,5.0,0.8500000238418579,16093.0,1.0,332.8999938964844,,,,0.0,3.7525744438171387,415.8999938964844,,,,,,,,,,,,""
7170183003,"May 19, 2022, 5:44:49 PM",Evening Run,Run,,2841,10.45,186.0,102,false,,Mizuno,activities/7634891111.fit.gz,,,2841.0,2740.0,10456.33984375,5.3079986572265625,3.8161823749542236,137.31361389160156,247.0,922.5999755859375,947.0999755859375,20.24518394470215,-0.000956357573159039,,,89.0,85.1635513305664,,169.10040283203125,,,681.0,,,102.0,,,,,,,,,,,,,0.0,,1.0,10773.400390625,1652979584.0,2.0,23.309999465942383,23.309999465942383,13.869999885559082,0.550000011920929,1025.300048828125,1.2599999904632568,1.909999966621399,198.0,0.0,1652931968.0,1652986240.0,0.6399999856948853,,9269722.0,0.0,,0.75,16093.0,1.0,332.5,,,,0.0,3.680513858795166,233.10000610351562,,,,,,,,,,,,""
7174935714,"May 20, 2022, 4:45:28 PM",Evening Ride,Ride,,4716,31.54,176.0,86,false,,Ridley,activities/7640056215.fit.gz,,8.100000381469727,4716.0,4699.0,31540.26953125,16.922069549560547,6.712123870849609,700.5655517578125,834.0,296.29998779296875,951.5,36.704532623291016,-0.00475582480430603,,,,,,151.56288146972656,,157.94140625,992.0,,,86.0,,,,,,,,,,,,,0.0,,1.0,,1653062400.0,2.0,23.479999542236328,23.479999542236328,13.399999618530273,0.5299999713897705,1021.7999877929688,1.9900000095367432,2.6500000953674316,218.0,0.014399999752640724,1653018368.0,1653072768.0,0.6800000071525574,9789874.0,,0.009999999776482582,5.0,0.33000001311302185,16093.0,2.0,332.5,,,,0.0,6.687928199768066,0.0,,,,,,,,,,,,""
7183713684,"May 22, 2022, 5:21:58 AM",Morning Ride,Ride,,18788,102.38,170.0,255,false,,Ridley,activities/7649635309.fit.gz,,8.100000381469727,18788.0,15761.0,102379.53125,16.521875381469727,6.495750904083252,2171.526611328125,2565.0,316.1000061035156,1247.0999755859375,49.792545318603516,-0.0010744334431365132,,,,,,145.4112548828125,,150.1864776611328,2873.0,,,255.0,,,,,,,,,,,,,0.0,,1.0,,1653195648.0,2.0,18.559999465942383,18.559999465942383,11.670000076293945,0.6399999856948853,1014.5,1.659999966621399,2.0399999618530273,31.0,0.0,1653191040.0,1653245696.0,0.75,9789874.0,,0.0,,0.8600000143051147,16093.0,0.0,338.6000061035156,,,,0.0,5.449198246002197,0.0,,,,,,,,,,,,""
7191094260,"May 23, 2022, 5:14:23 PM",Evening Run,Run,,2811,10.07,173.0,67,false,,Mizuno,activities/7657730329.fit.gz,,,2811.0,2811.0,10078.3408203125,5.038012504577637,3.585322141647339,156.4597625732422,259.0,895.9000244140625,949.0,18.263734817504883,0.0,,,87.0,83.93904113769531,,157.21510314941406,,,655.0,,,67.0,,,,,,,,,,,,,0.0,,1.0,10433.400390625,1653325184.0,5.0,17.920000076293945,18.149999618530273,16.440000534057617,0.9100000262260437,1006.2999877929688,1.2000000476837158,1.6299999952316284,118.0,1.517199993133545,1653277440.0,1653332224.0,0.7799999713897705,,9269722.0,0.3499999940395355,5.0,0.8899999856948853,16093.0,1.0,346.0,,,,0.0,3.585322141647339,672.4000244140625,,,,,,,,,,,,""
7196323267,"May 24, 2022, 5:01:47 PM",Evening Activity,Weight Training,,3463,0,133.0,7,false,,,activities/7663376694.fit.gz,,,3463.0,3463.0,0.0,0.0,0.0,0.0,,,,0.0,0.0,,,,,,95.61997985839844,,,262.0,,,7.0,,,,,,,,,,,,,0.0,,1.0,,,,,,,,,,,,,,,,,,,,,,,,,,,0.0,0.0,0.0,,,,,,,,,,,,""
7201706821,"May 25, 2022, 5:31:25 PM",Evening Run,Run,,2402,9.20,179.0,55,false,,Mizuno,activities/7669204526.fit.gz,,,2402.0,2399.0,9208.599609375,5.302490234375,3.8385159969329834,143.59619140625,188.0,900.7000122070312,949.0,32.136104583740234,0.02606259472668171,,,88.0,86.38246154785156,,158.2381134033203,,,576.0,,,55.0,,,,,,,,,,,,,0.0,,1.0,9541.2998046875,1653497984.0,2.0,17.5,17.59000015258789,15.399999618530273,0.8700000047683716,1013.7999877929688,0.4399999976158142,0.5799999833106995,235.0,0.18289999663829803,1653450112.0,1653505024.0,0.8500000238418579,,9269722.0,0.10000000149011612,5.0,0.3700000047683716,16093.0,1.0,352.79998779296875,,,,0.0,3.83372163772583,659.7999877929688,,,,,,,,,,,,""
7207255372,"May 26, 2022, 4:59:07 PM",Evening Ride 🌧️🌧️,Ride,"",3765,23.88,175.0,73,false,,Ridley,activities/7675235437.fit.gz,,8.100000381469727,3765.0,3631.0,23885.091796875,16.0360050201416,6.5781025886535645,658.365478515625,730.0,427.1000061035156,1014.0,42.867149353027344,0.09587571024894714,,,,,,152.09170532226562,,183.0997772216797,764.0,,,73.0,,,,,,,,,,,0.0,,0.0,,1.0,,1653580800.0,2.0,23.239999771118164,23.760000228881836,19.979999542236328,0.8199999928474426,1019.0999755859375,1.690000057220459,1.7899999618530273,181.0,0.5537999868392944,1653536384.0,1653591552.0,0.8799999952316284,9789874.0,,0.18000000715255737,5.0,0.7200000286102295,16093.0,1.0,343.3999938964844,,,,0.0,6.343981742858887,63.599998474121094,,,,,,,,,,,,""
7215170515,"May 28, 2022, 5:44:01 AM",Morning Ride,Ride,,16913,100.63,172.0,223,false,,Ridley,activities/7683877481.fit.gz,,8.100000381469727,16913.0,15224.0,100629.421875,14.987890243530273,6.609920024871826,1971.4500732421875,2459.0,268.3999938964844,1056.4000244140625,35.332496643066406,-0.004471852909773588,,,,,,143.2554168701172,,145.01539611816406,2642.0,,,223.0,,,,,,,,,,,,,0.0,,1.0,,1653714048.0,1.0,17.649999618530273,17.649999618530273,12.039999961853027,0.699999988079071,1010.4000244140625,1.8300000429153442,2.869999885559082,26.0,0.02879999950528145,1653709056.0,1653764480.0,0.949999988079071,9789874.0,,0.019999999552965164,5.0,0.14000000059604645,16093.0,0.0,343.0,,,,0.0,5.949827194213867,10.0,,,,,,,,,,,,""
7228091292,"May 30, 2022, 5:19:20 PM",Evening Run,Run,,2965,11.17,176.0,68,false,,Mizuno,activities/7698079916.fit.gz,,,2965.0,2941.0,11175.830078125,5.526666641235352,3.8000102043151855,146.990478515625,211.0,922.5,947.0999755859375,17.972795486450195,0.0008947881287895143,,,90.0,85.14470672607422,,158.78045654296875,,,707.0,,,68.0,,,,,,,,,,,,,0.0,,1.0,11518.0,1653929984.0,3.0,11.989999771118164,11.989999771118164,11.109999656677246,0.9399999976158142,1010.9000244140625,1.090000033378601,1.1299999952316284,190.0,0.050700001418590546,1653881856.0,1653937408.0,0.009999999776482582,,9269722.0,0.09000000357627869,5.0,0.949999988079071,16093.0,1.0,351.29998779296875,,,,0.0,3.7692513465881348,234.8000030517578,,,,,,,,,,,,""
7233307605,"May 31, 2022, 5:04:44 PM",Evening Activity,Weight Training,,3667,0,131.0,8,false,,,activities/7703777732.fit.gz,,,3667.0,3667.0,0.0,0.0,0.0,0.0,,,,0.0,0.0,,,,,,98.57049560546875,,,297.0,,,8.0,,,,,,,,,,,,,0.0,,1.0,,,,,,,,,,,,,,,,,,,,,,,,,,,0.0,0.0,0.0,,,,,,,,,,,,""
7242423842,"Jun 2, 2022, 5:59:13 AM",Morning Ride,Ride,,20866,117.96,176.0,291,false,,Ridley,activities/7713688296.fit.gz,,8.100000381469727,20866.0,18326.0,117960.265625,16.539844512939453,6.436770915985107,2279.71875,3033.0,251.39999389648438,1322.199951171875,47.850467681884766,0.002797552151605487,,,,,,146.29696655273438,,143.82568359375,3181.0,,,291.0,,,,,,,,,,,,,0.0,,1.0,,1654146048.0,2.0,17.899999618530273,17.90999984741211,14.970000267028809,0.8299999833106995,1017.2999877929688,0.9700000286102295,1.2899999618530273,28.0,0.0,1654140928.0,1654196736.0,0.10000000149011612,9789874.0,,0.0,,0.5600000023841858,16093.0,0.0,320.20001220703125,,,,0.0,5.653228282928467,125.9000015258789,,,,,,,,,,,,""
7254948287,"Jun 4, 2022, 4:48:11 PM",Evening Run,Run,,2712,10.04,176.0,75,false,,Mizuno,activities/7727300507.fit.gz,,,2712.0,2712.0,10041.5205078125,5.238362789154053,3.7026255130767822,162.64178466796875,270.0,895.9000244140625,956.0999755859375,13.327993392944336,0.0,,,88.0,85.3095932006836,,162.2040557861328,,,671.0,,,75.0,,,,,,,,,,,,,0.0,,1.0,10368.400390625,1654358400.0,2.0,22.68000030517578,22.68000030517578,15.109999656677246,0.6200000047683716,1016.2999877929688,1.100000023841858,1.1799999475479126,207.0,0.03229999914765358,1654313728.0,1654369664.0,0.1599999964237213,,9269722.0,0.019999999552965164,5.0,0.6700000166893005,16093.0,2.0,299.3999938964844,,,,0.0,3.7026255130767822,785.2999877929688,,,,,,,,,,,,""
7265898795,"Jun 6, 2022, 5:05:23 PM",Evening Ride,Ride,,4202,25.45,171.0,33,false,,Ridley,activities/7739359469.fit.gz,,8.100000381469727,4202.0,4202.0,25458.83984375,16.79400062561035,6.058743476867676,719.412109375,885.0,420.20001220703125,1092.699951171875,24.756330490112305,0.0,,,,,,127.52403259277344,,164.92393493652344,628.0,,,33.0,,,,,,,,,,,,,0.0,,1.0,,1654534784.0,2.0,21.329999923706055,21.670000076293945,18.200000762939453,0.8199999928474426,1012.9000244140625,1.3600000143051147,2.5999999046325684,130.0,0.0681999996304512,1654486400.0,1654542592.0,0.2199999988079071,9789874.0,,0.029999999329447746,5.0,0.6000000238418579,16093.0,1.0,312.1000061035156,,,,0.0,6.058743476867676,0.0,,,,,,,,,,,,""
7270971099,"Jun 7, 2022, 5:02:22 PM",Evening Run,Run,,2460,9.18,178.0,61,false,,Mizuno,activities/7744845655.fit.gz,,,2460.0,2430.0,9186.91015625,4.905008792877197,3.7806215286254883,149.39463806152344,216.0,895.9000244140625,950.7999877929688,17.398683547973633,0.0021770105231553316,,,89.0,85.3708724975586,,158.8096466064453,,,593.0,,,61.0,,,,,,,,,,,,,0.0,,1.0,9527.099609375,1654621184.0,5.0,16.6200008392334,16.850000381469727,16.010000228881836,0.9599999785423279,1009.7999877929688,1.5700000524520874,3.5999999046325684,102.0,0.5516999959945679,1654572800.0,1654628992.0,0.25999999046325684,,9269722.0,0.30000001192092896,5.0,0.8999999761581421,16093.0,1.0,335.20001220703125,,,,0.0,3.7345163822174072,277.8999938964844,,,,,,,,,,,,""
7286815271,"Jun 10, 2022, 4:48:37 PM",Evening Ride,Ride,,4802,34.50,174.0,84,false,,Ridley,activities/7762046096.fit.gz,,8.100000381469727,4802.0,4802.0,34507.109375,16.829998016357422,7.1859869956970215,814.6205444335938,943.0,427.1000061035156,1014.0,40.8510627746582,-0.0002897953672800213,,,,,,145.84007263183594,,178.97525024414062,961.0,,,84.0,,,,,,,,,,,,,0.0,,1.0,,1654876800.0,2.0,21.030000686645508,21.030000686645508,8.920000076293945,0.46000000834465027,1016.5999755859375,1.6200000047683716,1.659999966621399,192.0,0.0,1654832000.0,1654888320.0,0.36000001430511475,9789874.0,,0.0,,0.3199999928474426,16093.0,2.0,308.29998779296875,,,,0.0,7.1859869956970215,0.0,,,,,,,,,,,,""
7289812729,"Jun 11, 2022, 5:07:44 AM",Morning Ride,Ride,,19089,100.90,174.0,254,false,,Ridley,activities/7765313246.fit.gz,,8.100000381469727,19089.0,17027.0,100902.3203125,17.3125,5.926018714904785,2472.536865234375,2694.0,223.8000030517578,1073.699951171875,49.26652145385742,0.0026758552994579077,,,,,,142.94729614257812,,143.927734375,2928.0,,,254.0,,,,,,,,,,,,,0.0,,1.0,,1654923648.0,1.0,16.81999969482422,16.81999969482422,9.380000114440918,0.6200000047683716,1020.9000244140625,1.590000033378601,2.259999990463257,23.0,0.0,1654918272.0,1654974720.0,0.4000000059604645,9789874.0,,0.0,,0.019999999552965164,16093.0,0.0,319.0,,,,0.0,5.285888195037842,40.70000076293945,,,,,,,,,,,,""
7302970343,"Jun 13, 2022, 4:38:35 PM",Evening Run,Run,,3296,12.00,177.0,91,false,,Mizuno,activities/7779759077.fit.gz,,,3296.0,3296.0,12007.5302734375,4.4837646484375,3.643061399459839,181.25070190429688,304.0,900.7000122070312,965.4000244140625,19.064258575439453,0.0,,,89.0,85.22880554199219,,161.48118591308594,,,813.0,,,91.0,,,,,,,,,,,,,0.0,,1.0,12505.0,1655136000.0,2.0,22.969999313354492,22.969999313354492,15.600000381469727,0.6299999952316284,1013.0999755859375,1.0199999809265137,1.5099999904632568,204.0,0.25529998540878296,1655091072.0,1655147520.0,0.4699999988079071,,9269722.0,0.03999999910593033,5.0,0.7799999713897705,16093.0,2.0,319.8999938964844,,,,0.0,3.643061399459839,475.29998779296875,,,,,,,,,,,,""
7308913386,"Jun 14, 2022, 4:59:59 PM",Evening Run,Run,,4671,16.79,184.0,152,false,,Mizuno,activities/7786187490.fit.gz,,,4671.0,4473.0,16797.509765625,4.861328125,3.7553117275238037,77.06999969482422,344.0,274.5,325.79998779296875,5.726195812225342,-0.0005953263607807457,,,89.0,85.60452270507812,,167.0810089111328,,,1125.0,,,152.0,,,,,,,,,,,,,0.0,,1.0,16853.900390625,1655222400.0,2.0,27.65999984741211,28.139999389648438,16.540000915527344,0.5099999904632568,1017.0,1.690000057220459,1.7300000190734863,163.0,0.01510000042617321,1655177472.0,1655233920.0,0.5099999904632568,,9269722.0,0.009999999776482582,5.0,0.4300000071525574,16093.0,2.0,320.70001220703125,,,,0.0,3.5961270332336426,13387.7998046875,,,,,,,,,,,,""
7314345632,"Jun 15, 2022, 4:25:57 PM",Evening Ride,Ride,,5755,35.93,169.0,90,false,,Ridley,activities/7792102639.fit.gz,,8.100000381469727,5755.0,5622.0,35937.80859375,16.009960174560547,6.392353057861328,944.1620483398438,1043.0,318.8999938964844,1092.699951171875,29.878726959228516,0.0,,,,,,145.84259033203125,,169.13243103027344,1115.0,,,90.0,,,,,,,,,,,,,0.0,,1.0,,1655308800.0,3.0,22.030000686645508,22.030000686645508,12.670000076293945,0.550000011920929,1016.7999877929688,1.2000000476837158,2.0999999046325684,192.0,0.5465999841690063,1655263872.0,1655320448.0,0.550000011920929,9789874.0,,0.15000000596046448,5.0,0.8899999856948853,16093.0,2.0,315.5,,,,0.0,6.24462366104126,0.0,,,,,,,,,,,,""
7319885439,"Jun 16, 2022, 5:20:40 PM",Evening Run,Run,,2946,10.55,180.0,92,false,,Mizuno,activities/7798144118.fit.gz,,,2946.0,2770.0,10549.7197265625,5.252001762390137,3.808562994003296,42.99285888671875,251.0,300.5,305.5,3.036473274230957,0.0009478924912400544,,,90.0,85.58336639404297,,165.85121154785156,,,706.0,,,92.0,,,,,,,,,,,,,0.0,,1.0,10573.7998046875,1655398784.0,2.0,30.170000076293945,32.369998931884766,20.440000534057617,0.5600000023841858,1014.0999755859375,1.1799999475479126,1.4700000286102295,230.0,0.04039999842643738,1655350272.0,1655406848.0,0.5899999737739563,,9269722.0,0.019999999552965164,5.0,0.4399999976158142,16093.0,1.0,308.6000061035156,,,,0.0,3.5810317993164062,0.0,,,,,,,,,,,,""
7340714069,"Jun 20, 2022, 4:17:47 PM",Evening Ride,Ride,,7202,51.14,171.0,141,false,,Ridley,activities/7821056378.fit.gz,,8.100000381469727,7202.0,7202.0,51148.5703125,17.595312118530273,7.101995468139648,1186.042236328125,1377.0,326.3999938964844,1056.4000244140625,23.362993240356445,-0.00019550888100638986,,,,,,152.3094024658203,,180.1042938232422,1531.0,,,141.0,,,,,,,,,,,,,0.0,,1.0,,1655740800.0,1.0,29.68000030517578,30.780000686645508,18.579999923706055,0.5099999904632568,1010.0999755859375,1.8300000429153442,3.049999952316284,235.0,0.09200000017881393,1655695872.0,1655752448.0,0.7400000095367432,9789874.0,,0.029999999329447746,5.0,0.1899999976158142,16093.0,2.0,311.29998779296875,,,,0.0,7.101995468139648,0.0,,,,,,,,,,,,""
7346071136,"Jun 21, 2022, 4:49:06 PM",Evening Run,Run,,3381,12.24,181.0,107,false,,Mizuno,activities/7826897377.fit.gz,,,3381.0,3221.0,12239.48046875,5.515917778015137,3.799900770187378,62.128570556640625,313.0,274.5,309.3999938964844,6.255345344543457,0.004085140768438578,,,89.0,85.28624725341797,,165.49285888671875,,,829.0,,,107.0,,,,,,,,,,,,,0.0,,1.0,12278.599609375,1655827200.0,2.0,30.709999084472656,32.880001068115234,20.270000457763672,0.5400000214576721,1010.7000122070312,1.659999966621399,2.5299999713897705,220.0,0.06480000168085098,1655782400.0,1655838976.0,0.7699999809265137,,9269722.0,0.029999999329447746,5.0,0.6899999976158142,16093.0,2.0,308.0,,,,0.0,3.620076894760132,8961.599609375,,,,,,,,,,,,""
7352616399,"Jun 22, 2022, 6:35:10 PM",We Run Bergamo,Run,"",5592,10.90,191.0,81,false,,Mizuno,activities/7834008543.fit.gz,,,5592.0,2993.0,10903.9296875,5.034033298492432,3.643143892288208,148.05999755859375,331.0,259.6000061035156,383.0,21.50878143310547,0.01008810568600893,,,89.0,84.88645935058594,,160.62110900878906,,,729.0,,,81.0,,,,,,,,,,,0.0,,0.0,,1.0,11335.2998046875,1655920768.0,2.0,25.360000610351562,25.809999465942383,19.760000228881836,0.7099999785423279,1010.7999877929688,1.7300000190734863,2.450000047683716,176.0,0.2694000005722046,1655868800.0,1655925376.0,0.800000011920929,,9269722.0,0.10999999940395355,5.0,0.8600000143051147,13137.0,0.0,317.70001220703125,,,,0.0,1.949915885925293,352.29998779296875,,,,,,,,,,,,""
7362108991,"Jun 24, 2022, 4:57:48 PM",Evening Run,Run,,2701,10.25,177.0,63,false,,Mizuno,activities/7844401998.fit.gz,,,2701.0,2698.0,10257.009765625,5.735998630523682,3.801708698272705,155.9550018310547,267.0,895.9000244140625,951.0,16.847448348999023,0.0,,,88.0,86.00037384033203,,159.54063415527344,,,672.0,,,63.0,,,,,,,,,,,,,0.0,,1.0,10560.7001953125,1656086400.0,5.0,20.020000457763672,20.079999923706055,15.850000381469727,0.7699999809265137,1010.2000122070312,1.6699999570846558,4.340000152587891,253.0,1.1861000061035156,1656041600.0,1656098176.0,0.8700000047683716,,9269722.0,0.47999998927116394,5.0,0.8700000047683716,11719.0,2.0,312.3999938964844,,,,0.0,3.7974860668182373,788.5,,,,,,,,,,,,""
7367376213,"Jun 25, 2022, 4:35:47 PM",Evening Run,Run,,2802,9.18,164.0,39,false,,Mizuno,activities/7850172128.fit.gz,,,2802.0,2677.0,9179.0595703125,4.478353023529053,3.428860664367676,155.67999267578125,265.0,900.7000122070312,956.0999755859375,21.30847930908203,-0.007626053411513567,,,89.0,84.67626953125,,147.9962615966797,,,604.0,,,39.0,,,,,,,,,,,,,0.0,,1.0,9547.2001953125,1656172800.0,1.0,21.850000381469727,21.850000381469727,9.569999694824219,0.46000000834465027,1012.5999755859375,1.1299999952316284,1.5700000524520874,205.0,0.0,1656128000.0,1656184576.0,0.8999999761581421,,9269722.0,0.0,,0.2800000011920929,16093.0,2.0,320.70001220703125,,,,0.0,3.275895833969116,632.7000122070312,,,,,,,,,,,,""
7373385077,"Jun 26, 2022, 2:25:00 PM",Afternoon Ride,Ride,,10836,80.74,169.0,181,false,,Ridley,activities/7856810698.fit.gz,,8.100000381469727,10836.0,10549.0,80739.7578125,17.370019912719727,7.653783321380615,1386.8726806640625,1873.0,291.70001220703125,942.7000122070312,28.68498992919922,-0.0007431283011101186,,,,,,148.3158416748047,,169.84690856933594,2111.0,,,181.0,,,,,,,,,,,,,0.0,,1.0,,1656252032.0,2.0,29.84000015258789,29.84000015258789,12.899999618530273,0.3499999940395355,1014.0999755859375,1.5,2.5,206.0,0.014100000262260437,1656214400.0,1656270976.0,0.9300000071525574,9789874.0,,0.009999999776482582,5.0,0.6499999761581421,16093.0,4.0,317.0,,,,0.0,7.451066493988037,22.200000762939453,,,,,,,,,,,,""
7377959834,"Jun 27, 2022, 4:23:09 PM",Evening Ride,Ride,,5686,34.49,172.0,58,false,,Ridley,activities/7861865885.fit.gz,,8.100000381469727,5686.0,5355.0,34493.29296875,16.506053924560547,6.441324234008789,938.2625732421875,906.0,316.1000061035156,1049.5999755859375,39.47064208984375,0.0,,,,,,138.87803649902344,,174.6701202392578,985.0,,,58.0,,,,,,,,,,,,,0.0,,1.0,,1656345600.0,1.0,31.270000457763672,31.290000915527344,16.139999389648438,0.4000000059604645,1013.2000122070312,1.0499999523162842,2.509999990463257,125.0,0.029899999499320984,1656300800.0,1656357376.0,0.9599999785423279,9789874.0,,0.029999999329447746,5.0,0.25999999046325684,16093.0,2.0,310.79998779296875,,,,0.0,6.066354274749756,0.0,,,,,,,,,,,,""
7379903096,"Jun 28, 2022, 4:00:45 AM",Morning Run,Run,,2733,7.77,167.0,30,false,,Mizuno,activities/7863963484.fit.gz,,,2733.0,2377.0,7778.57958984375,5.210000038146973,3.2724356651306152,196.2164764404297,336.0,882.4000244140625,968.7999877929688,45.82992935180664,0.7109267115592957,,,88.0,83.8641128540039,,146.9701385498047,,,528.0,,,30.0,,,,,,,,,,,,,0.0,,1.0,8374.7001953125,1656388864.0,2.0,17.600000381469727,17.600000381469727,12.859999656677246,0.7400000095367432,1014.5999755859375,1.6100000143051147,2.049999952316284,18.0,0.11940000206232071,1656387328.0,1656443776.0,0.9900000095367432,,9269722.0,0.03999999910593033,5.0,0.6399999856948853,16093.0,0.0,328.6000061035156,,,,0.0,2.8461689949035645,399.5,,,,,,,,,,,,""
7389025973,"Jun 29, 2022, 4:21:53 PM",Evening Ride,Ride,,7834,50.03,173.0,142,false,,Ridley,activities/7873918634.fit.gz,,8.100000381469727,7834.0,7661.0,50031.06640625,16.904296875,6.530618667602539,1261.1458740234375,1374.0,296.29998779296875,951.5,47.27418518066406,-0.0003997516178060323,,,,,,150.2830047607422,,162.46319580078125,1530.0,,,142.0,,,,,,,,,,,,,0.0,,1.0,,1656518400.0,2.0,22.079999923706055,22.190000534057617,16.469999313354492,0.7099999785423279,1010.9000244140625,0.9300000071525574,1.7400000095367432,207.0,0.12200000137090683,1656473728.0,1656530176.0,0.019999999552965164,9789874.0,,0.07999999821186066,5.0,0.44999998807907104,16093.0,2.0,319.1000061035156,,,,0.0,6.386401176452637,0.0,,,,,,,,,,,,""
7399018668,"Jul 1, 2022, 4:56:31 PM",Cronoscalata Nembro-Selvino,Ride,"",4175,23.36,,,false,,Ridley,activities/7884835272.fit.gz,,8.100000381469727,4175.0,3430.0,23359.931640625,16.304004669189453,6.8104753494262695,624.5843505859375,725.0,305.1000061035156,951.5,45.243003845214844,-0.10102769732475281,,,,,,,,166.86614990234375,1045.0,,,,,,,,,,,,,,0.0,,0.0,,1.0,,1656691200.0,1.0,23.450000762939453,23.450000762939453,12.15999984741211,0.49000000953674316,1013.0999755859375,1.1200000047683716,1.3700000047683716,257.0,0.031700000166893005,1656646528.0,1656702976.0,0.07999999821186066,9789874.0,,0.019999999552965164,5.0,0.09000000357627869,16093.0,2.0,328.1000061035156,,,,0.0,5.595192909240723,0.0,,,,,,,,,,,,""
7415367863,"Jul 4, 2022, 4:39:55 PM",Evening Ride,Ride,,5293,36.86,169.0,45,false,,Ridley,activities/7902833976.fit.gz,,8.100000381469727,5293.0,5293.0,36860.859375,17.159765243530273,6.964076995849609,945.8834838867188,1078.0,326.3999938964844,1014.0,31.80124282836914,-0.00027129045338369906,,,,,,135.27793884277344,,182.00552368164062,828.0,,,45.0,,,,,,,,,,,,,0.0,,1.0,,1656950400.0,2.0,30.600000381469727,30.81999969482422,16.600000381469727,0.4300000071525574,1013.4000244140625,1.3600000143051147,2.200000047683716,25.0,0.31929999589920044,1656905856.0,1656962048.0,0.17000000178813934,9789874.0,,0.18000000715255737,5.0,0.6100000143051147,16093.0,2.0,314.3999938964844,,,,0.0,6.964076995849609,0.0,,,,,,,,,,,,""
7420295719,"Jul 5, 2022, 4:55:31 PM",Evening Run,Run,,3246,12.28,186.0,122,false,,Mizuno,activities/7908214650.fit.gz,,,3246.0,3159.0,12286.33984375,5.322070121765137,3.889312982559204,52.862857818603516,249.0,296.20001220703125,309.3999938964844,4.826840400695801,0.004069560207426548,,,90.0,85.84115600585938,,169.53529357910156,,,821.0,,,122.0,,,,,,,,,,,,,0.0,,1.0,12311.7998046875,1657036800.0,1.0,29.579999923706055,30.209999084472656,17.5,0.47999998927116394,1012.9000244140625,0.949999988079071,1.1799999475479126,66.0,0.09480000287294388,1656992384.0,1657048448.0,0.20999999344348907,,9269722.0,0.03999999910593033,5.0,0.18000000715255737,16093.0,2.0,315.29998779296875,,,,0.0,3.7850706577301025,3113.60009765625,,,,,,,,,,,,""
7436550888,"Jul 8, 2022, 5:00:56 PM",Cronoscalata Algua-Selvino,Ride,"",4696,27.09,,,false,,Ridley,activities/7925983217.fit.gz,,8.100000381469727,4696.0,3603.0,27095.16015625,14.994000434875488,7.520166397094727,566.12255859375,644.0,427.1000061035156,942.7000122070312,21.77249526977539,-0.023989524692296982,,,,,,,,175.37669372558594,1284.0,,,,,,,,,,,,,,0.0,,0.0,,1.0,,1657299584.0,1.0,23.34000015258789,23.34000015258789,8.520000457763672,0.38999998569488525,1019.4000244140625,0.949999988079071,1.6200000047683716,161.0,0.0,1657251712.0,1657307520.0,0.3100000023841858,9789874.0,,0.0,,0.019999999552965164,16093.0,1.0,316.1000061035156,,,,0.0,5.769838333129883,0.0,,,,,,,,,,,,""
7452922808,"Jul 11, 2022, 4:22:33 PM",Evening Ride,Ride,,7838,51.74,180.0,186,false,,Ridley,activities/7944029541.fit.gz,,8.100000381469727,7838.0,7746.0,51741.203125,16.850000381469727,6.679731845855713,1288.442626953125,1596.0,318.79998779296875,973.9000244140625,20.46220588684082,-0.00019326957408338785,,,,,,156.2264404296875,,177.50819396972656,1710.0,,,186.0,,,,,,,,,,,,,0.0,,1.0,,1657555200.0,2.0,23.829999923706055,23.829999923706055,14.020000457763672,0.5400000214576721,1016.0999755859375,1.340000033378601,2.5,236.0,0.03999999910593033,1657511040.0,1657566720.0,0.41999998688697815,9789874.0,,0.019999999552965164,5.0,0.44999998807907104,16093.0,2.0,323.70001220703125,,,,0.0,6.601326942443848,0.0,,,,,,,,,,,,""
7457912697,"Jul 12, 2022, 5:05:56 PM",Evening Run,Run,,2929,11.01,187.0,120,false,,Mizuno,activities/7949467483.fit.gz,,,2929.0,2847.0,11015.41015625,5.848046779632568,3.869128942489624,47.94809341430664,238.0,296.20001220703125,309.29998779296875,2.956197738647461,0.0036312765441834927,,,91.0,85.48471069335938,,172.12890625,,,745.0,,,120.0,,,,,,,,,,,,,0.0,,1.0,11039.900390625,1657645184.0,2.0,28.170000076293945,28.170000076293945,14.739999771118164,0.4399999976158142,1018.0,1.1100000143051147,1.1299999952316284,147.0,0.006099999882280827,1657597440.0,1657653120.0,0.46000000834465027,,9269722.0,0.009999999776482582,5.0,0.3499999940395355,16093.0,1.0,321.20001220703125,,,,0.0,3.7608091831207275,3129.5,,,,,,,,,,,,""
7468980989,"Jul 14, 2022, 4:48:30 PM",Evening Run,Run,,4415,15.24,181.0,146,false,,Mizuno,activities/7961595381.fit.gz,,,4415.0,4290.0,15248.73046875,4.591634273529053,3.5544824600219727,71.5047607421875,293.0,274.5,311.20001220703125,7.493222713470459,-0.001311584608629346,,,88.0,84.91204071044922,,166.2073211669922,,,1071.0,,,146.0,,,,,,,,,,,,,0.0,,1.0,15307.099609375,1657814400.0,1.0,32.08000183105469,32.08000183105469,14.680000305175781,0.3499999940395355,1016.4000244140625,1.149999976158142,1.2899999618530273,238.0,0.05950000137090683,1657770368.0,1657825792.0,0.5400000214576721,,9269722.0,0.009999999776482582,5.0,0.27000001072883606,16093.0,2.0,313.0,,,,0.0,3.453845977783203,12003.7998046875,,,,,,,,,,,,""
7474312195,"Jul 15, 2022, 4:49:16 PM",Cronoscalata Gazzaniga-Ganda,Ride,"",6234,34.37,,,false,,Ridley,activities/7967502296.fit.gz,,8.100000381469727,6234.0,5099.0,34372.69921875,15.561914443969727,6.7410664558410645,800.7919311523438,930.0,316.1000061035156,1049.5999755859375,32.11037826538086,-0.007564142812043428,,,,,,,,162.70396423339844,1531.0,,,,,,,,,,,,,,0.0,,0.0,,1.0,,1657900800.0,2.0,27.43000030517578,27.510000228881836,14.510000228881836,0.44999998807907104,1012.0999755859375,1.4500000476837158,2.240000009536743,223.0,0.07569999992847443,1657856768.0,1657912192.0,0.5799999833106995,9789874.0,,0.029999999329447746,5.0,0.3199999928474426,16093.0,2.0,326.20001220703125,,,,0.0,5.513746738433838,0.0,,,,,,,,,,,,""
7485521038,"Jul 17, 2022, 5:33:46 PM",Evening Run,Run,,2795,10.34,179.0,80,false,,Mizuno,activities/7979911752.fit.gz,,,2795.0,2765.0,10345.4501953125,5.22998046875,3.7415733337402344,208.87857055664062,294.0,892.7999877929688,1009.0999755859375,17.397123336791992,0.0,,,88.0,86.02355194091797,,162.70838928222656,,,696.0,,,80.0,,,,,,,,,,,,,0.0,,1.0,10845.900390625,1658077184.0,2.0,25.010000228881836,25.059999465942383,15.960000038146973,0.5699999928474426,1019.5,1.1399999856948853,1.9600000381469727,173.0,0.01889999955892563,1658029696.0,1658084864.0,0.6499999761581421,,9269722.0,0.009999999776482582,5.0,0.4000000059604645,16093.0,1.0,319.5,,,,0.0,3.70141339302063,408.20001220703125,,,,,,,,,,,,""
7490195961,"Jul 18, 2022, 5:41:30 PM",Evening Run,Run,,3048,11.61,177.0,81,false,,Mizuno,activities/7985104353.fit.gz,,,3048.0,3048.0,11613.7001953125,5.456666946411133,3.8102691173553467,149.38047790527344,342.0,900.7000122070312,947.0999755859375,16.635942459106445,-0.008610520511865616,,,92.0,85.88574981689453,,161.4468231201172,,,744.0,,,81.0,,,,,,,,,,,,,0.0,,1.0,11937.7998046875,1658163584.0,1.0,25.520000457763672,25.520000457763672,14.359999656677246,0.5,1019.4000244140625,1.1799999475479126,2.190000057220459,173.0,0.0,1658116224.0,1658171264.0,0.6899999976158142,,9269722.0,0.0,,0.20999999344348907,16093.0,1.0,309.8999938964844,,,,0.0,3.8102691173553467,0.0,,,,,,,,,,,,""
7500905983,"Jul 20, 2022, 4:26:36 PM",Evening Ride,Ride,,6994,50.17,174.0,136,false,,Ridley,activities/7996834051.fit.gz,,8.100000381469727,6994.0,6832.0,50172.8203125,17.926563262939453,7.343796730041504,1182.525146484375,1380.0,777.0,1245.300048828125,17.82522964477539,-0.000996555550955236,,,,,,152.69960021972656,,183.979736328125,1376.0,,,136.0,,,,,,,,,,,,,0.0,,1.0,,1658332800.0,1.0,28.889999389648438,28.889999389648438,10.8100004196167,0.33000001311302185,1017.7999877929688,1.350000023841858,2.4200000762939453,228.0,0.0,1658289024.0,1658343936.0,0.7599999904632568,9789874.0,,0.0,,0.07000000029802322,16093.0,2.0,309.8999938964844,,,,0.0,7.173694610595703,0.0,,,,,,,,,,,,""
7506802033,"Jul 21, 2022, 6:47:14 PM",We Run San Pellegrino ,Run,"",5398,7.99,182.0,37,false,,Mizuno,activities/8003318340.fit.gz,,,5398.0,2243.0,7998.06982421875,5.27001953125,3.565791368484497,120.50272369384766,238.0,339.6000061035156,408.20001220703125,47.67884826660156,-0.057513874024152756,,,99.0,84.98128509521484,,151.2182159423828,,,504.0,,,37.0,,,,,,,,,,,0.0,,0.0,,1.0,8411.2001953125,1658426368.0,1.0,31.139999389648438,31.270000457763672,16.389999389648438,0.4099999964237213,1016.2000122070312,1.1299999952316284,1.649999976158142,224.0,0.0,1658375552.0,1658430336.0,0.7900000214576721,,9269722.0,0.0,,0.11999999731779099,16093.0,0.0,312.1000061035156,,,,0.0,1.4816728830337524,0.0,,,,,,,,,,,,""
7511114833,"Jul 22, 2022, 4:39:55 PM",Evening Ride,Ride,,3699,25.78,173.0,70,false,,Ridley,activities/8008096230.fit.gz,,8.100000381469727,3699.0,3699.0,25788.5390625,17.216014862060547,6.971759796142578,672.4310913085938,782.0,427.1000061035156,1014.0,12.895101547241211,-0.0007755382684990764,,,,,,151.3408203125,,187.85147094726562,813.0,,,70.0,,,,,,,,,,,,,0.0,,1.0,,1658505600.0,1.0,30.010000228881836,30.010000228881836,10.130000114440918,0.28999999165534973,1014.7000122070312,1.3899999856948853,2.7899999618530273,225.0,0.0,1658462080.0,1658516608.0,0.8199999928474426,9789874.0,,0.0,,0.029999999329447746,16093.0,2.0,306.1000061035156,,,,0.0,6.971759796142578,0.0,,,,,,,,,,,,""
7527421629,"Jul 25, 2022, 5:35:47 PM",Evening Run,Run,,2858,10.82,176.0,72,false,,Mizuno,activities/8026317324.fit.gz,,,2858.0,2858.0,10820.2001953125,5.308000087738037,3.7859342098236084,170.65953063964844,312.0,895.9000244140625,949.0,22.782817840576172,-0.03234690800309181,,,89.0,85.31687927246094,,159.64671325683594,,,717.0,,,72.0,,,,,,,,,,,,,0.0,,1.0,11163.7998046875,1658768384.0,2.0,26.850000381469727,27.739999771118164,17.799999237060547,0.5799999833106995,1010.9000244140625,1.5399999618530273,3.0299999713897705,276.0,0.08649999648332596,1658721408.0,1658775552.0,0.9100000262260437,,9269722.0,0.03999999910593033,5.0,0.5400000214576721,16093.0,1.0,297.5,,,,0.0,3.7859342098236084,653.0,,,,,,,,,,,,""
7533018394,"Jul 26, 2022, 5:34:37 PM",Evening Run,Run,,3180,11.89,186.0,97,false,,Mizuno,activities/8032527667.fit.gz,,,3180.0,3046.0,11894.990234375,5.358007907867432,3.905118227005005,52.338809967041016,259.0,296.20001220703125,309.3999938964844,3.0728752613067627,0.005884830374270678,,,91.0,86.11107635498047,,165.50442504882812,,,773.0,,,97.0,,,,,,,,,,,,,0.0,,1.0,11924.5,1658854784.0,2.0,28.290000915527344,29.969999313354492,19.969999313354492,0.6100000143051147,1009.5,1.3200000524520874,2.309999942779541,229.0,0.0925000011920929,1658807936.0,1658861952.0,0.9399999976158142,,9269722.0,0.03999999910593033,5.0,0.6700000166893005,16093.0,1.0,319.6000061035156,,,,0.0,3.740562915802002,2724.5,,,,,,,,,,,,""
7538868684,"Jul 27, 2022, 4:25:03 PM",Evening Ride,Ride,,7161,50.99,174.0,126,false,,Ridley,activities/8038974900.fit.gz,,8.100000381469727,7161.0,7002.0,50997.16015625,17.358203887939453,7.283227443695068,1099.9224853515625,1219.0,316.1000061035156,951.5,45.9880256652832,-0.005882680416107178,,,,,,150.17686462402344,,177.61083984375,1463.0,,,126.0,,,,,,,,,,,,,0.0,,1.0,,1658937600.0,2.0,22.18000030517578,22.440000534057617,17.770000457763672,0.7599999904632568,1010.5,0.6700000166893005,1.2000000476837158,342.0,0.10809999704360962,1658894336.0,1658948224.0,0.9700000286102295,9789874.0,,0.029999999329447746,5.0,0.7099999785423279,16093.0,2.0,321.79998779296875,,,,0.0,7.121513843536377,0.0,,,,,,,,,,,,""
7560774502,"Jul 31, 2022, 4:43:17 PM",Evening Ride,Ride,,5509,36.52,174.0,92,false,,Ridley,activities/8063336689.fit.gz,,8.100000381469727,5509.0,5509.0,36521.5,17.331249237060547,6.629425048828125,1000.1824340820312,1086.0,414.8999938964844,1014.0,42.62295150756836,0.0,,,,,,145.8128662109375,,171.74513244628906,1103.0,,,92.0,,,,,,,,,,,,,0.0,,1.0,,1659283200.0,1.0,30.559999465942383,30.59000015258789,16.079999923706055,0.41999998688697815,1014.4000244140625,1.190000057220459,1.2200000286102295,176.0,0.009499999694526196,1659240192.0,1659293568.0,0.10000000149011612,9789874.0,,0.009999999776482582,5.0,0.25999999046325684,16093.0,2.0,301.0,,,,0.0,6.629425048828125,0.0,,,,,,,,,,,,""
7565345430,"Aug 1, 2022, 4:21:22 PM",Evening Run,Run,,3543,10.77,182.0,65,false,,Mizuno,activities/8068445500.fit.gz,,,3543.0,3205.0,10773.9404296875,7.565820217132568,3.3616039752960205,168.10186767578125,293.0,900.7000122070312,961.0,26.651161193847656,0.0,,,101.0,85.93001556396484,,156.35316467285156,,,780.0,,,65.0,,,,,,,,,,,,,0.0,,1.0,11242.2001953125,1659369600.0,1.0,26.010000228881836,26.010000228881836,13.449999809265137,0.46000000834465027,1013.2999877929688,1.3700000047683716,1.409999966621399,222.0,0.0,1659326720.0,1659379968.0,0.12999999523162842,,9269722.0,0.0,,0.07000000029802322,16093.0,2.0,313.79998779296875,,,,0.0,3.0409090518951416,651.4000244140625,,,,,,,,,,,,""
7571229928,"Aug 2, 2022, 4:45:08 PM",Evening Run,Run,,3165,11.23,179.0,83,false,,Mizuno,activities/8074945031.fit.gz,,,3165.0,3001.0,11237.009765625,5.772070407867432,3.7444217205047607,49.29380798339844,318.0,254.39999389648438,283.1000061035156,8.605210304260254,-0.008899164386093616,,,91.0,86.09564971923828,,162.68624877929688,,,751.0,,,83.0,,,,,,,,,,,,,0.0,,1.0,11293.7001953125,1659456000.0,1.0,30.719999313354492,31.049999237060547,16.8700008392334,0.4300000071525574,1015.5999755859375,1.850000023841858,1.850000023841858,177.0,0.012299999594688416,1659413248.0,1659466240.0,0.1599999964237213,,9269722.0,0.009999999776482582,5.0,0.25999999046325684,16093.0,2.0,311.0,,,,0.0,3.550398111343384,136.6999969482422,,,,,,,,,,,,""
7577339827,"Aug 3, 2022, 4:53:20 PM",Evening Ride,Ride,,5083,34.20,178.0,119,false,,Ridley,activities/8081697212.fit.gz,,8.100000381469727,5083.0,4899.0,34207.62109375,17.41796875,6.982572555541992,811.4652709960938,911.0,316.1000061035156,1049.300048828125,24.56196403503418,-0.0005846650456078351,,,,,,156.84280395507812,,182.36346435546875,1135.0,,,119.0,,,,,,,,,,,,,0.0,,1.0,,1659542400.0,1.0,30.31999969482422,30.709999084472656,17.0,0.44999998807907104,1015.7999877929688,1.1100000143051147,1.2100000381469727,202.0,0.005200000014156103,1659499648.0,1659552512.0,0.1899999976158142,9789874.0,,0.009999999776482582,5.0,0.20000000298023224,16093.0,2.0,307.20001220703125,,,,0.0,6.729809761047363,0.0,,,,,,,,,,,,""
7588470015,"Aug 5, 2022, 4:56:18 PM",Cronoscalata Rigosa-Salmezza,Ride,"",4678,19.20,,,false,,Ridley,activities/8094056537.fit.gz,,8.100000381469727,4678.0,3292.0,19202.69921875,16.337890625,5.833140850067139,595.7024536132812,663.0,562.4000244140625,1092.699951171875,24.369016647338867,-0.0005207601352594793,,,,,,,,157.65184020996094,949.0,,,,,,,,,,,,,,0.0,,0.0,,1.0,,1659715200.0,2.0,27.479999542236328,27.59000015258789,14.770000457763672,0.46000000834465027,1013.0,1.159999966621399,1.2699999809265137,163.0,0.01360000018030405,1659672576.0,1659725184.0,0.25999999046325684,9789874.0,,0.009999999776482582,5.0,0.550000011920929,16093.0,2.0,304.1000061035156,,,,0.0,4.104895114898682,0.0,,,,,,,,,,,,""
7604813742,"Aug 8, 2022, 5:43:41 PM",Evening Run,Run,,3016,11.01,172.0,65,false,,Mizuno,activities/8112429507.fit.gz,,,3016.0,3016.0,11013.349609375,5.159993648529053,3.6516411304473877,178.7933349609375,263.0,895.9000244140625,949.0,20.729658126831055,0.0018159779720008373,,,89.0,85.75032806396484,,156.20391845703125,,,740.0,,,65.0,,,,,,,,,,,,,0.0,,1.0,11385.0,1659977984.0,2.0,23.31999969482422,23.559999465942383,17.81999969482422,0.7099999785423279,1016.2999877929688,1.059999942779541,1.5700000524520874,157.0,0.08550000190734863,1659932032.0,1659984128.0,0.3700000047683716,,9269722.0,0.05000000074505806,5.0,0.7099999785423279,16093.0,0.0,318.6000061035156,,,,0.0,3.6516411304473877,634.0999755859375,,,,,,,,,,,,""
7614580041,"Aug 9, 2022, 6:03:34 PM",Evening Run,Run,,2882,9.18,193.0,60,false,,Mizuno,activities/8123206850.fit.gz,,,2882.0,2754.0,9180.3603515625,7.371972560882568,3.3334641456604004,125.54666900634766,194.0,895.9000244140625,949.0,12.87128734588623,0.0,,,99.0,85.13665008544922,,158.3769989013672,,,635.0,,,60.0,,,,,,,,,,,,,0.0,,1.0,9416.7998046875,1660067968.0,2.0,22.149999618530273,22.399999618530273,17.700000762939453,0.7599999904632568,1018.5,0.8100000023841858,1.0499999523162842,52.0,0.22120000422000885,1660018560.0,1660070400.0,0.4099999964237213,,9269722.0,0.11999999731779099,5.0,0.5400000214576721,16093.0,0.0,316.70001220703125,,,,0.0,3.185412883758545,2058.60009765625,,,,,,,,,,,,""
7655243468,"Aug 17, 2022, 5:46:21 PM",Evening Run,Run,,3038,10.77,173.0,69,false,,Mizuno,activities/8168484232.fit.gz,,,3038.0,3038.0,10771.30078125,5.430029392242432,3.5455234050750732,169.21722412109375,221.0,896.0,949.0999755859375,21.06995964050293,0.0,,,87.0,85.10865783691406,,156.74085998535156,,,723.0,,,69.0,,,,,,,,,,,,,0.0,,1.0,11139.0,1660755584.0,3.0,17.610000610351562,18.0,17.399999618530273,0.9900000095367432,1013.5,1.8700000047683716,2.5799999237060547,52.0,0.3301999866962433,1660710272.0,1660760832.0,0.7099999785423279,,9269722.0,0.23999999463558197,5.0,0.9900000095367432,9974.0,0.0,301.29998779296875,,,,0.0,3.5455234050750732,634.4000244140625,,,,,,,,,,,,""
7660485267,"Aug 18, 2022, 5:39:34 PM",Evening Run,Run,,2746,9.73,168.0,59,false,,Mizuno,activities/8174344593.fit.gz,,,2746.0,2746.0,9732.759765625,4.968575477600098,3.5443408489227295,151.6566619873047,232.0,895.9000244140625,949.0,15.782848358154297,-0.0010274577653035522,,,87.0,85.18244934082031,,154.68389892578125,,,642.0,,,59.0,,,,,,,,,,,,,0.0,,1.0,10045.7001953125,1660841984.0,5.0,16.739999771118164,16.899999618530273,15.630000114440918,0.9300000071525574,1010.2000122070312,1.159999966621399,3.109999895095825,30.0,0.9316999912261963,1660796800.0,1660847104.0,0.7400000095367432,,9269722.0,0.3199999928474426,5.0,0.6800000071525574,15005.0,0.0,315.29998779296875,,,,0.0,3.5443408489227295,665.2000122070312,,,,,,,,,,,,""
7682055995,"Aug 22, 2022, 3:41:41 PM",Afternoon Ride,Ride,,8415,55.33,177.0,158,false,,Ridley,activities/8198755210.fit.gz,,8.100000381469727,8415.0,8263.0,55335.30859375,18.093944549560547,6.696757793426514,1190.6220703125,1381.0,326.3999938964844,1056.4000244140625,15.326560020446777,-0.00018071643717121333,,,,,,151.9594268798828,,163.57627868652344,1597.0,,,158.0,,,,,,,,,,,,,0.0,,1.0,,1661180416.0,2.0,28.5,28.5,13.529999732971191,0.4000000059604645,1009.5,1.7100000381469727,1.9700000286102295,203.0,0.015300000086426735,1661142656.0,1661192320.0,0.8600000143051147,9789874.0,,0.019999999552965164,5.0,0.33000001311302185,16093.0,3.0,304.8999938964844,,,,0.0,6.575794219970703,0.0,,,,,,,,,,,,""
7693578414,"Aug 24, 2022, 3:52:24 PM",Afternoon Ride,Ride,,6531,42.45,175.0,139,false,,Ridley,activities/8211619588.fit.gz,,8.100000381469727,6531.0,6531.0,42455.4296875,18.014062881469727,6.500601768493652,1157.73779296875,1326.0,319.0,1014.0,31.012571334838867,-0.001413246849551797,,,,,,154.2382049560547,,177.19174194335938,1398.0,,,139.0,,,,,,,,,,,,,0.0,,1.0,,1661353216.0,2.0,28.690000534057617,28.8799991607666,16.059999465942383,0.46000000834465027,1015.7000122070312,1.8300000429153442,1.840000033378601,185.0,0.005900000222027302,1661315584.0,1661364992.0,0.9200000166893005,9789874.0,,0.009999999776482582,5.0,0.5,16093.0,2.0,299.8999938964844,,,,0.0,6.500601768493652,0.0,,,,,,,,,,,,""
7704952252,"Aug 26, 2022, 4:55:18 PM",Cronoscalata Algua-Costa Serina-Aviatico,Ride,"",4976,28.25,,,false,,Ridley,activities/8224601082.fit.gz,,8.100000381469727,4976.0,4030.0,28255.990234375,15.196093559265137,7.011411666870117,689.6424560546875,849.0,427.1000061035156,1014.0,20.462095260620117,-0.012386754155158997,,,,,,,,169.54246520996094,1270.0,,,,,,,,,,,,,,0.0,,0.0,,1.0,,1661529600.0,3.0,22.829999923706055,22.829999923706055,14.180000305175781,0.5799999833106995,1010.5,1.2200000286102295,1.6699999570846558,182.0,0.1273999959230423,1661488512.0,1661537536.0,0.9800000190734863,9789874.0,,0.09000000357627869,5.0,0.8999999761581421,16093.0,1.0,303.20001220703125,,,,0.0,5.678454399108887,0.0,,,,,,,,,,,,""
7721056834,"Aug 29, 2022, 4:20:16 PM",Evening Run,Run,,3852,13.02,184.0,81,false,,Mizuno,activities/8242843946.fit.gz,,,3852.0,3765.0,13026.8203125,4.787890434265137,3.4599788188934326,198.96678161621094,362.0,975.9000244140625,1057.199951171875,10.50329303741455,0.0015352941118180752,,,88.0,84.69904327392578,,156.82310485839844,,,884.0,,,81.0,,,,,,,,,,,,,0.0,,1.0,13365.0,1661788800.0,2.0,21.350000381469727,21.43000030517578,16.1299991607666,0.7200000286102295,1016.7999877929688,1.559999942779541,1.5800000429153442,165.0,0.1160999983549118,1661747968.0,1661796480.0,0.07999999821186066,,9269722.0,0.05000000074505806,5.0,0.4699999988079071,16093.0,1.0,295.8999938964844,,,,0.0,3.3818328380584717,69.5,,,,,,,,,,,,""
7726975878,"Aug 30, 2022, 5:29:46 PM",Evening Run,Run,,3021,10.56,169.0,71,false,,Mizuno,activities/8249439723.fit.gz,,,3021.0,3000.0,10560.9599609375,4.271484375,3.520320177078247,45.178890228271484,224.0,296.20001220703125,327.5,2.9867560863494873,0.0028406507335603237,,,87.0,83.44043731689453,,156.440185546875,,,687.0,,,71.0,,,,,,,,,,,,,0.0,,1.0,10586.7998046875,1661878784.0,2.0,24.65999984741211,25.25,20.780000686645508,0.7900000214576721,1016.2999877929688,1.159999966621399,1.309999942779541,52.0,0.36250001192092896,1661834496.0,1661882752.0,0.10999999940395355,,9269722.0,0.2199999988079071,5.0,0.8299999833106995,15829.0,0.0,296.3999938964844,,,,0.0,3.495849132537842,7514.39990234375,,,,,,,,,,,,""
7732366522,"Aug 31, 2022, 4:35:28 PM",Evening Ride,Ride,,3710,25.19,,,false,,Ridley,activities/8255471129.fit.gz,,8.100000381469727,3710.0,3654.0,25195.400390625,15.820019721984863,6.89529275894165,675.600830078125,706.0,305.1000061035156,951.5,42.49960708618164,-0.004762773867696524,,,,,,,,176.79312133789062,1117.0,,,,,,,,,,,,,,,,0.0,,1.0,,1661961600.0,5.0,17.360000610351562,17.579999923706055,16.209999084472656,0.9300000071525574,1014.5999755859375,0.9700000286102295,1.2699999809265137,63.0,0.7124999761581421,1661920896.0,1661969024.0,0.15000000596046448,9789874.0,,0.28999999165534973,5.0,0.8899999856948853,16093.0,1.0,295.0,,,,0.0,6.791213035583496,0.0,,,,,,,,,,,,""
7743365271,"Sep 2, 2022, 4:50:07 PM",Cronoscalata Nembro-Selvino,Ride,"",4915,23.20,71.0,4,false,,Ridley,activities/8267910606.fit.gz,,8.100000381469727,4915.0,3404.0,23207.390625,15.861913681030273,6.817682266235352,630.1319580078125,707.0,327.5,951.5,43.874053955078125,-0.0012926916824653745,,,,,,70.99882507324219,,166.3197784423828,1062.0,,,4.0,,,,,,,,,,,0.0,,0.0,,1.0,,1662134400.0,2.0,23.34000015258789,23.34000015258789,15.430000305175781,0.6100000143051147,1014.0999755859375,1.2300000190734863,1.5399999618530273,171.0,0.23409999907016754,1662093824.0,1662141568.0,0.2199999988079071,9789874.0,,0.10999999940395355,5.0,0.6800000071525574,16093.0,1.0,299.3999938964844,,,,0.0,4.721747875213623,0.0,,,,,,,,,,,,""
7748668265,"Sep 3, 2022, 3:40:11 PM",Afternoon Run,Run,,4612,11.22,205.0,53,false,,Mizuno,activities/8273894168.fit.gz,,,4612.0,3994.0,11219.3701171875,6.213964939117432,2.809056282043457,286.20172119140625,376.0,900.7000122070312,968.5,16.505422592163086,-0.0008913156343623996,,,121.0,78.11178588867188,,147.96844482421875,,,830.0,,,53.0,,,,,,,,,,,,,0.0,,1.0,12230.7998046875,1662217216.0,3.0,17.8799991607666,17.8799991607666,13.920000076293945,0.7799999713897705,1015.4000244140625,0.7799999713897705,1.190000057220459,128.0,0.31839999556541443,1662180352.0,1662227840.0,0.25,,9269722.0,0.17000000178813934,5.0,0.9399999976158142,16093.0,2.0,302.3999938964844,,,,0.0,2.432647466659546,621.2000122070312,,,,,,,,,,,,""
7751430867,"Sep 4, 2022, 7:45:39 AM",Morning Run,Run,Gli sbagliati di ieri sera si sono sentiti tutti 🥵,5081,18.01,176.0,160,false,,Mizuno,activities/8277074763.fit.gz,,,5081.0,4973.0,18009.798828125,4.990038871765137,3.621515989303589,73.78666687011719,373.0,275.8999938964844,333.70001220703125,5.135730266571045,-0.006107786204665899,,,89.0,86.49002838134766,,166.73817443847656,,,1218.0,,,160.0,,,,,,,,,,,0.0,,0.0,,1.0,18073.5,1662274816.0,1.0,19.3799991607666,19.3799991607666,14.920000076293945,0.75,1019.0,1.0800000429153442,1.149999976158142,51.0,0.010200000368058681,1662266880.0,1662314112.0,0.28999999165534973,,9269722.0,0.019999999552965164,5.0,0.14000000059604645,16093.0,1.0,306.70001220703125,,,,0.0,3.5445382595062256,14338.599609375,,,,,,,,,,,,""
7759650538,"Sep 5, 2022, 4:27:59 PM",Evening Run,Run,"",2507,8.94,166.0,46,false,,,activities/8286424497.fit.gz,,,2507.0,2507.0,8940.3701171875,5.563333034515381,3.566162586212158,133.3861846923828,249.0,900.7000122070312,957.0,17.196622848510742,0.03691122308373451,,,89.0,84.50959014892578,,152.07354736328125,,,588.0,,,46.0,,,,,,,,,,,0.0,,0.0,,1.0,9347.2001953125,1662393600.0,2.0,21.540000915527344,21.540000915527344,14.760000228881836,0.6499999761581421,1020.0999755859375,1.0800000429153442,1.3799999952316284,167.0,0.05260000005364418,1662353280.0,1662400384.0,0.33000001311302185,,11506550.0,0.029999999329447746,5.0,0.3400000035762787,16093.0,1.0,287.20001220703125,,,,0.0,3.566162586212158,230.39999389648438,,,,,,,,,,,,""
7765263475,"Sep 6, 2022, 4:57:20 PM",Evening Run,Run,,3764,13.13,176.0,89,false,,Mizuno,activities/8292699381.fit.gz,,,3764.0,3761.0,13134.5703125,4.73876953125,3.4923079013824463,60.3273811340332,326.0,274.5,309.3999938964844,4.496395111083984,-0.001522699254564941,,,87.0,83.3650894165039,,156.9648895263672,,,891.0,,,89.0,,,,,,,,,,,,,0.0,,1.0,13188.7998046875,1662480000.0,2.0,28.049999237060547,29.709999084472656,19.989999771118164,0.6200000047683716,1017.0999755859375,1.2599999904632568,1.2599999904632568,159.0,0.020800000056624413,1662439808.0,1662486784.0,0.36000001430511475,,9269722.0,0.03999999910593033,5.0,0.6100000143051147,16093.0,1.0,292.0,,,,0.0,3.4895246028900146,8179.2001953125,,,,,,,,,,,,""
7771006088,"Sep 7, 2022, 4:58:01 PM",Evening Run,Run,,4047,12.35,184.0,96,false,,Mizuno,activities/8299155999.fit.gz,,,4047.0,3956.0,12354.7099609375,5.625,3.123030662536621,37.36640930175781,274.0,300.5,311.20001220703125,3.39443302154541,0.004047039430588484,,,108.0,84.2780532836914,,163.49462890625,,,946.0,,,96.0,,,,,,,,,,,,,0.0,,1.0,12378.900390625,1662566400.0,3.0,24.420000076293945,25.139999389648438,21.809999465942383,0.8500000238418579,1015.2999877929688,1.2200000286102295,2.0199999809265137,67.0,0.3472999930381775,1662526208.0,1662573056.0,0.4000000059604645,,9269722.0,0.1899999976158142,5.0,0.9700000286102295,11709.0,1.0,290.5,,,,0.0,3.052806854248047,2150.60009765625,,,,,,,,,,,,""
7776199172,"Sep 8, 2022, 5:15:31 PM",Evening Run,Run,"",3308,11.53,172.0,68,false,,,activities/8305004849.fit.gz,,,3308.0,3269.0,11534.720703125,4.2066650390625,3.5285165309906006,49.687618255615234,230.0,271.20001220703125,309.3999938964844,6.219663619995117,-0.006068634334951639,,,88.0,84.13192749023438,,155.5682373046875,,,776.0,,,68.0,,,,,,,,,,,0.0,,0.0,,1.0,11580.099609375,1662656384.0,2.0,22.479999542236328,23.170000076293945,21.040000915527344,0.9200000166893005,1011.7999877929688,0.7599999904632568,0.8500000238418579,257.0,0.26179999113082886,1662612736.0,1662659328.0,0.4399999976158142,,11506550.0,0.20999999344348907,5.0,0.4399999976158142,8230.0,0.0,304.6000061035156,,,,0.0,3.4869165420532227,9548.900390625,,,,,,,,,,,,""
7783893042,"Sep 10, 2022, 6:28:36 AM",Morning Ride,Ride,,13506,88.20,174.0,186,false,,Ridley,activities/8313720216.fit.gz,,8.100000381469727,13506.0,12539.0,88203.515625,17.489843368530273,7.034334182739258,1590.4691162109375,1852.0,251.39999389648438,991.7000122070312,48.4425048828125,-0.00011337416071910411,,,,,,143.9862518310547,,157.67950439453125,2333.0,,,186.0,,,,,,,,,,,,,0.0,,1.0,,1662789632.0,1.0,14.229999542236328,14.229999542236328,12.920000076293945,0.9200000166893005,1015.4000244140625,1.909999966621399,2.6500000953674316,20.0,0.0575999990105629,1662785664.0,1662831872.0,0.5099999904632568,9789874.0,,0.03999999910593033,5.0,0.11999999731779099,16093.0,0.0,315.79998779296875,,,,0.0,6.530691623687744,204.39999389648438,,,,,,,,,,,,""
7788834753,"Sep 11, 2022, 7:34:22 AM",Morning Run,Run,,2456,9.01,164.0,39,false,,Mizuno,activities/8319349299.fit.gz,,,2456.0,2456.0,9015.91015625,4.761439800262451,3.670973062515259,136.33285522460938,213.0,895.9000244140625,948.9000244140625,24.936824798583984,-0.003327451180666685,,,89.0,85.9026870727539,,149.89088439941406,,,574.0,,,39.0,,,,,,,,,,,,,0.0,,1.0,9275.400390625,1662879616.0,1.0,13.319999694824219,13.319999694824219,9.6899995803833,0.7900000214576721,1015.7000122070312,1.4800000190734863,2.4000000953674316,46.0,0.0,1662872192.0,1662918144.0,0.550000011920929,,9269722.0,0.0,,0.009999999776482582,16093.0,1.0,313.8999938964844,,,,0.0,3.670973062515259,410.3999938964844,,,,,,,,,,,,""
7797382681,"Sep 12, 2022, 4:46:16 PM",Evening Run,Run,"",3162,10.59,156.0,30,false,,,activities/8329046703.fit.gz,,,3162.0,3162.0,10591.0400390625,4.2913641929626465,3.349475145339966,167.6104736328125,294.0,895.9000244140625,949.0999755859375,17.796905517578125,-0.02738163433969021,,,94.0,83.71527862548828,,142.96519470214844,,,697.0,,,30.0,,,,,,,,,,,0.0,,0.0,,1.0,10938.5,1662998400.0,2.0,19.149999618530273,19.149999618530273,12.510000228881836,0.6499999761581421,1014.5,1.1799999475479126,1.2300000190734863,179.0,0.0,1662958592.0,1663004416.0,0.5799999833106995,,11506550.0,0.0,,0.36000001430511475,16093.0,1.0,287.0,,,,0.0,3.349475145339966,667.0,,,,,,,,,,,,""
7803045212,"Sep 13, 2022, 5:04:00 PM",Evening Run,Run,"",4368,16.59,183.0,136,false,,,activities/8335358664.fit.gz,,,4368.0,4298.0,16593.4296875,5.225976467132568,3.8607330322265625,73.27813720703125,380.0,296.20001220703125,309.3999938964844,10.41709041595459,-0.003013240871950984,,,90.0,85.73043060302734,,164.6380615234375,,,1076.0,,,136.0,,,,,,,,,,,0.0,,0.0,,1.0,16630.80078125,1663088384.0,2.0,23.520000457763672,23.989999771118164,19.649999618530273,0.7900000214576721,1013.0999755859375,0.9399999976158142,0.9399999976158142,66.0,0.0,1663045120.0,1663090688.0,0.6200000047683716,,11506550.0,0.0,,0.8299999833106995,16093.0,0.0,284.70001220703125,,,,0.0,3.7988622188568115,3525.39990234375,,,,,,,,,,,,""
7813730530,"Sep 15, 2022, 5:16:11 PM",Evening Run,Run,,3656,13.31,181.0,106,false,,Mizuno,activities/8347321697.fit.gz,,,3656.0,3622.0,13309.58984375,5.026692867279053,3.674652099609375,47.93333435058594,272.0,296.20001220703125,339.5,3.2967121601104736,-0.01352408342063427,,,87.0,85.17117309570312,,162.9141845703125,,,903.0,,,106.0,,,,,,,,,,,,,0.0,,1.0,13337.2001953125,1663261184.0,2.0,23.43000030517578,23.739999771118164,18.3700008392334,0.7300000190734863,1005.7000122070312,0.9800000190734863,1.1699999570846558,354.0,0.05849999934434891,1663218048.0,1663263360.0,0.6800000071525574,,9269722.0,0.07999999821186066,5.0,0.6299999952316284,16093.0,0.0,310.29998779296875,,,,0.0,3.6404786109924316,11117.099609375,,,,,,,,,,,,""
7818509389,"Sep 16, 2022, 3:54:31 PM",Afternoon Run,Run,,6789,24.00,185.0,216,false,,Mizuno,activities/8352680960.fit.gz,,,6789.0,6474.0,24008.779296875,5.490038871765137,3.7084925174713135,6.552499771118164,470.0,0.0,4.099999904632568,2.183406114578247,0.0029156000819057226,,,91.0,86.05921173095703,,165.8712158203125,,,1639.0,,,216.0,,,,,,,,,,,,,0.0,,1.0,24020.80078125,1663340416.0,2.0,28.440000534057617,28.969999313354492,17.049999237060547,0.5,1002.9000244140625,8.069999694824219,14.710000038146973,246.0,0.0,1663303936.0,1663348864.0,0.7200000286102295,,9269722.0,0.0,,0.3400000035762787,16093.0,1.0,299.79998779296875,,,,0.0,3.536423683166504,2869.39990234375,,,,,,,,,,,,""
7827421321,"Sep 18, 2022, 10:17:39 AM",Lunch Run,Run,,4158,14.06,158.0,62,false,,Mizuno,activities/8362743424.fit.gz,,,4158.0,4153.0,14062.240234375,4.72802734375,3.3860440254211426,2.06333327293396,361.0,-0.10000000149011612,3.0,3.265306234359741,-0.004266745410859585,,,92.0,84.87027740478516,,149.17111206054688,,,930.0,,,62.0,,,,,,,,,,,,,0.0,,1.0,14067.400390625,1663495168.0,1.0,19.600000381469727,19.600000381469727,11.079999923706055,0.5799999833106995,1015.7999877929688,2.9800000190734863,2.9800000190734863,281.0,0.0,1663476864.0,1663521536.0,0.7799999713897705,,9269722.0,0.0,,0.0,16093.0,5.0,329.0,,,,0.0,3.381972312927246,1085.800048828125,,,,,,,,,,,,""
7839848016,"Sep 20, 2022, 5:26:06 PM",Evening Run,Run,"",2816,9.62,166.0,43,false,,,activities/8376789385.fit.gz,,,2816.0,2727.0,9626.4404296875,5.03173828125,3.530047655105591,37.57749938964844,184.0,296.20001220703125,325.8999938964844,3.047456979751587,-0.00831044465303421,,,89.0,84.06135559082031,,148.99082946777344,,,623.0,,,43.0,,,,,,,,,,,0.0,,0.0,,1.0,9645.7001953125,1663693184.0,1.0,17.979999542236328,17.979999542236328,9.329999923706055,0.5699999928474426,1015.7999877929688,1.2799999713897705,1.3899999856948853,101.0,0.0,1663650432.0,1663694720.0,0.8399999737739563,,11506550.0,0.0,,0.1599999964237213,16093.0,0.0,312.6000061035156,,,,0.0,3.418480157852173,7547.39990234375,,,,,,,,,,,,""
7845368760,"Sep 21, 2022, 4:41:25 PM",Evening Run,Run,,4650,17.08,176.0,104,false,,,activities/8382957682.fit.gz,,,4650.0,4414.0,17088.611328125,5.34375,3.8714568614959717,71.28491973876953,374.0,277.79998779296875,326.1000061035156,12.606271743774414,-0.0017555552767589688,,,90.0,85.89840698242188,,160.21963500976562,,,1097.0,,,104.0,,,,,,,,,,,,,0.0,,1.0,17156.80078125,1663776000.0,2.0,18.18000030517578,18.18000030517578,9.109999656677246,0.550000011920929,1021.7999877929688,1.0499999523162842,1.2100000381469727,114.0,0.0,1663736832.0,1663780992.0,0.8700000047683716,,11506550.0,0.0,,0.8600000143051147,16093.0,0.0,318.6000061035156,,,,0.0,3.6749701499938965,15866.2998046875,,,,,,,,,,,,""
7849640749,"Sep 22, 2022, 8:02:27 AM",Morning Walk,Hike,"",25623,4.38,122.0,11,false,,Mizuno,activities/8387750191.fit.gz,,,25623.0,5004.0,4388.2001953125,4.583333492279053,0.8769384622573853,359.10552978515625,511.0,1007.4000244140625,1335.0,49.606300354003906,0.06152864545583725,,,80.0,56.435935974121094,,100.16705322265625,,,593.0,,,11.0,,,,,,,,,,,0.0,,0.0,,1.0,,1663833600.0,2.0,13.829999923706055,13.829999923706055,8.609999656677246,0.7099999785423279,1022.5,1.2799999713897705,1.2899999618530273,162.0,0.0,1663823360.0,1663867136.0,0.8999999761581421,,9269722.0,0.0,,0.7699999809265137,16093.0,2.0,317.3999938964844,,,,0.0,0.17126019299030304,2704.5,,,,,,,,,,,,""
7850393025,"Sep 22, 2022, 4:32:12 PM",Evening Run,Run,"",3148,10.72,168.0,60,false,,Mizuno,activities/8388591396.fit.gz,,,3148.0,3148.0,10725.759765625,4.37750244140625,3.4071664810180664,170.7216033935547,370.0,895.9000244140625,949.0,16.255746841430664,0.0,,,104.0,84.90628814697266,,152.10101318359375,,,727.0,,,60.0,,,,,,,,,,,0.0,,0.0,,1.0,11064.099609375,1663862400.0,2.0,12.729999542236328,12.729999542236328,5.639999866485596,0.6200000047683716,1019.4000244140625,1.440000057220459,1.5199999809265137,153.0,0.0,1663823360.0,1663867264.0,0.8999999761581421,,9269722.0,0.0,,0.699999988079071,16093.0,0.0,315.3999938964844,,,,0.0,3.4071664810180664,658.0,,,,,,,,,,,,""
7857694452,"Sep 24, 2022, 6:08:44 AM",Morning Run,Run,,8326,28.01,179.0,148,false,,,activities/8396809202.fit.gz,,,8326.0,7526.0,28015.66015625,6.583984375,3.7225167751312256,136.96189880371094,698.0,231.8000030517578,283.6000061035156,21.147661209106445,-0.0014277728041633964,,,92.0,86.34779357910156,,154.01425170898438,,,1767.0,,,148.0,,,,,,,,,,,,,0.0,,1.0,28169.0,1663999232.0,3.0,12.829999923706055,12.829999923706055,8.920000076293945,0.7699999809265137,1017.9000244140625,1.2999999523162842,1.3899999856948853,25.0,0.006500000134110451,1663996288.0,1664039808.0,0.9599999785423279,,11506550.0,0.019999999552965164,5.0,0.9800000190734863,16093.0,0.0,308.79998779296875,,,,0.0,3.364840269088745,5883.39990234375,,,,,,,,,,,,""
7871008105,"Sep 26, 2022, 4:44:07 PM",Evening Run,Run,"",3606,12.59,170.0,77,false,,Mizuno,activities/8412014016.fit.gz,,,3606.0,3601.0,12595.0205078125,5.711588382720947,3.497645139694214,192.59669494628906,358.0,896.0999755859375,949.0999755859375,31.229534149169922,0.0007939646020531654,,,87.0,85.06564331054688,,155.0968017578125,,,848.0,,,77.0,,,,,,,,,,,0.0,,0.0,,1.0,13016.0,1664208000.0,2.0,18.139999389648438,18.139999389648438,12.069999694824219,0.6800000071525574,1005.7999877929688,1.309999942779541,1.6799999475479126,169.0,0.08169999718666077,1664169216.0,1664212352.0,0.029999999329447746,,9269722.0,0.07000000029802322,5.0,0.4000000059604645,16093.0,0.0,319.1000061035156,,,,0.0,3.492795467376709,396.3999938964844,,,,,,,,,,,,""
7876221763,"Sep 27, 2022, 5:21:59 PM",Evening Run,Run,,3412,11.40,180.0,84,false,,,activities/8417814069.fit.gz,,,3412.0,3340.0,11400.1904296875,5.643945217132568,3.4132306575775146,48.3504753112793,184.0,300.5,311.20001220703125,3.251446008682251,0.0043858918361365795,,,93.0,86.68561553955078,,163.23622131347656,,,766.0,,,84.0,,,,,,,,,,,,,0.0,,1.0,11427.7001953125,1664297984.0,1.0,16.84000015258789,16.84000015258789,9.180000305175781,0.6100000143051147,999.4000244140625,1.7699999809265137,1.8200000524520874,40.0,0.05090000107884407,1664255744.0,1664298624.0,0.05999999865889549,,11506550.0,0.03999999910593033,5.0,0.17000000178813934,16093.0,0.0,321.0,,,,0.0,3.3412046432495117,1911.300048828125,,,,,,,,,,,,""
7881304094,"Sep 28, 2022, 4:47:42 PM",Evening Run,Run,"",2893,10.12,173.0,60,false,,Mizuno,activities/8423461846.fit.gz,,,2893.0,2893.0,10122.5703125,6.08599853515625,3.4989871978759766,155.6571502685547,252.0,896.0,949.0,26.066553115844727,-0.0029636742547154427,,,88.0,85.19390869140625,,154.59071350097656,,,679.0,,,60.0,,,,,,,,,,,0.0,,0.0,,1.0,10432.2998046875,1664380800.0,3.0,11.130000114440918,11.130000114440918,8.069999694824219,0.8100000023841858,999.9000244140625,0.8100000023841858,1.3899999856948853,82.0,0.018400000408291817,1664342272.0,1664384896.0,0.10000000149011612,,9269722.0,0.05999999865889549,5.0,0.9900000095367432,16093.0,0.0,314.0,,,,0.0,3.4989871978759766,628.0,,,,,,,,,,,,""
7893540378,"Oct 1, 2022, 7:49:08 AM",Morning Run,Run,"",9240,30.67,184.0,213,false,,,activities/8437196365.fit.gz,,,9240.0,8369.0,30677.939453125,5.161913871765137,3.665663719177246,74.18095397949219,453.0,265.79998779296875,279.5,5.87598180770874,-0.010104981251060963,,,91.0,86.42237854003906,,158.5038299560547,,,1983.0,,,213.0,,,,,,,,,,,0.0,,0.0,,1.0,30722.19921875,1664607616.0,2.0,12.270000457763672,12.270000457763672,10.609999656677246,0.8999999761581421,1016.0999755859375,1.350000023841858,1.4900000095367432,29.0,0.0,1664601600.0,1664643840.0,0.20999999344348907,,11506550.0,0.0,,0.6899999976158142,16093.0,1.0,306.5,,,,0.0,3.3201234340667725,4561.2998046875,,,,,,,,,,,,media/da15cd3d-922f-4997-a572-7e06a9b677fa.jpg
7906389169,"Oct 3, 2022, 4:56:15 PM",Evening Run,Run,"",2941,10.28,171.0,59,false,,Mizuno,activities/8451774089.fit.gz,,,2941.0,2941.0,10282.8701171875,5.66796875,3.4963855743408203,165.7901153564453,276.0,900.7000122070312,951.4000244140625,16.632619857788086,0.0019449822138994932,,,87.0,83.70918273925781,,153.1061248779297,,,679.0,,,59.0,,,,,,,,,,,0.0,,0.0,,1.0,10672.7998046875,1664812800.0,2.0,19.549999237060547,19.549999237060547,11.579999923706055,0.6000000238418579,1019.9000244140625,1.0199999809265137,1.2400000095367432,163.0,0.0,1664774528.0,1664816384.0,0.2800000011920929,,9269722.0,0.0,,0.5199999809265137,16093.0,0.0,296.1000061035156,,,,0.0,3.4963855743408203,623.5,,,,,,,,,,,,""
7911580744,"Oct 4, 2022, 4:32:50 PM",Evening Run,Run,"",3805,12.03,160.0,39,false,,Mizuno,activities/8457568589.fit.gz,,,3805.0,3805.0,12032.4599609375,4.549967288970947,3.162276029586792,189.30667114257812,358.0,900.7000122070312,956.5,35.728546142578125,-0.0024932557716965675,,,86.0,82.9681625366211,,144.4771270751953,,,803.0,,,39.0,,,,,,,,,,,0.0,,0.0,,1.0,12572.599609375,1664899200.0,2.0,19.850000381469727,19.850000381469727,13.800000190734863,0.6800000071525574,1022.5,1.1100000143051147,1.190000057220459,168.0,0.0,1664861056.0,1664902656.0,0.3199999928474426,,9269722.0,0.0,,0.5699999928474426,16093.0,0.0,290.1000061035156,,,,0.0,3.162276029586792,388.6000061035156,,,,,,,,,,,,""
7921902080,"Oct 6, 2022, 4:53:09 PM",Evening Run,Run,,4189,15.01,187.0,127,false,,,activities/8469127059.fit.gz,,,4189.0,3729.0,15010.7802734375,6.24609375,4.025416851043701,66.74535369873047,300.0,296.20001220703125,309.3999938964844,3.761162519454956,-0.0013323758030310273,,,93.0,85.60664367675781,,166.14308166503906,,,1000.0,,,127.0,,,,,,,,,,,,,0.0,,1.0,15042.400390625,1665072000.0,1.0,20.729999542236328,20.729999542236328,14.699999809265137,0.6800000071525574,1027.5,1.1399999856948853,1.149999976158142,142.0,0.0,1665033984.0,1665075200.0,0.38999998569488525,,11506550.0,0.0,,0.18000000715255737,16093.0,0.0,287.70001220703125,,,,0.0,3.5833802223205566,3091.699951171875,,,,,,,,,,,,""
7929297526,"Oct 8, 2022, 6:49:00 AM",Morning Run,Run,,10063,32.00,198.0,278,false,,,activities/8477549138.fit.gz,,,10063.0,8578.0,32007.6796875,5.2557196617126465,3.7313685417175293,153.05714416503906,802.0,235.10000610351562,291.5,13.461875915527344,0.00031242502154782414,,,92.0,85.88438415527344,,165.65640258789062,,,2132.0,,,278.0,,,,,,,,,,,,,0.0,,1.0,32222.30078125,1665208832.0,1.0,13.460000038146973,13.460000038146973,10.210000038146973,0.8100000023841858,1020.0999755859375,1.9299999475479126,1.9299999475479126,13.0,0.0,1665207040.0,1665247744.0,0.46000000834465027,,11506550.0,0.0,,0.11999999731779099,16093.0,0.0,285.3999938964844,,,,0.0,3.180729389190674,1363.0999755859375,,,,,,,,,,,,""
7942400975,"Oct 10, 2022, 4:31:46 PM",Evening Run,Run,,3110,10.04,168.0,50,false,,,activities/8492492807.fit.gz,,,3110.0,2929.0,10046.419921875,5.202002048492432,3.429982900619507,156.18833923339844,312.0,896.0,949.0,14.38847827911377,0.003981517627835274,,,87.0,84.34619140625,,151.1539764404297,,,670.0,,,50.0,,,,,,,,,,,,,0.0,,1.0,10376.5,1665417600.0,3.0,12.3100004196167,12.3100004196167,11.489999771118164,0.949999988079071,1021.4000244140625,1.1299999952316284,1.1299999952316284,195.0,0.0210999995470047,1665379968.0,1665420416.0,0.5299999713897705,,11506550.0,0.03999999910593033,5.0,0.8899999856948853,16093.0,0.0,290.8999938964844,,,,0.0,3.2303600311279297,654.2999877929688,,,,,,,,,,,,""
7947941669,"Oct 11, 2022, 5:05:53 PM",Evening Run,Run,,4417,16.57,185.0,143,false,,,activities/8498696754.fit.gz,,,4417.0,4203.0,16574.08984375,6.094307899475098,3.9433953762054443,67.05984497070312,338.0,300.5,314.79998779296875,3.04347825050354,-0.0024134053383022547,,,93.0,86.0274658203125,,167.05715942382812,,,1051.0,,,143.0,,,,,,,,,,,,,0.0,,1.0,16612.5,1665507584.0,2.0,16.979999542236328,16.979999542236328,13.739999771118164,0.8100000023841858,1022.0999755859375,1.3300000429153442,1.3300000429153442,57.0,0.029200000688433647,1665466368.0,1665506688.0,0.5600000023841858,,11506550.0,0.05000000074505806,5.0,0.5899999737739563,16093.0,0.0,287.20001220703125,,,,0.0,3.7523410320281982,2570.5,,,,,,,,,,,,""
7958158085,"Oct 13, 2022, 5:06:06 PM",Evening Run,Run,,3135,10.09,164.0,43,false,,,activities/8510194673.fit.gz,,,3135.0,3056.0,10098.349609375,4.327139854431152,3.304433822631836,41.59000015258789,223.0,291.70001220703125,316.29998779296875,2.9209306240081787,0.00198052148334682,,,86.0,83.47689056396484,,148.38510131835938,,,664.0,,,43.0,,,,,,,,,,,,,0.0,,1.0,10125.7998046875,1665680384.0,2.0,16.790000915527344,16.790000915527344,14.09000015258789,0.8399999737739563,1019.2000122070312,0.9700000286102295,0.9700000286102295,50.0,0.010499999858438969,1665639424.0,1665679232.0,0.6299999952316284,,11506550.0,0.03999999910593033,5.0,0.6800000071525574,16093.0,0.0,288.20001220703125,,,,0.0,3.2211642265319824,5922.2998046875,,,,,,,,,,,,""
7965200003,"Oct 15, 2022, 6:42:08 AM",Morning Run,Run,,9455,34.00,176.0,239,false,,,activities/8518115135.fit.gz,,,9455.0,9117.0,34008.609375,5.8800048828125,3.730241537094116,149.2710723876953,837.0,247.3000030517578,283.20001220703125,11.667756080627441,0.0008821295341476798,,,90.0,86.39892578125,,159.54971313476562,,,2181.0,,,239.0,,,,,,,,,,,,,0.0,,1.0,34160.8984375,1665813632.0,2.0,13.390000343322754,13.390000343322754,13.020000457763672,0.9800000190734863,1016.2999877929688,0.9599999785423279,0.9900000095367432,22.0,0.0,1665812352.0,1665851904.0,0.6899999976158142,,11506550.0,0.0,,0.6499999761581421,16093.0,0.0,264.8999938964844,,,,0.0,3.5968916416168213,3960.10009765625,,,,,,,,,,,,""
7978284011,"Oct 17, 2022, 4:30:30 PM",Evening Run,Run,"",3724,12.54,160.0,46,false,,Mizuno,activities/8533968751.fit.gz,,,3724.0,3721.0,12546.8193359375,5.439990043640137,3.371894598007202,188.84713745117188,418.0,900.7000122070312,949.0,17.308732986450195,0.0,,,86.0,83.56290435791016,,145.65457153320312,,,816.0,,,46.0,,,,,,,,,,,0.0,,0.0,,1.0,12987.7001953125,1666022400.0,1.0,14.630000114440918,14.640000343322754,13.890000343322754,0.949999988079071,1029.199951171875,1.0499999523162842,1.0499999523162842,171.0,0.0,1665985280.0,1666024448.0,0.75,,9269722.0,0.0,,0.30000001192092896,16093.0,0.0,270.0,,,,0.0,3.369178295135498,663.7000122070312,,,,,,,,,,,,""
7983768708,"Oct 18, 2022, 5:14:28 PM",Evening Run,Run,,4100,14.70,183.0,108,false,,,activities/8540134669.fit.gz,,,4100.0,3979.0,14706.4404296875,5.17333984375,3.696014165878296,58.677738189697266,283.0,300.5,315.5,3.4461238384246826,-0.004079845268279314,,,92.0,83.48640441894531,,161.224853515625,,,938.0,,,108.0,,,,,,,,,,,,,0.0,,1.0,14741.599609375,1666112384.0,1.0,18.639999389648438,18.75,15.859999656677246,0.8399999737739563,1025.300048828125,1.6699999570846558,1.690000057220459,50.0,0.0,1666071808.0,1666110720.0,0.7799999713897705,,11506550.0,0.0,,0.0,16093.0,0.0,253.60000610351562,,,,0.0,3.5869367122650146,2261.89990234375,,,,,,,,,,,,""
7993649587,"Oct 20, 2022, 5:13:09 PM",Evening Run,Run,,3336,11.10,159.0,42,false,,,activities/8551247106.fit.gz,,,3336.0,3248.0,11100.9501953125,4.806661128997803,3.4177801609039307,45.924285888671875,322.0,291.70001220703125,326.29998779296875,3.1626901626586914,-0.0054049426689744,,,85.0,82.5701904296875,,146.83055114746094,,,721.0,,,42.0,,,,,,,,,,,,,0.0,,1.0,11132.7001953125,1666285184.0,3.0,18.15999984741211,18.309999465942383,16.010000228881836,0.8700000047683716,1021.0,0.9700000286102295,1.090000033378601,29.0,0.0421999990940094,1666244736.0,1666283264.0,0.8399999737739563,,11506550.0,0.03999999910593033,5.0,1.0,16093.0,0.0,259.29998779296875,,,,0.0,3.327622890472412,8895.0,,,,,,,,,,,,""
8002004883,"Oct 22, 2022, 12:49:04 PM",Nembro-Selvino chrono day,Run,"",3220,10.70,185.0,166,false,,,activities/8560670903.fit.gz,,,3220.0,3220.0,10700.0302734375,4.7012939453125,3.322990655899048,603.6533203125,53.0,327.6000061035156,932.7000122070312,23.15580177307129,5.655124187469482,,,93.0,86.55949401855469,,176.85617065429688,,,878.0,,,166.0,,,,,,,,,,,0.0,,0.0,,1.0,13091.599609375,1666439936.0,5.0,17.469999313354492,18.079999923706055,17.469999313354492,1.0,1018.5999755859375,0.27000001072883606,0.7300000190734863,289.0,0.9520000219345093,1666417664.0,1666455936.0,0.9100000262260437,,11506550.0,0.5699999928474426,5.0,0.9300000071525574,16093.0,2.0,277.70001220703125,,,,0.0,3.322990655899048,0.0,,,,,,,,,,,,""
8013055523,"Oct 24, 2022, 4:32:52 PM",Evening Run,Run,,3373,11.35,167.0,57,false,,,activities/8573355487.fit.gz,,,3373.0,3360.0,11357.080078125,5.580078125,3.3800833225250244,179.84034729003906,270.0,900.7000122070312,951.5,34.54316711425781,0.0,,,87.0,82.81598663330078,,151.4724578857422,,,767.0,,,57.0,,,,,,,,,,,,,0.0,,1.0,11763.2998046875,1666627200.0,5.0,12.170000076293945,12.329999923706055,12.170000076293945,1.0,1019.2999877929688,1.100000023841858,1.25,351.0,2.066800117492676,1666590720.0,1666628480.0,0.9800000190734863,,11506550.0,0.5899999737739563,5.0,0.9800000190734863,12856.0,0.0,293.5,,,,0.0,3.367055892944336,671.4000244140625,,,,,,,,,,,,""
8018434186,"Oct 25, 2022, 5:13:52 PM",Evening Run,Run,,3878,13.66,175.0,71,false,,,activities/8579388214.fit.gz,,,3878.0,3807.0,13663.5302734375,5.260009765625,3.5890543460845947,50.83547592163086,263.0,300.29998779296875,305.5,4.275797367095947,-0.003659376408904791,,,91.0,82.83587646484375,,154.09141540527344,,,852.0,,,71.0,,,,,,,,,,,,,0.0,,1.0,13693.5,1666717184.0,2.0,16.760000228881836,16.829999923706055,15.069999694824219,0.8999999761581421,1020.9000244140625,1.0299999713897705,1.1100000143051147,49.0,0.01679999940097332,1666677120.0,1666714752.0,0.009999999776482582,,11506550.0,0.03999999910593033,5.0,0.7599999904632568,16093.0,0.0,288.6000061035156,,,,0.0,3.5233445167541504,44.900001525878906,,,,,,,,,,,,""
8023544799,"Oct 26, 2022, 5:14:11 PM",Evening Run,Run,,2654,9.08,169.0,50,false,,,activities/8585143166.fit.gz,,,2654.0,2654.0,9082.650390625,4.220995903015137,3.4222495555877686,0.0,,,,0.0,0.0,,,88.0,83.53466796875,,153.2449188232422,,,623.0,,,50.0,,,,,,,,,,,,,0.0,,1.0,,,,,,,,,,,,,,,,,11506550.0,,,,,,,,,,0.0,3.4222495555877686,0.0,,,,,,,,,,,,""
8035917474,"Oct 29, 2022, 7:23:18 AM",Morning Run,Run,,10581,35.01,180.0,233,false,,,activities/8599127650.fit.gz,,,10581.0,9626.0,35011.8984375,6.2156805992126465,3.6372220516204834,142.64031982421875,853.0,237.1999969482422,306.3999938964844,11.806697845458984,-0.003141788998618722,,,110.0,86.32572937011719,,157.47894287109375,,,2265.0,,,233.0,,,,,,,,,,,,,0.0,,1.0,35161.30078125,1667026816.0,1.0,13.25,13.25,10.960000038146973,0.8600000143051147,1026.5999755859375,1.6799999475479126,1.6799999475479126,35.0,0.0,1667023104.0,1667060096.0,0.1599999964237213,,11506550.0,0.0,,0.23999999463558197,16093.0,0.0,262.0,,,,0.0,3.3089404106140137,11521.400390625,,,,,,,,,,,,""
8041702689,"Oct 30, 2022, 8:17:24 AM",Morning Ride,Ride,,8871,46.84,143.0,25,false,,Ridley,activities/8605710523.fit.gz,,8.100000381469727,8871.0,6920.0,46840.859375,15.747949600219727,6.7689104080200195,743.8551025390625,1253.0,326.3999938964844,907.9000244140625,42.36246871948242,-0.36271750926971436,,,,,,124.73794555664062,,126.83050537109375,1753.0,,,25.0,,,,,,,,,,,,,0.0,,1.0,,1667116800.0,2.0,16.149999618530273,16.149999618530273,9.789999961853027,0.6600000262260437,1023.7000122070312,1.0199999809265137,1.100000023841858,91.0,0.0,1667109504.0,1667146368.0,0.20000000298023224,9789874.0,,0.0,,0.5699999928474426,16093.0,1.0,257.20001220703125,,,,0.0,5.280223369598389,0.0,,,,,,,,,,,,""
8043052889,"Oct 30, 2022, 11:42:08 AM",Lunch Ride,Ride,,5093,33.69,,,false,,Ridley,activities/8607289665.fit.gz,,8.100000381469727,5093.0,5040.0,33698.6796875,15.41796875,6.686246395111084,659.045166015625,720.0,291.70001220703125,937.7000122070312,15.695892333984375,0.6035844683647156,,,,,,,,155.09555053710938,1613.0,,,,,,,,,,,,,,,,0.0,,1.0,,1667127552.0,2.0,20.68000030517578,20.68000030517578,12.670000076293945,0.6000000238418579,1023.2999877929688,0.949999988079071,1.090000033378601,203.0,0.0,1667109632.0,1667146368.0,0.20000000298023224,9789874.0,,0.0,,0.5299999713897705,16093.0,3.0,258.1000061035156,,,,0.0,6.616666316986084,0.0,,,,,,,,,,,,""
8054033425,"Nov 1, 2022, 4:55:29 PM",Afternoon Run,Run,,5436,19.04,181.0,139,false,,,activities/8619889118.fit.gz,,,5436.0,5366.0,19041.80078125,5.6485772132873535,3.548602342605591,82.4990463256836,381.0,300.5,305.5,4.550637245178223,-0.00997804757207632,,,91.0,84.40704345703125,,162.79339599609375,,,1242.0,,,139.0,,,,,,,,,,,,,0.0,,1.0,19088.599609375,1667318400.0,3.0,16.229999542236328,16.229999542236328,11.75,0.75,1022.7999877929688,0.8199999928474426,1.059999942779541,45.0,0.12880000472068787,1667282560.0,1667318912.0,0.27000001072883606,,11506550.0,0.05999999865889549,5.0,0.9900000095367432,16093.0,0.0,280.5,,,,0.0,3.5029067993164062,66.0999984741211,,,,,,,,,,,,""
8059098089,"Nov 2, 2022, 6:10:02 PM",Evening Run,Run,,2513,8.13,171.0,41,false,,,activities/8625591452.fit.gz,,,2513.0,2448.0,8136.23974609375,4.268994331359863,3.323627471923828,0.0,,,,0.0,0.0,,,86.0,83.90245056152344,,149.20278930664062,,,560.0,,,41.0,,,,,,,,,,,,,0.0,,1.0,,,,,,,,,,,,,,,,,11506550.0,,,,,,,,,,0.0,3.2376601696014404,0.0,,,,,,,,,,,,""
8071280495,"Nov 5, 2022, 10:36:29 AM",Lunch Run,Run,,3411,12.78,186.0,121,false,,,activities/8639332276.fit.gz,,,3411.0,3408.0,12781.76953125,5.333984375,3.750519275665283,225.61447143554688,423.0,896.0999755859375,956.7000122070312,21.157470703125,-0.0007823642808943987,,,91.0,86.62323760986328,,166.99295043945312,,,875.0,,,121.0,,,,,,,,,,,,,0.0,,1.0,13396.900390625,1667642368.0,1.0,8.899999618530273,8.899999618530273,3.509999990463257,0.6899999976158142,1013.2999877929688,0.9200000166893005,1.649999976158142,70.0,0.0,1667628544.0,1667664256.0,0.4099999964237213,,11506550.0,0.0,,0.0,16093.0,2.0,306.29998779296875,,,,0.0,3.747220516204834,665.0999755859375,,,,,,,,,,,,""
8076777271,"Nov 6, 2022, 9:33:31 AM",Morning Ride,Ride,,8544,52.25,173.0,141,false,,Ridley,activities/8645631415.fit.gz,,8.100000381469727,8544.0,8041.0,52258.578125,15.680078506469727,6.499014854431152,1208.5731201171875,1213.0,316.1000061035156,1049.5999755859375,36.47123336791992,0.21872006356716156,,,,,,149.7239990234375,,162.4526824951172,1567.0,,,141.0,,,,,,,,,,,,,0.0,,1.0,,1667725184.0,1.0,11.180000305175781,11.180000305175781,3.7699999809265137,0.6000000238418579,1019.9000244140625,0.5899999737739563,0.7400000095367432,114.0,0.0,1667714944.0,1667750528.0,0.44999998807907104,9789874.0,,0.0,,0.2199999988079071,16093.0,1.0,269.70001220703125,,,,0.0,6.116406440734863,0.0,,,,,,,,,,,,""
8088460713,"Nov 8, 2022, 6:11:50 PM",Evening Run,Run,,2865,11.17,183.0,87,false,,,activities/8658862234.fit.gz,,,2865.0,2829.0,11170.849609375,5.637890815734863,3.9486920833587646,47.89773941040039,219.0,300.5,305.5,2.82608699798584,0.0,,,91.0,85.45982360839844,,164.26820373535156,,,706.0,,,87.0,,,,,,,,,,,,,0.0,,1.0,11195.7001953125,1667930368.0,1.0,12.949999809265137,12.949999809265137,7.690000057220459,0.699999988079071,1021.4000244140625,1.7699999809265137,1.7699999809265137,11.0,0.0,1667887872.0,1667923200.0,0.5099999904632568,,11506550.0,0.0,,0.3100000023841858,16093.0,0.0,269.6000061035156,,,,0.0,3.8990747928619385,9.899999618530273,,,,,,,,,,,,""
8102906385,"Nov 11, 2022, 5:43:32 PM",Evening Run,Run,,2143,7.32,172.0,45,false,,,activities/8675062193.fit.gz,,,2143.0,2143.0,7325.0498046875,4.6533203125,3.418128728866577,90.80476379394531,228.0,926.4000244140625,947.0999755859375,23.586477279663086,0.009556248784065247,,,86.0,83.72846221923828,,155.27276611328125,,,501.0,,,45.0,,,,,,,,,,,,,0.0,,1.0,7519.0,1668185984.0,3.0,9.359999656677246,9.359999656677246,6.809999942779541,0.8399999737739563,1033.699951171875,1.2999999523162842,1.350000023841858,49.0,0.0,1668147456.0,1668182144.0,0.6100000143051147,,11506550.0,0.0,,0.8999999761581421,16093.0,0.0,274.20001220703125,,,,0.0,3.418128728866577,0.0,,,,,,,,,,,,""
8111607314,"Nov 13, 2022, 8:18:34 AM",Maratona Ravenna ,Run,Morto al 37 km ☠️,11521,42.25,188.0,392,false,,,activities/8685010328.fit.gz,,,11521.0,11487.0,42249.69140625,6.239955425262451,3.678044080734253,47.5172233581543,709.0,-3.700000047683716,9.5,6.535912036895752,-0.00023668812355026603,,,93.0,85.76864624023438,,166.801025390625,,,2833.0,,,392.0,,,,,,,,,,,0.0,,0.0,,1.0,42305.80078125,1668326400.0,2.0,12.729999542236328,12.729999542236328,9.710000038146973,0.8199999928474426,1025.699951171875,4.019999980926514,6.130000114440918,66.0,0.04960000142455101,1668319616.0,1668354432.0,0.6700000166893005,,11506550.0,0.07000000029802322,5.0,0.6600000262260437,16093.0,0.0,318.79998779296875,,,,0.0,3.667189598083496,2329.10009765625,,,,,,,,,,,,""
8127291921,"Nov 16, 2022, 5:35:31 PM",Evening Run,Run,,2622,8.57,169.0,39,false,,,activities/8702813050.fit.gz,,,2622.0,2532.0,8577.900390625,4.658365726470947,3.387796401977539,140.81661987304688,194.0,909.2000122070312,951.5,12.24364948272705,0.0,,,85.0,83.31658172607422,,149.5025634765625,,,572.0,,,39.0,,,,,,,,,,,,,0.0,,1.0,8873.7998046875,1668617984.0,2.0,9.239999771118164,9.239999771118164,8.829999923706055,0.9700000286102295,1003.7000122070312,0.6499999761581421,0.7799999713897705,340.0,0.08510000258684158,1668579840.0,1668613760.0,0.7599999904632568,,11506550.0,0.17000000178813934,5.0,0.8299999833106995,16093.0,0.0,277.8999938964844,,,,0.0,3.271510362625122,649.5,,,,,,,,,,,,""
8139152176,"Nov 19, 2022, 8:27:48 AM",Morning Ride,Ride,,12954,76.80,175.0,245,false,,Ridley,activities/8716129212.fit.gz,,8.100000381469727,12954.0,12055.0,76807.921875,17.2421875,6.371457576751709,1478.1903076171875,1781.0,251.39999389648438,942.4000244140625,34.886436462402344,0.0,,,,,,152.64788818359375,,141.3474884033203,2381.0,,,245.0,,,,,,,,,,,,,0.0,,1.0,,1668844800.0,3.0,6.860000133514404,5.989999771118164,3.0,0.7599999904632568,1007.9000244140625,1.5700000524520874,1.9500000476837158,22.0,0.009200000204145908,1668839296.0,1668872832.0,0.8500000238418579,9789874.0,,0.029999999329447746,5.0,0.9100000262260437,16093.0,0.0,299.3999938964844,,,,0.0,5.929282188415527,163.0,,,,,,,,,,,,""
8149788779,"Nov 21, 2022, 5:27:30 PM",Evening Run,Run,,3116,10.39,169.0,33,false,,,activities/8728330300.fit.gz,,,3116.0,3018.0,10390.3798828125,4.9649658203125,3.442803144454956,172.27000427246094,257.0,900.7000122070312,949.0999755859375,21.599178314208984,-0.11067930608987808,,,88.0,83.88460540771484,,144.05111694335938,,,651.0,,,33.0,,,,,,,,,,,,,0.0,,1.0,10781.400390625,1669049984.0,3.0,2.950000047683716,2.950000047683716,-0.7300000190734863,0.7699999809265137,1006.5999755859375,1.2200000286102295,1.6699999570846558,51.0,0.025100000202655792,1669012224.0,1669045504.0,0.9200000166893005,,11506550.0,0.05000000074505806,5.0,0.9200000166893005,16093.0,0.0,298.29998779296875,,,,0.0,3.3345248699188232,389.3999938964844,,,,,,,,,,,,""
8159129145,"Nov 23, 2022, 5:56:26 PM",Evening Run,Run,,2893,10.30,166.0,51,false,,,activities/8738760209.fit.gz,,,2893.0,2893.0,10299.2197265625,5.036661624908447,3.5600483417510986,162.78334045410156,243.0,909.2000122070312,949.0999755859375,21.263452529907227,0.0,,,87.0,84.23841094970703,,151.0902557373047,,,660.0,,,51.0,,,,,,,,,,,,,0.0,,1.0,10661.7001953125,1669222784.0,1.0,2.2899999618530273,0.6100000143051147,-0.25999999046325684,0.8299999833106995,1006.4000244140625,1.6799999475479126,1.690000057220459,41.0,0.0,1669185152.0,1669218304.0,1.0,,11506550.0,0.0,,0.12999999523162842,16093.0,0.0,312.1000061035156,,,,0.0,3.5600483417510986,891.0999755859375,,,,,,,,,,,,""
8170507135,"Nov 26, 2022, 8:33:35 AM",Morning Ride,Ride,,11327,71.02,178.0,235,false,,Ridley,activities/8751578291.fit.gz,,8.100000381469727,11327.0,10604.0,71027.9375,15.815997123718262,6.698221683502197,1448.4898681640625,1673.0,316.1000061035156,941.7999877929688,46.891090393066406,0.00028157932683825493,,,,,,155.09014892578125,,152.43563842773438,2186.0,,,235.0,,,,,,,,,,,,,0.0,,1.0,,1669449600.0,1.0,5.710000038146973,4.360000133514404,-0.5400000214576721,0.6399999856948853,1026.0999755859375,1.850000023841858,3.4000000953674316,9.0,0.0,1669444608.0,1669477376.0,0.10999999940395355,9789874.0,,0.0,,0.18000000715255737,16093.0,0.0,311.8999938964844,,,,0.0,6.2706756591796875,0.0,,,,,,,,,,,,""
8172115157,"Nov 26, 2022, 4:27:51 PM",Afternoon Run,Run,,4187,6.94,173.0,39,false,,,activities/8753398207.fit.gz,,,4187.0,2076.0,6948.22998046875,5.878027439117432,3.3469316959381104,89.05011749267578,194.0,922.5999755859375,947.0,42.96372985839844,-0.07339999079704285,,,93.0,84.46927642822266,,151.70753479003906,,,477.0,,,39.0,,,,,,,,,,,,,0.0,,1.0,7150.2001953125,1669478400.0,1.0,3.9700000286102295,3.9700000286102295,1.6799999475479126,0.8500000238418579,1027.800048828125,1.1200000047683716,1.190000057220459,100.0,0.0,1669444608.0,1669477376.0,0.10999999940395355,,11506550.0,0.0,,0.019999999552965164,16093.0,0.0,299.20001220703125,,,,0.0,1.6594769954681396,246.89999389648438,,,,,,,,,,,,""
8185871996,"Nov 29, 2022, 6:11:03 PM",Evening Run,Run,,2871,10.84,184.0,78,false,,,activities/8768931336.fit.gz,,,2871.0,2773.0,10842.91015625,5.05999755859375,3.910173177719116,45.56666564941406,183.0,300.5,305.5,3.1546518802642822,-0.0009222616208717227,,,90.0,85.1002197265625,,161.5126190185547,,,686.0,,,78.0,,,,,,,,,,,,,0.0,,1.0,10869.7001953125,1669744768.0,3.0,4.679999828338623,4.679999828338623,2.5299999713897705,0.8600000143051147,1018.0999755859375,0.7900000214576721,0.9300000071525574,324.0,0.020800000056624413,1669704064.0,1669736448.0,0.2199999988079071,,11506550.0,0.11999999731779099,5.0,0.9900000095367432,16093.0,0.0,306.8999938964844,,,,0.0,3.7767014503479004,17.600000381469727,,,,,,,,,,,,""
8190436814,"Nov 30, 2022, 6:29:27 PM",Evening Ride,Ride,,2487,22.03,173.0,60,false,,Ridley,activities/8774023884.fit.gz,,8.100000381469727,2487.0,2487.0,22033.640625,11.194172859191895,8.859525680541992,0.0,,,,0.0,0.0,,,,,,157.13027954101562,,,596.0,,,60.0,,,,,,,,,,,,,0.0,,1.0,,,,,,,,,,,,,,,,9789874.0,,,,,,,,,,,0.0,8.859525680541992,0.0,,,,,,,,,,,,""
8194674146,"Dec 1, 2022, 6:10:01 PM",Evening Run,Run,,3132,10.57,164.0,65,false,,,activities/8778767786.fit.gz,,,3132.0,3060.0,10577.009765625,4.208333492279053,3.4565391540527344,43.37888717651367,184.0,291.70001220703125,318.20001220703125,2.975306272506714,0.0,,,86.0,83.84407043457031,,154.00784301757812,,,714.0,,,65.0,,,,,,,,,,,,,0.0,,1.0,10607.2001953125,1669917568.0,3.0,4.420000076293945,3.490000009536743,1.25,0.800000011920929,1019.0,1.350000023841858,1.3799999952316284,15.0,0.0,1669876992.0,1669909248.0,0.28999999165534973,,11506550.0,0.0,,0.9100000262260437,16093.0,0.0,329.5,,,,0.0,3.3770785331726074,7585.7001953125,,,,,,,,,,,,""
8202752123,"Dec 3, 2022, 4:18:56 PM",Afternoon Ride,Ride,,2754,26.26,178.0,84,false,,Ridley,activities/8787813773.fit.gz,,8.100000381469727,2754.0,2754.0,26260.640625,11.993607521057129,9.535453796386719,0.0,,,,0.0,0.0,,,,,,163.9949188232422,,,694.0,,,84.0,,,,,,,,,,,,,0.0,,1.0,,,,,,,,,,,,,,,,9789874.0,,,,,,,,,,,0.0,9.535453796386719,0.0,,,,,,,,,,,,""
8211476584,"Dec 5, 2022, 5:53:06 PM",Evening Run,Run,,2871,10.44,168.0,50,false,,,activities/8797773362.fit.gz,,,2871.0,2871.0,10445.990234375,5.072070121765137,3.6384501457214355,174.62249755859375,268.0,909.2000122070312,956.0999755859375,19.52728843688965,0.0038292205426841974,,,87.0,84.0188217163086,,150.32810974121094,,,666.0,,,50.0,,,,,,,,,,,,,0.0,,1.0,10875.400390625,1670259584.0,5.0,2.4000000953674316,2.4000000953674316,2.4000000953674316,1.0,1018.7000122070312,0.8899999856948853,0.9900000095367432,17.0,0.10890000313520432,1670222848.0,1670254720.0,0.4300000071525574,,11506550.0,0.3199999928474426,5.0,0.7900000214576721,16093.0,0.0,281.5,,,,0.0,3.6384501457214355,840.2000122070312,,,,,,,,,,,,""
8248648411,"Dec 14, 2022, 6:02:17 PM",Evening Run,Run,,2923,10.08,188.0,80,false,,,activities/8840066019.fit.gz,,,2923.0,2923.0,10080.3701171875,5.11328125,3.448638439178467,153.42523193359375,247.0,900.7000122070312,949.0,25.426715850830078,0.0,,,86.0,83.85581970214844,,162.24366760253906,,,711.0,,,80.0,,,,,,,,,,,,,0.0,,1.0,10418.5,1671040768.0,3.0,-1.6100000143051147,-1.6100000143051147,-3.569999933242798,0.8600000143051147,1006.2000122070312,1.2799999713897705,1.309999942779541,21.0,0.0,1671000960.0,1671032320.0,0.699999988079071,,11506550.0,0.0,,0.8799999952316284,16093.0,0.0,291.1000061035156,,,,0.0,3.448638439178467,663.5,,,,,,,,,,,,""
8259721356,"Dec 17, 2022, 4:25:54 PM",Afternoon Run,Run,,2785,10.01,189.0,106,false,,,activities/8852524820.fit.gz,,,2785.0,2785.0,10013.58984375,5.340000152587891,3.59554386138916,168.383056640625,289.0,909.2000122070312,956.2000122070312,15.918058395385742,0.0,,,88.0,84.39244842529297,,169.30218505859375,,,699.0,,,106.0,,,,,,,,,,,,,0.0,,1.0,10395.2998046875,1671292800.0,2.0,1.2899999618530273,1.2899999618530273,0.23000000417232513,0.9300000071525574,1021.5999755859375,0.5299999713897705,0.550000011920929,93.0,0.0,1671260288.0,1671291520.0,0.800000011920929,,11506550.0,0.0,,0.49000000953674316,16093.0,0.0,292.79998779296875,,,,0.0,3.59554386138916,627.7000122070312,,,,,,,,,,,,""
8267719864,"Dec 19, 2022, 6:28:19 PM",Evening Run,Run,,2788,10.01,186.0,55,false,,,activities/8861639150.fit.gz,,,2788.0,2782.0,10018.740234375,4.960156440734863,3.6012725830078125,168.5449981689453,332.0,909.2000122070312,956.2000122070312,13.442047119140625,0.0,,,87.0,84.12149810791016,,153.21566772460938,,,630.0,,,55.0,,,,,,,,,,,,,0.0,,1.0,10389.7998046875,1671472768.0,3.0,0.7799999713897705,0.7799999713897705,-0.2800000011920929,0.9300000071525574,1033.5,0.9599999785423279,1.1699999570846558,6.0,0.0,1671433088.0,1671464320.0,0.8600000143051147,,11506550.0,0.0,,0.949999988079071,16093.0,0.0,273.1000061035156,,,,0.0,3.593522310256958,636.0,,,,,,,,,,,,""
8275728827,"Dec 21, 2022, 6:22:16 PM",Evening Ride,Ride,,2703,25.56,183.0,97,false,,Ridley,activities/8870564494.fit.gz,,8.100000381469727,2703.0,2703.0,25567.7890625,13.427037239074707,9.459041595458984,0.0,,,,0.0,0.0,,,,,,168.12171936035156,,,673.0,,,97.0,,,,,,,,,,,,,0.0,,1.0,,,,,,,,,,,,,,,,9789874.0,,,,,,,,,,,0.0,9.459041595458984,0.0,,,,,,,,,,,,""
8283065690,"Dec 23, 2022, 6:10:55 PM",Evening Run,Run,,2891,10.49,184.0,114,false,,,activities/8878757540.fit.gz,,,2891.0,2876.0,10495.6298828125,5.660001277923584,3.6493844985961914,166.06809997558594,306.0,900.7000122070312,949.0999755859375,12.02027416229248,0.0,,,87.0,84.38822937011719,,169.80577087402344,,,714.0,,,114.0,,,,,,,,,,,,,0.0,,1.0,10838.400390625,1671818368.0,3.0,3.7699999809265137,3.7699999809265137,2.6600000858306885,0.9200000166893005,1015.7999877929688,0.8299999833106995,0.8500000238418579,16.0,0.0,1671778816.0,1671810048.0,0.019999999552965164,,11506550.0,0.0,,1.0,16093.0,0.0,280.3999938964844,,,,0.0,3.6304495334625244,387.0,,,,,,,,,,,,""
8294457288,"Dec 26, 2022, 5:31:24 PM",Evening Run,Run,,2831,10.33,176.0,64,false,,,activities/8891717980.fit.gz,,,2831.0,2831.0,10333.0107421875,5.378336429595947,3.6499507427215576,157.4678497314453,281.0,900.7000122070312,949.0999755859375,15.252161026000977,0.0009677722118794918,,,88.0,84.33780670166016,,156.81942749023438,,,649.0,,,64.0,,,,,,,,,,,,,0.0,,1.0,10676.2998046875,1672073984.0,3.0,5.429999828338623,5.429999828338623,4.980000019073486,0.9700000286102295,1025.300048828125,0.699999988079071,0.8100000023841858,355.0,0.022299999371170998,1672038144.0,1672069376.0,0.12999999523162842,,11506550.0,0.10000000149011612,5.0,0.949999988079071,16093.0,0.0,283.5,,,,0.0,3.6499507427215576,405.3999938964844,,,,,,,,,,,,""
8298930728,"Dec 27, 2022, 5:17:29 PM",Evening Run,Run,,2126,7.19,181.0,41,false,,,activities/8896796868.fit.gz,,,2126.0,1967.0,7196.06982421875,5.382031440734863,3.658398389816284,121.1114273071289,185.0,900.7000122070312,949.0,16.675403594970703,-0.0027792949695140123,,,89.0,84.5616683959961,,155.13275146484375,,,457.0,,,41.0,,,,,,,,,,,,,0.0,,1.0,7475.7001953125,1672160384.0,2.0,3.809999942779541,3.809999942779541,3.069999933242798,0.949999988079071,1026.4000244140625,1.0399999618530273,1.2300000190734863,51.0,0.0,1672124544.0,1672155904.0,0.17000000178813934,,11506550.0,0.0,,0.6100000143051147,16093.0,0.0,357.0,,,,0.0,3.3847930431365967,641.9000244140625,,,,,,,,,,,,""
8328285317,"Jan 2, 2023, 5:11:26 PM",Evening Run,Run,,2885,10.02,170.0,48,false,,,activities/8930401299.fit.gz,,,2885.0,2760.0,10028.7900390625,4.976644039154053,3.633619546890259,183.35952758789062,277.0,900.7000122070312,957.0,21.186439514160156,-0.000997129245661199,,,88.0,84.58415222167969,,150.9372100830078,,,636.0,,,48.0,,,,,,,,,,,,,0.0,,1.0,10577.7998046875,1672678784.0,3.0,6.360000133514404,6.360000133514404,6.360000133514404,1.0,1028.699951171875,0.5,0.6200000047683716,342.0,0.0,1672642944.0,1672674560.0,0.3700000047683716,,11506550.0,0.0,,1.0,16093.0,0.0,286.1000061035156,,,,0.0,3.4761838912963867,1146.0,,,,,,,,,,,,""
8332594228,"Jan 3, 2023, 5:33:41 PM",Evening Ride,Ride,,2813,25.03,180.0,87,false,,Ridley,activities/8935300137.fit.gz,,8.100000381469727,2813.0,2813.0,25037.630859375,11.3232421875,8.900686264038086,0.0,,,,0.0,0.0,,,,,,164.0945587158203,,,706.0,,,87.0,,,,,,,,,,,,,0.0,,1.0,,,,,,,,,,,,,,,,9789874.0,,,,,,,,,,,0.0,8.900686264038086,0.0,,,,,,,,,,,,""
8336462388,"Jan 4, 2023, 8:05:24 AM",Morning Workout,Alpine Ski,"",18421,41.37,96.0,11,false,,,activities/8939635877.fit.gz,,,18421.0,10302.0,41378.01171875,20.34000015258789,4.016501426696777,4016.352783203125,4663.0,1337.9000244140625,1859.699951171875,50.0,-0.8470684885978699,,,88.0,52.5155029296875,,68.60440826416016,,,500.0,,,11.0,,20,,,,,,,,,0.0,,0.0,,1.0,,1672819200.0,1.0,1.0700000524520874,1.0700000524520874,1.0700000524520874,1.0,1030.5999755859375,0.9700000286102295,1.090000033378601,44.0,0.0,1672815872.0,1672847488.0,0.4399999976158142,,,0.0,,0.09000000357627869,16093.0,0.0,295.79998779296875,,,,0.0,2.246241331100464,36604.6015625,,,,,,,,,,,,""
8348725691,"Jan 6, 2023, 6:23:12 PM",Evening Run,Run,,2581,9.23,175.0,51,false,,,activities/8953305739.fit.gz,,,2581.0,2581.0,9238.2197265625,5.06494140625,3.579318046569824,153.7961883544922,265.0,908.0999755859375,958.4000244140625,16.71160125732422,0.0,,,87.0,84.24407958984375,,153.73304748535156,,,613.0,,,51.0,,,,,,,,,,,,,0.0,,1.0,9569.2998046875,1673027968.0,2.0,3.75,3.75,3.609999895095825,0.9900000095367432,1025.199951171875,0.8399999737739563,0.8999999761581421,19.0,0.0,1672988544.0,1673020416.0,0.5,,11506550.0,0.0,,0.47999998927116394,16093.0,0.0,276.79998779296875,,,,0.0,3.579318046569824,840.7999877929688,,,,7250.0,,,,,,,,""
8360105445,"Jan 8, 2023, 5:21:28 PM",Evening Ride,Ride,,3723,33.68,179.0,122,false,,Ridley,activities/8966121364.fit.gz,,8.100000381469727,3723.0,3723.0,33684.0625,11.481689453125,9.047558784484863,0.0,,,,0.0,0.0,,,,,,166.06044006347656,,,965.0,,,122.0,,,,,,,,,,,,,0.0,,1.0,,,,,,,,,,,,,,,,9789874.0,,,,,,,,,,,0.0,9.047558784484863,0.0,,,,,,,,,,,,""
8364867796,"Jan 9, 2023, 5:46:42 PM",Evening Run,Run,,3017,11.16,186.0,70,false,,,activities/8971466831.fit.gz,,,3017.0,3017.0,11162.7900390625,5.067968845367432,3.6999635696411133,168.03428649902344,371.0,898.5999755859375,948.5999755859375,16.732908248901367,0.0,,,90.0,84.6863784790039,,157.32814025878906,,,733.0,,,70.0,,,,,,,,,,,,,0.0,,1.0,11503.599609375,1673283584.0,2.0,1.6100000143051147,-0.41999998688697815,-0.09000000357627869,0.8799999952316284,1003.5,1.8700000047683716,2.119999885559082,8.0,0.0,1673247744.0,1673279744.0,0.5899999737739563,,11506550.0,0.0,,0.4099999964237213,16093.0,0.0,402.79998779296875,,,,0.0,3.6999635696411133,397.1000061035156,,,,8534.0,,,,,,,,""
8376142925,"Jan 11, 2023, 6:19:41 PM",Evening Ride,Ride,,2716,25.11,181.0,102,false,,Ridley,activities/8983903736.fit.gz,,8.100000381469727,2716.0,2716.0,25113.900390625,11.758381843566895,9.246649742126465,0.0,,,,0.0,0.0,,,,,,169.56259155273438,,,706.0,,,102.0,,,,,,,,,,,,,0.0,,1.0,,,,,,,,,,,,,,,,9789874.0,,,,,,,,,,,0.0,9.246649742126465,0.0,,,,,,,,,,,,""
8381352075,"Jan 12, 2023, 6:09:22 PM",Evening Run,Run,,2741,10.18,169.0,38,false,,,activities/8989649863.fit.gz,,,2741.0,2630.0,10179.3203125,5.367968559265137,3.8704640865325928,41.033809661865234,170.0,300.6000061035156,305.6000061035156,2.940377950668335,0.0009823838481679559,,,92.0,85.6418228149414,,146.9060821533203,,,595.0,,,38.0,,,,,,,,,,,,,0.0,,1.0,10196.900390625,1673546368.0,2.0,5.25,5.25,3.009999990463257,0.8500000238418579,1022.9000244140625,1.309999942779541,1.3200000524520874,13.0,0.0,1673506816.0,1673539200.0,0.6800000071525574,,11506550.0,0.0,,0.6100000143051147,16093.0,0.0,320.20001220703125,,,,0.0,3.7137250900268555,9.399999618530273,,,,7496.0,,,,,,,,""
8386409651,"Jan 13, 2023, 6:09:46 PM",Evening Run,Run,,2334,8.08,178.0,59,false,,,activities/8995226938.fit.gz,,,2334.0,2334.0,8082.47998046875,4.4599609375,3.462930679321289,130.20510864257812,222.0,908.0999755859375,948.5999755859375,15.241324424743652,0.014846928417682648,,,87.0,84.32933044433594,,159.25192260742188,,,562.0,,,59.0,,,,,,,,,,,,,0.0,,1.0,8341.599609375,1673632768.0,1.0,1.440000057220459,1.440000057220459,1.4199999570846558,1.0,1019.4000244140625,1.0800000429153442,1.1799999475479126,20.0,0.0,1673593216.0,1673625600.0,0.7099999785423279,,11506550.0,0.0,,0.18000000715255737,16093.0,0.0,322.1000061035156,,,,0.0,3.462930679321289,370.5,,,,6560.0,,,,,,,,""
8395359328,"Jan 15, 2023, 8:27:35 AM",Morning Workout,Alpine Ski,"",12379,35.28,100.0,9,false,,,activities/9005218396.fit.gz,,,12379.0,8777.0,35281.2890625,19.739999771118164,4.019744873046875,3312.0771484375,3940.0,1326.9000244140625,1834.199951171875,50.0,-1.075924038887024,,,114.0,51.292930603027344,,68.1163330078125,,,417.0,,,9.0,,16,,,,,,,,,0.0,,0.0,,1.0,,1673769600.0,3.0,2.5299999713897705,2.5299999713897705,1.4800000190734863,0.9300000071525574,1017.0999755859375,0.7300000190734863,0.8899999856948853,39.0,0.0,1673766016.0,1673798656.0,0.7699999809265137,,,0.0,,1.0,16093.0,0.0,318.6000061035156,,,,0.0,2.8500919342041016,9528.2998046875,,,,,,,,,,,,""
8402585233,"Jan 16, 2023, 6:22:56 PM",Evening Ride,Ride,,2745,25.52,180.0,93,false,,Ridley,activities/9013338719.fit.gz,,8.100000381469727,2745.0,2745.0,25519.109375,11.761852264404297,9.296579360961914,0.0,,,,0.0,0.0,,,,,,167.0309600830078,,,694.0,,,93.0,,,,,,,,,,,,,0.0,,1.0,,,,,,,,,,,,,,,,9789874.0,,,,,,,,,,,0.0,9.296579360961914,0.0,,,,,,,,,,,,""
8408061957,"Jan 17, 2023, 6:15:16 PM",Evening Swim,Swim,,2747,"1,325",156.0,17,false,,,activities/9019364219.fit.gz,,,2747.0,2058.0,1325.0,5.0,0.6438289880752563,0.0,,,,0.0,0.0,,,,27.0,,119.4148941040039,,,181.0,,,17.0,,,,,,,,,,,,,0.0,,1.0,,,,,,,,,,,,,,,,,,,,,,,,,,,0.0,0.482344388961792,0.0,,,,,,,,,,,,""
8413627542,"Jan 18, 2023, 6:21:11 PM",Evening Run,Run,,2882,10.01,181.0,49,false,,,activities/9025500278.fit.gz,,,2882.0,2833.0,10009.689453125,4.881434917449951,3.533247470855713,157.01316833496094,246.0,908.0999755859375,948.7999877929688,16.426589965820312,0.0,,,87.0,84.22753143310547,,139.7438201904297,,,562.0,,,49.0,,,,,,,,,,,,,0.0,,1.0,10322.099609375,1674064768.0,6.0,-1.600000023841858,-1.600000023841858,-1.6799999475479126,0.9900000095367432,998.0,1.2100000381469727,2.549999952316284,355.0,0.17720000445842743,1674025088.0,1674057984.0,0.8799999952316284,,11506550.0,0.30000001192092896,6.0,0.8299999833106995,13863.0,0.0,441.20001220703125,,,,0.0,3.473174810409546,925.0999755859375,,,,7932.0,,,,,,,,""
8418677841,"Jan 19, 2023, 5:44:07 PM",Evening Run,Run,,3221,9.78,180.0,61,false,,,activities/9031064980.fit.gz,,,3221.0,2928.0,9779.439453125,6.132031440734863,3.339972496032715,22.848690032958984,344.0,255.60000610351562,259.20001220703125,2.502087116241455,-0.005112767219543457,,,98.0,82.70722961425781,,155.45590209960938,,,640.0,,,61.0,,,,,,,,,,,,,0.0,,1.0,9797.7001953125,1674147584.0,3.0,2.5,1.1699999570846558,1.190000057220459,0.9100000262260437,1005.7999877929688,1.4500000476837158,1.850000023841858,311.0,0.11029999703168869,1674111360.0,1674144512.0,0.9200000166893005,,11506550.0,0.1599999964237213,5.0,0.9300000071525574,11701.0,0.0,416.0,,,,0.0,3.0361502170562744,105.0999984741211,,,,7928.0,,,,,,,,""
8434862870,"Jan 22, 2023, 4:04:22 PM",Afternoon Run,Run,,3252,11.20,158.0,39,false,,,activities/9049061059.fit.gz,,,3252.0,3173.0,11207.7998046875,5.36199951171875,3.532240629196167,163.40785217285156,352.0,895.2000122070312,948.5999755859375,12.822647094726562,0.0,,,88.0,84.84455108642578,,147.00473022460938,,,706.0,,,39.0,,,,,,,,,,,,,0.0,,1.0,11507.599609375,1674403200.0,2.0,-0.7900000214576721,-0.7900000214576721,-6.75,0.6399999856948853,1018.7000122070312,0.800000011920929,0.8100000023841858,112.0,0.0,1674370432.0,1674403968.0,0.03999999910593033,,11506550.0,0.0,,0.5099999904632568,16093.0,0.0,422.29998779296875,,,,0.0,3.4464328289031982,908.5999755859375,,,,8974.0,,,,,,,,""
8440092879,"Jan 23, 2023, 6:02:52 PM",Evening Ride,Ride,,3380,31.31,176.0,96,false,,Ridley,activities/9054923834.fit.gz,,8.100000381469727,3380.0,3380.0,31315.169921875,11.743327140808105,9.264842987060547,0.0,,,,0.0,0.0,,,,,,162.29527282714844,,,852.0,,,96.0,,,,,,,,,,,,,0.0,,1.0,,,,,,,,,,,,,,,,9789874.0,,,,,,,,,,,0.0,9.264842987060547,0.0,,,,,,,,,,,,""
8445623119,"Jan 24, 2023, 6:03:22 PM",Evening Swim,Swim,,3029,"1,400",147.0,14,false,,,activities/9060993847.fit.gz,,,3029.0,2219.0,1400.0,3.572000026702881,0.6309148073196411,0.0,,,,0.0,0.0,,,,28.0,,115.77652740478516,,,97.0,,,14.0,,,,,,,,,,,,,0.0,,1.0,,,,,,,,,,,,,,,,,,,,,,,,,,,0.0,0.46219873428344727,0.0,,,,,,,,,,,,""
8451167759,"Jan 25, 2023, 6:21:20 PM",Evening Run,Run,,2305,8.02,177.0,57,false,,,activities/9067082076.fit.gz,,,2305.0,2305.0,8024.68994140625,5.067999362945557,3.4814271926879883,129.2841339111328,210.0,908.0999755859375,948.5999755859375,13.357717514038086,-0.0037384622264653444,,,87.0,83.94834899902344,,159.38584899902344,,,560.0,,,57.0,,,,,,,,,,,,,0.0,,1.0,8291.7998046875,1674669568.0,2.0,-0.10000000149011612,-0.10000000149011612,-1.1399999856948853,0.9300000071525574,1022.4000244140625,1.3200000524520874,1.3300000429153442,22.0,0.0,1674629504.0,1674663424.0,0.15000000596046448,,11506550.0,0.0,,0.699999988079071,16093.0,0.0,360.8999938964844,,,,0.0,3.4814271926879883,402.70001220703125,,,,6444.0,,,,,,,,""
8456482289,"Jan 26, 2023, 6:12:52 PM",Evening Run,Run,,3242,11.76,183.0,75,false,,,activities/9072931941.fit.gz,,,3242.0,2980.0,11768.3203125,5.936686038970947,3.9491007328033447,51.9139289855957,187.0,300.6000061035156,305.6000061035156,3.946719169616699,0.0,,,93.0,85.39008331298828,,159.8747100830078,,,771.0,,,75.0,,,,,,,,,,,,,0.0,,1.0,11795.7998046875,1674755968.0,2.0,2.390000104904175,2.390000104904175,0.9200000166893005,0.8999999761581421,1013.9000244140625,0.6100000143051147,0.7799999713897705,25.0,0.0,1674715904.0,1674749952.0,0.1899999976158142,,11506550.0,0.0,,0.8299999833106995,16093.0,0.0,391.29998779296875,,,,0.0,3.6299569606781006,31.200000762939453,,,,8550.0,,,,,,,,""
8471814183,"Jan 29, 2023, 8:24:10 AM",Morning Workout,Alpine Ski,"",22525,70.63,119.0,22,false,,,activities/9090003580.fit.gz,,,22525.0,14546.0,70638.46875,23.079999923706055,4.856215000152588,8171.56201171875,9014.0,1121.5,2979.5,50.0,-0.8370789289474487,,,92.0,51.658905029296875,,81.12569427490234,,,1233.0,,,22.0,,20,,,,,,,,,0.0,,0.0,,1.0,,1674979200.0,1.0,-5.929999828338623,-8.229999542236328,-8.029999732971191,0.8500000238418579,1025.800048828125,1.3600000143051147,1.4900000095367432,22.0,0.0,1674974720.0,1675009024.0,0.28999999165534973,,,0.0,,0.009999999776482582,16093.0,0.0,324.29998779296875,,,,0.0,3.136003017425537,9504.7001953125,,,,,,,,,,,,""
8483545720,"Jan 31, 2023, 6:01:53 PM",Evening Swim,Swim,,3004,"1,525",141.0,13,false,,,activities/9103055615.fit.gz,,,3004.0,2403.0,1525.0,3.572499990463257,0.6346234083175659,0.0,,,,0.0,0.0,,,,0.0,,114.20999908447266,,,,,,13.0,,,,,,,,,,,,,0.0,,1.0,,,,,,,,,,,,,,,,,,,,,,,,,,,0.0,0.507656455039978,0.0,,,,,,,,,,,,""
8489034473,"Feb 1, 2023, 5:56:07 PM",Evening Run,Run,,2942,10.57,169.0,54,false,,,activities/9110193727.fit.gz,,,2942.0,2942.0,10578.6796875,4.828287601470947,3.5957443714141846,159.5223846435547,266.0,898.5999755859375,948.5999755859375,11.569437026977539,0.0,,,89.0,84.35748291015625,,151.4316864013672,,,689.0,,,54.0,,,,,,,,,,,,,0.0,,1.0,10882.2001953125,1675270784.0,1.0,3.3299999237060547,2.009999990463257,-1.6399999856948853,0.699999988079071,1020.5999755859375,1.5199999809265137,1.5199999809265137,32.0,0.0,1675233792.0,1675268864.0,0.3799999952316284,,11506550.0,0.0,,0.0,16093.0,0.0,302.20001220703125,,,,0.0,3.5957443714141846,404.20001220703125,,,,8286.0,,,,,,,,""
8494542743,"Feb 2, 2023, 6:16:38 PM",Evening Run,Run,,2974,11.12,188.0,113,false,,,activities/9116320832.fit.gz,,,2974.0,2867.0,11122.6396484375,5.704003810882568,3.8795394897460938,48.06194305419922,196.0,300.6000061035156,305.6000061035156,3.2128517627716064,0.0,,,92.0,84.98356628417969,,169.14230346679688,,,748.0,,,113.0,,,,,,,,,,,,,0.0,,1.0,11146.099609375,1675360768.0,1.0,7.099999904632568,5.230000019073486,-1.5700000524520874,0.5400000214576721,1023.7999877929688,2.7100000381469727,3.3399999141693115,359.0,0.0,1675320192.0,1675355392.0,0.4099999964237213,,11506550.0,0.0,,0.0,16093.0,0.0,349.79998779296875,,,,0.0,3.739959478378296,21.399999618530273,,,,8124.0,,,,,,,,""
8500517137,"Feb 3, 2023, 6:43:25 PM",Evening Walk,Walk,,3049,1.85,126.0,4,false,,,activities/9122931979.fit.gz,,,3049.0,2324.0,1852.489990234375,1.7790910005569458,0.7971127033233643,416.3154602050781,17.0,1193.699951171875,1615.4000244140625,40.975608825683594,22.76395606994629,,,79.0,49.372989654541016,,86.53494262695312,,,214.0,,,4.0,,,,,,,,,,,,,0.0,,1.0,,1675447168.0,1.0,4.510000228881836,2.200000047683716,-3.6600000858306885,0.550000011920929,1024.4000244140625,2.630000114440918,3.6700000762939453,1.0,0.0,1675406464.0,1675441792.0,0.4399999976158142,,11506550.0,0.0,,0.05000000074505806,16093.0,0.0,352.20001220703125,,,,0.0,0.6075729727745056,579.2999877929688,,,,3688.0,,,,,,,,""
8504741697,"Feb 4, 2023, 1:55:18 PM",Afternoon Ride,Ride,,10072,62.29,176.0,190,false,,Ridley,activities/9127652735.fit.gz,,8.100000381469727,10072.0,9731.0,62294.80078125,15.358007431030273,6.4016852378845215,1300.1650390625,1712.0,251.8000030517578,938.7999877929688,37.35862731933594,0.04671337082982063,,,,,,151.9630584716797,,151.65736389160156,1968.0,,,190.0,,,,,,,,,,,,,0.0,,1.0,,1675515648.0,1.0,16.010000228881836,16.010000228881836,-0.5699999928474426,0.3199999928474426,1021.5,1.0700000524520874,2.9800000190734863,270.0,0.0,1675492864.0,1675528320.0,0.4699999988079071,9789874.0,,0.0,,0.009999999776482582,16093.0,1.0,333.79998779296875,,,,0.0,6.184948444366455,0.0,,,,,,,,,,,,""
8516567170,"Feb 6, 2023, 6:10:37 PM",Zwift - Group Workout: Le Col Social Recovery Sessions  (D) on Sleepless City in Makuri Islands,Virtual Ride,"",3184,22.41,163.0,22,false,,,activities/9140996745.fit.gz,,8.100000381469727,3184.0,3184.0,22417.21875,13.430078506469727,7.040584087371826,101.0,0.0,61.79999923706055,70.4000015258789,5.246707916259766,-0.0008921917178668082,,,,0.0,,134.2053985595703,,146.3002471923828,447.0,,,22.0,,,,,,,,,162.0,3185.0,0.0,,0.0,,1.0,,,,,,,,,,,,,,,,,,,,,,,,,,,0.0,7.040584087371826,0.0,,,,,,,,,,,,""
8522294608,"Feb 7, 2023, 6:06:30 PM",Evening Swim,Swim,,3023,"1,525",129.0,8,false,,,activities/9147299599.fit.gz,,,3023.0,2348.0,1525.0,0.7160000205039978,0.6494889259338379,0.0,,,,0.0,0.0,,,,0.0,,104.54581451416016,,,,,,8.0,,,,,,,,,,,,,0.0,,1.0,,,,,,,,,,,,,,,,,,,,,,,,,,,0.0,0.5044657588005066,0.0,,,,,,,,,,,,""
8538729519,"Feb 10, 2023, 6:18:22 PM",Evening Run,Run,,2977,10.40,179.0,78,false,,,activities/9165446871.fit.gz,,,2977.0,2977.0,10407.01953125,4.560000419616699,3.495807647705078,167.58396911621094,350.0,908.0999755859375,958.4000244140625,16.31773567199707,0.0,,,88.0,84.37164306640625,,160.3355712890625,,,725.0,,,78.0,,,,,,,,,,,,,0.0,,1.0,10775.900390625,1676051968.0,1.0,-0.30000001192092896,-2.4800000190734863,-6.320000171661377,0.6399999856948853,1037.5,1.75,1.7899999618530273,15.0,0.0,1676010752.0,1676047232.0,0.6600000262260437,,11506550.0,0.0,,0.009999999776482582,16093.0,0.0,300.3999938964844,,,,0.0,3.495807647705078,963.0999755859375,,,,8376.0,,,,,,,,""
8544365340,"Feb 11, 2023, 5:01:45 PM",Zwift - Group Ride: Tour de Zwift 2023 | Stage 5 | Ride | Standard on Knickerbocker Reverse in New York,Virtual Ride,"",3944,34.63,175.0,108,false,,,activities/9171720979.fit.gz,,8.100000381469727,3944.0,3944.0,34636.05859375,23.356054306030273,8.781962394714355,606.0,0.0,4.400000095367432,132.8000030517578,19.684736251831055,0.2858293056488037,,,,0.0,,160.36782836914062,,214.1331787109375,852.0,,,108.0,,,,,,,,,219.0,3945.0,0.0,,0.0,,1.0,,,,,,,,,,,,,,,,,,,,,,,,,,,0.0,8.781962394714355,765.0,,,,,,,,,,,,media/30a399f0-2594-4730-856f-ea099b5622e5.jpg
8547421653,"Feb 12, 2023, 8:13:43 AM",Morning Workout,Alpine Ski,"",9331,15.94,110.0,9,false,,,activities/9175169931.fit.gz,,,9331.0,7178.0,15947.51953125,17.780000686645508,2.2217190265655518,1922.2886962890625,2389.0,950.9000244140625,1079.5,35.227272033691406,-0.201912522315979,,,82.0,56.41891860961914,,74.11312866210938,,,438.0,,,9.0,,16,,,,,,,,,0.0,,0.0,,1.0,,1676188800.0,1.0,5.03000020980835,5.03000020980835,-2.2699999809265137,0.5899999737739563,1032.0,1.0499999523162842,1.0800000429153442,60.0,0.0,1676183424.0,1676220288.0,0.7200000286102295,,,0.0,,0.0,16093.0,0.0,264.6000061035156,,,,0.0,1.7090901136398315,0.0,,,,,,,,,,,,""
8555687925,"Feb 13, 2023, 6:07:01 PM",Evening Run,Run,,3108,11.06,176.0,73,false,,,activities/9184476994.fit.gz,,,3108.0,3108.0,11061.400390625,4.833984375,3.559009075164795,172.11190795898438,333.0,898.5999755859375,948.5999755859375,16.69072723388672,0.0,,,87.0,84.24766540527344,,158.6423797607422,,,742.0,,,73.0,,,,,,,,,,,,,0.0,,1.0,11420.099609375,1676311168.0,1.0,4.159999847412109,4.159999847412109,0.8500000238418579,0.7900000214576721,1036.0,1.2000000476837158,1.2200000286102295,13.0,0.0,1676269696.0,1676306688.0,0.7599999904632568,,11506550.0,0.0,,0.0,16093.0,0.0,248.60000610351562,,,,0.0,3.559009075164795,399.1000061035156,,,,8740.0,,,,,,,,""
8561484575,"Feb 14, 2023, 6:16:10 PM",Evening Swim,Swim,,3174,"1,750",140.0,11,false,,,activities/9190895131.fit.gz,,,3174.0,2616.0,1750.0,0.7360000014305115,0.6689602732658386,0.0,,,,0.0,0.0,,,,0.0,,113.31713104248047,,,,,,11.0,,,,,,,,,,,,,0.0,,1.0,,,,,,,,,,,,,,,,,,,,,,,,,,,0.0,0.5513547658920288,0.0,,,,,,,,,,,,""
8567133856,"Feb 15, 2023, 6:31:46 PM",Zwift - Race: Ride Scotland: Route 3: Glasgow Crit Circuit with the German Cycling Federation on Glasgow Crit Circuit in Scotland,Virtual Ride,"",2786,27.57,177.0,90,false,,,activities/9197150749.fit.gz,,8.100000381469727,2786.0,2786.0,27577.0703125,15.502001762390137,9.898446083068848,298.0,0.0,34.599998474121094,50.599998474121094,10.470937728881836,-0.0130543177947402,,,,0.0,,167.0934295654297,,219.34962463378906,629.0,,,90.0,,,,,,,,,231.0,2787.0,0.0,,0.0,,1.0,,,,,,,,,,,,,,,,,,,,,,,,,,,0.0,9.898446083068848,0.0,,,,,,,,,,,,media/f9886271-5b2c-400a-954d-82b48b00945a.jpg
8582498237,"Feb 18, 2023, 2:28:26 PM",Afternoon Ride,Ride,,8018,50.09,180.0,197,false,,Ridley,activities/9213950759.fit.gz,,8.100000381469727,8018.0,7850.0,50096.52734375,16.614063262939453,6.381723403930664,1257.8359375,1371.0,296.3999938964844,948.9000244140625,43.20343780517578,0.00239537563174963,,,,,,158.59434509277344,,158.84210205078125,1743.0,,,197.0,,,,,,,,,,,,,0.0,,1.0,,1676728832.0,2.0,13.489999771118164,13.489999771118164,5.510000228881836,0.5899999737739563,1025.4000244140625,1.6399999856948853,1.809999942779541,229.0,0.0,1676701184.0,1676739072.0,0.9399999976158142,9789874.0,,0.0,,0.4300000071525574,16093.0,1.0,310.79998779296875,,,,0.0,6.2480082511901855,0.0,,,,,,,,,,,,""
8594249435,"Feb 20, 2023, 6:00:05 PM",Evening Run,Run,,2943,10.37,177.0,72,false,,,activities/9226597966.fit.gz,,,2943.0,2943.0,10378.51953125,5.373331546783447,3.526510238647461,159.96409606933594,356.0,908.0999755859375,958.4000244140625,18.31325340270996,0.0,,,88.0,84.15567779541016,,159.02650451660156,,,707.0,,,72.0,,,,,,,,,,,,,0.0,,1.0,10734.7998046875,1676915968.0,2.0,6.360000133514404,6.360000133514404,1.590000033378601,0.7200000286102295,1025.199951171875,0.9700000286102295,1.0199999809265137,8.0,0.0,1676873856.0,1676912128.0,0.019999999552965164,,11506550.0,0.0,,0.7900000214576721,16093.0,0.0,301.79998779296875,,,,0.0,3.526510238647461,960.7999877929688,,,,8252.0,,,,,,,,""
8600148963,"Feb 21, 2023, 6:13:03 PM",Evening Swim,Swim,,3264,"1,850",156.0,25,false,,,activities/9232830142.fit.gz,,,3264.0,2697.0,1850.0,1.472000002861023,0.6859473586082458,0.0,,,,0.0,0.0,,,,0.0,,120.45800018310547,,,,,,25.0,,,,,,,,,,,,,0.0,,1.0,,,,,,,,,,,,,,,,,,,,,,,,,,,0.0,0.5667892098426819,0.0,,,,,,,,,,,,""
8605720604,"Feb 22, 2023, 6:33:43 PM",Zwift - A Gentle Reminder in Watopia,Virtual Ride,"",3300,33.28,174.0,83,false,,,activities/9238691491.fit.gz,,8.100000381469727,3300.0,3300.0,33287.91796875,14.516016006469727,10.087247848510742,138.0,0.0,-6.199999809265137,15.600000381469727,5.751634120941162,0.0024032744113355875,,,,0.0,,158.5406036376953,,210.21029663085938,662.0,,,83.0,,,,,,,,,221.0,3301.0,0.0,,0.0,,1.0,,,,,,,,,,,,,,,,,,,,,,,,,,,0.0,10.087247848510742,0.0,,,,,,,,,,,,media/db7bd657-b3e3-4601-b4df-58c55096248c.jpg
8615753424,"Feb 24, 2023, 5:49:01 PM",Evening Run,Run,,2852,10.32,179.0,92,false,,,activities/9249254401.fit.gz,,,2852.0,2852.0,10325.4697265625,4.678333282470703,3.6204311847686768,166.04083251953125,264.0,908.0999755859375,948.9000244140625,12.980509757995605,-0.0009684789692983031,,,90.0,84.59031677246094,,166.31427001953125,,,707.0,,,92.0,,,,,,,,,,,,,0.0,,1.0,10657.5,1677257984.0,3.0,9.619999885559082,9.619999885559082,7.079999923706055,0.8399999737739563,1008.7999877929688,0.949999988079071,1.4900000095367432,317.0,0.06989999860525131,1677218944.0,1677258112.0,0.17000000178813934,,11506550.0,0.11999999731779099,5.0,0.9399999976158142,16093.0,0.0,357.70001220703125,,,,0.0,3.6204311847686768,795.5,,,,8040.0,,,,,,,,""
8624096717,"Feb 26, 2023, 9:23:38 AM",Morning Workout,Alpine Ski,"",3711,13.93,104.0,4,false,,,activities/9258083975.fit.gz,,,3711.0,3357.0,13933.8798828125,21.1200008392334,4.150700092315674,1549.6998291015625,1666.0,1633.800048828125,2138.0,45.599998474121094,-0.2483152598142624,,,76.0,53.641510009765625,,74.1191635131836,,,173.0,,,4.0,,4,,,,,,,,,0.0,,0.0,,1.0,,1677401984.0,3.0,-4.559999942779541,-7.289999961853027,-13.630000114440918,0.49000000953674316,1003.0,1.690000057220459,3.0,22.0,0.05260000005364418,1677391616.0,1677431040.0,0.23000000417232513,,,0.029999999329447746,6.0,0.8999999761581421,11779.0,1.0,351.70001220703125,,,,0.0,3.7547507286071777,4052.300048828125,,,,,,,,,,,,""
8627386168,"Feb 26, 2023, 5:15:29 PM",Zwift - Group Ride: ZTPL Cycling Club Coffee Ride (B) on Keith Hill After Party in London,Virtual Ride,"",4093,39.60,173.0,115,false,,,activities/9261561818.fit.gz,,8.100000381469727,4093.0,4093.0,39608.0,19.75,9.677009582519531,374.0,0.0,4.599999904632568,249.39999389648438,13.821767807006836,0.19541506469249725,,,,0.0,,161.5666046142578,,216.2647247314453,863.0,,,115.0,,,,,,,,,226.0,4094.0,0.0,,0.0,,1.0,,,,,,,,,,,,,,,,,,,,,,,,,,,0.0,9.677009582519531,0.0,,,,,,,,,,,,media/0926346e-49f5-4cf7-b1df-9eda7f55ab1a.jpg
8632061542,"Feb 27, 2023, 6:19:01 PM",Zwift - Classique in London,Virtual Ride,"",595,6.04,162.0,7,false,,,activities/9266495397.fit.gz,,8.100000381469727,595.0,595.0,6046.330078125,13.545995712280273,10.16189956665039,14.0,0.0,11.600000381469727,26.200000762939453,6.296756744384766,-0.14554281532764435,,,,0.0,,142.64369201660156,,203.4756317138672,116.0,,,7.0,,,,,,,,,202.0,596.0,0.0,,0.0,,1.0,,,,,,,,,,,,,,,,,,,,,,,,,,,0.0,10.16189956665039,0.0,,,,,,,,,,,,media/171ef9a1-7a8d-4c1e-a73b-65b590b4e39b.jpg
8632295196,"Feb 27, 2023, 6:30:34 PM",Zwift - TT: Zwift TT Club Racing Series / Scotland / Week Three (B) on Rolling Highlands in Scotland,Virtual Ride,"",2411,23.60,176.0,69,false,,,activities/9266738698.fit.gz,,8.100000381469727,2411.0,2411.0,23604.83984375,15.111913681030273,9.79047679901123,212.0,0.0,21.799999237060547,87.0,9.341519355773926,-0.13048170506954193,,,,0.0,,163.18788146972656,,217.92782592773438,516.0,,,69.0,,,,,,,,,228.0,2412.0,0.0,,0.0,,1.0,,,,,,,,,,,,,,,,,,,,,,,,,,,0.0,9.79047679901123,0.0,,,,,,,,,,,,media/35a15edb-3b18-44f7-afb4-5c1e266f5196.jpg
8637850350,"Feb 28, 2023, 6:11:31 PM",Evening Swim,Swim,,3354,"2,000",145.0,14,false,,,activities/9272565893.fit.gz,,,3354.0,2862.0,2000.0,0.7580000162124634,0.6988120079040527,0.0,,,,0.0,0.0,,,,0.0,,112.39015197753906,,,,,,14.0,,,,,,,,,,,,,0.0,,1.0,,,,,,,,,,,,,,,,,,,,,,,,,,,0.0,0.5963029265403748,0.0,,,,,,,,,,,,""
8649006827,"Mar 2, 2023, 6:18:53 PM",Evening Run,Run,,2799,10.41,185.0,77,false,,,activities/9284205191.fit.gz,,,2799.0,2656.0,10414.169921875,5.545003414154053,3.9209976196289062,43.74142837524414,177.0,300.6000061035156,305.6000061035156,3.152916669845581,0.0,,,88.0,84.41258239746094,,162.06175231933594,,,644.0,,,77.0,,,,,,,,,,,,,0.0,,1.0,10435.0,1677779968.0,2.0,7.369999885559082,7.369999885559082,5.820000171661377,0.8999999761581421,1017.2000122070312,0.5899999737739563,0.699999988079071,233.0,0.014100000262260437,1677736832.0,1677777024.0,0.36000001430511475,,11506550.0,0.05000000074505806,5.0,0.8500000238418579,16093.0,0.0,366.29998779296875,,,,0.0,3.720675230026245,2.200000047683716,,,,7454.0,,,,,,,,""
8666437393,"Mar 5, 2023, 6:18:49 PM",Zwift - Zwift Pro Training Camp: Jumbo-Visma | Wout van Aert: VO2 Max Training on Figure 8 in Watopia,Virtual Ride,"",3614,32.71,176.0,65,false,,,activities/9303015616.fit.gz,,8.100000381469727,3614.0,3614.0,32714.75,18.317968368530273,9.052227020263672,258.0,0.0,-6.199999809265137,57.79999923706055,12.231722831726074,-0.021397076547145844,,,,0.0,,144.58023071289062,,182.90838623046875,630.0,,,65.0,,,,,,,,,205.0,3615.0,0.0,,0.0,,1.0,,,,,,,,,,,,,,,,,,,,,,,,,,,0.0,9.052227020263672,0.0,,,,,,,,,,,,media/f929bcc2-4372-421b-8949-71587738ece7.jpg
8671155696,"Mar 6, 2023, 6:03:22 PM",Evening Run,Run,,3018,10.70,178.0,60,false,,,activities/9308008759.fit.gz,,,3018.0,3018.0,10706.849609375,4.674997806549072,3.547663927078247,160.53079223632812,346.0,898.5999755859375,948.5999755859375,15.16793155670166,0.0037359262350946665,,,87.0,84.00597381591797,,154.77394104003906,,,706.0,,,60.0,,,,,,,,,,,,,0.0,,1.0,11035.7998046875,1678125568.0,3.0,2.630000114440918,1.4600000381469727,0.5699999928474426,0.8600000143051147,1004.2000122070312,1.3600000143051147,1.7799999713897705,339.0,0.017999999225139618,1678081920.0,1678122880.0,0.47999998927116394,,11506550.0,0.029999999329447746,5.0,0.9200000166893005,16093.0,0.0,405.6000061035156,,,,0.0,3.547663927078247,379.8999938964844,,,,8458.0,,,,,,,,""
8676907300,"Mar 7, 2023, 6:17:14 PM",Evening Swim,Swim,,3271,"1,900",154.0,22,false,,,activities/9314022574.fit.gz,,,3271.0,2777.0,1900.0,0.8080000281333923,0.6841915845870972,0.0,,,,0.0,0.0,,,,0.0,,124.42668151855469,,,,,,22.0,,,,,,,,,,,,,0.0,,1.0,,,,,,,,,,,,,,,,,,,,,,,,,,,0.0,0.5808621048927307,0.0,,,,,,,,,,,,""
8682359053,"Mar 8, 2023, 6:17:11 PM",Zwift - Race: DBR Wednesday Race - Category Enforcement (B) on Glasgow Crit Circuit in Scotland,Virtual Ride,"",3436,35.00,175.0,112,false,,,activities/9319723762.fit.gz,,8.100000381469727,3436.0,3436.0,35003.5078125,16.456005096435547,10.187284469604492,390.0,0.0,34.599998474121094,87.0,10.128386497497559,0.01028469018638134,,,,0.0,,166.95773315429688,,223.9364471435547,754.0,,,112.0,,,,,,,,,232.0,3437.0,0.0,,0.0,,1.0,,,,,,,,,,,,,,,,,,,,,,,,,,,0.0,10.187284469604492,0.0,,,,,,,,,,,,media/8653402b-2e69-455e-8b43-228afd4d1c6f.jpg
8708994420,"Mar 13, 2023, 6:05:16 PM",Zwift - Zwift Pro Training Camp: Jumbo-Visma | Sepp Kuss: Cadence Efforts in Watopia,Virtual Ride,,3784,34.99,167.0,57,false,,Ridley,activities/9347680301.fit.gz,,8.100000381469727,3784.0,3745.0,34994.21875,17.022266387939453,9.344250679016113,311.0,0.0,-6.199999809265137,131.8000030517578,11.634374618530273,0.013145027682185173,,,,0.0,,145.6564178466797,,194.32647705078125,695.0,,,57.0,,,,,,,,,204.0,3785.0,,,0.0,,1.0,,,,,,,,,,,,,,,,9789874.0,,,,,,,,,,,0.0,9.247943878173828,0.0,,,,,,,,,,,,media/c9838c90-b4f5-40d8-a84b-b134f8bd7dfa.jpg
8714501522,"Mar 14, 2023, 6:05:45 PM",Evening Swim,Swim,,3862,"2,000",158.0,18,false,,,activities/9353550124.fit.gz,,,3862.0,2924.0,2000.0,0.7820000052452087,0.6839945316314697,0.0,,,,0.0,0.0,,,,0.0,,112.7950210571289,,,,,,18.0,,,,,,,,,,,,,0.0,,1.0,,,,,,,,,,,,,,,,,,,,,,,,,,,0.0,0.5178663730621338,0.0,,,,,,,,,,,,""
8720148987,"Mar 15, 2023, 6:05:22 PM",Evening Run,Run,,3621,13.45,183.0,127,false,,,activities/9359552649.fit.gz,,,3621.0,3621.0,13454.3095703125,4.896646976470947,3.7156338691711426,207.43606567382812,370.0,898.5999755859375,948.5999755859375,19.50763702392578,-0.0007432562415488064,,,90.0,84.14246368408203,,167.67237854003906,,,913.0,,,127.0,,,,,,,,,,,,,0.0,,1.0,13906.900390625,1678903168.0,1.0,2.3299999237060547,0.9100000262260437,-1.7100000381469727,0.75,1014.0999755859375,1.4900000095367432,1.659999966621399,32.0,0.007499999832361937,1678858496.0,1678901248.0,0.7799999713897705,,11506550.0,0.05000000074505806,5.0,0.20000000298023224,16093.0,0.0,358.5,,,,0.0,3.7156338691711426,926.0999755859375,,,,10178.0,,,,,,,,""
8747824182,"Mar 20, 2023, 6:02:49 PM",Zwift - Loch Loop in Scotland,Virtual Ride,,690,7.21,161.0,8,false,,Ridley,activities/9388754445.fit.gz,,8.100000381469727,690.0,690.0,7218.55029296875,16.205957412719727,10.46166706085205,59.0,0.0,21.799999237060547,53.79999923706055,8.243936538696289,-0.15792642533779144,,,,0.0,,142.6246337890625,,203.78115844726562,134.0,,,8.0,,,,,,,,,205.0,691.0,,,0.0,,1.0,,,,,,,,,,,,,,,,9789874.0,,,,,,,,,,,0.0,10.46166706085205,0.0,,,,,,,,,,,,media/fd58ef37-7665-4943-8a19-c5d4e4fd6963.jpg
8748198928,"Mar 20, 2023, 6:15:24 PM",Zwift - Race: Forte Race Series (B) on Seaside Sprint in Watopia,Virtual Ride,,3622,36.51,180.0,128,false,,Ridley,activities/9389145104.fit.gz,,8.100000381469727,3622.0,3622.0,36509.12890625,17.340234756469727,10.079826354980469,348.0,0.0,0.800000011920929,57.79999923706055,11.1028470993042,0.049850545823574066,,,,0.0,,168.49612426757812,,214.0152130126953,750.0,,,128.0,,,,,,,,,222.0,3623.0,,,0.0,,1.0,,,,,,,,,,,,,,,,9789874.0,,,,,,,,,,,0.0,10.079826354980469,0.0,,,,,,,,,,,,media/a9c4b076-57db-414f-a959-393f7b627617.jpg
8760695796,"Mar 22, 2023, 7:43:53 PM",We run Bergamo ,Run,"",5756,10.42,196.0,125,false,,,activities/9402207348.fit.gz,,,5756.0,3034.0,10424.7900390625,8.22998046875,3.4359889030456543,185.4442901611328,338.0,223.39999389648438,383.3999938964844,28.864086151123047,0.0,,,88.0,83.4985122680664,,171.9580078125,,,753.0,,,125.0,,,,,,,,,,,0.0,,0.0,,1.0,11032.900390625,1679511552.0,1.0,14.9399995803833,14.109999656677246,6.789999961853027,0.5799999833106995,1014.8599853515625,1.149999976158142,2.569999933242798,0.0,0.0,1679462528.0,1679506560.0,0.0,,11506550.0,0.0,1.0,0.20000000298023224,30161.76953125,0.0,,,,,0.0,1.8111170530319214,2082.60009765625,,,,8448.0,,,,,,,,""
8765499639,"Mar 23, 2023, 6:14:42 PM",Evening Swim,Swim,,2710,"1,500",157.0,12,false,,,activities/9407241447.fit.gz,,,2710.0,2227.0,1500.0,0.7820000052452087,0.6735518574714661,0.0,,,,0.0,0.0,,,,29.0,,114.22431945800781,,,35.0,,,12.0,,,,,,,,,,,,,0.0,,1.0,,,,,,,,,,,,,,,,,,,,,,,,,,,0.0,0.553505539894104,0.0,,,,,,,,,,,,""
8773889845,"Mar 25, 2023, 9:22:24 AM",Morning Ride,Ride,,8648,55.25,,,false,,Ridley,activities/9416045774.fit.gz,,8.100000381469727,8648.0,8148.0,55255.5625,15.989843368530273,6.781487464904785,1233.291015625,1352.0,316.3999938964844,1047.0999755859375,49.073482513427734,0.003257590578868985,,,,,,,,164.08596801757812,2390.0,,,,,,,,,,,,,,,,0.0,,1.0,,1679734784.0,1.0,14.069999694824219,13.279999732971191,6.909999847412109,0.6200000047683716,1012.0,1.7599999904632568,4.789999961853027,249.0,0.0,1679721344.0,1679766016.0,0.125,9789874.0,,0.5,5.0,0.05999999865889549,27633.919921875,3.0,,,,,0.0,6.389403343200684,0.0,,,,,,,,,,,,""
8779790705,"Mar 26, 2023, 6:36:06 AM",Morning Ride,Ride,,17131,91.07,173.0,188,false,,Ridley,activities/9422352614.fit.gz,,8.100000381469727,17131.0,14130.0,91077.2109375,16.220312118530273,6.445662021636963,1642.768310546875,2049.0,251.8000030517578,991.4000244140625,41.030799865722656,-0.0007685786695219576,,,,,,141.87838745117188,,140.6604461669922,2490.0,,,188.0,,,,,,,,,,,,,0.0,,1.0,,1679810432.0,3.0,4.610000133514404,3.5299999713897705,-3.450000047683716,0.5600000023841858,1011.5399780273438,1.4700000286102295,2.130000114440918,16.0,0.0,1679807616.0,1679852416.0,0.125,9789874.0,,0.5600000023841858,5.0,0.6899999976158142,26839.369140625,0.0,,,,,0.0,5.316514492034912,55.20000076293945,,,,,,,,,,,,""
8793498964,"Mar 28, 2023, 5:21:54 PM",Evening Swim,Swim,,3070,"1,750",136.0,10,false,,,activities/9436800499.fit.gz,,,3070.0,2578.0,1750.0,0.7580000162124634,0.678820788860321,0.0,,,,0.0,0.0,,,,0.0,,113.96051025390625,,,,,,10.0,,,,,,,,,,,,,0.0,,1.0,,,,,,,,,,,,,,,,,,,,,,,,,,,0.0,0.5700325965881348,0.0,,,,,,,,,,,,""
8798582604,"Mar 29, 2023, 5:19:08 PM",Zwift - Duchy Estate in Yorkshire,Virtual Ride,"",619,5.87,159.0,9,false,,,activities/9442162636.fit.gz,,8.100000381469727,619.0,619.0,5877.35009765625,15.995996475219727,9.494911193847656,71.0,0.0,103.0,133.0,8.30860424041748,-0.27903735637664795,,,,0.0,,145.43133544921875,,200.71405029296875,119.0,,,9.0,,,,,,,,,205.0,620.0,0.0,,0.0,,1.0,,,,,,,,,,,,,,,,,,,,,,,,,,,0.0,9.494911193847656,0.0,,,,,,,,,,,,media/fe860324-ba3e-4d6d-b5a1-d6b2d1aa2b18.jpg
8798959730,"Mar 29, 2023, 5:30:15 PM",Zwift - Race: BC Bike Race Gravel Explorer (B) on Handful Of Gravel in Watopia,Virtual Ride,"",3084,25.16,176.0,99,false,,,activities/9442556118.fit.gz,,8.100000381469727,3084.0,3043.0,25168.6796875,16.580005645751953,8.271008491516113,248.0,0.0,0.4000000059604645,100.19999694824219,7.9050517082214355,-0.3877835273742676,,,,0.0,,167.2256317138672,,227.85067749023438,665.0,,,99.0,,,,,,,,,234.0,3085.0,0.0,,0.0,,1.0,,,,,,,,,,,,,,,,,,,,,,,,,,,0.0,8.161050796508789,0.0,,,,,,,,,,,,media/313e537a-df8d-436b-92aa-f4570c1e2cb7.jpg
8804378186,"Mar 30, 2023, 5:27:25 PM",Evening Run,Run,,2871,11.12,181.0,92,false,,,activities/9448257078.fit.gz,,,2871.0,2850.0,11120.259765625,5.816015720367432,3.901845693588257,55.76777648925781,219.0,274.20001220703125,309.70001220703125,4.693446159362793,0.0,,,87.0,85.4268569946289,,165.4683837890625,,,712.0,,,92.0,,,,,,,,,,,,,0.0,,1.0,11161.2998046875,1680195584.0,3.0,13.039999961853027,12.399999618530273,8.34000015258789,0.7300000190734863,1017.75,1.2999999523162842,2.940000057220459,286.0,0.0,1680152704.0,1680198400.0,0.375,,11506550.0,0.0,1.0,0.6600000262260437,25509.76953125,0.0,,,,,0.0,3.873305559158325,8932.2998046875,,,,8088.0,,,,,,,,""
8812427145,"Apr 1, 2023, 9:13:50 AM",Lunch Ride,Ride,,6681,40.57,179.0,111,false,,Ridley,activities/9456704136.fit.gz,,8.100000381469727,6681.0,5590.0,40575.75,16.406055450439453,7.258631229400635,750.3235473632812,823.0,275.0,948.9000244140625,45.76536178588867,0.0019716210663318634,,,,,,152.40257263183594,,158.32208251953125,1254.0,,,111.0,,,,,,,,,,,,,0.0,,1.0,,1680339584.0,1.0,11.34000015258789,10.289999961853027,1.2799999713897705,0.5,1005.7999877929688,1.440000057220459,3.069999933242798,209.0,0.0,1680325376.0,1680371328.0,0.375,9789874.0,,0.0,1.0,0.05000000074505806,21957.009765625,3.0,,,,,0.0,6.073304653167725,0.0,,,,,,,,,,,,""
8818766561,"Apr 2, 2023, 8:50:21 AM",Morning Ride,Ride,,11537,70.03,173.0,186,false,,Ridley,activities/9463392735.fit.gz,,8.100000381469727,11537.0,10510.0,70036.84375,15.641992568969727,6.6638288497924805,1438.376220703125,1621.0,316.3999938964844,948.9000244140625,49.265220642089844,0.0,,,,,,150.22987365722656,,150.010498046875,2021.0,,,186.0,,,,,,,,,,,,,0.0,,1.0,,1680422400.0,2.0,10.5,9.479999542236328,1.1799999475479126,0.5199999809265137,1009.9199829101562,0.7300000190734863,2.9600000381469727,318.0,0.0,1680411520.0,1680457856.0,0.375,9789874.0,,0.3400000035762787,5.0,0.3799999952316284,26755.7109375,2.0,,,,,0.0,6.070628643035889,0.0,,,,,,,,,,,,""
8832431081,"Apr 4, 2023, 5:07:25 PM",Evening Swim,Swim,,3510,"2,000",151.0,15,false,,,activities/9477795546.fit.gz,,,3510.0,2954.0,2000.0,0.7580000162124634,0.6770480871200562,0.0,,,,0.0,0.0,,,,0.0,,112.33142852783203,,,,,,15.0,,,,,,,,,,,,,0.0,,1.0,,,,,,,,,,,,,,,,,,,,,,,,,,,0.0,0.5698005557060242,0.0,,,,,,,,,,,,""
8838500865,"Apr 5, 2023, 5:36:45 PM",Zwift - Zwift Pro Training Camp: Movistar | Carlos Verona in Innsbruck,Virtual Ride,"",2713,22.55,167.0,22,false,,,activities/9484134942.fit.gz,,8.100000381469727,2713.0,2713.0,22556.830078125,18.614063262939453,8.314349174499512,249.0,0.0,278.79998779296875,364.20001220703125,11.303117752075195,0.3564331829547882,,,,0.0,,106.53025817871094,,188.29188537597656,488.0,,,22.0,,,,,,,,,212.0,2714.0,0.0,,0.0,,1.0,,,,,,,,,,,,,,,,,,,,,,,,,,,0.0,8.314349174499512,0.0,,,,,,,,,,,,""
8843870401,"Apr 6, 2023, 5:26:00 PM",Evening Run,Run,,2903,10.47,177.0,74,false,,,activities/9489825519.fit.gz,,,2903.0,2903.0,10476.0400390625,5.261678218841553,3.608694553375244,47.68182373046875,212.0,292.0,327.0,3.180436134338379,0.0,,,86.0,84.23551940917969,,158.74310302734375,,,683.0,,,74.0,,,,,,,,,,,,,0.0,,1.0,10508.2998046875,1680800384.0,3.0,10.489999771118164,9.390000343322754,-0.6399999856948853,0.46000000834465027,1016.8300170898438,1.2400000095367432,2.940000057220459,211.0,0.0,1680756736.0,1680803712.0,0.5,,11506550.0,0.0,1.0,0.8299999833106995,27978.349609375,0.0,,,,,0.0,3.608694553375244,8636.2998046875,,,,8152.0,,,,,,,,""
8873329987,"Apr 11, 2023, 5:08:57 PM",Evening Run,Run,,3721,13.31,170.0,69,false,,,activities/9520955577.fit.gz,,,3721.0,3604.0,13312.2900390625,6.02001953125,3.693754196166992,58.54595184326172,255.0,296.3999938964844,309.79998779296875,3.215437650680542,0.0,,,93.0,83.57884216308594,,153.04315185546875,,,809.0,,,69.0,,,,,,,,,,,,,0.0,,1.0,13341.7001953125,1681232384.0,2.0,16.719999313354492,15.829999923706055,6.809999942779541,0.5199999809265137,1011.0800170898438,1.6200000047683716,5.130000114440918,235.0,0.0,1681188224.0,1681236096.0,0.625,,11506550.0,0.0,1.0,0.44999998807907104,27579.720703125,0.0,,,,,0.0,3.577610969543457,3149.199951171875,,,,9778.0,,,,,,,,""
8878937878,"Apr 7, 2023, 4:49:31 PM",Zwift - 2004 in Makuri Islands,Virtual Ride,,3055,23.29,172.0,46,false,,Ridley,activities/9527408172.fit.gz,,8.100000381469727,3055.0,3055.0,23296.630859375,16.282032012939453,7.625738143920898,359.0,0.0,67.5999984741211,223.39999389648438,11.57168197631836,0.25668948888778687,,,,0.0,,146.6376495361328,,190.79640197753906,557.0,,,46.0,,,,,,,,,212.0,3056.0,,,0.0,,1.0,,,,,,,,,,,,,,,,9789874.0,,,,,,,,,,,0.0,7.625738143920898,0.0,,,,,,,,,,,,media/bef33b89-5b62-409f-8581-5a10da05dfc4.jpg
8879012535,"Apr 12, 2023, 5:11:23 PM",Zwift - Queen's Highway in Yorkshire,Virtual Ride,"",499,4.87,159.0,5,false,,,activities/9527484894.fit.gz,,8.100000381469727,499.0,499.0,4870.72021484375,16.758007049560547,9.76096248626709,67.0,0.0,102.80000305175781,133.0,7.002747058868408,-0.01642458140850067,,,,0.0,,139.529052734375,,210.08416748046875,100.0,,,5.0,,,,,,,,,214.0,500.0,0.0,,0.0,,1.0,,,,,,,,,,,,,,,,,,,,,,,,,,,0.0,9.76096248626709,0.0,,,,,,,,,,,,media/a7d90b20-5628-4a66-b699-c2dea656f647.jpg
8879378992,"Apr 12, 2023, 5:20:43 PM",Zwift - Race: HISP Sprint Racing League (B) on Glasgow Crit Circuit in Scotland,Virtual Ride,"",3015,30.81,178.0,95,false,,,activities/9527857154.fit.gz,,8.100000381469727,3015.0,3015.0,30815.689453125,16.638086318969727,10.220792770385742,330.0,0.0,21.799999237060547,87.0,10.148829460144043,-0.012331378646194935,,,,0.0,,164.90869140625,,210.43161010742188,616.0,,,95.0,,,,,,,,,223.0,3016.0,0.0,,0.0,,1.0,,,,,,,,,,,,,,,,,,,,,,,,,,,0.0,10.220792770385742,0.0,,,,,,,,,,,,media/0024295a-dda3-4be6-ae0c-437ecaa0bf76.jpg
8890334539,"Apr 14, 2023, 4:47:24 PM",Evening Run,Run,,2571,9.03,172.0,50,false,,,activities/9539494553.fit.gz,,,2571.0,2571.0,9030.7802734375,4.858007907867432,3.5125555992126465,132.307861328125,490.0,895.2000122070312,948.5999755859375,14.084507942199707,-0.017717184498906136,,,88.0,84.156005859375,,152.81613159179688,,,593.0,,,50.0,,,,,,,,,,,,,0.0,,1.0,9281.0,1681488000.0,3.0,14.5,13.390000343322754,2.5899999141693115,0.44999998807907104,1002.1599731445312,1.340000033378601,3.190000057220459,215.0,0.0,1681447040.0,1681495552.0,0.875,,11506550.0,0.0,1.0,0.7300000190734863,27456.810546875,1.0,,,,,0.0,3.5125555992126465,401.0,,,,7196.0,,,,,,,,""
8893781797,"Apr 15, 2023, 6:45:13 AM",Morning Ride,Ride,,15159,100.08,221.0,293,false,,Ridley,activities/9543141927.fit.gz,,8.100000381469727,15159.0,14411.0,100078.546875,16.6240234375,6.944594383239746,1775.5050048828125,2053.0,251.8000030517578,1054.9000244140625,17.686141967773438,0.032474491745233536,,,,,,153.4998321533203,,155.78480529785156,2692.0,,,293.0,,,,,,,,,,,,,0.0,,1.0,,1681538432.0,2.0,5.260000228881836,4.289999961853027,-2.5,0.5699999928474426,1006.0399780273438,1.2000000476837158,2.430000066757202,17.0,0.0,1681533312.0,1681582080.0,0.875,9789874.0,,0.3700000047683716,5.0,0.4099999964237213,26025.0,0.0,,,,,0.0,6.601922988891602,0.0,,,,,,,,,,,,""
8899070588,"Apr 16, 2023, 8:02:32 AM",Innovation Run - Kilometro Rosso ,Run,"",2349,10.09,182.0,108,false,,,activities/9548773728.fit.gz,,,2349.0,2349.0,10093.080078125,5.60125732421875,4.296755790710449,29.933073043823242,163.0,208.6999969482422,218.0,6.896585941314697,0.012880112044513226,,,94.0,87.66453552246094,,175.50318908691406,,,629.0,,,108.0,,,,,,,,,,,0.0,,0.0,,1.0,10121.0,1681632000.0,1.0,11.670000076293945,10.779999732971191,4.449999809265137,0.6100000143051147,1013.1099853515625,1.5299999713897705,2.509999990463257,160.0,0.0,1681619712.0,1681668480.0,0.875,,11506550.0,0.0,1.0,0.3400000035762787,27660.349609375,2.0,,,,,0.0,4.296755790710449,0.0,,,,6860.0,,,,,,,,""
8914212577,"Apr 18, 2023, 4:37:10 PM",Evening Ride,Ride,,3996,26.31,170.0,63,false,,Ridley,activities/9564864407.fit.gz,,8.100000381469727,3996.0,3852.0,26314.669921875,16.425975799560547,6.831430435180664,688.5855102539062,574.0,308.29998779296875,942.0999755859375,47.04174041748047,0.3085731267929077,,,,,,147.73416137695312,,191.9785614013672,819.0,,,63.0,,,,,,,,,,,,,0.0,,1.0,,1681833600.0,2.0,18.6299991607666,17.59000015258789,5.920000076293945,0.4300000071525574,1014.5599975585938,0.9800000190734863,3.759999990463257,177.0,0.0,1681792256.0,1681841536.0,0.0,9789874.0,,0.36000001430511475,5.0,0.46000000834465027,25134.51953125,1.0,,,,,0.0,6.58525276184082,0.0,,,,,,,,,,,,""
8920270303,"Apr 19, 2023, 4:59:20 PM",Evening Run,Run,,1947,7.03,169.0,32,false,,,activities/9571229844.fit.gz,,,1947.0,1947.0,7033.9501953125,5.017999172210693,3.6127119064331055,119.5199966430664,231.0,898.7000122070312,948.5999755859375,16.324811935424805,-0.021325143054127693,,,87.0,83.87480926513672,,150.44650268554688,,,450.0,,,32.0,,,,,,,,,,,,,0.0,,1.0,7281.7001953125,1681920000.0,5.0,14.0,13.15999984741211,6.25,0.6000000238418579,1010.3400268554688,1.0399999618530273,2.259999990463257,177.0,0.800000011920929,1681878528.0,1681927936.0,0.0,,11506550.0,0.49000000953674316,5.0,0.6700000166893005,15099.4599609375,1.0,,,,,0.0,3.6127119064331055,393.1000061035156,,,,5436.0,,,,,,,,""
8931915823,"Apr 21, 2023, 5:07:30 PM",Zwift - Sir Chris Hoy - Keirin in France,Virtual Ride,,2716,25.37,172.0,23,false,,Ridley,activities/9583497214.fit.gz,,8.100000381469727,2716.0,2716.0,25369.201171875,13.930028915405273,9.340648651123047,133.0,0.0,10.399999618530273,34.0,5.725924015045166,0.0023650741204619408,,,,0.0,,135.50570678710938,,180.78878784179688,468.0,,,23.0,,,,,,,,,204.0,2717.0,,,0.0,,1.0,,,,,,,,,,,,,,,,9789874.0,,,,,,,,,,,0.0,9.340648651123047,0.0,,,,,,,,,,,,media/a340a5b1-4d21-46ad-83bf-f28fd4e524b6.jpg
8935755083,"Apr 22, 2023, 7:32:32 AM",Morning Ride,Ride,,13861,92.70,173.0,204,false,,Ridley,activities/9587559321.fit.gz,,8.100000381469727,13861.0,13191.0,92699.8828125,16.135936737060547,7.027510166168213,1636.920166015625,1771.0,251.8000030517578,1023.4000244140625,40.22747802734375,0.26343074440956116,,,,,,145.94117736816406,,161.5172119140625,2525.0,,,204.0,,,,,,,,,,,,,0.0,,1.0,,1682146816.0,3.0,12.8100004196167,12.130000114440918,7.820000171661377,0.7200000286102295,1015.530029296875,0.7300000190734863,2.109999895095825,41.0,0.0,1682137472.0,1682187392.0,0.125,9789874.0,,0.0,1.0,0.8500000238418579,25947.94921875,1.0,,,,,0.0,6.687820911407471,55.900001525878906,,,,,,,,,,,,""
8947501422,"Apr 24, 2023, 7:11:57 AM",Morning Ride,Ride,,11301,58.55,173.0,131,false,,Ridley,activities/9600321043.fit.gz,,8.100000381469727,11301.0,9567.0,58554.640625,15.5078125,6.120481014251709,1501.7476806640625,1626.0,316.3999938964844,1047.5999755859375,28.400846481323242,0.050380293279886246,,,,,,140.30126953125,,158.994384765625,1755.0,,,131.0,,,,,,,,,,,,,0.0,,1.0,,1682319616.0,3.0,7.809999942779541,7.090000152587891,5.53000020980835,0.8500000238418579,1006.6400146484375,1.4299999475479126,3.440000057220459,339.0,0.0,1682310016.0,1682360320.0,0.125,9789874.0,,0.8700000047683716,5.0,0.9300000071525574,21910.30078125,1.0,,,,,0.0,5.181367874145508,0.0,,,,,,,,,,,,""
8953423365,"Apr 25, 2023, 7:40:16 AM",Morning Ride,Ride,,11602,70.54,162.0,115,false,,Ridley,activities/9606593005.fit.gz,,8.100000381469727,11602.0,10912.0,70542.53125,15.5078125,6.464674472808838,1419.2552490234375,1562.0,316.3999938964844,1244.4000244140625,34.75628662109375,0.000283516914350912,,,,,,137.15194702148438,,139.26248168945312,1881.0,,,115.0,,,,,,,,,,,,,0.0,,1.0,,1682406016.0,1.0,7.5,6.670000076293945,3.200000047683716,0.7400000095367432,1008.1099853515625,0.8700000047683716,2.059999942779541,232.0,0.0,1682396288.0,1682446848.0,0.125,9789874.0,,0.5699999928474426,5.0,0.2199999988079071,24480.66015625,1.0,,,,,0.0,6.080204010009766,0.0,,,,,,,,,,,,""
8967968234,"Apr 27, 2023, 5:08:15 PM",Evening Swim,Swim,,1639,"1,000",123.0,3,false,,,activities/9621983777.fit.gz,,,1639.0,1251.0,1000.0,1.7860000133514404,0.7993605136871338,0.0,,,,0.0,0.0,,,,0.0,,93.4754638671875,,,,,,3.0,,,,,,,,,,,,,0.0,,1.0,,,,,,,,,,,,,,,,,,,,,,,,,,,0.0,0.6101281046867371,0.0,,,,,,,,,,,,""
8967971407,"Apr 27, 2023, 5:36:51 PM",Evening Swim,Swim,,1696,825,146.0,7,false,,,activities/9621987108.fit.gz,,,1696.0,1270.0,825.0,0.6959999799728394,0.6496062874794006,0.0,,,,0.0,0.0,,,,24.0,,112.20980834960938,,,74.0,,,7.0,,,,,,,,,,,,,0.0,,1.0,,,,,,,,,,,,,,,,,,,,,,,,,,,0.0,0.48643869161605835,0.0,,,,,,,,,,,,""
8973432116,"Apr 28, 2023, 5:15:25 PM",Evening Run,Run,,2864,10.12,170.0,58,false,,,activities/9627771377.fit.gz,,,2864.0,2864.0,10126.76953125,4.827996730804443,3.5358831882476807,153.6233367919922,349.0,895.2000122070312,948.5999755859375,19.531246185302734,0.0009874817915260792,,,87.0,84.00943756103516,,153.9333038330078,,,679.0,,,58.0,,,,,,,,,,,,,0.0,,1.0,10434.7998046875,1682701184.0,2.0,15.140000343322754,14.359999656677246,7.400000095367432,0.6000000238418579,1015.4400024414062,1.340000033378601,3.5399999618530273,221.0,0.0,1682655232.0,1682706304.0,0.375,,11506550.0,0.0,1.0,0.5099999904632568,27378.419921875,0.0,,,,,0.0,3.5358831882476807,394.20001220703125,,,,8006.0,,,,,,,,""
8977122639,"Apr 29, 2023, 7:55:56 AM",Morning Ride,Ride,,14008,88.11,176.0,220,false,,Ridley,activities/9631687026.fit.gz,,8.100000381469727,14008.0,12451.0,88113.25,15.970312118530273,7.07680082321167,1881.4305419921875,2171.0,292.20001220703125,1054.9000244140625,37.84347915649414,-0.0010214127833023667,,,,,,147.7550811767578,,159.4259796142578,2365.0,,,220.0,,,,,,,,,,,,,0.0,,1.0,,1682751616.0,3.0,13.829999923706055,13.260000228881836,9.270000457763672,0.7400000095367432,1014.9500122070312,0.5199999809265137,1.6200000047683716,173.0,0.0,1682741504.0,1682792704.0,0.375,9789874.0,,0.0,1.0,0.8999999761581421,16092.2001953125,2.0,,,,,0.0,6.29020881652832,10.800000190734863,,,,,,,,,,,,""
8988521142,"May 1, 2023, 8:05:44 AM",Morning Run,Run,,3169,10.67,174.0,55,false,,,activities/9643852685.fit.gz,,,3169.0,3029.0,10673.75,4.928385257720947,3.523852825164795,167.50143432617188,288.0,893.0,948.5999755859375,18.646434783935547,-0.009368778206408024,,,89.0,84.94345092773438,,152.8539276123047,,,723.0,,,55.0,,,,,,,,,,,,,0.0,,1.0,11025.099609375,1682928000.0,3.0,10.170000076293945,9.520000457763672,7.5,0.8399999737739563,1015.52001953125,1.1399999856948853,2.140000104904175,179.0,0.4000000059604645,1682914176.0,1682965632.0,0.375,,11506550.0,0.8399999737739563,5.0,0.9900000095367432,12337.25,3.0,,,,,0.0,3.368175983428955,395.1000061035156,,,,8568.0,,,,,,,,""
8997647262,"May 2, 2023, 5:02:17 PM",Zwift - Lutece Express in Paris,Virtual Ride,"",724,6.94,152.0,6,false,,,activities/9653528364.fit.gz,,8.100000381469727,724.0,724.0,6943.5400390625,13.469970703125,9.590524673461914,40.0,0.0,41.400001525878906,71.4000015258789,7.453416347503662,0.01152148935943842,,,,0.0,,138.16712951660156,,203.0193328857422,140.0,,,6.0,,,,,,,,,207.0,725.0,0.0,,0.0,,1.0,,,,,,,,,,,,,,,,,,,,,,,,,,,0.0,9.590524673461914,0.0,,,,,,,,,,,,media/42b8b9d0-64ea-4787-b7e0-a5d80af0aa85.jpg
8998149878,"May 2, 2023, 5:15:24 PM","Zwift - Race: ZESP ""Hamsters"" Sprints (B) on Classique in London",Virtual Ride,"",3844,36.28,172.0,95,false,,,activities/9654056386.fit.gz,,8.100000381469727,3844.0,3844.0,36283.890625,20.132030487060547,9.43909740447998,334.0,0.0,4.0,249.39999389648438,13.333420753479004,0.14386549592018127,,,,0.0,,158.64401245117188,,216.08306884765625,798.0,,,95.0,,,,,,,,,230.0,3845.0,0.0,,0.0,,1.0,,,,,,,,,,,,,,,,,,,,,,,,,,,0.0,9.43909740447998,0.0,,,,,,,,,,,,media/6a3bf609-28c3-4999-965e-29ec832c5b3c.jpg
9010813831,"May 4, 2023, 5:10:13 PM",Evening Swim,Swim,,3254,"1,800",127.0,8,false,,,activities/9667413502.fit.gz,,,3254.0,2724.0,1800.0,0.7360000014305115,0.6607929468154907,0.0,,,,0.0,0.0,,,,0.0,,101.57797241210938,,,,,,8.0,,,,,,,,,,,,,0.0,,1.0,,,,,,,,,,,,,,,,,,,,,,,,,,,0.0,0.5531653165817261,0.0,,,,,,,,,,,,""
9016817632,"May 5, 2023, 6:44:39 PM",Evening Ride,Ride,,5692,38.80,,,false,,Ridley,activities/9673752892.fit.gz,,8.100000381469727,5692.0,5375.0,38800.55078125,15.781933784484863,7.218707084655762,888.7105712890625,1125.0,327.79998779296875,1013.2000122070312,43.307735443115234,0.020618263632059097,,,,,,,,177.38951110839844,1783.0,,,,,,,,,,,,,,,,0.0,,1.0,,1683309568.0,2.0,16.149999618530273,15.609999656677246,10.050000190734863,0.6700000166893005,1016.7100219726562,0.7599999904632568,1.7599999904632568,219.0,0.0,1683259392.0,1683311616.0,0.5,9789874.0,,0.0,1.0,0.6200000047683716,25564.169921875,0.0,,,,,0.0,6.816681385040283,0.0,,,,,,,,,,,,""
9020668279,"May 6, 2023, 6:29:53 AM",Morning Ride,Ride,,18678,100.84,178.0,276,false,,Ridley,activities/9677822028.fit.gz,,8.100000381469727,18678.0,15238.0,100843.5234375,16.010936737060547,6.6178975105285645,1996.5091552734375,2128.0,202.3000030517578,1069.0,46.746131896972656,-9.916353155858815e-05,,,,,,149.35923767089844,,153.5526123046875,3119.0,,,276.0,,,,,,,,,,,,,0.0,,1.0,,1683352832.0,2.0,15.460000038146973,15.020000457763672,10.770000457763672,0.7400000095367432,1016.5900268554688,0.9300000071525574,3.0999999046325684,28.0,0.0,1683345664.0,1683398016.0,0.625,9789874.0,,0.4099999964237213,5.0,0.5199999809265137,24195.55078125,1.0,,,,,0.0,5.399053573608398,655.5,,,,,,,,,,,,""
9035070715,"May 8, 2023, 5:34:52 PM",Zwift - The McCarthy Special in Watopia,Virtual Ride,,1099,10.80,170.0,11,false,,Ridley,activities/9693163116.fit.gz,,8.100000381469727,1099.0,1099.0,10806.9599609375,13.304101943969727,9.83344841003418,30.0,0.0,12.600000381469727,27.0,3.4533774852752686,0.1313968002796173,,,,0.0,,133.68516540527344,,183.23294067382812,192.0,,,11.0,,,,,,,,,218.0,1100.0,,,0.0,,1.0,,,,,,,,,,,,,,,,9789874.0,,,,,,,,,,,0.0,9.83344841003418,0.0,,,,,,,,,,,,media/d04eb8e1-1d34-4251-ba75-e23332cd4ce7.jpg
9035228318,"May 8, 2023, 5:55:29 PM",Zwift - Knife-edge in Makuri Islands,Virtual Ride,,1348,12.54,174.0,26,false,,Ridley,activities/9693329459.fit.gz,,8.100000381469727,1348.0,1348.0,12548.41015625,13.118066787719727,9.30890941619873,60.0,0.0,61.79999923706055,72.0,4.192888259887695,0.0207197442650795,,,,0.0,,152.2270050048828,,192.0096435546875,247.0,,,26.0,,,,,,,,,222.0,1349.0,,,0.0,,1.0,,,,,,,,,,,,,,,,9789874.0,,,,,,,,,,,0.0,9.30890941619873,0.0,,,,,,,,,,,,media/bf583489-d344-4df9-92bd-a78717e52470.jpg
9041136954,"May 9, 2023, 5:03:52 PM",Evening Swim,Swim,,3333,"1,800",151.0,17,false,,,activities/9699574863.fit.gz,,,3333.0,2612.0,1800.0,0.7580000162124634,0.6891270875930786,0.0,,,,0.0,0.0,,,,0.0,,115.65726470947266,,,,,,17.0,,,,,,,,,,,,,0.0,,1.0,,,,,,,,,,,,,,,,,,,,,,,,,,,0.0,0.5400540232658386,0.0,,,,,,,,,,,,""
9047464058,"May 10, 2023, 5:17:18 PM",Zwift - Norseman workout: Vasstulan in Watopia,Virtual Ride,,3678,36.54,169.0,52,false,,Ridley,activities/9706328525.fit.gz,,8.100000381469727,3678.0,3678.0,36540.16796875,16.308008193969727,9.934792518615723,113.0,0.0,-6.400000095367432,28.0,3.9102625846862793,0.0027367142029106617,,,,0.0,,146.2691192626953,,177.12571716308594,621.0,,,52.0,,,,,,,,,193.0,3679.0,,,0.0,,1.0,,,,,,,,,,,,,,,,9789874.0,,,,,,,,,,,0.0,9.934792518615723,0.0,,,,,,,,,,,,media/8489ddd7-f970-43e6-8f9d-4f8d87bc9c24.jpg
9059074669,"May 12, 2023, 5:27:09 PM",Zwift - Zwift Pro Training Camp: Jumbo-Visma | Women's Team in New York,Virtual Ride,,2709,20.66,181.0,45,false,,Ridley,activities/9718575484.fit.gz,,8.100000381469727,2709.0,2709.0,20659.16015625,21.028026580810547,7.626120090484619,373.0,0.0,17.0,132.8000030517578,17.093961715698242,0.010649032890796661,,,,0.0,,148.22764587402344,,178.48484802246094,461.0,,,45.0,,,,,,,,,180.0,2710.0,,,0.0,,1.0,,,,,,,,,,,,,,,,9789874.0,,,,,,,,,,,0.0,7.626120090484619,0.0,,,,,,,,,,,,media/e5698184-b53a-4cf5-9da0-63050da3f765.jpg
9068371597,"May 14, 2023, 5:01:33 AM",Granfondo BGY - percorso medio,Ride,"",15574,128.70,196.0,372,false,,Ridley,activities/9728460318.fit.gz,,8.100000381469727,15574.0,15574.0,128708.4921875,19.174022674560547,8.264318466186523,2112.819580078125,2366.0,262.3999938964844,942.0999755859375,44.0,0.0,,,,,,155.20611572265625,,208.5594024658203,3107.0,,,372.0,,,,,,,,,,,0.0,,0.0,,1.0,,1684040448.0,3.0,11.380000114440918,10.760000228881836,8.140000343322754,0.800000011920929,1013.969970703125,1.1299999952316284,2.559999942779541,359.0,0.0,1684036352.0,1684089856.0,0.875,9789874.0,,0.6600000262260437,5.0,0.9700000286102295,15791.599609375,0.0,,,,,0.0,8.264318466186523,0.0,,,,,,,,,,,,""
9089429104,"May 17, 2023, 4:27:40 PM",Evening Ride,Ride,,5396,34.40,176.0,86,false,,Ridley,activities/9750775431.fit.gz,,8.100000381469727,5396.0,5041.0,34406.98828125,16.366016387939453,6.825429439544678,812.2649536132812,901.0,316.3999938964844,1047.5,21.281450271606445,0.004068940877914429,,,,,,149.5571746826172,,170.7698974609375,1024.0,,,86.0,,,,,,,,,,,,,0.0,,1.0,,1684339200.0,3.0,14.5600004196167,14.029999732971191,9.850000381469727,0.7300000190734863,1014.4500122070312,1.2200000286102295,2.5399999618530273,201.0,0.4000000059604645,1684295296.0,1684349312.0,0.0,9789874.0,,0.5400000214576721,5.0,0.949999988079071,13803.33984375,1.0,,,,,0.0,6.376387596130371,0.0,,,,,,,,,,,,""
9095860612,"May 18, 2023, 5:03:06 PM",Evening Run,Run,,3259,10.29,171.0,56,false,,,activities/9757573951.fit.gz,,,3259.0,2880.0,10296.5,6.8600029945373535,3.5751736164093018,24.07090950012207,324.0,255.60000610351562,279.70001220703125,5.466982364654541,0.0038848151452839375,,,86.0,83.66151428222656,,152.89389038085938,,,677.0,,,56.0,,,,,,,,,,,,,0.0,,1.0,10326.0341796875,1684429184.0,3.0,17.1299991607666,16.600000381469727,10.329999923706055,0.6399999856948853,1017.0900268554688,0.7400000095367432,2.869999885559082,126.0,0.0,1684381696.0,1684435712.0,0.0,,11506550.0,0.5799999833106995,5.0,0.9200000166893005,21183.48046875,0.0,,,,,0.0,3.159404754638672,1623.800048828125,,,,8022.0,,,,,,,,""
9105207246,"May 20, 2023, 6:00:06 AM",Morning Ride,Ride,Tempo da vichinghi 🌧️,17014,113.79,,,false,,Ridley,activities/9767445613.fit.gz,,8.100000381469727,17014.0,14961.0,113796.7578125,15.951952934265137,7.606226921081543,1718.3768310546875,1917.0,186.60000610351562,1047.5,26.19278335571289,-0.0013181394897401333,,,,,,,,168.30218505859375,4753.0,,,,,,,,,,,,,,0.0,,0.0,,1.0,,1684562432.0,3.0,11.920000076293945,11.40999984741211,9.550000190734863,0.8500000238418579,1015.8699951171875,1.4800000190734863,2.5399999618530273,13.0,0.0,1684554240.0,1684608640.0,0.0,9789874.0,,0.8899999856948853,5.0,0.9700000286102295,21174.25,1.0,,,,,0.0,6.688418865203857,328.5,,,,,,,,,,,,""
9108135452,"May 20, 2023, 3:27:26 PM",Afternoon Ride,Ride,,6093,24.63,,,false,,Ridley,activities/9770541053.fit.gz,,8.100000381469727,6093.0,4469.0,24638.44921875,14.3798828125,5.513190746307373,659.5100708007812,723.0,323.70001220703125,948.9000244140625,40.854408264160156,-0.006088045425713062,,,,,,,,137.5479278564453,1144.0,,,,,,,,,,,,,,,,0.0,,1.0,,1684594816.0,5.0,13.420000076293945,13.020000457763672,10.84000015258789,0.8399999737739563,1014.6500244140625,1.2100000381469727,2.490000009536743,187.0,0.30000001192092896,1684554240.0,1684608640.0,0.0,9789874.0,,0.7300000190734863,5.0,0.9900000095367432,15571.7802734375,2.0,,,,,0.0,4.04373025894165,0.0,,,,,,,,,,,,""
9110473691,"May 21, 2023, 6:58:35 AM",Morning Run,Run,,3092,10.39,163.0,48,false,,,activities/9773042775.fit.gz,,,3092.0,2949.0,10393.2802734375,4.864908695220947,3.5243406295776367,163.9152374267578,311.0,898.7000122070312,948.5999755859375,14.67534351348877,-0.004810800775885582,,,88.0,84.94599151611328,,150.04920959472656,,,687.0,,,48.0,,,,,,,,,,,,,0.0,,1.0,10719.7001953125,1684648832.0,3.0,12.489999771118164,11.970000267028809,9.569999694824219,0.8199999928474426,1013.8400268554688,2.0799999237060547,3.5199999809265137,3.0,0.0,1684640640.0,1684695168.0,0.125,,11506550.0,0.3199999928474426,5.0,0.9800000190734863,20309.419921875,1.0,,,,,0.0,3.3613455295562744,402.5,,,,8324.0,,,,,,,,""
9127353737,"May 23, 2023, 4:19:09 PM",Evening Ride,Ride,,7780,52.55,183.0,109,false,,Ridley,activities/9791300471.fit.gz,,8.100000381469727,7780.0,7594.0,52554.4609375,16.635986328125,6.9205241203308105,1285.0394287109375,1475.0,319.0,974.5,28.75,0.00038055761251598597,,,,,,141.93605041503906,,179.74290466308594,1329.0,,,109.0,,,,,,,,,,,,,0.0,,1.0,,1684857600.0,3.0,22.770000457763672,22.8700008392334,14.470000267028809,0.5899999737739563,1012.0999755859375,1.0299999713897705,2.690000057220459,299.0,0.0,1684813312.0,1684868096.0,0.125,9789874.0,,0.47999998927116394,5.0,0.8100000023841858,25650.630859375,1.0,,,,,0.0,6.755072116851807,0.0,,,,,,,,,,,,""
9133388514,"May 24, 2023, 5:20:45 PM",Zwift - Zwift Spring Training | VO2 Blast in Watopia,Virtual Ride,,2740,23.43,171.0,36,false,,Ridley,activities/9798470222.fit.gz,,8.100000381469727,2740.0,2740.0,23429.279296875,17.240039825439453,8.55083179473877,250.0,0.0,1.2000000476837158,131.8000030517578,13.320940017700195,0.18438467383384705,,,,0.0,,144.65618896484375,,179.71209716796875,470.0,,,36.0,,,,,,,,,196.0,2741.0,,,0.0,,1.0,,,,,,,,,,,,,,,,9789874.0,,,,,,,,,,,0.0,8.55083179473877,0.0,,,,,,,,,,,,media/f0f4e552-75a8-499e-87af-a72c0104640b.jpg
9139514184,"May 25, 2023, 5:07:20 PM",Evening Swim,Swim,,3140,"1,600",135.0,9,false,,,activities/9806082956.fit.gz,,,3140.0,2304.0,1600.0,0.7580000162124634,0.6944444179534912,0.0,,,,0.0,0.0,,,,0.0,,107.35664367675781,,,,,,9.0,,,,,,,,,,,,,0.0,,1.0,,,,,,,,,,,,,,,,,,,,,,,,,,,0.0,0.5095541477203369,0.0,,,,,,,,,,,,""
9145554884,"May 26, 2023, 4:53:40 PM",Cronoscalata Algua - Selvino ,Ride,"",4736,25.06,,,false,,Ridley,activities/9812670404.fit.gz,,8.100000381469727,4736.0,3248.0,25061.259765625,15.985937118530273,7.71590518951416,526.1087036132812,595.0,426.79998779296875,948.9000244140625,20.409494400024414,-0.023542311042547226,,,,,,,,179.6950225830078,1098.0,,,,,,,,,,,,,,0.0,,0.0,,1.0,,1685116800.0,1.0,24.780000686645508,24.65999984741211,13.40999984741211,0.49000000953674316,1017.5900268554688,1.7400000095367432,4.179999828338623,213.0,0.0,1685072384.0,1685127424.0,0.125,9789874.0,,0.33000001311302185,5.0,0.3700000047683716,26468.109375,2.0,,,,,0.0,5.291651248931885,0.0,,,,,,,,,,,,""
9151073384,"May 27, 2023, 12:27:55 PM",Afternoon Ride,Ride,,9651,69.57,176.0,181,false,,Ridley,activities/9818568723.fit.gz,,8.100000381469727,9651.0,9266.0,69578.0859375,17.330469131469727,7.50896692276001,1401.69970703125,1562.0,316.5,1244.4000244140625,17.502365112304688,0.004311702214181423,,,,,,150.3983154296875,,185.74778747558594,1927.0,,,181.0,,,,,,,,,,,,,0.0,,1.0,,1685188864.0,3.0,17.110000610351562,16.889999389648438,12.5600004196167,0.75,1019.0599975585938,1.75,4.46999979019165,183.0,0.0,1685158656.0,1685213952.0,0.25,9789874.0,,0.4399999976158142,5.0,0.7200000286102295,18366.859375,5.0,,,,,0.0,7.209417343139648,0.0,,,,,,,,,,,,""
9164745474,"May 29, 2023, 5:02:17 PM",Evening Run,Run,,2941,10.65,162.0,39,false,,,activities/9833188150.fit.gz,,,2941.0,2940.0,10657.080078125,4.991666316986084,3.624856948852539,168.15988159179688,297.0,895.2000122070312,948.5999755859375,18.036788940429688,0.0,,,87.0,83.73876953125,,147.88839721679688,,,684.0,,,39.0,,,,,,,,,,,,,0.0,,1.0,11018.599609375,1685379584.0,3.0,17.8700008392334,17.610000610351562,12.359999656677246,0.699999988079071,1014.3900146484375,0.75,2.4800000190734863,248.0,0.0,1685331456.0,1685386880.0,0.375,,11506550.0,0.46000000834465027,5.0,0.7300000190734863,26190.560546875,1.0,,,,,0.0,3.623624563217163,382.8999938964844,,,,8188.0,,,,,,,,""
9170936387,"May 30, 2023, 5:23:28 PM",Evening Swim,Swim,,2530,"1,500",132.0,8,false,,,activities/9839729037.fit.gz,,,2530.0,2222.0,1500.0,0.7160000205039978,0.6750674843788147,0.0,,,,0.0,0.0,,,,0.0,,107.70249938964844,,,,,,8.0,,,,,,,,,,,,,0.0,,1.0,,,,,,,,,,,,,,,,,,,,,,,,,,,0.0,0.5928853750228882,0.0,,,,,,,,,,,,""
9177295075,"May 31, 2023, 4:38:32 PM",Evening Ride,Ride,,4677,27.66,178.0,66,false,,Ridley,activities/9846417829.fit.gz,,8.100000381469727,4677.0,4314.0,27663.451171875,15.809961318969727,6.412482738494873,706.0807495117188,798.0,420.20001220703125,1013.2000122070312,15.468277931213379,0.002891902346163988,,,,,,142.85763549804688,,158.2915802001953,813.0,,,66.0,,,,,,,,,,,,,0.0,,1.0,,1685548800.0,3.0,21.290000915527344,20.969999313354492,12.180000305175781,0.5600000023841858,1017.4600219726562,0.4300000071525574,3.8499999046325684,281.0,0.0,1685504128.0,1685559680.0,0.375,9789874.0,,0.5,5.0,0.7400000095367432,24409.599609375,2.0,,,,,0.0,5.914785385131836,0.0,,,,,,,,,,,,""
9187515560,"Jun 2, 2023, 7:04:52 AM",Morning Ride,Ride,,15809,101.97,200.0,226,false,,Ridley,activities/9857183570.fit.gz,,8.100000381469727,15809.0,14606.0,101977.0390625,15.602343559265137,6.98185920715332,2105.56396484375,2578.0,289.5,1318.199951171875,46.25,0.001176735502667725,,,,,,143.47988891601562,,158.31114196777344,2661.0,,,226.0,,,,,,,,,,,,,0.0,,1.0,,1685689216.0,1.0,19.190000534057617,19.030000686645508,13.020000457763672,0.6700000166893005,1014.22998046875,0.5299999713897705,2.1500000953674316,107.0,0.0,1685676800.0,1685732608.0,0.375,9789874.0,,0.4699999988079071,5.0,0.23999999463558197,23727.419921875,2.0,,,,,0.0,6.450568675994873,0.0,,,,,,,,,,,,""
9208921377,"Jun 5, 2023, 5:35:49 PM",Zwift - Workout of the Week | Aerobic Conditioning Lite in Yorkshire,Virtual Ride,,3007,22.78,154.0,24,false,,Ridley,activities/9879901313.fit.gz,,8.100000381469727,3007.0,3007.0,22787.53125,18.201953887939453,7.578161239624023,421.0,0.0,97.0,182.60000610351562,19.221817016601562,-0.03686227276921272,,,,0.0,,134.8768310546875,,181.85452270507812,522.0,,,24.0,,,,,,,,,194.0,3008.0,,,0.0,,1.0,,,,,,,,,,,,,,,,9789874.0,,,,,,,,,,,0.0,7.578161239624023,0.0,,,,,,,,,,,,media/4b45c802-5553-448d-8b41-4e01ca17046d.jpg
9215643384,"Jun 6, 2023, 4:30:01 PM",Evening Ride,Ride,,5234,35.53,176.0,77,false,,Ridley,activities/9886947424.fit.gz,,8.100000381469727,5234.0,5179.0,35531.4375,16.15234375,6.860675811767578,933.9061889648438,981.0,414.5,1013.2000122070312,21.130218505859375,0.007880344986915588,,,,,,141.77891540527344,,177.23590087890625,993.0,,,77.0,,,,,,,,,,,,,0.0,,1.0,,1686067200.0,3.0,20.8700008392334,21.040000915527344,14.90999984741211,0.6899999976158142,1014.7000122070312,1.059999942779541,3.509999990463257,203.0,0.4000000059604645,1686022272.0,1686078464.0,0.625,9789874.0,,0.5099999904632568,5.0,0.6600000262260437,17549.720703125,2.0,,,,,0.0,6.7885823249816895,0.0,,,,,,,,,,,,""
9221949561,"Jun 7, 2023, 5:42:30 PM",Evening Run,Run,,3144,8.49,170.0,32,false,,,activities/9893573254.fit.gz,,,3144.0,2401.0,8495.8203125,4.748604774475098,3.5384509563446045,21.020475387573242,142.0,272.6000061035156,281.29998779296875,6.314167022705078,0.0,,,88.0,82.40242004394531,,146.40989685058594,,,563.0,,,32.0,,,,,,,,,,,,,0.0,,1.0,8525.5,1686157184.0,2.0,23.139999389648438,23.469999313354492,15.510000228881836,0.6200000047683716,1014.8300170898438,0.47999998927116394,3.3299999237060547,294.0,0.30000001192092896,1686108800.0,1686164864.0,0.625,,11506550.0,0.6100000143051147,5.0,0.46000000834465027,23914.689453125,1.0,,,,,0.0,2.702233076095581,5940.2001953125,,,,6624.0,,,,,,,,""
9234290200,"Jun 9, 2023, 4:23:39 PM",Cronoscalata Zogno-Miragolo + Sambusita-Salmezza,Ride,"",7615,38.40,,,false,,Ridley,activities/9906557927.fit.gz,,8.100000381469727,7615.0,5991.0,38400.6328125,15.983983993530273,6.409719944000244,986.8624877929688,1104.0,326.70001220703125,1089.0,32.71565628051758,0.004687422886490822,,,,,,,,164.05950927734375,1718.0,,,,,,,,,,,,,,0.0,,0.0,,1.0,,1686326400.0,3.0,21.3700008392334,21.450000762939453,14.380000114440918,0.6399999856948853,1011.3900146484375,1.3899999856948853,3.240000009536743,219.0,0.0,1686281472.0,1686337792.0,0.75,9789874.0,,0.41999998688697815,5.0,0.8999999761581421,24986.359375,2.0,,,,,0.0,5.04276180267334,125.4000015258789,,,,,,,,,,,,""
9244292457,"Jun 11, 2023, 5:02:26 AM",Berghem Mola Mia - Percorso medio ,Ride,Prima parte fino a Lovere. Attività stoppata in automatico dal Garmin causa sosta troppo lunga al ristoro ,12994,86.36,,,false,,Ridley,activities/9917167214.fit.gz,,8.100000381469727,12994.0,11214.0,86367.8203125,18.126562118530273,7.701785087585449,1665.0550537109375,1959.0,182.3000030517578,1262.300048828125,45.07083511352539,-0.23480968177318573,,,,,,,,183.82139587402344,3577.0,,,,,,,,,,,,,,0.0,,0.0,,1.0,,1686459648.0,1.0,15.020000457763672,14.800000190734863,12.430000305175781,0.8500000238418579,1013.010009765625,1.4500000476837158,3.299999952316284,16.0,0.0,1686454272.0,1686510592.0,0.875,9789874.0,,0.6200000047683716,5.0,0.11999999731779099,14732.6201171875,0.0,,,,,0.0,6.6467461585998535,0.0,,,,,,,,,,,,""
9244301903,"Jun 11, 2023, 9:11:58 AM",Berghem Mola Mia - percorso medio ,Ride,Seconda parte ,4688,30.05,,,false,,Ridley,activities/9917177598.fit.gz,,8.100000381469727,4688.0,4282.0,30052.150390625,17.767969131469727,7.018250942230225,522.718505859375,435.0,189.8000030517578,653.0999755859375,13.00534725189209,0.6605184674263,,,,,,,,162.72695922851562,1223.0,,,,,,,,,,,,,,0.0,,0.0,,1.0,,1686473984.0,1.0,23.170000076293945,23.420000076293945,15.170000076293945,0.6100000143051147,1013.0599975585938,1.4700000286102295,4.46999979019165,199.0,0.30000001192092896,1686454144.0,1686510592.0,0.875,9789874.0,,0.6100000143051147,5.0,0.25999999046325684,23364.080078125,6.0,,,,,0.0,6.4104413986206055,121.9000015258789,,,,,,,,,,,,""
9259054998,"Jun 13, 2023, 4:56:01 PM",Evening Run,Run,Acqua presa anche oggi,2779,10.07,156.0,24,false,,,activities/9932775642.fit.gz,,,2779.0,2779.0,10074.3701171875,5.738000392913818,3.625178098678589,153.52618408203125,315.0,895.2999877929688,948.5999755859375,13.176637649536133,-0.004963089246302843,,,86.0,83.1537094116211,,143.27960205078125,,,638.0,,,24.0,,,,,,,,,,,0.0,,0.0,,1.0,10352.7998046875,1686672000.0,3.0,19.889999389648438,20.139999389648438,15.329999923706055,0.75,1009.8599853515625,0.9700000286102295,2.7799999713897705,147.0,0.30000001192092896,1686627072.0,1686683520.0,0.875,,13822573.0,0.8899999856948853,5.0,0.9300000071525574,12373.919921875,2.0,,,,,0.0,3.625178098678589,393.6000061035156,,,,7696.0,,,,,,,,""
9265533261,"Jun 14, 2023, 4:18:38 PM",🌧️🌧️🤷‍♂️,Ride,Non può piovere sempre ,5129,34.50,181.0,87,false,,Ridley,activities/9939602283.fit.gz,,8.100000381469727,5129.0,4986.0,34499.28125,16.74200439453125,6.919229507446289,900.796142578125,1075.0,326.70001220703125,1013.2000122070312,48.977725982666016,0.0017391667934134603,,,,,,147.27374267578125,,183.49168395996094,1034.0,,,87.0,,,,,,,,,,,0.0,,0.0,,1.0,,1686758400.0,3.0,21.639999389648438,21.780000686645508,14.739999771118164,0.6499999761581421,1011.1599731445312,0.75,3.5199999809265137,216.0,0.5,1686713472.0,1686769920.0,0.875,9789874.0,,0.7300000190734863,5.0,0.7400000095367432,19199.939453125,2.0,,,,,0.0,6.726316928863525,59.79999923706055,,,,,,,,,,,,""
9271883582,"Jun 15, 2023, 5:02:15 PM",Evening Swim,Swim,,3308,"1,500",136.0,9,false,,,activities/9946290429.fit.gz,,,3308.0,2210.0,1500.0,1.3899999856948853,0.6787330508232117,0.0,,,,0.0,0.0,,,,0.0,,101.28562927246094,,,,,,9.0,,,,,,,,,,,,,0.0,,1.0,,,,,,,,,,,,,,,,,,,,,,,,,,,0.0,0.4534461796283722,0.0,,,,,,,,,,,,""
9277684046,"Jun 16, 2023, 4:45:52 PM",Evening Run,Run,"",2798,10.04,178.0,64,false,,,activities/9952415280.fit.gz,,,2798.0,2798.0,10039.390625,5.162011623382568,3.588059425354004,214.0319061279297,409.0,890.5999755859375,1007.5999755859375,16.4935359954834,-0.004980382043868303,,,87.0,83.5191421508789,,156.4608154296875,,,689.0,,,64.0,,,,,,,,,,,0.0,,0.0,,1.0,10571.2001953125,1686931200.0,1.0,24.520000457763672,24.690000534057617,14.739999771118164,0.5400000214576721,1013.1099853515625,1.2799999713897705,4.320000171661377,190.0,0.0,1686886272.0,1686942720.0,0.0,,13822573.0,0.27000001072883606,5.0,0.15000000596046448,27512.6796875,2.0,,,,,0.0,3.588059425354004,401.5,,,,7806.0,,,,,,,,""
9290877909,"Jun 18, 2023, 1:44:02 PM",Afternoon Ride,Ride,,10487,66.62,175.0,174,false,,Ridley,activities/9966450332.fit.gz,,8.100000381469727,10487.0,10119.0,66619.859375,15.864062309265137,6.583641052246094,1605.603759765625,1899.0,292.20001220703125,1013.2000122070312,48.81083679199219,0.00030021078418940306,,,,,,147.8933868408203,,173.45555114746094,2038.0,,,174.0,,,,,,,,,,,,,0.0,,1.0,,1687093248.0,2.0,26.59000015258789,26.780000686645508,14.779999732971191,0.47999998927116394,1015.5499877929688,2.2699999809265137,5.289999961853027,209.0,0.0,1687059072.0,1687115648.0,0.0,9789874.0,,0.0,1.0,0.6200000047683716,22997.4296875,5.0,,,,,0.0,6.352613925933838,0.0,,,,,,,,,,,,""
9302991327,"Jun 20, 2023, 5:29:23 PM",Evening Run,Run,"",2763,10.37,164.0,44,false,,,activities/9979444463.fit.gz,,,2763.0,2763.0,10375.7197265625,5.89794921875,3.755236864089966,159.7290802001953,313.0,895.2000122070312,948.5999755859375,17.136810302734375,-0.005782731343060732,,,88.0,84.8091049194336,,149.1537322998047,,,645.0,,,44.0,,,,,,,,,,,0.0,,0.0,,1.0,10698.400390625,1687280384.0,3.0,26.799999237060547,27.549999237060547,16.829999923706055,0.5400000214576721,1016.4099731445312,1.3200000524520874,3.7200000286102295,221.0,0.0,1687231872.0,1687288448.0,0.125,,13822573.0,0.3400000035762787,5.0,0.7400000095367432,26853.529296875,1.0,,,,,0.0,3.755236864089966,393.8999938964844,,,,7820.0,,,,,,,,""
9309254226,"Jun 21, 2023, 4:15:38 PM",Evening Ride,Ride,,7689,50.11,177.0,132,false,,Ridley,activities/9986076555.fit.gz,,8.100000381469727,7689.0,7445.0,50109.28125,17.33984375,6.730595111846924,1218.933349609375,1299.0,316.3999938964844,948.9000244140625,49.534339904785156,0.002594329882413149,,,,,,149.4886932373047,,170.94834899902344,1511.0,,,132.0,,,,,,,,,,,,,0.0,,1.0,,1687363200.0,3.0,28.399999618530273,29.290000915527344,17.1200008392334,0.5,1017.510009765625,1.4800000190734863,3.5999999046325684,211.0,0.0,1687318272.0,1687374848.0,0.125,9789874.0,,0.5199999809265137,5.0,0.699999988079071,25245.41015625,2.0,,,,,0.0,6.5170087814331055,0.0,,,,,,,,,,,,""
9321031963,"Jun 23, 2023, 4:26:20 PM",Cronoscalata Gazzaniga-Ganda ,Ride,"",6462,34.68,,,false,,Ridley,activities/9998491853.fit.gz,,8.100000381469727,6462.0,5098.0,34681.16015625,16.899999618530273,6.8028950691223145,798.7186279296875,906.0,316.3999938964844,1047.5,40.164939880371094,-0.005478478968143463,,,,,,,,165.85971069335938,1539.0,,,,,,,,,,,,,,0.0,,0.0,,1.0,,1687536000.0,1.0,28.399999618530273,28.950000762939453,16.020000457763672,0.4699999988079071,1014.739990234375,1.0,3.640000104904175,177.0,0.0,1687491072.0,1687547648.0,0.125,9789874.0,,0.4099999964237213,5.0,0.2199999988079071,28971.810546875,2.0,,,,,0.0,5.366939067840576,0.0,,,,,,,,,,,,""
9333838488,"Jun 25, 2023, 2:40:12 PM",Afternoon Ride,Ride,,11953,83.83,172.0,160,false,,Ridley,activities/10012074355.fit.gz,,8.100000381469727,11953.0,11627.0,83831.53125,18.160003662109375,7.210073947906494,1569.341064453125,1897.0,251.8000030517578,991.4000244140625,31.20661163330078,-0.0008350079879164696,,,,,,143.14024353027344,,167.08372497558594,2279.0,,,160.0,,,,,,,,,,,,,0.0,,1.0,,1687701632.0,1.0,27.1299991607666,27.540000915527344,15.59000015258789,0.49000000953674316,1016.4199829101562,1.840000033378601,4.849999904632568,196.0,0.0,1687663872.0,1687720448.0,0.125,9789874.0,,0.0,1.0,0.3400000035762787,28564.94921875,5.0,,,,,0.0,7.013430118560791,26.100000381469727,,,,,,,,,,,,""
9339968886,"Jun 26, 2023, 5:04:02 PM",Evening Swim,Swim,,3793,"2,000",123.0,10,false,,,activities/10018571824.fit.gz,,,3793.0,3261.0,2000.0,0.7360000014305115,0.6133087873458862,0.0,,,,0.0,0.0,,,,0.0,,101.162841796875,,,,,,10.0,,,,,,,,,,,,,0.0,,1.0,,,,,,,,,,,,,,,,,,,,,,,,,,,0.0,0.5272871255874634,0.0,,,,,,,,,,,,""
9353268901,"Jun 28, 2023, 6:38:06 PM",Evening Run,Run,,5186,10.60,176.0,48,false,,,activities/10032547815.fit.gz,,,5186.0,3083.0,10606.83984375,5.735937595367432,3.4404282569885254,45.98749923706055,196.0,230.39999389648438,249.89999389648438,9.467236518859863,-0.003771151416003704,,,91.0,83.37577056884766,,148.87086486816406,,,712.0,,,48.0,,,,,,,,,,,,,0.0,,1.0,10651.7998046875,1687975168.0,2.0,23.940000534057617,24.209999084472656,15.25,0.5799999833106995,1014.6099853515625,2.3499999046325684,6.599999904632568,114.0,0.0,1687923200.0,1687979648.0,0.375,,13822573.0,0.3799999952316284,5.0,0.38999998569488525,27745.779296875,0.0,,,,,0.0,2.045283555984497,1763.5,,,,8568.0,,,,,,,,""
9358734980,"Jun 29, 2023, 5:20:09 PM",Evening Ride,Ride,,3869,26.39,173.0,65,false,,Ridley,activities/10038324846.fit.gz,,8.100000381469727,3869.0,3850.0,26398.01953125,16.393993377685547,6.85662841796875,665.1251220703125,752.0,308.29998779296875,948.9000244140625,42.80419158935547,0.0037881629541516304,,,,,,148.33714294433594,,174.44894409179688,835.0,,,65.0,,,,,,,,,,,,,0.0,,1.0,,1688057984.0,3.0,23.940000534057617,24.059999465942383,14.5600004196167,0.5600000023841858,1014.7999877929688,1.2000000476837158,2.9100000858306885,228.0,0.0,1688009600.0,1688066048.0,0.375,9789874.0,,0.0,1.0,0.8999999761581421,27868.619140625,1.0,,,,,0.0,6.822956562042236,0.0,,,,,,,,,,,,""
9376557752,"Jul 2, 2023, 4:15:27 PM",Evening Ride,Ride,,7127,51.15,,,false,,Ridley,activities/10057690797.fit.gz,,8.100000381469727,7127.0,7127.0,51153.62890625,17.467967987060547,7.1774420738220215,1184.0987548828125,1345.0,326.70001220703125,1054.9000244140625,18.17990493774414,-0.00019548954151105136,,,,,,,,184.47044372558594,2257.0,,,,,,,,,,,,,,,,0.0,,1.0,,1688313600.0,1.0,22.889999389648438,23.34000015258789,16.040000915527344,0.6499999761581421,1009.9299926757812,1.3799999952316284,3.200000047683716,223.0,0.20000000298023224,1688268928.0,1688325248.0,0.375,9789874.0,,0.44999998807907104,5.0,0.23000000417232513,14976.1298828125,2.0,,,,,0.0,7.1774420738220215,0.0,,,,,,,,,,,,""
9382216143,"Jul 3, 2023, 5:25:50 PM",Evening Run,Run,,2804,10.04,175.0,68,false,,,activities/10063677976.fit.gz,,,2804.0,2804.0,10047.33984375,5.235709190368652,3.583216667175293,149.1747589111328,273.0,895.2000122070312,948.5999755859375,16.171112060546875,-0.010948171839118004,,,87.0,83.85882568359375,,158.68557739257812,,,700.0,,,68.0,,,,,,,,,,,,,0.0,,1.0,10338.7998046875,1688403584.0,3.0,19.979999542236328,20.40999984741211,16.139999389648438,0.7900000214576721,1012.3300170898438,0.5600000023841858,2.259999990463257,224.0,0.0,1688355328.0,1688411648.0,0.5,,13822573.0,0.5400000214576721,5.0,0.6899999976158142,25843.69921875,1.0,,,,,0.0,3.583216667175293,396.8999938964844,,,,7828.0,,,,,,,,""
9388561472,"Jul 4, 2023, 5:22:24 PM",Evening Swim,Swim,"",2887,"1,975",141.0,11,false,,,activities/10070340366.fit.gz,,,2887.0,2529.0,1975.0,2.5,0.7809410691261292,0.0,,,,0.0,0.0,,,,0.0,,110.91120147705078,,,,,,11.0,,,,,,,,,,,0.0,,0.0,,1.0,,,,,,,,,,,,,,,,,,,,,,,,,,,0.0,0.6841011643409729,0.0,,,,,,,,,,,,""
9401270920,"Jul 6, 2023, 4:26:23 PM",Evening Ride,Ride,,7797,50.09,178.0,150,false,,Ridley,activities/10083717819.fit.gz,,8.100000381469727,7797.0,7515.0,50092.28125,16.7760009765625,6.665639400482178,1275.880859375,1398.0,296.3999938964844,948.9000244140625,34.1184196472168,0.00199631555005908,,,,,,152.28965759277344,,171.8249053955078,1597.0,,,150.0,,,,,,,,,,,,,0.0,,1.0,,1688659200.0,2.0,21.760000228881836,22.1299991607666,15.729999542236328,0.6899999976158142,1017.0,1.0099999904632568,2.5199999809265137,219.0,0.30000001192092896,1688614656.0,1688670720.0,0.625,9789874.0,,0.7099999785423279,5.0,0.5600000023841858,24510.6796875,2.0,,,,,0.0,6.424558162689209,0.0,,,,,,,,,,,,""
9407309681,"Jul 7, 2023, 4:57:43 PM",Cronoscalata Rigosa - Salmezza ,Ride,"",4758,20.31,107.0,8,false,,Ridley,activities/10090081657.fit.gz,,8.100000381469727,4758.0,3329.0,20315.041015625,15.811914443969727,6.102445125579834,609.8200073242188,663.0,539.5999755859375,1089.0,22.6690616607666,-0.046763382852077484,,,,,,105.78436279296875,,169.37911987304688,948.0,,,8.0,,,,,,,,,,,0.0,,0.0,,1.0,,1688745600.0,1.0,26.549999237060547,27.040000915527344,15.930000305175781,0.5199999809265137,1020.7899780273438,1.350000023841858,3.7899999618530273,185.0,0.0,1688701056.0,1688757120.0,0.625,9789874.0,,0.0,1.0,0.20000000298023224,28438.009765625,2.0,,,,,0.0,4.269659519195557,0.0,,,,,,,,,,,,""
9425850022,"Jul 10, 2023, 4:32:48 PM",Evening Ride,Ride,,5881,38.32,175.0,114,false,,Ridley,activities/10109766590.fit.gz,,8.100000381469727,5881.0,5762.0,38320.8984375,17.398046493530273,6.650624752044678,1003.0028076171875,1170.0,319.20001220703125,939.7000122070312,26.561973571777344,0.0036533589009195566,,,,,,150.01075744628906,,182.38893127441406,1267.0,,,114.0,,,,,,,,,,,,,0.0,,1.0,,1689004800.0,1.0,29.079999923706055,30.530000686645508,18.649999618530273,0.5299999713897705,1018.6900024414062,1.4900000095367432,3.8399999141693115,205.0,0.0,1688960512.0,1689016320.0,0.875,9789874.0,,0.33000001311302185,1.0,0.10999999940395355,26971.98046875,2.0,,,,,0.0,6.516051769256592,0.0,,,,,,,,,,,,""
9438847519,"Jul 12, 2023, 4:46:01 PM",Evening Ride,Ride,,4544,34.35,175.0,88,false,,Ridley,activities/10123426140.fit.gz,,8.100000381469727,4544.0,4544.0,34350.41015625,16.5400390625,7.55950927734375,773.7615356445312,897.0,326.70001220703125,1013.2000122070312,16.789087295532227,-0.0002911173505708575,,,,,,150.42526245117188,,196.37571716308594,1016.0,,,88.0,,,,,,,,,,,,,0.0,,1.0,,1689177600.0,2.0,25.760000228881836,27.139999389648438,18.93000030517578,0.6600000262260437,1015.0900268554688,1.75,4.909999847412109,354.0,1.899999976158142,1689133312.0,1689188992.0,0.875,9789874.0,,0.8700000047683716,5.0,0.550000011920929,20268.029296875,2.0,,,,,0.0,7.55950927734375,0.0,,,,,,,,,,,,""
9445335816,"Jul 13, 2023, 5:15:03 PM",Evening Run,Run,,3424,10.75,171.0,58,false,,,activities/10130239154.fit.gz,,,3424.0,3002.0,10753.330078125,4.914998531341553,3.5820553302764893,179.43536376953125,435.0,895.2000122070312,948.5999755859375,30.35873031616211,-0.0009299445082433522,,,88.0,84.02442932128906,,152.299560546875,,,706.0,,,58.0,,,,,,,,,,,,,0.0,,1.0,11156.7001953125,1689267584.0,1.0,21.670000076293945,22.110000610351562,16.079999923706055,0.7099999785423279,1014.3099975585938,1.2599999904632568,2.8299999237060547,204.0,0.0,1689219840.0,1689275392.0,0.875,,13822573.0,0.8600000143051147,5.0,0.1599999964237213,26806.5703125,1.0,,,,,0.0,3.140575408935547,394.1000061035156,,,,8406.0,,,,,,,,""
9464896583,"Jul 16, 2023, 3:03:47 PM",Afternoon Ride,Ride,,12065,77.22,172.0,165,false,,Ridley,activities/10150960021.fit.gz,,8.100000381469727,12065.0,10465.0,77225.0234375,17.064062118530273,7.379362106323242,1231.2955322265625,1476.0,251.8000030517578,948.9000244140625,20.1502685546875,0.0023308508098125458,,,,,,146.9574432373047,,166.32232666015625,2164.0,,,165.0,,,,,,,,,,,,,0.0,,1.0,,1689519616.0,1.0,29.889999389648438,31.239999771118164,18.260000228881836,0.5,1015.760009765625,1.6699999570846558,4.480000019073486,195.0,0.0,1689479168.0,1689534464.0,0.0,9789874.0,,0.25,1.0,0.17000000178813934,28134.01953125,4.0,,,,,0.0,6.400747776031494,0.0,,,,,,,,,,,,""
9469501741,"Jul 17, 2023, 4:56:28 PM",Evening Swim,Swim,,3460,"1,900",138.0,10,false,,,activities/10155817931.fit.gz,,,3460.0,3032.0,1900.0,0.7160000205039978,0.6266490817070007,0.0,,,,0.0,0.0,,,,0.0,,105.60706329345703,,,,,,10.0,,,,,,,,,,,,,0.0,,1.0,,,,,,,,,,,,,,,,,,,,,,,,,,,0.0,0.5491329431533813,0.0,,,,,,,,,,,,""
9476436896,"Jul 18, 2023, 4:33:04 PM",Evening Ride,Ride,,7250,51.52,173.0,131,false,,Ridley,activities/10163096727.fit.gz,,8.100000381469727,7250.0,6972.0,51520.51953125,17.51171875,7.3896331787109375,1191.467041015625,1369.0,776.7999877929688,1244.4000244140625,15.384614944458008,-0.001164584537036717,,,,,,150.8181915283203,,186.531982421875,1436.0,,,131.0,,,,,,,,,,,,,0.0,,1.0,,1689696000.0,1.0,30.510000228881836,33.459999084472656,21.809999465942383,0.6000000238418579,1015.510009765625,1.2100000381469727,3.0399999618530273,194.0,0.0,1689652096.0,1689707136.0,0.0,9789874.0,,0.5299999713897705,1.0,0.3700000047683716,27085.25,2.0,,,,,0.0,7.106278896331787,0.0,,,,,,,,,,,,""
9495498116,"Jul 21, 2023, 5:08:13 PM",Evening Ride,Ride,,2220,13.40,180.0,12,false,,Ridley,activities/10183222159.fit.gz,,8.100000381469727,2220.0,1845.0,13404.7802734375,13.382031440734863,7.265463352203369,284.0752258300781,306.0,673.2999877929688,942.0,19.370466232299805,0.013428046368062496,,,,,,120.47262573242188,,162.45498657226562,286.0,,,12.0,,,,,,,,,,,,,0.0,,1.0,,1689958784.0,2.0,19.93000030517578,20.420000076293945,16.43000030517578,0.800000011920929,1009.219970703125,0.9399999976158142,3.1600000858306885,248.0,0.0,1689911552.0,1689966208.0,0.125,9789874.0,,0.6499999761581421,5.0,0.44999998807907104,21857.359375,1.0,,,,,0.0,6.038188934326172,0.0,,,,,,,,,,,,""
9495498431,"Jul 21, 2023, 5:46:30 PM",Evening Swim,Swim,,382,250,187.0,25,false,,,activities/10183222526.fit.gz,,,382.0,374.0,250.0,0.8640000224113464,0.6684492230415344,0.0,0.0,0.0,0.0,0.0,0.0,,,,33.0,,179.14170837402344,,,50.0,,,25.0,,,,,,,,,,,,,0.0,,1.0,,,,,,,,,,,,,,,,,,,,,,,,,,,0.0,0.6544502377510071,0.0,,,,,,,,,,,,""
9495499323,"Jul 21, 2023, 5:54:05 PM",Evening Run,Run,,730,3.01,208.0,54,false,,,activities/10183223435.fit.gz,,,730.0,730.0,3011.960205078125,5.17626953125,4.125972747802734,50.856666564941406,77.0,900.5,942.0,14.980562210083008,0.0730421394109726,,,89.0,86.84224700927734,,197.91506958007812,,,232.0,,,54.0,,,,,,,,,,,,,0.0,,1.0,3193.10009765625,1689958784.0,2.0,21.8799991607666,22.6200008392334,17.280000686645508,0.75,1009.4099731445312,0.8399999737739563,3.240000009536743,268.0,0.0,1689911424.0,1689966208.0,0.125,,13822573.0,0.6899999976158142,5.0,0.4399999976158142,21874.83984375,1.0,,,,,0.0,4.125972747802734,0.0,,,,2110.0,,,,,,,,""
9520177497,"Jul 25, 2023, 4:21:42 PM",Evening Run,Run,,2906,10.43,165.0,48,false,,,activities/10209358909.fit.gz,,,2906.0,2906.0,10430.5498046875,4.746663570404053,3.589315176010132,149.24179077148438,368.0,891.7999877929688,948.5999755859375,11.159622192382812,-0.0019174444023519754,,,89.0,83.73666381835938,,150.64337158203125,,,675.0,,,48.0,,,,,,,,,,,,,0.0,,1.0,10688.0,1690300800.0,3.0,24.959999084472656,25.700000762939453,16.979999542236328,0.6100000143051147,1000.8900146484375,1.309999942779541,3.9600000381469727,250.0,0.0,1690257280.0,1690311552.0,0.25,,13822573.0,0.8299999833106995,5.0,0.7300000190734863,24903.7109375,2.0,,,,,0.0,3.589315176010132,783.5,,,,8110.0,,,,,,,,""
9527253576,"Jul 26, 2023, 4:25:36 PM",Evening Ride,Ride,,6461,37.04,177.0,85,false,,Ridley,activities/10216807423.fit.gz,,8.100000381469727,6461.0,5897.0,37043.4375,16.299999237060547,6.281743049621582,890.3591918945312,985.0,316.5,1048.5,20.20086097717285,0.01700706034898758,,,,,,141.0410919189453,,159.30816650390625,1113.0,,,85.0,,,,,,,,,,,,,0.0,,1.0,,1690387200.0,1.0,24.079999923706055,23.459999084472656,10.699999809265137,0.4300000071525574,1009.7899780273438,1.7100000381469727,6.019999980926514,230.0,0.0,1690343808.0,1690397824.0,0.375,9789874.0,,0.3700000047683716,5.0,0.009999999776482582,30737.01953125,2.0,,,,,0.0,5.733390808105469,0.0,,,,,,,,,,,,""
9538933302,"Jul 28, 2023, 4:57:59 PM",Cronoscalata Costa Serina - Aviatico ,Ride,"",5112,28.00,114.0,10,false,,Ridley,activities/10229117184.fit.gz,,8.100000381469727,5112.0,3938.0,28002.41015625,17.612110137939453,7.110820293426514,688.283203125,738.0,427.5,1014.9000244140625,20.100107192993164,-0.022140951827168465,,,,,,105.6493148803711,,175.00230407714844,1235.0,,,10.0,,,,,,,,,,,0.0,,0.0,,1.0,,1690560000.0,3.0,24.709999084472656,25.209999084472656,16.100000381469727,0.5899999737739563,1012.510009765625,1.9600000381469727,4.679999828338623,228.0,0.0,1690516736.0,1690570496.0,0.375,9789874.0,,0.0,1.0,0.7099999785423279,28711.16015625,2.0,,,,,0.0,5.477779865264893,0.0,,,,,,,,,,,,""
9557462927,"Jul 31, 2023, 4:19:39 PM",Evening Ride,Ride,,7422,51.02,177.0,150,false,,Ridley,activities/10248705131.fit.gz,,8.100000381469727,7422.0,7188.0,51026.171875,17.66015625,7.098799705505371,1098.8626708984375,1170.0,316.5,949.7999877929688,35.96028137207031,0.0019597786013036966,,,,,,151.90513610839844,,171.3611297607422,1561.0,,,150.0,,,,,,,,,,,,,0.0,,1.0,,1690819200.0,3.0,22.520000457763672,23.139999389648438,16.729999542236328,0.699999988079071,1011.5800170898438,1.340000033378601,3.140000104904175,189.0,0.0,1690776192.0,1690829568.0,0.375,9789874.0,,0.25999999046325684,5.0,0.8199999928474426,28637.5,2.0,,,,,0.0,6.8749895095825195,0.0,,,,,,,,,,,,""
9570518179,"Aug 2, 2023, 5:17:18 PM",Evening Swim,Swim,,2810,"1,500",150.0,13,false,,,activities/10262597933.fit.gz,,,2810.0,2256.0,1500.0,0.6959999799728394,0.664893627166748,0.0,0.0,0.0,0.0,0.0,0.0,,,,0.0,,115.83564758300781,,,,,,13.0,,,,,,,,,,,,,0.0,,1.0,,,,,,,,,,,,,,,,,,,,,,,,,,,0.0,0.5338078141212463,0.0,,,,,,,,,,,,""
9701128062,"Aug 22, 2023, 3:26:06 PM",Afternoon Ride,Ride,"",9484,55.25,180.0,187,false,,Ridley,activities/10401050891.fit.gz,,8.100000381469727,9484.0,9297.0,55253.01953125,17.171875,5.94310188293457,1188.569580078125,1409.0,327.20001220703125,1057.699951171875,18.410295486450195,-0.005972524173557758,,,,,,151.5606689453125,,141.45223999023438,1765.0,,,187.0,,,,,,,,,,,0.0,,0.0,,1.0,,1692716416.0,2.0,31.889999389648438,34.18000030517578,20.18000030517578,0.5,1017.8699951171875,1.2300000190734863,3.640000104904175,198.0,0.0,1692678528.0,1692728320.0,0.125,9789874.0,,0.5299999713897705,1.0,0.3799999952316284,28516.0,3.0,,,,,0.0,5.825919151306152,0.0,,,,,,,,,,,,""
9744448210,"Aug 29, 2023, 5:03:17 PM",Evening Run,Run,,3087,11.04,166.0,40,false,,,activities/10446861884.fit.gz,,,3087.0,3060.0,11048.6796875,4.997998237609863,3.6106796264648438,54.614524841308594,218.0,274.20001220703125,309.79998779296875,8.142767906188965,0.000905085529666394,,,88.0,84.2867431640625,,147.63160705566406,,,711.0,,,40.0,,,,,,,,,,,,,0.0,,1.0,11092.900390625,1693328384.0,3.0,19.079999923706055,19.170000076293945,14.5,0.75,1003.1199951171875,0.9300000071525574,3.2699999809265137,125.0,0.0,1693283840.0,1693332352.0,0.375,,13822573.0,0.9300000071525574,5.0,0.8500000238418579,26705.0,0.0,,,,,0.0,3.579099416732788,9837.2001953125,,,,8574.0,,,,,,,,""
9751770961,"Aug 30, 2023, 4:29:29 PM",Evening Ride,Ride,,4868,31.00,182.0,103,false,,Ridley,activities/10454679727.fit.gz,,8.100000381469727,4868.0,4826.0,31002.939453125,15.662109375,6.424148082733154,697.881103515625,765.0,296.5,949.7999877929688,30.332992553710938,0.0006451001390814781,,,,,,154.0416717529297,,147.64208984375,1136.0,,,103.0,,,,,,,,,,,,,0.0,,1.0,,1693411200.0,2.0,20.270000457763672,20.219999313354492,13.710000038146973,0.6600000262260437,1007.25,1.1399999856948853,3.130000114440918,212.0,0.0,1693370368.0,1693418624.0,0.5,9789874.0,,0.3700000047683716,5.0,0.4000000059604645,17179.0,1.0,,,,,0.0,6.368722438812256,0.0,,,,,,,,,,,,""
9763340733,"Sep 1, 2023, 4:21:04 PM",Evening Ride,Ride,,4518,28.24,179.0,108,false,,Ridley,activities/10466931329.fit.gz,,8.100000381469727,4518.0,4248.0,28241.6796875,17.174022674560547,6.648229598999023,682.9266967773438,806.0,427.5,1014.9000244140625,18.81304931640625,0.0,,,,,,158.76788330078125,,176.3690643310547,1013.0,,,108.0,,,,,,,,,,,,,0.0,,1.0,,1693584000.0,2.0,22.670000076293945,22.950000762939453,15.319999694824219,0.6299999952316284,1018.1900024414062,1.2799999713897705,3.3399999141693115,224.0,0.0,1693543296.0,1693591168.0,0.625,9789874.0,,0.0,1.0,0.3799999952316284,28356.0,1.0,,,,,0.0,6.250925064086914,0.0,,,,,,,,,,,,""
9784696417,"Sep 4, 2023, 4:15:52 PM",Evening Ride,Ride,,4155,25.05,183.0,113,false,,Ridley,activities/10489588433.fit.gz,,8.100000381469727,4155.0,4091.0,25057.521484375,16.9599609375,6.125035762786865,708.65478515625,798.0,427.6000061035156,1091.300048828125,24.028881072998047,-0.0003990817931480706,,,,,,159.6626739501953,,166.5411834716797,978.0,,,113.0,,,,,,,,,,,,,0.0,,1.0,,1693843200.0,2.0,24.559999465942383,25.690000534057617,18.360000610351562,0.6800000071525574,1021.3499755859375,1.0099999904632568,2.5199999809265137,198.0,0.0,1693802752.0,1693849984.0,0.625,9789874.0,,0.0,1.0,0.5699999928474426,25812.0,1.0,,,,,0.0,6.030690670013428,0.0,,,,,,,,,,,,""
9789990507,"Sep 5, 2023, 5:12:38 PM",Evening Run,Run,,2913,10.13,169.0,32,false,,,activities/10495174280.fit.gz,,,2913.0,2913.0,10130.75,4.359932899475098,3.4777719974517822,149.9805908203125,286.0,895.5999755859375,948.5,11.502699851989746,0.00098709377925843,,,87.0,84.16236877441406,,145.30450439453125,,,671.0,,,32.0,,,,,,,,,,,,,0.0,,1.0,10397.2998046875,1693933184.0,1.0,18.139999389648438,17.8700008392334,12.319999694824219,0.6899999976158142,1021.1199951171875,0.5299999713897705,2.1600000858306885,66.0,0.0,1693889152.0,1693936384.0,0.75,,13822573.0,0.3700000047683716,1.0,0.15000000596046448,27603.0,0.0,,,,,0.0,3.4777719974517822,383.79998779296875,,,,8158.0,,,,,,,,""
9796746699,"Sep 6, 2023, 4:31:47 PM",Evening Ride,Ride,,4406,31.09,183.0,128,false,,Ridley,activities/10502267337.fit.gz,,8.100000381469727,4406.0,4406.0,31096.939453125,17.298046112060547,7.057862281799316,783.3779296875,888.0,427.5,1014.9000244140625,43.75330352783203,0.0,,,,,,160.98524475097656,,179.0006866455078,1084.0,,,128.0,,,,,,,,,,,,,0.0,,1.0,,1694016000.0,1.0,21.06999969482422,20.940000534057617,13.3100004196167,0.6100000143051147,1020.0700073242188,1.1699999570846558,3.049999952316284,222.0,0.0,1693975680.0,1694022656.0,0.875,9789874.0,,0.0,1.0,0.03999999910593033,29026.0,1.0,,,,,0.0,7.057862281799316,0.0,,,,,,,,,,,,""
9809808843,"Sep 8, 2023, 5:30:57 PM",Evening Run,Run,,2604,9.14,162.0,32,false,,,activities/10516009918.fit.gz,,,2604.0,2604.0,9140.6201171875,5.1856865882873535,3.510222911834717,138.81619262695312,275.0,895.5999755859375,948.5999755859375,13.527151107788086,0.001094017643481493,,,88.0,84.05839538574219,,146.7780303955078,,,593.0,,,32.0,,,,,,,,,,,,,0.0,,1.0,9401.099609375,1694192384.0,1.0,20.940000534057617,21.149999618530273,15.079999923706055,0.6899999976158142,1018.8900146484375,0.6399999856948853,1.9900000095367432,215.0,0.0,1694148608.0,1694195200.0,0.875,,13822573.0,0.3799999952316284,1.0,0.11999999731779099,28566.0,0.0,,,,,0.0,3.510222911834717,0.0,,,,7282.0,,,,,,,,""
9820765805,"Sep 10, 2023, 7:56:41 AM",Morning Ride,Ride,,11399,80.59,180.0,294,false,,Ridley,activities/10527555278.fit.gz,,8.100000381469727,11399.0,10970.0,80596.2890625,16.81201171875,7.346972942352295,1486.9139404296875,1923.0,291.79998779296875,939.5999755859375,44.039669036865234,-0.00024815037613734603,,,,,,160.13876342773438,,156.60214233398438,2530.0,,,294.0,,,,,,,,,,,,,0.0,,1.0,,1694329216.0,1.0,18.959999084472656,19.170000076293945,15.119999885559082,0.7799999713897705,1019.5800170898438,0.7599999904632568,2.2100000381469727,21.0,0.0,1694321536.0,1694367744.0,0.875,9789874.0,,0.4300000071525574,1.0,0.029999999329447746,20174.0,1.0,,,,,0.0,7.070470333099365,0.0,,,,,,,,,,,,""
9829208167,"Sep 11, 2023, 4:21:55 PM",Evening Ride,Ride,,3958,26.05,178.0,91,false,,Ridley,activities/10536502560.fit.gz,,8.100000381469727,3958.0,3884.0,26052.310546875,15.873998641967773,6.707597732543945,654.4418334960938,810.0,427.5,1014.9000244140625,30.110654830932617,0.0007676862296648324,,,,,,155.6229705810547,,171.48165893554688,908.0,,,91.0,,,,,,,,,,,,,0.0,,1.0,,1694448000.0,1.0,23.450000762939453,24.040000915527344,16.540000915527344,0.6499999761581421,1014.1199951171875,1.2200000286102295,3.0399999618530273,210.0,0.0,1694408064.0,1694454016.0,0.875,9789874.0,,0.0,1.0,0.23999999463558197,28517.0,1.0,,,,,0.0,6.58219051361084,65.0,,,,,,,,,,,,""
9836196674,"Sep 12, 2023, 5:13:41 PM",Evening Run,Run,,2653,9.30,154.0,19,false,,,activities/10543834756.fit.gz,,,2653.0,2653.0,9300.8701171875,5.594970703125,3.505793333053589,131.77749633789062,250.0,895.5999755859375,948.5999755859375,13.92755126953125,0.0,,,87.0,83.1109848022461,,142.057373046875,,,582.0,,,19.0,,,,,,,,,,,,,0.0,,1.0,9532.400390625,1694537984.0,3.0,21.110000610351562,21.489999771118164,15.869999885559082,0.7200000286102295,1014.3200073242188,0.8399999737739563,2.380000114440918,219.0,0.0,1694494464.0,1694540288.0,0.875,,13822573.0,0.0,1.0,0.6700000166893005,28711.0,0.0,,,,,0.0,3.505793333053589,399.5,,,,7352.0,,,,,,,,""
9855343985,"Sep 15, 2023, 4:30:05 PM",Evening Ride,Ride,,3859,23.49,177.0,77,false,,Ridley,activities/10563878654.fit.gz,,8.100000381469727,3859.0,3676.0,23492.37109375,15.389989852905273,6.390742778778076,634.9747314453125,686.0,323.8999938964844,949.7999877929688,41.8325080871582,0.0046823713928461075,,,,,,149.0171356201172,,164.5736083984375,808.0,,,77.0,,,,,,,,,,,,,0.0,,1.0,,1694793600.0,2.0,18.420000076293945,18.469999313354492,14.270000457763672,0.7699999809265137,1018.0999755859375,0.6700000166893005,2.4000000953674316,84.0,0.0,1694753920.0,1694799232.0,0.0,9789874.0,,0.6600000262260437,5.0,0.41999998688697815,24693.0,1.0,,,,,0.0,6.08768367767334,27.899999618530273,,,,,,,,,,,,""
9859828835,"Sep 16, 2023, 7:45:30 AM",Morning Ride,Ride,,12130,77.50,175.0,203,false,,Ridley,activities/10568595531.fit.gz,,8.100000381469727,12130.0,11515.0,77508.1328125,15.534375190734863,6.731057643890381,1500.9212646484375,1730.0,316.5,949.7999877929688,26.640851974487305,-0.006192898843437433,,,,,,148.87777709960938,,150.8701171875,2266.0,,,203.0,,,,,,,,,,,,,0.0,,1.0,,1694847616.0,3.0,17.8700008392334,18.0,14.75,0.8199999928474426,1019.3599853515625,1.2300000190734863,2.7799999713897705,33.0,0.0,1694840320.0,1694885504.0,0.125,9789874.0,,0.3799999952316284,5.0,0.8799999952316284,19783.0,1.0,,,,,0.0,6.3897881507873535,0.0,,,,,,,,,,,,""
9866844596,"Sep 17, 2023, 7:49:32 AM",Morning Ride,Ride,,12137,76.91,174.0,163,false,,Ridley,activities/10575969749.fit.gz,,8.100000381469727,12137.0,11123.0,76914.7421875,15.8359375,6.9149274826049805,1259.964111328125,1398.0,197.39999389648438,949.7999877929688,45.95133590698242,0.0006500704330392182,,,,,,144.32130432128906,,149.92623901367188,2158.0,,,163.0,,,,,,,,,,,,,0.0,,1.0,,1694934016.0,3.0,18.520000457763672,18.760000228881836,15.3100004196167,0.8199999928474426,1019.8800048828125,0.5099999904632568,1.2300000190734863,8.0,0.0,1694926848.0,1694971776.0,0.125,9789874.0,,0.20999999344348907,5.0,0.8500000238418579,19132.0,1.0,,,,,0.0,6.337211608886719,323.8999938964844,,,,,,,,,,,,""
9881559842,"Sep 19, 2023, 4:32:22 PM",Evening Run,Run,,2859,10.01,160.0,44,false,,,activities/10591393383.fit.gz,,,2859.0,2859.0,10014.76953125,5.478759765625,3.50289249420166,146.57666015625,227.0,895.5999755859375,948.5999755859375,11.214953422546387,0.006989676505327225,,,102.0,83.81184387207031,,149.2776641845703,,,665.0,,,44.0,,,,,,,,,,,,,0.0,,1.0,10279.7998046875,1695139200.0,1.0,21.079999923706055,21.479999542236328,15.920000076293945,0.7200000286102295,1014.510009765625,1.190000057220459,2.8399999141693115,164.0,0.30000001192092896,1695099776.0,1695144320.0,0.125,,13822573.0,0.46000000834465027,5.0,0.3400000035762787,22842.0,0.0,,,,,0.0,3.50289249420166,394.1000061035156,,,,7980.0,,,,,,,,""
9887635239,"Sep 20, 2023, 4:42:14 PM",Evening Run,Run,,2201,7.69,158.0,25,false,,,activities/10597752229.fit.gz,,,2201.0,2201.0,7698.41015625,4.72599983215332,3.497687578201294,118.99714660644531,208.0,900.5,948.5999755859375,11.014019966125488,-0.0025979389902204275,,,87.0,84.28018188476562,,145.7130584716797,,,502.0,,,25.0,,,,,,,,,,,,,0.0,,1.0,7916.39990234375,1695225600.0,3.0,19.940000534057617,20.18000030517578,15.25,0.7400000095367432,1014.280029296875,1.2300000190734863,2.8399999141693115,165.0,0.5,1695186304.0,1695230592.0,0.125,,13822573.0,0.699999988079071,5.0,0.7799999713897705,17916.0,0.0,,,,,0.0,3.497687578201294,407.20001220703125,,,,6170.0,,,,,,,,""
9906345083,"Sep 23, 2023, 3:38:43 PM",Afternoon Ride,Ride,,5472,34.18,177.0,108,false,,Ridley,activities/10617337933.fit.gz,,8.100000381469727,5472.0,5257.0,34181.44140625,15.556005477905273,6.502081394195557,793.7940673828125,905.0,316.5,1048.5,47.67332458496094,-0.014042708091437817,,,,,,154.0665740966797,,160.41604614257812,1189.0,,,108.0,,,,,,,,,,,,,0.0,,1.0,,1695481216.0,3.0,15.239999771118164,14.739999771118164,10.220000267028809,0.7200000286102295,1012.760009765625,0.949999988079071,2.569999933242798,314.0,0.0,1695445760.0,1695489408.0,0.375,9789874.0,,0.6800000071525574,5.0,0.7400000095367432,29819.0,1.0,,,,,0.0,6.246608734130859,0.0,,,,,,,,,,,,""
9909700620,"Sep 24, 2023, 7:48:25 AM",Morning Ride,Ride,,6714,41.22,173.0,118,false,,Ridley,activities/10620895964.fit.gz,,8.100000381469727,6714.0,6492.0,41223.0625,15.216015815734863,6.349824905395508,1023.9678955078125,1129.0,319.3999938964844,942.7999877929688,25.134740829467773,-0.0009703306131996214,,,,,,149.46148681640625,,159.18280029296875,1391.0,,,118.0,,,,,,,,,,,,,0.0,,1.0,,1695538816.0,1.0,11.34000015258789,10.520000457763672,5.389999866485596,0.6700000166893005,1021.1199951171875,1.5299999713897705,3.630000114440918,14.0,0.0,1695532160.0,1695575680.0,0.375,9789874.0,,0.0,1.0,0.0,29616.0,1.0,,,,,0.0,6.139866352081299,0.0,,,,,,,,,,,,""
9925665311,"Sep 26, 2023, 5:06:19 PM",Evening Swim,Swim,,2769,"1,500",141.0,13,false,,,activities/10637671482.fit.gz,,,2769.0,2200.0,1500.0,0.8080000281333923,0.6818181872367859,0.0,0.0,0.0,0.0,0.0,0.0,,,,0.0,,113.08357238769531,,,,,,13.0,,,,,,,,,,,,,0.0,,1.0,,,,,,,,,,,,,,,,,,,,,,,,,,,0.0,0.5417118072509766,0.0,,,,,,,,,,,,""
9932152796,"Sep 27, 2023, 4:28:21 PM",Evening Run,Run,,2864,10.27,177.0,68,false,,,activities/10644473494.fit.gz,,,2864.0,2864.0,10276.849609375,4.977929592132568,3.588285446166992,139.49769592285156,249.0,895.7999877929688,948.5999755859375,13.733339309692383,0.0,,,87.0,83.60970306396484,,157.45851135253906,,,706.0,,,68.0,,,,,,,,,,,,,0.0,,1.0,10535.2998046875,1695830400.0,1.0,19.850000381469727,19.739999771118164,13.40999984741211,0.6600000262260437,1019.8499755859375,0.8500000238418579,2.490000009536743,251.0,0.0,1695791616.0,1695834624.0,0.375,,13822573.0,0.0,1.0,0.09000000357627869,28195.0,0.0,,,,,0.0,3.588285446166992,818.2999877929688,,,,7978.0,,,,,,,,""
9938695230,"Sep 28, 2023, 5:06:26 PM",Evening Run,Run,,3670,13.27,169.0,53,false,,,activities/10651287864.fit.gz,,,3670.0,3603.0,13276.41015625,5.1761474609375,3.684821128845215,52.4715461730957,249.0,278.0,313.29998779296875,4.240760326385498,-0.0007532156305387616,,,87.0,84.33000183105469,,149.0602264404297,,,834.0,,,53.0,,,,,,,,,,,,,0.0,,1.0,13311.2998046875,1695920384.0,1.0,21.31999969482422,21.6299991607666,15.539999961853027,0.699999988079071,1019.489990234375,1.059999942779541,2.4100000858306885,326.0,0.0,1695878144.0,1695920896.0,0.375,,13822573.0,0.0,1.0,0.23999999463558197,25661.0,0.0,,,,,0.0,3.6175503730773926,10952.900390625,,,,10104.0,,,,,,,,""
9948420597,"Sep 30, 2023, 6:28:02 AM",Morning Ride,Ride,,17849,110.22,196.0,411,false,,Ridley,activities/10661422563.fit.gz,,8.100000381469727,17849.0,16879.0,110227.4375,16.128124237060547,6.5304484367370605,2185.945068359375,2669.0,327.20001220703125,1694.5,44.4854736328125,-0.000635050586424768,,,,,,157.5171356201172,,148.67794799804688,3575.0,,,411.0,,,,,,,,,,,,,0.0,,1.0,,1696053632.0,1.0,14.770000457763672,14.300000190734863,10.420000076293945,0.75,1022.3900146484375,1.7799999713897705,3.319999933242798,12.0,0.0,1696051072.0,1696093440.0,0.625,9789874.0,,0.0,1.0,0.10999999940395355,14871.0,0.0,,,,,0.0,6.1755523681640625,734.0999755859375,,,,,,,,,,,,""
9963487454,"Oct 2, 2023, 4:45:00 PM",Evening Run,Run,,2918,10.03,161.0,35,false,,,activities/10677325174.fit.gz,,,2918.0,2918.0,10029.7392578125,4.648000240325928,3.4371964931488037,147.1361846923828,269.0,895.7000122070312,948.5999755859375,15.388920783996582,0.0,,,88.0,83.80693054199219,,145.7866973876953,,,662.0,,,35.0,,,,,,,,,,,,,0.0,,1.0,10330.0,1696262400.0,1.0,22.68000030517578,23.440000534057617,17.290000915527344,0.7200000286102295,1023.8099975585938,0.8999999761581421,2.069999933242798,203.0,0.0,1696224000.0,1696265984.0,0.625,,13822573.0,0.0,1.0,0.12999999523162842,27132.0,0.0,,,,,0.0,3.4371964931488037,528.5999755859375,,,,8146.0,,,,,,,,""
9970244035,"Oct 3, 2023, 5:08:03 PM",Evening Swim,Swim,,3015,"1,700",150.0,10,false,,,activities/10684378016.fit.gz,,,3015.0,2500.0,1700.0,0.7360000014305115,0.6800000071525574,0.0,0.0,0.0,0.0,0.0,0.0,,,,0.0,,109.2525863647461,,,,,,10.0,,,,,,,,,,,,,0.0,,1.0,,,,,,,,,,,,,,,,,,,,,,,,,,,0.0,0.5638474225997925,0.0,,,,,,,,,,,,""
9976629853,"Oct 4, 2023, 4:43:48 PM",Evening Run,Run,,3061,11.61,173.0,70,false,,,activities/10691035026.fit.gz,,,3061.0,3061.0,11610.640625,6.338086128234863,3.7930872440338135,124.6933364868164,268.0,900.5,942.7999877929688,8.159811019897461,-0.0008612789679318666,,,91.0,85.53366088867188,,156.79052734375,,,741.0,,,70.0,,,,,,,,,,,,,0.0,,1.0,11793.599609375,1696435200.0,3.0,20.100000381469727,20.479999542236328,15.899999618530273,0.7699999809265137,1024.27001953125,0.7200000286102295,1.8600000143051147,171.0,0.30000001192092896,1696396928.0,1696438528.0,0.625,,13822573.0,0.44999998807907104,5.0,0.9800000190734863,16086.0,0.0,,,,,0.0,3.7930872440338135,0.0,,,,8706.0,,,,,,,,""
9988678084,"Oct 6, 2023, 4:21:41 PM",Evening Run,Run,,2603,9.11,174.0,54,false,,,activities/10703576915.fit.gz,,,2603.0,2603.0,9110.76953125,4.491658687591553,3.500103712081909,131.5271453857422,266.0,895.5999755859375,948.5999755859375,10.473400115966797,-0.004390408284962177,,,87.0,84.94002532958984,,154.0364990234375,,,615.0,,,54.0,,,,,,,,,,,,,0.0,,1.0,9337.5,1696608000.0,3.0,17.440000534057617,17.40999984741211,13.800000190734863,0.7900000214576721,1024.4100341796875,0.8999999761581421,2.069999933242798,207.0,0.0,1696569856.0,1696611200.0,0.875,,13822573.0,0.0,1.0,0.7599999904632568,29205.0,0.0,,,,,0.0,3.500103712081909,399.70001220703125,,,,7330.0,,,,,,,,""
9994646045,"Oct 7, 2023, 11:12:27 AM",Afternoon Walk,Walk,,16019,13.90,159.0,34,false,,,activities/10709802157.fit.gz,,,16019.0,9479.0,13903.51953125,2.780029296875,1.4667706489562988,713.621337890625,1020.0,676.0999755859375,1216.199951171875,48.530399322509766,-0.09278225898742676,,,125.0,58.48193359375,,119.60868835449219,,,1368.0,,,34.0,,,,,,,,,,,,,0.0,,1.0,,1696676352.0,1.0,22.139999389648438,22.290000915527344,14.720000267028809,0.6299999952316284,1024.239990234375,1.440000057220459,3.9200000762939453,213.0,0.0,1696656384.0,1696697472.0,0.875,,,0.0,1.0,0.07999999821186066,20537.0,4.0,,,,,0.0,0.867939293384552,6438.2001953125,,,,17750.0,,,,,,,,""
10000892865,"Oct 8, 2023, 6:05:45 AM",Morning Walk,Hike,"",30159,22.87,163.0,110,false,,,activities/10716336786.fit.gz,,,30159.0,22946.0,22875.2109375,3.362499952316284,0.9969149827957153,1732.63671875,2457.0,943.2999877929688,2480.39990234375,49.01960754394531,-0.1512555032968521,,,124.0,54.87234115600586,,124.74114227294922,,,2875.0,,,110.0,,,,,,,,,,,0.0,,0.0,,1.0,,1696744832.0,1.0,13.4399995803833,12.59000015258789,5.920000076293945,0.6000000238418579,1026.0400390625,1.8899999856948853,5.46999979019165,32.0,0.0,1696742912.0,1696783744.0,0.875,,,0.0,1.0,0.009999999776482582,28717.0,0.0,,,,,0.0,0.7584870457649231,17614.400390625,,,,36224.0,,,,,,,,""
10014279486,"Oct 10, 2023, 5:11:19 PM",Evening Swim,Swim,,3198,"1,800",129.0,8,false,,,activities/10730284885.fit.gz,,,3198.0,2618.0,1800.0,0.7820000052452087,0.6875477433204651,0.0,0.0,0.0,0.0,0.0,0.0,,,,0.0,,100.60464477539062,,,,,,8.0,,,,,,,,,,,,,0.0,,1.0,,,,,,,,,,,,,,,,,,,,,,,,,,,0.0,0.5628517866134644,0.0,,,,,,,,,,,,""
10020705554,"Aug 20, 2023, 3:22:48 PM",Zwift - Volcano Climb in Watopia,Virtual Ride,,2770,26.05,200.0,62,false,,Ridley,activities/10736929901.fit.gz,,8.100000381469727,2770.0,2751.0,26053.029296875,16.953907012939453,9.47038459777832,225.0,0.0,-6.199999809265137,131.8000030517578,21.741060256958008,0.05373655632138252,,,,0.0,,156.85360717773438,,195.76365661621094,514.0,,,62.0,,,,,,,,,207.0,2771.0,,,0.0,,1.0,,,,,,,,,,,,,,,,9789874.0,,,,,,,,,,,0.0,9.405426025390625,0.0,,,,,,,,,,,,media/172cc90e-82f5-428e-9dbf-33be11dee993.jpg
10026762339,"Oct 12, 2023, 5:07:33 PM",Evening Run,Run,,2934,10.67,174.0,70,false,,,activities/10743215849.fit.gz,,,2934.0,2866.0,10677.8203125,4.52001953125,3.7256875038146973,46.51750183105469,208.0,292.20001220703125,327.20001220703125,7.317073345184326,0.005619124509394169,,,87.0,84.80567169189453,,157.690185546875,,,692.0,,,70.0,,,,,,,,,,,,,0.0,,1.0,10714.7998046875,1697129984.0,2.0,19.649999618530273,19.8700008392334,15.140000343322754,0.75,1019.72998046875,0.8999999761581421,2.5999999046325684,344.0,0.0,1697088768.0,1697128832.0,0.0,,13822573.0,0.0,1.0,0.3799999952316284,26578.0,0.0,,,,,0.0,3.639338970184326,8343.5,,,,8094.0,,,,,,,,""
10036188008,"Oct 14, 2023, 7:33:22 AM",Morning Ride,Ride,,14223,80.95,178.0,323,false,,Ridley,activities/10753015662.fit.gz,,8.100000381469727,14223.0,13604.0,80955.8671875,16.371875762939453,5.950887203216553,2023.4056396484375,2177.0,262.6000061035156,1050.5,27.92727279663086,0.0004940963699482381,,,,,,157.59840393066406,,151.956787109375,2904.0,,,323.0,,,,,,,,,,,,,0.0,,1.0,,1697266816.0,2.0,14.260000228881836,13.880000114440918,11.079999923706055,0.8100000023841858,1016.47998046875,0.7300000190734863,2.1700000762939453,8.0,0.0,1697261696.0,1697301504.0,0.0,9789874.0,,0.0,1.0,0.6000000238418579,17814.0,0.0,,,,,0.0,5.691898345947266,363.0,,,,,,,,,,,,""
10050479554,"Oct 16, 2023, 5:05:31 PM",Zwift - Zwift Pro Training Camp: Jumbo-Visma | Men's Team in Scotland,Virtual Ride,,3622,30.18,159.0,44,false,,Ridley,activities/10767935923.fit.gz,,8.100000381469727,3622.0,3622.0,30185.94140625,16.7041015625,8.334053039550781,332.0,0.0,21.799999237060547,87.0,14.814332008361816,-0.058967847377061844,,,,0.0,,142.36334228515625,,171.9729461669922,595.0,,,44.0,,,,,,,,,180.0,3623.0,,,0.0,,1.0,,,,,,,,,,,,,,,,9789874.0,,,,,,,,,,,0.0,8.334053039550781,0.0,,,,,,,,,,,,media/044fb717-669d-4af9-93fc-76cbf370769c.jpg
10056619443,"Oct 17, 2023, 5:10:51 PM",Evening Run,Run,,2765,10.33,178.0,63,false,,,activities/10774318272.fit.gz,,,2765.0,2680.0,10336.9296875,5.471470355987549,3.8570632934570312,41.00773620605469,172.0,301.0,305.8999938964844,3.111421823501587,0.0,,,90.0,84.91645050048828,,157.93882751464844,,,650.0,,,63.0,,,,,,,,,,,,,0.0,,1.0,10359.7001953125,1697561984.0,3.0,12.760000228881836,12.069999694824219,7.760000228881836,0.7200000286102295,1016.77001953125,0.8799999952316284,2.069999933242798,21.0,0.0,1697521152.0,1697560320.0,0.125,,13822573.0,0.0,1.0,0.699999988079071,30361.0,0.0,,,,,0.0,3.7384917736053467,17.700000762939453,,,,7558.0,,,,,,,,""
10062531352,"Oct 18, 2023, 4:41:00 PM",Zwift - Grin And Bear It in Makuri Islands,Virtual Ride,,2412,23.27,175.0,48,false,,Ridley,activities/10780449568.fit.gz,,8.100000381469727,2412.0,2412.0,23272.19921875,16.537988662719727,9.648507118225098,113.0,0.0,61.79999923706055,102.4000015258789,7.60165548324585,-0.07562673836946487,,,,0.0,,152.53358459472656,,199.482177734375,460.0,,,48.0,,,,,,,,,214.0,2413.0,,,0.0,,1.0,,,,,,,,,,,,,,,,9789874.0,,,,,,,,,,,0.0,9.648507118225098,0.0,,,,,,,,,,,,media/52aa1408-0cfc-4454-9763-522b778f5bb4.jpg
10068557586,"Oct 19, 2023, 5:19:35 PM",Evening Swim,Swim,,3083,"1,700",138.0,10,false,,,activities/10786692409.fit.gz,,,3083.0,2465.0,1700.0,0.7580000162124634,0.6896551847457886,0.0,0.0,0.0,0.0,0.0,0.0,,,,0.0,,108.84123229980469,,,,,,10.0,,,,,,,,,,,,,0.0,,1.0,,,,,,,,,,,,,,,,,,,,,,,,,,,0.0,0.551410973072052,0.0,,,,,,,,,,,,""
10083639537,"Oct 22, 2023, 7:44:07 AM",Morning Ride,Ride,"Giornata top:
- Acqua presa ✅
- Forato ✅",11624,69.62,176.0,185,false,,Ridley,activities/10802411149.fit.gz,,8.100000381469727,11624.0,9521.0,69621.5234375,15.343994140625,7.312417030334473,884.3009033203125,1298.0,219.5,942.4000244140625,23.036455154418945,-0.0037344773299992085,,,,,,152.31321716308594,,146.1784210205078,2127.0,,,185.0,,,,,,,,,,,0.0,,0.0,,1.0,,1697958016.0,2.0,12.4399995803833,11.930000305175781,9.600000381469727,0.8299999833106995,1011.219970703125,0.8100000023841858,1.7000000476837158,18.0,0.0,1697953536.0,1697991808.0,0.25,9789874.0,,0.6299999952316284,5.0,0.44999998807907104,18143.0,0.0,,,,,0.0,5.9894633293151855,194.89999389648438,,,,,,,,,,,,""
10091532201,"Oct 23, 2023, 5:08:09 PM",Zwift - High-Cadence Builds in Yorkshire,Virtual Ride,,3034,25.25,164.0,44,false,,Ridley,activities/10810684113.fit.gz,,8.100000381469727,3034.0,3034.0,25249.419921875,22.230077743530273,8.322155952453613,410.0,0.0,97.0,182.60000610351562,16.677270889282227,0.09267537295818329,,,,0.0,,146.24176025390625,,181.46470642089844,525.0,,,44.0,,,,,,,,,187.0,3035.0,,,0.0,,1.0,,,,,,,,,,,,,,,,9789874.0,,,,,,,,,,,0.0,8.322155952453613,0.0,,,,,,,,,,,,media/db71bca4-f13f-406b-be94-67c8b114542c.jpg
10097652104,"Oct 24, 2023, 5:11:11 PM",Evening Swim,Swim,,3294,"2,000",157.0,22,false,,,activities/10817024909.fit.gz,,,3294.0,2856.0,2000.0,0.7360000014305115,0.7002801299095154,0.0,0.0,0.0,0.0,0.0,0.0,,,,0.0,,119.1817626953125,,,,,,22.0,,,,,,,,,,,,,0.0,,1.0,,,,,,,,,,,,,,,,,,,,,,,,,,,0.0,0.6071645617485046,0.0,,,,,,,,,,,,""
10103484202,"Oct 25, 2023, 4:51:26 PM",Evening Run,Run,,2978,11.49,184.0,92,false,,,activities/10823072065.fit.gz,,,2978.0,2978.0,11497.9501953125,5.955956935882568,3.860963821411133,124.73809814453125,259.0,924.9000244140625,945.2999877929688,28.129291534423828,-0.0008697202429175377,,,91.0,84.80510711669922,,164.9375,,,755.0,,,92.0,,,,,,,,,,,,,0.0,,1.0,11737.2001953125,1698249600.0,3.0,15.510000228881836,15.229999542236328,12.069999694824219,0.800000011920929,1003.6699829101562,0.6299999952316284,1.590000033378601,218.0,0.0,1698212992.0,1698250752.0,0.375,,13822573.0,0.4699999988079071,5.0,0.6899999976158142,23188.0,0.0,,,,,0.0,3.860963821411133,0.0,,,,8406.0,,,,,,,,""
10114541197,"Oct 27, 2023, 4:44:09 PM",Evening Run,Run,,2920,10.01,163.0,36,false,,,activities/10834594823.fit.gz,,,2920.0,2917.0,10012.4599609375,5.14373779296875,3.4324512481689453,154.76502990722656,295.0,901.5999755859375,958.5,13.71811294555664,-0.0009987555677071214,,,87.0,83.99449920654297,,147.4886474609375,,,641.0,,,36.0,,,,,,,,,,,,,0.0,,1.0,10339.5,1698422400.0,3.0,12.670000076293945,12.069999694824219,8.699999809265137,0.7699999809265137,996.8800048828125,0.5299999713897705,1.2400000095367432,20.0,0.0,1698386048.0,1698423296.0,0.375,,13822573.0,0.8899999856948853,5.0,0.8299999833106995,26205.0,0.0,,,,,0.0,3.428924560546875,395.70001220703125,,,,8164.0,,,,,,,,""
10118156560,"Oct 28, 2023, 8:59:48 AM",Morning Ride,Ride,,6560,40.04,180.0,148,false,,Ridley,activities/10838386615.fit.gz,,8.100000381469727,6560.0,6517.0,40044.94140625,15.412109375,6.144689559936523,1108.7965087890625,1226.0,296.70001220703125,950.7000122070312,47.48067855834961,0.002247474854812026,,,,,,154.1322021484375,,166.5189208984375,1443.0,,,148.0,,,,,,,,,,,,,0.0,,1.0,,1698480000.0,1.0,10.289999961853027,9.600000381469727,6.840000152587891,0.7900000214576721,1005.3200073242188,0.9300000071525574,2.390000104904175,63.0,0.0,1698472448.0,1698509696.0,0.5,9789874.0,,0.1899999976158142,5.0,0.2800000011920929,29690.0,1.0,,,,,0.0,6.104412078857422,414.0,,,,,,,,,,,,""
10131962997,"Oct 30, 2023, 5:48:00 PM",Zwift - Through the Zones #1 in Watopia,Virtual Ride,,3319,31.28,199.0,53,false,,Ridley,activities/10852910429.fit.gz,,8.100000381469727,3319.0,3319.0,31284.109375,18.648046493530273,9.425764083862305,257.0,0.0,-6.199999809265137,57.79999923706055,12.646441459655762,-0.02301487885415554,,,,0.0,,142.4064483642578,,198.64236450195312,630.0,,,53.0,,,,,,,,,213.0,3320.0,,,0.0,,1.0,,,,,,,,,,,,,,,,9789874.0,,,,,,,,,,,0.0,9.425764083862305,0.0,,,,,,,,,,,,media/8d37e1f0-2e0c-474f-8dc6-89f475e8f260.jpg
10137833253,"Oct 31, 2023, 6:09:07 PM",Evening Run,Run,,2778,10.07,181.0,58,false,,,activities/10859037408.fit.gz,,,2778.0,2771.0,10071.1591796875,4.69000244140625,3.6344854831695557,40.70697021484375,207.0,292.20001220703125,316.79998779296875,3.1390066146850586,-0.003971737343817949,,,87.0,84.08448028564453,,155.44439697265625,,,662.0,,,58.0,,,,,,,,,,,,,0.0,,1.0,10102.7001953125,1698775168.0,1.0,12.649999618530273,11.9399995803833,7.489999771118164,0.7099999785423279,1009.97998046875,1.6299999952316284,2.8399999141693115,9.0,0.0,1698731904.0,1698768640.0,0.625,,13822573.0,0.949999988079071,5.0,0.009999999776482582,30501.0,0.0,,,,,0.0,3.6253273487091064,6643.89990234375,,,,7766.0,,,,,,,,""
10141409574,"Nov 1, 2023, 7:00:24 AM",Morning Ride,Ride,,11198,70.75,207.0,300,false,,Ridley,activities/10862792980.fit.gz,,8.100000381469727,11198.0,10652.0,70757.7421875,16.256250381469727,6.642672061920166,1434.4837646484375,1584.0,317.1000061035156,1249.0,18.68613052368164,0.012295474298298359,,,,,,160.22079467773438,,151.48683166503906,2307.0,,,300.0,,,,,,,,,,,,,0.0,,1.0,,1698822016.0,2.0,8.34000015258789,7.510000228881836,3.740000009536743,0.7300000190734863,1014.969970703125,1.5800000429153442,3.4100000858306885,18.0,0.0,1698818432.0,1698854912.0,0.625,9789874.0,,0.6000000238418579,5.0,0.6100000143051147,31227.0,0.0,,,,,0.0,6.318783760070801,0.0,,,,,,,,,,,,""
10149240289,"Nov 2, 2023, 5:52:42 PM",Evening Swim,Swim,,3270,"1,750",134.0,9,false,,,activities/10870997371.fit.gz,,,3270.0,2528.0,1750.0,0.7580000162124634,0.6922468543052673,0.0,0.0,0.0,0.0,0.0,0.0,,,,0.0,,102.78919982910156,,,,,,9.0,,,,,,,,,,,,,0.0,,1.0,,,,,,,,,,,,,,,,,,,,,,,,,,,0.0,0.5351681709289551,0.0,,,,,,,,,,,,""
10172143161,"Nov 6, 2023, 6:02:19 PM",Zwift - Pre-Training Plan on Climb Portal - Volcano in Watopia,Virtual Ride,,3617,36.08,207.0,37,false,,Ridley,activities/10895082834.fit.gz,,8.100000381469727,3617.0,3617.0,36082.3984375,15.413866996765137,9.975780487060547,123.0,0.0,-6.400000095367432,28.0,6.01503849029541,0.03270292654633522,,,,0.0,,127.73126983642578,,187.1976776123047,647.0,,,37.0,,,,,,,,,201.0,3618.0,,,0.0,,1.0,,,,,,,,,,,,,,,,9789874.0,,,,,,,,,,,0.0,9.975780487060547,0.0,,,,,,,,,,,,media/8231d07a-aa47-4555-a7a5-a668440fcf21.jpg
10178266958,"Nov 7, 2023, 5:59:06 PM",Evening Run,Run,,3715,12.00,185.0,62,false,,,activities/10901444107.fit.gz,,,3715.0,3033.0,12002.830078125,5.972935199737549,3.957411766052246,48.34104919433594,226.0,301.0,305.8999938964844,3.649322986602783,0.0,,,92.0,83.77194213867188,,155.471923828125,,,836.0,,,62.0,,,,,,,,,,,,,0.0,,1.0,12027.599609375,1699376384.0,1.0,9.789999961853027,9.109999656677246,6.860000133514404,0.8199999928474426,1016.25,0.9900000095367432,1.4299999475479126,356.0,0.0,1699337344.0,1699372800.0,0.875,,13822573.0,0.7599999904632568,5.0,0.20000000298023224,26243.0,0.0,,,,,0.0,3.230909824371338,39.400001525878906,,,,8630.0,,,,,,,,""
10195256680,"Nov 10, 2023, 6:01:20 PM",Evening Swim,Swim,,2971,"1,500",137.0,8,false,,,activities/10919011308.fit.gz,,,2971.0,2209.0,1500.0,0.7820000052452087,0.6790403127670288,0.0,0.0,0.0,0.0,0.0,0.0,,,,0.0,,104.02122497558594,,,,,,8.0,,,,,,,,,,,,,0.0,,1.0,,,,,,,,,,,,,,,,,,,,,,,,,,,0.0,0.5048804879188538,0.0,,,,,,,,,,,,""
10198899536,"Nov 11, 2023, 9:34:13 AM",Morning Ride,Ride,"",8760,50.05,,,false,,Ridley,activities/10922790996.fit.gz,,8.100000381469727,8760.0,8222.0,50050.9296875,15.416015625,6.08743953704834,1278.32958984375,1464.0,296.70001220703125,950.7000122070312,30.165889739990234,0.005993894767016172,,,,,,,,147.78114318847656,2286.0,,,,,,,,,,,,,,0.0,,0.0,,1.0,,1699693184.0,1.0,8.579999923706055,7.679999828338623,2.5,0.6600000262260437,1006.6500244140625,1.4500000476837158,3.7300000190734863,2.0,0.0,1699683328.0,1699718016.0,0.0,9789874.0,,0.0,1.0,0.009999999776482582,30459.0,1.0,,,,,0.0,5.713576316833496,132.0,,,,,,,,,,,,media/f1dc190a-ecad-4b2d-8670-c19fbc4d6800.jpg
10212639223,"Nov 13, 2023, 6:07:45 PM",Evening Run,Run,,2861,10.01,169.0,45,false,,,activities/10937094869.fit.gz,,,2861.0,2853.0,10010.689453125,5.031656742095947,3.508829116821289,143.28916931152344,288.0,901.5999755859375,948.7000122070312,20.45883560180664,0.0009989321697503328,,,87.0,84.0263442993164,,150.55848693847656,,,655.0,,,45.0,,,,,,,,,,,,,0.0,,1.0,10286.7001953125,1699898368.0,3.0,9.220000267028809,8.5600004196167,6.929999828338623,0.8600000143051147,1016.6099853515625,1.100000023841858,1.9800000190734863,8.0,0.0,1699856256.0,1699890688.0,0.0,,13822573.0,0.0,1.0,0.699999988079071,14822.0,0.0,,,,,0.0,3.4990177154541016,386.3999938964844,,,,7980.0,,,,,,,,""
10218734477,"Nov 14, 2023, 6:47:22 PM",Zwift - Arise in Makuri Islands,Virtual Ride,,3131,27.43,,,false,,Ridley,activities/10943390409.fit.gz,,8.100000381469727,3131.0,3131.0,27435.041015625,16.2060546875,8.762389183044434,219.0,0.0,2.4000000953674316,59.20000076293945,9.385920524597168,0.13267704844474792,,,,0.0,,0.0,,194.78689575195312,582.0,,,,,,,,,,,,206.0,3132.0,,,0.0,,1.0,,,,,,,,,,,,,,,,9789874.0,,,,,,,,,,,0.0,8.762389183044434,0.0,,,,,,,,,,,,media/cfebc9fc-e5f9-458f-98cd-67d4fd86f0a4.jpg
10235448975,"Nov 17, 2023, 5:47:38 PM",Evening Run,Run,,3132,11.41,167.0,47,false,,,activities/10960750230.fit.gz,,,3132.0,3132.0,11413.7001953125,5.13671875,3.644221067428589,186.6414337158203,332.0,901.5999755859375,958.5,14.556137084960938,-0.0008761400822550058,,,89.0,84.8232421875,,149.22569274902344,,,722.0,,,47.0,,,,,,,,,,,,,0.0,,1.0,11829.099609375,1700240384.0,1.0,6.579999923706055,4.539999961853027,-2.069999933242798,0.5400000214576721,1016.52001953125,2.7799999713897705,5.329999923706055,8.0,0.0,1700202240.0,1700236160.0,0.125,,13822573.0,0.0,1.0,0.009999999776482582,32695.0,0.0,,,,,0.0,3.644221067428589,374.79998779296875,,,,8864.0,,,,,,,,""
10241336166,"Nov 18, 2023, 5:49:27 PM",Zwift - Foundation on The Muckle Yin in Makuri Islands,Virtual Ride,,3230,26.11,162.0,55,false,,Ridley,activities/10966865973.fit.gz,,8.100000381469727,3230.0,3230.0,26115.6015625,16.4619140625,8.085325241088867,282.0,0.0,64.80000305175781,223.39999389648438,11.152630805969238,0.30939361453056335,,,,0.0,,147.9904022216797,,174.590087890625,539.0,,,55.0,,,,,,,,,182.0,3231.0,,,0.0,,1.0,,,,,,,,,,,,,,,,9789874.0,,,,,,,,,,,0.0,8.085325241088867,0.0,,,,,,,,,,,,media/216ae1ed-d61b-4258-b918-8400a91ec381.jpg
10252713450,"Nov 20, 2023, 6:22:36 PM",Evening Run,Run,,2417,9.26,165.0,43,false,,,activities/10978743668.fit.gz,,,2417.0,2417.0,9261.080078125,5.248046875,3.8316426277160645,145.66476440429688,260.0,908.7000122070312,948.7000122070312,28.747461318969727,-0.0010797876166179776,,,89.0,85.23414611816406,,151.1007080078125,,,578.0,,,43.0,,,,,,,,,,,,,0.0,,1.0,9548.900390625,1700503168.0,3.0,7.099999904632568,6.309999942779541,3.6700000762939453,0.7900000214576721,1012.4400024414062,0.7699999809265137,1.4700000286102295,33.0,0.0,1700461696.0,1700495104.0,0.25,,13822573.0,0.0,1.0,0.8899999856948853,25117.0,0.0,,,,,0.0,3.8316426277160645,783.4000244140625,,,,6868.0,,,,,,,,""
10258476516,"Nov 21, 2023, 6:08:55 PM",Evening Swim,Swim,,2920,"1,750",139.0,10,false,,,activities/10984734573.fit.gz,,,2920.0,2580.0,1750.0,0.7160000205039978,0.6782945990562439,0.0,0.0,0.0,0.0,0.0,0.0,,,,0.0,,109.51216888427734,,,,,,10.0,,,,,,,,,,,,,0.0,,1.0,,,,,,,,,,,,,,,,,,,,,,,,,,,0.0,0.5993150472640991,0.0,,,,,,,,,,,,""
10264084214,"Nov 22, 2023, 6:28:32 PM",Zwift - Temple Trek in Watopia,Virtual Ride,,424,4.29,156.0,4,false,,Ridley,activities/10990536764.fit.gz,,8.100000381469727,424.0,424.0,4298.83984375,14.4580078125,10.138772964477539,17.0,0.0,25.399999618530273,100.19999694824219,7.681530475616455,-1.7306996583938599,,,,0.0,,140.73585510253906,,175.3160400390625,71.0,,,4.0,,,,,,,,,172.0,425.0,,,0.0,,1.0,,,,,,,,,,,,,,,,9789874.0,,,,,,,,,,,0.0,10.138772964477539,0.0,,,,,,,,,,,,media/f74f051b-8b9f-43a1-b0cd-278d4cb7c108.jpg
10264381406,"Nov 22, 2023, 6:36:18 PM",Zwift - Race: BL13 RACE SERIES (B) on Two Bridges Loop in Watopia,Virtual Ride,,2773,25.26,180.0,95,false,,Ridley,activities/10990840261.fit.gz,,8.100000381469727,2773.0,2742.0,25263.541015625,18.439844131469727,9.213544845581055,282.0,0.0,1.2000000476837158,57.79999923706055,11.589325904846191,0.021374674513936043,,,,0.0,,169.09051513671875,,212.60438537597656,564.0,,,95.0,,,,,,,,,219.0,2774.0,,,0.0,,1.0,,,,,,,,,,,,,,,,9789874.0,,,,,,,,,,,0.0,9.11054515838623,0.0,,,,,,,,,,,,media/607b85a4-837b-41ba-a6d7-da7b10ecdd4b.jpg
10274948559,"Nov 24, 2023, 5:53:32 PM",Evening Run,Run,,2835,10.02,178.0,52,false,,,activities/11001856627.fit.gz,,,2835.0,2835.0,10026.4501953125,4.811686038970947,3.5366666316986084,144.9154815673828,293.0,908.7000122070312,950.7000122070312,14.312225341796875,-0.0009973619598895311,,,88.0,84.25565338134766,,152.71469116210938,,,676.0,,,52.0,,,,,,,,,,,,,0.0,,1.0,10317.599609375,1700845184.0,1.0,6.550000190734863,5.190000057220459,-3.0299999713897705,0.5,998.8699951171875,1.9700000286102295,5.909999847412109,329.0,0.0,1700807552.0,1700840576.0,0.375,,13822573.0,0.0,1.0,0.05000000074505806,32591.0,0.0,,,,,0.0,3.5366666316986084,921.4000244140625,,,,7956.0,,,,,,,,""
10302460764,"Nov 29, 2023, 6:20:28 PM",Zwift - Zwift Academy: Workout 1 | Explosive 30s in Makuri Islands,Virtual Ride,,2836,25.21,181.0,75,false,,Ridley,activities/11030408310.fit.gz,,8.100000381469727,2836.0,2836.0,25218.33984375,15.4580078125,8.892221450805664,148.0,0.0,62.400001525878906,136.60000610351562,12.133269309997559,0.007930736057460308,,,,0.0,,159.28701782226562,,172.0779266357422,466.0,,,75.0,,,,,,,,,186.0,2837.0,,,0.0,,1.0,,,,,,,,,,,,,,,,9789874.0,,,,,,,,,,,0.0,8.892221450805664,0.0,,,,,,,,,,,,media/9dfc440a-894c-4446-9a0c-94442fba353a.jpg
10322890839,"Dec 3, 2023, 2:56:24 PM",Afternoon Run,Run,,2876,10.46,196.0,135,false,,,activities/11051577941.fit.gz,,,2876.0,2876.0,10461.98046875,5.480004787445068,3.6376843452453613,158.85536193847656,348.0,896.2000122070312,958.5,16.277652740478516,-0.010514261201024055,,,89.0,84.80980682373047,,174.93846130371094,,,785.0,,,135.0,,,,,,,,,,,,,0.0,,1.0,10791.2001953125,1701612032.0,1.0,2.2200000286102295,0.5099999904632568,-2.8399999141693115,0.6899999976158142,1022.3599853515625,1.6799999475479126,3.7699999809265137,221.0,0.0,1701585792.0,1701617920.0,0.75,,13822573.0,0.0,1.0,0.33000001311302185,32722.0,0.0,,,,,0.0,3.6376843452453613,939.0999755859375,,,,8130.0,,,,,,,,""
10328459296,"Dec 4, 2023, 6:06:37 PM",Zwift - Zwift Academy: Workout 2 | Fatigue Fighter in Watopia,Virtual Ride,,3198,30.20,175.0,86,false,,Ridley,activities/11057418343.fit.gz,,8.100000381469727,3198.0,3198.0,30199.478515625,13.662109375,9.443239212036133,157.0,0.0,0.4000000059604645,53.400001525878906,5.961280822753906,0.12980356812477112,,,,0.0,,160.74554443359375,,189.20562744140625,578.0,,,86.0,,,,,,,,,200.0,3199.0,,,0.0,,1.0,,,,,,,,,,,,,,,,9789874.0,,,,,,,,,,,0.0,9.443239212036133,0.0,,,,,,,,,,,,media/430d8b0c-90db-4f36-a29f-c394628e03a9.jpg
10333722616,"Dec 5, 2023, 6:16:23 PM",Evening Run,Run,,2560,9.03,162.0,39,false,,,activities/11062898075.fit.gz,,,2560.0,2555.0,9035.0400390625,5.440000057220459,3.5362191200256348,119.49095153808594,218.0,901.5999755859375,958.5,15.007906913757324,-0.014388425275683403,,,89.0,84.55437469482422,,149.1257781982422,,,584.0,,,39.0,,,,,,,,,,,,,0.0,,1.0,9296.2998046875,1701799168.0,2.0,-0.7699999809265137,-1.5399999618530273,-2.3299999237060547,0.8899999856948853,1012.52001953125,0.8899999856948853,1.399999976158142,353.0,0.0,1701758720.0,1701790592.0,0.75,,13822573.0,0.0,1.0,0.4099999964237213,25995.0,0.0,,,,,0.0,3.5293126106262207,0.0,,,,7214.0,,,,,,,,""
10349129608,"Dec 8, 2023, 5:33:55 PM",Zwift - Zwift Academy: Workout 3 | The Finisher in New York,Virtual Ride,,3011,26.27,176.0,69,false,,Ridley,activities/11078848625.fit.gz,,8.100000381469727,3011.0,3011.0,26270.62109375,17.152149200439453,8.724882125854492,312.0,0.0,4.400000095367432,46.20000076293945,11.342069625854492,0.005329145584255457,,,,0.0,,157.1522674560547,,183.52493286132812,528.0,,,69.0,,,,,,,,,199.0,3012.0,,,0.0,,1.0,,,,,,,,,,,,,,,,9789874.0,,,,,,,,,,,0.0,8.724882125854492,0.0,,,,,,,,,,,,media/0d3d0de2-5a22-4247-8626-4d068b2332c1.jpg
10358771831,"Dec 10, 2023, 7:48:52 AM",Morning Workout,Alpine Ski,"",22996,64.35,116.0,19,false,,,activities/11088999575.fit.gz,,,22996.0,13945.0,64353.08984375,19.940000534057617,4.614779472351074,8150.88525390625,8827.0,1553.9000244140625,2162.199951171875,49.61832046508789,-0.8282429575920105,,,117.0,51.78424835205078,,77.0816421508789,,,828.0,,,19.0,,19,,,,,,,,,0.0,,0.0,,1.0,,1702191616.0,1.0,-2.9000000953674316,-6.360000133514404,-9.170000076293945,0.6200000047683716,1015.3499755859375,2.4000000953674316,8.25,342.0,0.0,1702190976.0,1702222464.0,0.875,,,0.41999998688697815,6.0,0.14000000059604645,25342.0,0.0,,,,,0.0,2.7984471321105957,23392.19921875,,,,,,,,,,,,""
10364749503,"Dec 11, 2023, 6:17:54 PM",Zwift - Zwift Academy: Workout 4 |Fast Twitch HIIT on London Loop in London,Virtual Ride,,3023,26.15,170.0,61,false,,Ridley,activities/11095248470.fit.gz,,8.100000381469727,3023.0,3023.0,26149.720703125,21.014062881469727,8.65025520324707,298.0,0.0,3.0,155.60000610351562,15.761930465698242,-0.010707568377256393,,,,0.0,,153.23178100585938,,182.7380828857422,527.0,,,61.0,,,,,,,,,195.0,3024.0,,,0.0,,1.0,,,,,,,,,,,,,,,,9789874.0,,,,,,,,,,,0.0,8.65025520324707,0.0,,,,,,,,,,,,media/5d0e5878-2789-4315-b11f-1ad089f1a2c2.jpg
10370141200,"Dec 12, 2023, 6:01:57 PM",Evening Run,Run,,4021,13.56,186.0,109,false,,,activities/11100853554.fit.gz,,,4021.0,3913.0,13563.490234375,5.369921684265137,3.466263771057129,48.27381134033203,260.0,301.0,305.70001220703125,3.310166358947754,0.0,,,90.0,81.98855590820312,,163.44137573242188,,,946.0,,,109.0,,,,,,,,,,,,,0.0,,1.0,13588.900390625,1702403968.0,3.0,5.650000095367432,4.940000057220459,4.510000228881836,0.9200000166893005,1010.5399780273438,1.0199999809265137,1.149999976158142,21.0,0.0,1702363904.0,1702395392.0,0.875,,13822573.0,0.0,1.0,0.9100000262260437,22521.0,0.0,,,,,0.0,3.3731634616851807,72.5999984741211,,,,9954.0,,,,,,,,""
10385359237,"Dec 15, 2023, 6:25:45 PM",Zwift - Zwift Academy: Workout 5 | The Steady State in Paris,Virtual Ride,,3011,27.72,172.0,70,false,,Ridley,activities/11116687635.fit.gz,,8.100000381469727,3011.0,3011.0,27723.490234375,13.775976181030273,9.207403182983398,176.0,0.0,41.400001525878906,71.4000015258789,7.6654558181762695,0.06636970490217209,,,,0.0,,157.15525817871094,,195.0571746826172,560.0,,,70.0,,,,,,,,,203.0,3012.0,,,0.0,,1.0,,,,,,,,,,,,,,,,9789874.0,,,,,,,,,,,0.0,9.207403182983398,31.200000762939453,,,,,,,,,,,,media/a60dca56-e09d-42fc-8bed-410338ce7df5.jpg
10390947214,"Dec 16, 2023, 7:03:47 PM",We run for Christmas,Run,Tappa vichinga Valpiana - Zambla,2816,8.55,157.0,24,false,,,activities/11122536726.fit.gz,,,2816.0,2803.0,8558.900390625,7.3914618492126465,3.053478479385376,262.45416259765625,261.0,1006.0999755859375,1255.0999755859375,20.80482292175293,2.844991683959961,,,90.0,84.41502380371094,,143.56484985351562,,,610.0,,,24.0,,,,,,,,,,,0.0,,0.0,,1.0,9530.099609375,1702753152.0,1.0,1.159999966621399,0.3100000023841858,-3.4000000953674316,0.7200000286102295,1040.5400390625,0.9100000262260437,1.809999942779541,23.0,0.0,1702709760.0,1702740992.0,0.125,,13822573.0,0.0,1.0,0.0,40032.0,0.0,,,,,0.0,3.039382219314575,0.0,,,,7902.0,,,,,,,,""
10406153993,"Dec 19, 2023, 6:17:02 PM",Evening Run,Run,,3098,10.68,193.0,94,false,,,activities/11138469890.fit.gz,,,3098.0,2770.0,10680.5595703125,5.4949951171875,3.85579776763916,45.815635681152344,204.0,301.0,305.70001220703125,3.7931034564971924,0.0,,,90.0,84.85326385498047,,166.5600128173828,,,693.0,,,94.0,,,,,,,,,,,,,0.0,,1.0,10705.900390625,1703008768.0,1.0,8.479999542236328,7.519999980926514,3.4000000953674316,0.699999988079071,1021.489990234375,1.8799999952316284,2.700000047683716,14.0,0.0,1702969088.0,1703000320.0,0.125,,13822573.0,0.0,1.0,0.009999999776482582,32441.0,0.0,,,,,0.0,3.447566032409668,22.0,,,,7778.0,,,,,,,,""
10411270387,"Dec 20, 2023, 6:23:31 PM",Zwift - Zwift Academy: Workout 6 | All Out Burn in Makuri Islands,Virtual Ride,,2711,22.37,178.0,77,false,,Ridley,activities/11143755877.fit.gz,,8.100000381469727,2711.0,2711.0,22371.48046875,17.198047637939453,8.252113342285156,228.0,0.0,64.80000305175781,223.39999389648438,10.631407737731934,0.06168569624423981,,,,0.0,,162.17835998535156,,180.49851989746094,467.0,,,77.0,,,,,,,,,194.0,2712.0,,,0.0,,1.0,,,,,,,,,,,,,,,,9789874.0,,,,,,,,,,,0.0,8.252113342285156,0.0,,,,,,,,,,,,media/218f3173-2202-46cf-8434-febc5da6c581.jpg
10415172364,"Dec 21, 2023, 8:24:42 AM",Morning Workout,Alpine Ski,"",26790,85.33,145.0,31,false,,,activities/11147808598.fit.gz,,,26790.0,17115.0,85335.78125,28.100000381469727,4.986023902893066,8426.6650390625,9988.0,1418.5999755859375,3150.0,50.0,-0.7616967558860779,,,114.0,53.020389556884766,,88.25616455078125,,,1588.0,,,31.0,,28,,,,,,,,,0.0,,0.0,,1.0,,1703145600.0,1.0,-4.110000133514404,-4.880000114440918,-8.270000457763672,0.7300000190734863,1014.8400268554688,0.6000000238418579,3.5999999046325684,174.0,0.0,1703141632.0,1703172480.0,0.375,,,0.38999998569488525,6.0,0.36000001430511475,30669.0,0.0,,,,,0.0,3.185359477996826,6642.7998046875,,,,,,,,,,,,""
10420092918,"Dec 22, 2023, 9:21:17 AM",Morning Workout,Alpine Ski,"",20648,57.18,120.0,22,false,,,activities/11152556478.fit.gz,,,20648.0,14411.0,57181.28125,21.34000015258789,3.967892646789551,6538.5751953125,7383.0,1417.699951171875,2228.60009765625,49.91707992553711,-0.4919440448284149,,,99.0,50.05635452270508,,81.64030456542969,,,959.0,,,22.0,,19,,,,,,,,,0.0,,0.0,,1.0,,1703235584.0,4.0,-1.2599999904632568,-3.8299999237060547,-2.869999885559082,0.8899999856948853,1005.4500122070312,1.9199999570846558,7.71999979019165,285.0,0.7599999904632568,1703228032.0,1703259008.0,0.375,,,0.8700000047683716,6.0,0.9100000262260437,3590.0,0.0,,,,,0.0,2.7693374156951904,2437.39990234375,,,,,,,,,,,,""
10425411023,"Dec 23, 2023, 8:30:24 AM",Morning Workout,Alpine Ski,"",25838,72.55,117.0,26,false,,,activities/11158069414.fit.gz,,,25838.0,16604.0,72553.703125,21.780000686645508,4.369651794433594,7314.4541015625,8397.0,1412.300048828125,2300.89990234375,49.818180084228516,-0.8982312679290771,,,106.0,49.65247344970703,,82.92662811279297,,,1331.0,,,26.0,,21,,,,,,,,,0.0,,0.0,,1.0,,1703318400.0,1.0,-2.1600000858306885,-4.730000019073486,-7.269999980926514,0.6800000071525574,1011.2100219726562,1.809999942779541,9.699999809265137,332.0,0.0,1703314432.0,1703345408.0,0.375,,,0.0,1.0,0.2800000011920929,20642.0,0.0,,,,,0.0,2.808022975921631,1509.199951171875,,,,,,,,,,,,""
10440864442,"Dec 26, 2023, 5:23:22 PM",Zwift - Climb Portal: Old La Honda at 100% Elevation in France,Virtual Ride,,3732,31.20,180.0,106,false,,Ridley,activities/11174208932.fit.gz,,8.100000381469727,3732.0,3732.0,31204.62890625,20.635936737060547,8.361369132995605,526.0,0.0,10.399999618530273,408.3999938964844,18.723379135131836,0.0,,,,0.0,,161.42723083496094,,202.23907470703125,721.0,,,106.0,,,,,,,,,210.0,3733.0,,,0.0,,1.0,,,,,,,,,,,,,,,,9789874.0,,,,,,,,,,,0.0,8.361369132995605,0.0,,,,,,,,,,,,media/866601fe-5757-446c-b932-a548633b2569.jpg
10452184914,"Dec 28, 2023, 5:49:06 PM",Evening Run,Run,,2823,10.04,162.0,47,false,,,activities/11185956374.fit.gz,,,2823.0,2823.0,10045.8095703125,4.771687984466553,3.558558225631714,156.89083862304688,336.0,901.9000244140625,952.0,14.882925987243652,-0.0009954399429261684,,,87.0,84.09758758544922,,150.2433624267578,,,644.0,,,47.0,,,,,,,,,,,,,0.0,,1.0,10373.900390625,1703782784.0,3.0,5.630000114440918,4.860000133514404,3.2100000381469727,0.8399999737739563,1025.5699462890625,0.6700000166893005,1.2000000476837158,344.0,0.0,1703746944.0,1703778176.0,0.625,,13822573.0,0.0,1.0,0.8799999952316284,26911.0,0.0,,,,,0.0,3.558558225631714,942.5999755859375,,,,7934.0,,,,,,,,""
10457821856,"Dec 29, 2023, 5:58:40 PM",Zwift - 10x1min MAP (Max Aerobic) in Makuri Islands,Virtual Ride,,3009,27.39,167.0,40,false,,Ridley,activities/11191799280.fit.gz,,8.100000381469727,3009.0,3009.0,27398.8203125,13.101953506469727,9.105623245239258,134.0,0.0,61.79999923706055,72.0,4.929144859313965,0.0007299472927115858,,,,0.0,,144.82452392578125,,166.9202423095703,480.0,,,40.0,,,,,,,,,187.0,3010.0,,,0.0,,1.0,,,,,,,,,,,,,,,,9789874.0,,,,,,,,,,,0.0,9.105623245239258,0.0,,,,,,,,,,,,media/cabd2ed4-3217-474d-a3cf-2d2e2a3c902d.jpg
10493273553,"Jan 4, 2024, 3:31:54 PM",Afternoon Run,Run,,3422,12.46,186.0,97,false,,,activities/11228634083.fit.gz,,,3422.0,3422.0,12459.80078125,5.635937690734863,3.641087293624878,203.84571838378906,393.0,896.2999877929688,957.2999877929688,25.428504943847656,-0.001605162164196372,,,88.0,84.94291687011719,,162.39784240722656,,,841.0,,,97.0,,,,,,,,,,,,,0.0,,1.0,12972.5,1704380416.0,1.0,7.860000133514404,6.960000038146973,1.809999942779541,0.6600000262260437,1009.280029296875,0.75,2.319999933242798,350.0,0.0,1704351744.0,1704383360.0,0.75,,13822573.0,0.0,1.0,0.11999999731779099,32132.0,0.0,,,,,0.0,3.641087293624878,811.5,,,,9700.0,,,,,,,,""
10500316563,"Jan 5, 2024, 5:47:31 PM",Zwift - Workout of the Week | Uphill Battle on Neokyo Crit Course in London,Virtual Ride,,3683,30.24,180.0,81,false,,Ridley,activities/11235953983.fit.gz,,8.100000381469727,3683.0,3683.0,30246.51953125,20.598047256469727,8.212468147277832,402.0,0.0,4.0,249.39999389648438,15.612401962280273,0.019836993888020515,,,,0.0,,155.11688232421875,,178.29464721679688,626.0,,,81.0,,,,,,,,,197.0,3684.0,,,0.0,,1.0,,,,,,,,,,,,,,,,9789874.0,,,,,,,,,,,0.0,8.212468147277832,0.0,,,,,,,,,,,,media/1ada1c66-6c30-4ea8-8cc1-4a9af9479e7d.jpg
10513801517,"Jan 7, 2024, 4:53:08 PM",Zwift - Climb Portal: Col du Tourmalet at 100% Elevation in Watopia,Virtual Ride,,5138,20.60,176.0,159,false,,Ridley,activities/11250363617.fit.gz,,8.100000381469727,5138.0,5138.0,20600.62109375,20.691797256469727,4.009462833404541,1215.0,0.0,9.600000381469727,1213.5999755859375,28.29161262512207,4.933832168579102,,,,0.0,,165.3978271484375,,197.83203125,971.0,,,159.0,,,,,,,,,203.0,5139.0,,,0.0,,1.0,,,,,,,,,,,,,,,,9789874.0,,,,,,,,,,,0.0,4.009462833404541,0.0,,,,,,,,,,,,media/7e51ea0c-fcdf-45d7-80d1-aae74688c0c1.jpg
10519500529,"Jan 8, 2024, 5:44:04 PM",Evening Run,Run,,2569,9.08,171.0,50,false,,,activities/11256274198.fit.gz,,,2569.0,2569.0,9087.4599609375,4.776692867279053,3.537353038787842,136.49571228027344,297.0,908.2999877929688,951.9000244140625,10.274920463562012,-0.001100417459383607,,,88.0,84.0950927734375,,152.5796661376953,,,588.0,,,50.0,,,,,,,,,,,,,0.0,,1.0,9351.400390625,1704733184.0,3.0,4.909999847412109,4.150000095367432,3.0199999809265137,0.8799999952316284,1014.9000244140625,0.7099999785423279,1.309999942779541,165.0,0.0,1704697216.0,1704729216.0,0.875,,13822573.0,0.0,1.0,0.9599999785423279,23951.0,0.0,,,,,0.0,3.537353038787842,973.5,,,,7192.0,,,,,,,,""
10539138278,"Jan 11, 2024, 5:59:44 PM",Evening Run,Run,,3563,12.30,192.0,96,false,,,activities/11276896885.fit.gz,,,3563.0,3497.0,12303.2802734375,5.464013576507568,3.5182385444641113,50.392974853515625,221.0,301.0,305.70001220703125,3.156564474105835,0.0,,,93.0,83.4507064819336,,163.0655059814453,,,815.0,,,96.0,,,,,,,,,,,,,0.0,,1.0,12332.599609375,1704992384.0,1.0,3.6700000762939453,2.890000104904175,1.6100000143051147,0.8600000143051147,1023.1500244140625,0.9700000286102295,1.4299999475479126,0.0,0.0,1704956416.0,1704988672.0,0.875,,13822573.0,0.0,1.0,0.05000000074505806,26799.0,0.0,,,,,0.0,3.4530677795410156,48.599998474121094,,,,8968.0,,,,,,,,""
10545291814,"Jan 12, 2024, 6:02:03 PM",Zwift - Garmin UNBOUND Gravel Training Plan | Kansas Cadence Work in Watopia,Virtual Ride,,3612,30.59,156.0,44,false,,Ridley,activities/11283383702.fit.gz,,8.100000381469727,3612.0,3612.0,30594.7890625,16.73828125,8.470317840576172,389.0,0.0,-6.400000095367432,82.5999984741211,33.907413482666016,0.13989309966564178,,,,0.0,,144.12222290039062,,167.5440673828125,577.0,,,44.0,,,,,,,,,174.0,3613.0,,,0.0,,1.0,,,,,,,,,,,,,,,,9789874.0,,,,,,,,,,,0.0,8.470317840576172,0.0,,,,,,,,,,,,media/f0f105f7-fd52-4c43-9ec3-a33a08881a9f.jpg
10571236359,"Jan 16, 2024, 5:53:11 PM",Evening Run,Run,,2860,10.51,180.0,65,false,,,activities/11310378694.fit.gz,,,2860.0,2860.0,10513.6396484375,5.0239996910095215,3.676097869873047,158.50106811523438,343.0,908.2999877929688,958.5999755859375,12.76940631866455,0.0009511454263702035,,,90.0,85.4700698852539,,155.81344604492188,,,676.0,,,65.0,,,,,,,,,,,,,0.0,,1.0,10832.2998046875,1705424384.0,1.0,2.5899999141693115,1.7799999713897705,-0.17000000178813934,0.8199999928474426,1011.5399780273438,0.9599999785423279,1.940000057220459,342.0,0.0,1705388288.0,1705421056.0,0.125,,13822573.0,0.0,1.0,0.20000000298023224,21707.0,0.0,,,,,0.0,3.676097869873047,959.0,,,,8156.0,,,,,,,,""
10577375047,"Jan 17, 2024, 6:00:56 PM",Zwift - Temple Trek in Watopia,Virtual Ride,,612,6.61,167.0,9,false,,Ridley,activities/11316722242.fit.gz,,8.100000381469727,612.0,612.0,6609.27001953125,14.561999320983887,10.799461364746094,21.0,0.0,0.4000000059604645,100.19999694824219,7.955406188964844,-1.5009222030639648,,,,0.0,,148.2794189453125,,184.5735321044922,108.0,,,9.0,,,,,,,,,187.0,613.0,,,0.0,,1.0,,,,,,,,,,,,,,,,9789874.0,,,,,,,,,,,0.0,10.799461364746094,0.0,,,,,,,,,,,,media/9491880c-584c-435f-9e27-38fd4ff22762.jpg
10577514279,"Jan 17, 2024, 6:12:35 PM",Zwift - Race: BL13 RACE SERIES (C) on Fine and Sandy in Makuri Islands,Virtual Ride,,1150,11.35,181.0,48,false,,Ridley,activities/11316865055.fit.gz,,8.100000381469727,1150.0,1150.0,11354.8798828125,14.980029106140137,9.873808860778809,83.0,0.0,2.4000000953674316,25.600000381469727,6.766531467437744,0.001761355553753674,,,,0.0,,173.44435119628906,,225.9765167236328,258.0,,,48.0,,,,,,,,,232.0,1151.0,,,0.0,,1.0,,,,,,,,,,,,,,,,9789874.0,,,,,,,,,,,0.0,9.873808860778809,0.0,,,,,,,,,,,,media/4ac71297-d9e0-4045-9a02-75edb3581a78.jpg
10577679871,"Jan 17, 2024, 6:32:47 PM",Zwift - Climb Portal: Col des Aravis at 100% Elevation in Watopia,Virtual Ride,,1405,8.24,176.0,47,false,,Ridley,activities/11317032470.fit.gz,,8.100000381469727,1405.0,1405.0,8240.5703125,17.532032012939453,5.865174770355225,283.0,0.0,9.600000381469727,283.3999938964844,24.740238189697266,2.2935304641723633,,,,0.0,,168.5195770263672,,190.90818786621094,255.0,,,47.0,,,,,,,,,201.0,1406.0,,,0.0,,1.0,,,,,,,,,,,,,,,,9789874.0,,,,,,,,,,,0.0,5.865174770355225,0.0,,,,,,,,,,,,media/ee5dba10-3499-4351-845c-6edb35ff5a00.jpg
10583964704,"Jan 18, 2024, 6:17:13 PM",Evening Run,Run,,2834,10.70,165.0,35,false,,,activities/11323568275.fit.gz,,,2834.0,2701.0,10700.330078125,5.381673336029053,3.961617946624756,47.200157165527344,247.0,301.0,306.8999938964844,8.083141326904297,-0.0037382023874670267,,,91.0,86.47509002685547,,147.2730712890625,,,612.0,,,35.0,,,,,,,,,,,,,0.0,,1.0,10725.900390625,1705600768.0,3.0,6.929999828338623,6.210000038146973,5.010000228881836,0.8799999952316284,997.989990234375,0.9399999976158142,1.6699999570846558,30.0,0.0,1705560960.0,1705593984.0,0.25,,13822573.0,0.9100000262260437,5.0,0.9599999785423279,20456.0,0.0,,,,,0.0,3.775698661804199,101.5999984741211,,,,7796.0,,,,,,,,""
10596445142,"Jan 20, 2024, 5:44:45 PM",Zwift - Lactate Shuttle Short in Watopia,Virtual Ride,,2166,21.59,177.0,50,false,,Ridley,activities/11336413460.fit.gz,,8.100000381469727,2166.0,2166.0,21592.16015625,15.532031059265137,9.968679428100586,97.0,0.0,0.4000000059604645,100.19999694824219,7.959146976470947,-0.40199774503707886,,,,0.0,,156.961181640625,,201.5272674560547,416.0,,,50.0,,,,,,,,,217.0,2167.0,,,0.0,,1.0,,,,,,,,,,,,,,,,9789874.0,,,,,,,,,,,0.0,9.968679428100586,0.0,,,,,,,,,,,,media/4e1ea46b-f53f-41f3-8e85-50bb5c76e48f.jpg
10601361290,"Jan 21, 2024, 7:42:47 AM",Morning Workout,Alpine Ski,"",15340,72.59,113.0,17,false,,,activities/11341519977.fit.gz,,,15340.0,13012.0,72589.0625,20.739999771118164,5.578627586364746,9277.1435546875,10486.0,1065.699951171875,2162.39990234375,50.0,-1.4021388292312622,,,114.0,53.05390167236328,,75.20789337158203,,,710.0,,,17.0,,20,,,,,,,,,0.0,,0.0,,1.0,,1705820416.0,1.0,-6.949999809265137,-10.619999885559082,-16.229999542236328,0.47999998927116394,1035.199951171875,2.0299999713897705,4.099999904632568,5.0,0.0,1705820032.0,1705853312.0,0.375,,,0.0,1.0,0.05999999865889549,39283.0,0.0,,,,,0.0,4.732011795043945,28683.0,,,,,,,,,,,,""
10608886359,"Jan 22, 2024, 6:07:38 PM",Zwift - Climb Portal: Coll d'Ordino at 100% Elevation in Watopia,Virtual Ride,,3016,23.09,169.0,64,false,,Ridley,activities/11349263425.fit.gz,,8.100000381469727,3016.0,3016.0,23091.720703125,20.207813262939453,7.656405925750732,560.0,0.0,9.399999618530273,474.79998779296875,28.93889808654785,-0.003464441979303956,,,,0.0,,154.35411071777344,,205.7025909423828,593.0,,,64.0,,,,,,,,,213.0,3017.0,,,0.0,,1.0,,,,,,,,,,,,,,,,9789874.0,,,,,,,,,,,0.0,7.656405925750732,0.0,,,,,,,,,,,,media/fa65c254-009c-449f-b422-1a3dedf84061.jpg
10615398349,"Jan 23, 2024, 6:03:49 PM",Evening Run,Run,,2821,10.50,178.0,63,false,,,activities/11355933754.fit.gz,,,2821.0,2821.0,10500.4697265625,5.295996189117432,3.7222509384155273,150.87606811523438,339.0,908.2999877929688,958.5999755859375,14.745616912841797,-0.0009523383341729641,,,88.0,85.03551483154297,,157.21946716308594,,,698.0,,,63.0,,,,,,,,,,,,,0.0,,1.0,10818.900390625,1706032768.0,1.0,3.5299999713897705,2.640000104904175,-2.1500000953674316,0.6600000262260437,1031.3599853515625,1.2100000381469727,2.009999990463257,18.0,0.0,1705992832.0,1706026368.0,0.375,,13822573.0,0.0,1.0,0.20000000298023224,31628.0,0.0,,,,,0.0,3.7222509384155273,953.0,,,,8006.0,,,,,,,,""
10634748159,"Jan 26, 2024, 6:03:40 PM",Evening Run,Run,,2732,10.08,183.0,87,false,,,activities/11375741443.fit.gz,,,2732.0,2732.0,10079.7099609375,5.581933498382568,3.6894984245300293,142.98731994628906,284.0,901.9000244140625,949.4000244140625,10.035453796386719,-0.001984184142202139,,,89.0,85.45047760009766,,164.57603454589844,,,693.0,,,87.0,,,,,,,,,,,,,0.0,,1.0,10348.5,1706291968.0,1.0,6.239999771118164,5.380000114440918,1.559999942779541,0.7200000286102295,1026.0400390625,0.9900000095367432,1.6399999856948853,3.0,0.0,1706251776.0,1706285824.0,0.5,,13822573.0,0.0,1.0,0.33000001311302185,28816.0,0.0,,,,,0.0,3.6894984245300293,404.0,,,,7798.0,,,,,,,,""
10655403449,"Jan 29, 2024, 6:03:03 PM",Zwift - Jon's Mix on Climb Portal - Volcano in New York,Virtual Ride,,3762,30.37,169.0,72,false,,Ridley,activities/11397329061.fit.gz,,8.100000381469727,3762.0,3762.0,30374.060546875,19.4560546875,8.073912620544434,482.0,0.0,4.400000095367432,132.8000030517578,18.28081703186035,0.08494089543819427,,,,0.0,,151.17774963378906,,184.93667602539062,664.0,,,72.0,,,,,,,,,204.0,3763.0,,,0.0,,1.0,,,,,,,,,,,,,,,,9789874.0,,,,,,,,,,,0.0,8.073912620544434,0.0,,,,,,,,,,,,media/ceaf46c3-69a6-43af-b467-1b254882c448.jpg
10669203583,"Jan 31, 2024, 5:30:20 PM",Evening Run,Run,,2685,9.16,172.0,47,false,,,activities/11411482190.fit.gz,,,2685.0,2685.0,9164.23046875,4.666229248046875,3.413121223449707,147.25204467773438,382.0,901.9000244140625,951.7999877929688,10.529448509216309,-0.002182398224249482,,,88.0,84.52851104736328,,151.70864868164062,,,613.0,,,47.0,,,,,,,,,,,,,0.0,,1.0,9472.099609375,1706720384.0,1.0,5.829999923706055,4.989999771118164,1.7799999713897705,0.75,1032.52001953125,0.9200000166893005,0.9900000095367432,3.0,0.0,1706683520.0,1706718336.0,0.625,,13822573.0,0.0,1.0,0.30000001192092896,27521.0,0.0,,,,,0.0,3.413121223449707,416.29998779296875,,,,7558.0,,,,,,,,""
10682416880,"Feb 2, 2024, 5:53:18 PM",Evening Run,Run,,2867,10.23,182.0,74,false,,,activities/11425025604.fit.gz,,,2867.0,2867.0,10232.7802734375,5.278360843658447,3.569159507751465,151.89178466796875,473.0,908.2999877929688,958.5999755859375,11.3728666305542,-0.0039090062491595745,,,88.0,85.28861236572266,,160.3588104248047,,,694.0,,,74.0,,,,,,,,,,,,,0.0,,1.0,10540.7001953125,1706893184.0,3.0,7.369999885559082,6.489999771118164,2.009999990463257,0.6899999976158142,1029.4100341796875,0.9900000095367432,1.2899999618530273,14.0,0.0,1706856192.0,1706891264.0,0.625,,13822573.0,0.0,1.0,0.6700000166893005,27157.0,0.0,,,,,0.0,3.569159507751465,981.5999755859375,,,,8148.0,,,,,,,,""
10692258462,"Feb 4, 2024, 8:00:11 AM",10km Bergamo,Run,"",2307,10.14,189.0,68,false,,,activities/11435259503.fit.gz,,,2307.0,2307.0,10144.349609375,6.143945217132568,4.3972039222717285,66.80011749267578,302.0,237.8000030517578,274.8999938964844,5.178890228271484,0.009857703931629658,,,96.0,89.4832992553711,,161.38308715820312,,,579.0,,,68.0,,,,,,,,,,,0.0,,0.0,,1.0,10204.900390625,1707033600.0,1.0,6.269999980926514,5.380000114440918,0.9599999785423279,0.6899999976158142,1025.02001953125,1.0700000524520874,2.5999999046325684,33.0,0.0,1707028864.0,1707064320.0,0.875,,13822573.0,0.0,1.0,0.11999999731779099,31896.0,0.0,,,,,0.0,4.3972039222717285,256.70001220703125,,,,6848.0,,,,,,,,""
10702723860,"Feb 5, 2024, 6:17:50 PM",Zwift - Climb Portal: Cheddar Gorge at 100% Elevation in France,Virtual Ride,,1390,12.72,172.0,28,false,,Ridley,activities/11446211456.fit.gz,,8.100000381469727,1390.0,1390.0,12726.1494140625,19.322071075439453,9.155503273010254,185.0,0.0,10.399999618530273,184.0,12.480658531188965,0.0,,,,0.0,,153.40863037109375,,208.8827362060547,277.0,,,28.0,,,,,,,,,220.0,1391.0,,,0.0,,1.0,,,,,,,,,,,,,,,,9789874.0,,,,,,,,,,,0.0,9.155503273010254,0.0,,,,,,,,,,,,media/1fc51b6f-10f5-4798-a11e-8789f3251a91.jpg
10702972572,"Feb 5, 2024, 6:42:05 PM",Zwift - Mend in Makuri Islands,Virtual Ride,,1995,13.31,157.0,24,false,,Ridley,activities/11446463791.fit.gz,,8.100000381469727,1995.0,1995.0,13316.830078125,17.58203125,6.675102710723877,161.0,0.0,100.5999984741211,223.39999389648438,11.183588981628418,-0.02553161233663559,,,,0.0,,145.26365661621094,,144.95237731933594,276.0,,,24.0,,,,,,,,,149.0,1996.0,,,0.0,,1.0,,,,,,,,,,,,,,,,9789874.0,,,,,,,,,,,0.0,6.675102710723877,0.0,,,,,,,,,,,,media/7a48651e-ccf8-46e7-8e26-0bc1212a89be.jpg
10729087344,"Feb 9, 2024, 6:11:37 PM",Zwift - Lutscher CCW in Innsbruck,Virtual Ride,,3987,22.96,177.0,129,false,,Ridley,activities/11473274685.fit.gz,,8.100000381469727,3987.0,3945.0,22962.12890625,20.387889862060547,5.820565223693848,827.0,0.0,279.79998779296875,695.7999877929688,17.54414176940918,1.7759675979614258,,,,0.0,,166.99417114257812,,209.0826416015625,788.0,,,129.0,,,,,,,,,213.0,3988.0,,,0.0,,1.0,,,,,,,,,,,,,,,,9789874.0,,,,,,,,,,,0.0,5.759250164031982,0.0,,,,,,,,,,,,media/88881df6-09b7-43cc-be61-06ce579696fb.jpg
10741755731,"Feb 11, 2024, 3:08:13 PM","Zwift - Over, Under and Beyond in Makuri Islands",Virtual Ride,,2838,25.03,174.0,66,false,,Ridley,activities/11486370144.fit.gz,,8.100000381469727,2838.0,2838.0,25033.060546875,15.775976181030273,8.820670127868652,198.0,0.0,2.4000000953674316,59.20000076293945,7.092031002044678,0.03355562686920166,,,,0.0,,157.41995239257812,,186.76657104492188,506.0,,,66.0,,,,,,,,,201.0,2839.0,,,0.0,,1.0,,,,,,,,,,,,,,,,9789874.0,,,,,,,,,,,0.0,8.820670127868652,0.0,,,,,,,,,,,,media/e23f028e-58e1-458b-8212-5cbba5667af8.jpg
10748859383,"Feb 12, 2024, 6:17:55 PM",Evening Run,Run,,2721,10.02,180.0,67,false,,,activities/11493692452.fit.gz,,,2721.0,2721.0,10020.509765625,5.039998531341553,3.68265700340271,151.61289978027344,467.0,901.9000244140625,951.7999877929688,13.459571838378906,-0.0039918129332363605,,,90.0,85.7511978149414,,158.22564697265625,,,660.0,,,67.0,,,,,,,,,,,,,0.0,,1.0,10332.2001953125,1707760768.0,3.0,5.519999980926514,4.760000228881836,3.359999895095825,0.8600000143051147,1008.489990234375,0.5699999928474426,0.9800000190734863,20.0,0.0,1707719296.0,1707756160.0,0.125,,13822573.0,0.0,1.0,0.8899999856948853,24214.0,0.0,,,,,0.0,3.68265700340271,935.7999877929688,,,,7782.0,,,,,,,,""
10774678409,"Feb 16, 2024, 5:25:37 PM",Evening Run,Run,,2462,9.11,164.0,49,false,,,activities/11520251467.fit.gz,,,2462.0,2462.0,9109.41015625,5.087988376617432,3.7000041007995605,145.10491943359375,386.0,908.2999877929688,949.2999877929688,40.03407287597656,0.03842180594801903,,,90.0,86.18843841552734,,153.0821075439453,,,579.0,,,49.0,,,,,,,,,,,,,0.0,,1.0,9410.5,1708102784.0,3.0,7.96999979019165,7.199999809265137,4.590000152587891,0.7900000214576721,1021.4400024414062,0.4099999964237213,1.1200000047683716,243.0,0.0,1708064512.0,1708102144.0,0.125,,13822573.0,0.0,1.0,0.8399999737739563,25403.0,0.0,,,,,0.0,3.7000041007995605,816.7999877929688,,,,7086.0,,,,,,,,""
10786376598,"Feb 18, 2024, 7:37:37 AM",Morning Workout,Alpine Ski,"",15819,76.58,112.0,19,false,,,activities/11532357199.fit.gz,,,15819.0,14679.0,76583.140625,19.68000030517578,5.217187881469727,10023.8564453125,10672.0,1443.4000244140625,2162.39990234375,50.0,-0.6970206499099731,,,112.0,52.60907745361328,,74.96065521240234,,,697.0,,,19.0,,24,,,,,,,,,0.0,,0.0,,1.0,,1708239616.0,2.0,4.099999904632568,3.259999990463257,0.17000000178813934,0.7599999904632568,1032.3199462890625,1.100000023841858,2.630000114440918,2.0,0.0,1708237184.0,1708274944.0,0.375,,,0.0,1.0,0.6100000143051147,24138.0,0.0,,,,,0.0,4.841212272644043,25667.19921875,,,,,,,,,,,,""
10795014314,"Feb 19, 2024, 5:58:28 PM",Zwift - Climb Portal: Cote de Pike at 100% Elevation in Watopia,Virtual Ride,,923,6.25,176.0,22,false,,Ridley,activities/11541328145.fit.gz,,8.100000381469727,923.0,923.0,6256.5302734375,24.975976943969727,6.778472423553467,236.0,0.0,9.399999618530273,215.8000030517578,30.908634185791016,-0.015983300283551216,,,,0.0,,157.21127319335938,,223.6641387939453,197.0,,,22.0,,,,,,,,,238.0,924.0,,,0.0,,1.0,,,,,,,,,,,,,,,,9789874.0,,,,,,,,,,,0.0,6.778472423553467,0.0,,,,,,,,,,,,media/494e7adc-a64b-4156-83bf-45db99f94dca.jpg
10795405375,"Feb 19, 2024, 6:17:05 PM",Zwift - Pacer Group Ride: Watopia's Waistband in Watopia with Coco,Virtual Ride,,2771,30.22,167.0,78,false,,Ridley,activities/11541724714.fit.gz,,8.100000381469727,2771.0,2771.0,30222.12109375,16.764062881469727,10.906575202941895,101.0,0.0,-6.400000095367432,28.0,6.1807756423950195,0.0,,,,0.0,,160.57452392578125,,189.16348266601562,501.0,,,78.0,,,,,,,,,190.0,2772.0,,,0.0,,1.0,,,,,,,,,,,,,,,,9789874.0,,,,,,,,,,,0.0,10.906575202941895,0.0,,,,,,,,,,,,media/88567c4a-870e-403e-8588-e8c123c51a04.jpg
10802506482,"Feb 20, 2024, 6:04:46 PM",Evening Run,Run,,3392,11.02,197.0,54,false,,,activities/11549019754.fit.gz,,,3392.0,3148.0,11023.26953125,6.438313961029053,3.501673936843872,39.65797805786133,179.0,301.0,305.70001220703125,3.3333332538604736,0.0,,,93.0,84.9127426147461,,154.54571533203125,,,717.0,,,54.0,,,,,,,,,,,,,0.0,,1.0,11045.2998046875,1708451968.0,2.0,9.770000457763672,9.029999732971191,5.96999979019165,0.7699999809265137,1025.510009765625,1.090000033378601,1.7400000095367432,36.0,0.0,1708409728.0,1708448000.0,0.375,,13822573.0,0.0,1.0,0.41999998688697815,26870.0,0.0,,,,,0.0,3.2497847080230713,99.30000305175781,,,,7832.0,,,,,,,,""
10821797726,"Feb 23, 2024, 6:03:55 PM",Zwift - Workout of the Week | Finish Focus on Climb Portal - Mont Saint-Michel in Scotland,Virtual Ride,,1673,12.84,179.0,36,false,,Ridley,activities/11568846391.fit.gz,,8.100000381469727,1673.0,1673.0,12848.1904296875,17.722070693969727,7.679731369018555,206.0,0.0,27.600000381469727,87.0,15.094185829162598,-0.06537885218858719,,,,0.0,,154.64434814453125,,189.55169677734375,303.0,,,36.0,,,,,,,,,213.0,1674.0,,,0.0,,1.0,,,,,,,,,,,,,,,,9789874.0,,,,,,,,,,,0.0,7.679731369018555,12855.7001953125,,,,,,,,,,,,media/ef619049-01d3-4e81-8686-d8e9522ff4c4.jpg
10821924780,"Feb 23, 2024, 6:34:38 PM",Zwift - Brisk Burn in Makuri Islands,Virtual Ride,,1329,10.92,173.0,43,false,,Ridley,activities/11568976029.fit.gz,,8.100000381469727,1329.0,1329.0,10927.5,14.665918350219727,8.222347259521484,110.0,0.0,3.5999999046325684,25.600000381469727,7.09221076965332,0.009151224046945572,,,,0.0,,166.89315795898438,,182.77651977539062,231.0,,,43.0,,,,,,,,,188.0,1330.0,,,0.0,,1.0,,,,,,,,,,,,,,,,9789874.0,,,,,,,,,,,0.0,8.222347259521484,0.0,,,,,,,,,,,,media/fcaa0c10-7093-4cc0-9a08-e8e10e562e49.jpg
10828442539,"Feb 24, 2024, 4:50:10 PM",Zwift - Control The Burn on Leith Hill After Party in Makuri Islands,Virtual Ride,,926,8.87,163.0,17,false,,Ridley,activities/11575689913.fit.gz,,8.100000381469727,926.0,926.0,8873.7802734375,12.054003715515137,9.582915306091309,41.0,0.0,62.400001525878906,72.0,4.943696022033691,-0.033807508647441864,,,,0.0,,151.82937622070312,,175.57235717773438,155.0,,,17.0,,,,,,,,,177.0,927.0,,,0.0,,1.0,,,,,,,,,,,,,,,,9789874.0,,,,,,,,,,,0.0,9.582915306091309,0.0,,,,,,,,,,,,media/1fd97a82-c6f8-4a7c-a2bc-5895e90340cc.jpg
10828841790,"Feb 24, 2024, 5:06:22 PM",Zwift - Group Ride: Cycling Canada Saturday Fundo on Leith Hill After Party in London,Virtual Ride,,3643,37.04,174.0,125,false,,Ridley,activities/11576099453.fit.gz,,8.100000381469727,3643.0,3643.0,37044.11328125,15.387988090515137,10.168573379516602,202.0,0.0,4.0,31.399999618530273,8.619528770446777,0.001079792738892138,,,,0.0,,169.133056640625,,206.19752502441406,722.0,,,125.0,,,,,,,,,209.0,3644.0,,,0.0,,1.0,,,,,,,,,,,,,,,,9789874.0,,,,,,,,,,,0.0,10.168573379516602,1026.0999755859375,,,,,,,,,,,,media/29f7ea58-a6de-476d-98ee-38df7b2222c6.jpg
10849564648,"Feb 27, 2024, 6:20:13 PM",Zwift - Race: WKG - CRITTY CRITTY BANG BANG (B) on Downtown Dolphin in Crit City,Virtual Ride,,2751,29.28,174.0,92,false,,Ridley,activities/11597584735.fit.gz,,8.100000381469727,2751.0,2751.0,29279.220703125,14.580029487609863,10.643118858337402,244.0,0.0,119.4000015258789,127.4000015258789,6.256603240966797,0.0,,,,0.0,,168.47438049316406,,214.623046875,570.0,,,92.0,,,,,,,,,222.0,2752.0,,,0.0,,1.0,,,,,,,,,,,,,,,,9789874.0,,,,,,,,,,,0.0,10.643118858337402,0.0,,,,,,,,,,,,media/8df44891-e095-44fe-9541-a2da9caab28a.jpg
10856550101,"Feb 28, 2024, 6:07:17 PM",Evening Run,Run,,2591,9.25,173.0,62,false,,,activities/11604771647.fit.gz,,,2591.0,2588.0,9252.259765625,5.570019721984863,3.575061798095703,140.97378540039062,346.0,901.9000244140625,949.4000244140625,16.77239418029785,0.0021616341546177864,,,89.0,85.56082153320312,,158.23941040039062,,,631.0,,,62.0,,,,,,,,,,,,,0.0,,1.0,9549.0,1709143168.0,3.0,7.739999771118164,7.03000020980835,5.480000019073486,0.8600000143051147,1017.6300048828125,0.7400000095367432,1.840000033378601,348.0,0.0,1709100160.0,1709139968.0,0.625,,13822573.0,0.7200000286102295,5.0,0.7200000286102295,19448.0,0.0,,,,,0.0,3.570922374725342,941.0999755859375,,,,7396.0,,,,,,,,""
10863115889,"Feb 29, 2024, 6:16:22 PM",Evening Run,Run,,2606,10.01,177.0,41,false,,,activities/11611526276.fit.gz,,,2606.0,2523.0,10012.1796875,5.776651859283447,3.968363046646118,42.38666534423828,220.0,301.0,305.70001220703125,8.021389961242676,0.0029963506385684013,,,92.0,86.15592956542969,,149.95230102539062,,,585.0,,,41.0,,,,,,,,,,,,,0.0,,1.0,10040.400390625,1709229568.0,3.0,10.420000076293945,9.850000381469727,8.449999809265137,0.8799999952316284,1011.6500244140625,0.7699999809265137,1.2200000286102295,12.0,0.0,1709186432.0,1709226368.0,0.625,,13822573.0,0.38999998569488525,5.0,0.8999999761581421,21616.0,0.0,,,,,0.0,3.8419723510742188,28.0,,,,7218.0,,,,,,,,""
10872912982,"Mar 2, 2024, 10:06:27 AM",Zwift - The McCarthy Special on Climb Portal - Volcano in Makuri Islands,Virtual Ride,,3639,34.09,176.0,89,false,,Ridley,activities/11621616659.fit.gz,,8.100000381469727,3639.0,3639.0,34093.08984375,15.142187118530273,9.368807792663574,170.0,0.0,61.79999923706055,140.1999969482422,11.484155654907227,-0.127298504114151,,,,0.0,,158.2895965576172,,180.33883666992188,627.0,,,89.0,,,,,,,,,202.0,3640.0,,,0.0,,1.0,,,,,,,,,,,,,,,,9789874.0,,,,,,,,,,,0.0,9.368807792663574,0.0,,,,,,,,,,,,media/00f0c911-7332-49d5-a0bd-986a099d8d5d.jpg
10890138641,"Mar 4, 2024, 6:11:31 PM",Zwift - Over Under's 12 + 10 in Makuri Islands,Virtual Ride,,3412,25.14,175.0,77,false,,Ridley,activities/11640648928.fit.gz,,8.100000381469727,3412.0,3412.0,25146.859375,17.158008575439453,7.370122909545898,415.0,0.0,100.5999984741211,223.39999389648438,11.395950317382812,0.13122911751270294,,,,0.0,,155.94459533691406,,193.10084533691406,629.0,,,77.0,,,,,,,,,206.0,3413.0,,,0.0,,1.0,,,,,,,,,,,,,,,,9789874.0,,,,,,,,,,,0.0,7.370122909545898,0.0,,,,,,,,,,,,media/9ab414aa-630e-4a65-9bc5-66bd69dbc5a0.jpg
10897407769,"Mar 5, 2024, 6:21:10 PM",Zwift - Miracle on Climb Portal - Mont Saint-Michel in New York,Virtual Ride,,1208,8.43,170.0,18,false,,Ridley,activities/11652715318.fit.gz,,8.100000381469727,1208.0,1208.0,8436.990234375,21.508007049560547,6.9842634201049805,196.0,0.0,20.0,132.8000030517578,17.20846939086914,0.5025489330291748,,,,0.0,,147.0887908935547,,194.48464965820312,224.0,,,18.0,,,,,,,,,215.0,1209.0,,,0.0,,1.0,,,,,,,,,,,,,,,,9789874.0,,,,,,,,,,,0.0,6.9842634201049805,0.0,,,,,,,,,,,,media/710fb3f9-a670-4ae8-8ab5-fa309581da60.jpg
10897671569,"Mar 5, 2024, 6:42:24 PM",Zwift - Climb Portal: Cipressa at 100% Elevation in France,Virtual Ride,,1817,16.10,171.0,46,false,,Ridley,activities/11653003621.fit.gz,,8.100000381469727,1817.0,1817.0,16101.5498046875,18.121875762939453,8.861612319946289,242.0,0.0,10.399999618530273,241.0,12.172724723815918,0.0012421152787283063,,,,0.0,,160.07760620117188,,198.79415893554688,345.0,,,46.0,,,,,,,,,210.0,1818.0,,,0.0,,1.0,,,,,,,,,,,,,,,,9789874.0,,,,,,,,,,,0.0,8.861612319946289,0.0,,,,,,,,,,,,media/803e0e03-2bc6-499c-8765-9ae29078bf4d.jpg
10945452818,"Mar 12, 2024, 6:15:40 PM",Zwift - Wild Starts on Climb Portal - Volcano in Makuri Islands,Virtual Ride,,3608,30.75,174.0,83,false,,Ridley,activities/11703003917.fit.gz,,8.100000381469727,3608.0,3608.0,30757.849609375,16.676172256469727,8.524903297424316,209.0,0.0,64.19999694824219,140.1999969482422,7.077199459075928,0.0338125117123127,,,,0.0,,156.92904663085938,,184.0454559326172,634.0,,,83.0,,,,,,,,,202.0,3609.0,,,0.0,,1.0,,,,,,,,,,,,,,,,9789874.0,,,,,,,,,,,0.0,8.524903297424316,0.0,,,,,,,,,,,,media/02debd41-5faf-4a25-a622-18ece1a11fd2.jpg
10952802063,"Mar 13, 2024, 5:56:11 PM",Evening Run,Run,,2792,10.17,165.0,51,false,,,activities/11710593480.fit.gz,,,2792.0,2792.0,10172.3203125,6.473307132720947,3.643381118774414,146.45574951171875,365.0,908.2999877929688,958.4000244140625,12.518643379211426,0.08749233186244965,,,110.0,84.80057525634766,,151.04193115234375,,,660.0,,,51.0,,,,,,,,,,,,,0.0,,1.0,10464.0,1710349184.0,3.0,8.739999771118164,7.920000076293945,4.210000038146973,0.7300000190734863,1016.7100219726562,0.9700000286102295,1.9600000381469727,200.0,0.0,1710308224.0,1710350720.0,0.125,,13822573.0,0.0,1.0,0.6299999952316284,27813.0,0.0,,,,,0.0,3.643381118774414,930.7999877929688,,,,7908.0,,,,,,,,""
10970770922,"Mar 16, 2024, 9:30:10 AM",Morning Ride,Ride,,8877,60.40,177.0,206,false,,Ridley,activities/11729167968.fit.gz,,8.100000381469727,8877.0,8409.0,60404.9609375,14.913965225219727,7.183370113372803,937.1795654296875,1211.0,252.0,952.0999755859375,22.29317855834961,0.0014899438247084618,,,,,,157.87965393066406,,146.35037231445312,1840.0,,,206.0,,,,,,,,,,,,,0.0,,1.0,,1710579584.0,1.0,9.34000015258789,8.600000381469727,5.769999980926514,0.7799999713897705,1019.239990234375,1.1699999570846558,2.940000057220459,189.0,0.0,1710567040.0,1710610176.0,0.125,9789874.0,,0.0,1.0,0.3100000023841858,27042.0,2.0,,,,,0.0,6.804659366607666,0.0,,,,,,,,,,,,""
10980469905,"Mar 17, 2024, 7:47:44 AM",Morning Workout,Alpine Ski,"",17974,41.43,115.0,17,false,,,activities/11739529649.fit.gz,,,17974.0,13929.0,41435.0390625,20.020000457763672,2.974729061126709,5810.96826171875,6158.0,1443.5999755859375,2015.5,50.0,-0.1308072954416275,,,106.0,52.92943572998047,,73.40938568115234,,,1072.0,,,17.0,,15,,,,,,,,,0.0,,0.0,,1.0,,1710658816.0,3.0,1.1399999856948853,0.2800000011920929,-3.799999952316284,0.699999988079071,1024.25,1.3200000524520874,3.7300000190734863,318.0,0.0,1710653312.0,1710696576.0,0.25,,,0.0,1.0,0.8299999833106995,27611.76953125,1.0,,,,,0.0,2.305276393890381,17339.30078125,,,,,,,,,,,,""
10987909768,"Mar 18, 2024, 6:20:15 PM",Zwift - Workout of the Week | Step-Down Intervals on Climb Portal - Volcano in Watopia,Virtual Ride,,3170,26.50,170.0,73,false,,Ridley,activities/11747341178.fit.gz,,8.100000381469727,3170.0,3170.0,26507.609375,14.530004501342773,8.362022399902344,237.0,0.0,0.4000000059604645,100.19999694824219,8.639265060424805,-0.3659326434135437,,,,0.0,,157.08958435058594,,190.0113525390625,575.0,,,73.0,,,,,,,,,196.0,3171.0,,,0.0,,1.0,,,,,,,,,,,,,,,,9789874.0,,,,,,,,,,,0.0,8.362022399902344,0.0,,,,,,,,,,,,media/a4d98725-3961-45c4-9c6f-1590f03d8868.jpg
10994769129,"Mar 19, 2024, 5:16:36 PM",Evening Run,Run,,3474,12.64,184.0,102,false,,,activities/11754460211.fit.gz,,,3474.0,3474.0,12640.8095703125,6.145998954772949,3.638690233230591,176.21286010742188,407.0,896.7999877929688,949.4000244140625,11.2113676071167,0.006328708492219448,,,88.0,84.90835571289062,,164.1511688232422,,,890.0,,,102.0,,,,,,,,,,,,,0.0,,1.0,12962.5,1710867584.0,3.0,13.15999984741211,12.5600004196167,8.789999961853027,0.75,1017.97998046875,0.9900000095367432,2.369999885559082,173.0,0.0,1710825856.0,1710869504.0,0.375,,13822573.0,0.0,1.0,0.6299999952316284,26361.0,0.0,,,,,0.0,3.638690233230591,380.8999938964844,,,,9818.0,,,,,,,,""
11002482216,"Mar 20, 2024, 6:04:36 PM",Zwift - Expand on Climb Portal - Volcano in Makuri Islands,Virtual Ride,,1805,15.82,171.0,28,false,,Ridley,activities/11762412930.fit.gz,,8.100000381469727,1805.0,1805.0,15822.169921875,14.932031631469727,8.765745162963867,175.0,0.0,61.79999923706055,131.39999389648438,10.554020881652832,0.12134874612092972,,,,0.0,,147.92730712890625,,178.8851318359375,308.0,,,28.0,,,,,,,,,192.0,1806.0,,,0.0,,1.0,,,,,,,,,,,,,,,,9789874.0,,,,,,,,,,,0.0,8.765745162963867,0.0,,,,,,,,,,,,media/bdc0400b-f6ed-4081-8de2-d218ddfde484.jpg
11002666905,"Mar 20, 2024, 6:36:17 PM",Zwift - Micro Wave in New York,Virtual Ride,,1234,11.70,172.0,34,false,,Ridley,activities/11762601017.fit.gz,,8.100000381469727,1234.0,1234.0,11706.1796875,16.401952743530273,9.486369132995605,123.0,0.0,17.0,46.20000076293945,11.605586051940918,-0.0768824890255928,,,,0.0,,160.5372772216797,,193.5186309814453,228.0,,,34.0,,,,,,,,,201.0,1235.0,,,0.0,,1.0,,,,,,,,,,,,,,,,9789874.0,,,,,,,,,,,0.0,9.486369132995605,0.0,,,,,,,,,,,,media/85f87821-d205-4cc3-ad29-40c2406c8607.jpg
11009876987,"Mar 21, 2024, 6:19:45 PM",Evening Run,Run,,2886,10.82,190.0,93,false,,,activities/11769984157.fit.gz,,,2886.0,2701.0,10827.8896484375,5.329996585845947,4.00884485244751,50.029998779296875,187.0,299.8999938964844,305.70001220703125,6.250049114227295,0.0,,,90.0,85.67562866210938,,167.1810760498047,,,696.0,,,93.0,,,,,,,,,,,,,0.0,,1.0,10859.099609375,1711043968.0,1.0,14.550000190734863,14.100000381469727,10.529999732971191,0.7699999809265137,1018.8300170898438,0.8700000047683716,2.450000047683716,63.0,0.0,1710998528.0,1711042560.0,0.375,,13822573.0,0.0,1.0,0.09000000357627869,25670.0,0.0,,,,,0.0,3.7518675327301025,41.599998474121094,,,,7718.0,,,,,,,,""
11021203680,"Mar 23, 2024, 8:08:10 AM",Morning Ride,Ride,,12023,75.39,,,false,,Ridley,activities/11781671995.fit.gz,,8.100000381469727,12023.0,10901.0,75392.3828125,15.40625,6.916097640991211,1277.285888671875,1521.0,262.6000061035156,951.7000122070312,28.97710418701172,0.0022548697888851166,,,,,,,,144.1044921875,3057.0,,,,,,,,,,,,,,,,0.0,,1.0,,1711180800.0,2.0,12.680000305175781,11.949999809265137,7.179999828338623,0.6899999976158142,1012.219970703125,0.9900000095367432,2.299999952316284,243.0,0.0,1711171072.0,1711215488.0,0.375,9789874.0,,0.3499999940395355,5.0,0.5299999713897705,26741.0,1.0,,,,,0.0,6.270679473876953,0.0,,,,,,,,,,,,""
11030253277,"Mar 24, 2024, 4:47:42 PM",Afternoon Run,Run,,2852,10.05,167.0,53,false,,,activities/11791025324.fit.gz,,,2852.0,2843.0,10055.4697265625,4.848563194274902,3.5369222164154053,178.33213806152344,298.0,896.7000122070312,966.2999877929688,39.59162902832031,0.028840025886893272,,,88.0,84.93244171142578,,151.5365753173828,,,659.0,,,53.0,,,,,,,,,,,,,0.0,,1.0,10478.5,1711296000.0,1.0,12.079999923706055,10.8100004196167,-3.1700000762939453,0.3400000035762787,1005.8800048828125,1.7899999618530273,5.760000228881836,288.0,0.0,1711257344.0,1711301888.0,0.375,,13822573.0,0.09000000357627869,5.0,0.019999999552965164,30958.0,0.0,,,,,0.0,3.5257608890533447,790.0999755859375,,,,8048.0,,,,,,,,""
11036789910,"Mar 25, 2024, 6:19:28 PM",Zwift - SST (Short) in Makuri Islands,Virtual Ride,,3067,30.07,171.0,78,false,,Ridley,activities/11797765932.fit.gz,,8.100000381469727,3067.0,3067.0,30078.37890625,16.078125,9.807101249694824,198.0,0.0,61.79999923706055,131.39999389648438,7.8066630363464355,0.012633669190108776,,,,0.0,,158.44082641601562,,207.42745971679688,607.0,,,78.0,,,,,,,,,213.0,3068.0,,,0.0,,1.0,,,,,,,,,,,,,,,,9789874.0,,,,,,,,,,,0.0,9.807101249694824,0.0,,,,,,,,,,,,media/273d4752-b245-49d7-bd6b-7c3fbc78d5e2.jpg
11050421290,"Mar 27, 2024, 5:45:01 PM",Zwift - Strength Endurance + REV for :15 seconds on Climb Portal - Volcano in Scotland,Virtual Ride,,2765,25.70,164.0,47,false,,Ridley,activities/11812248336.fit.gz,,8.100000381469727,2765.0,2765.0,25703.201171875,16.087987899780273,9.295913696289062,214.0,0.0,21.799999237060547,53.79999923706055,8.836479187011719,-0.06847395747900009,,,,0.0,,149.13165283203125,,185.57757568359375,490.0,,,47.0,,,,,,,,,194.0,2766.0,,,0.0,,1.0,,,,,,,,,,,,,,,,9789874.0,,,,,,,,,,,0.0,9.295913696289062,0.0,,,,,,,,,,,,media/2b1a50b1-72fe-4830-84d2-3572d92928ff.jpg
11057087882,"Mar 28, 2024, 6:16:16 PM",Evening Run,Run,,3053,10.17,186.0,71,false,,,activities/11819195184.fit.gz,,,3053.0,2975.0,10170.7001953125,5.467529296875,3.4187228679656982,39.36714172363281,219.0,300.70001220703125,305.70001220703125,3.0143134593963623,0.0,,,92.0,85.18821716308594,,160.5718231201172,,,707.0,,,71.0,,,,,,,,,,,,,0.0,,1.0,10188.2998046875,1711648768.0,3.0,7.639999866485596,6.949999809265137,5.909999847412109,0.8899999856948853,1004.280029296875,0.9700000286102295,2.25,318.0,0.49000000953674316,1711602432.0,1711647872.0,0.625,,13822573.0,0.7900000214576721,5.0,0.8100000023841858,16702.0,0.0,,,,,0.0,3.331378936767578,36.5,,,,7324.0,,,,,,,,""
11071251103,"Mar 30, 2024, 5:19:53 PM",Zwift - Climb Portal: Col du Platzerwasel at 100% Elevation in Watopia,Virtual Ride,,2705,18.15,176.0,82,false,,Ridley,activities/11834297068.fit.gz,,8.100000381469727,2705.0,2705.0,18157.658203125,21.972070693969727,6.712628364562988,630.0,0.0,3.5999999046325684,586.5999755859375,28.08272933959961,-0.037449758499860764,,,,0.0,,165.01959228515625,,213.57374572753906,552.0,,,82.0,,,,,,,,,222.0,2706.0,,,0.0,,1.0,,,,,,,,,,,,,,,,9789874.0,,,,,,,,,,,0.0,6.712628364562988,0.0,,,,,,,,,,,,media/d5261578-9add-46cf-a6cd-9410721b88ae.jpg
11071457937,"Mar 30, 2024, 6:06:52 PM",Zwift - Instant Inferno in Makuri Islands,Virtual Ride,,1210,8.95,171.0,34,false,,Ridley,activities/11834545074.fit.gz,,8.100000381469727,1210.0,1210.0,8958.099609375,16.879980087280273,7.403388023376465,139.0,0.0,100.5999984741211,223.39999389648438,11.121339797973633,0.006697832141071558,,,,0.0,,161.7371826171875,,185.8801727294922,215.0,,,34.0,,,,,,,,,193.0,1211.0,,,0.0,,1.0,,,,,,,,,,,,,,,,9789874.0,,,,,,,,,,,0.0,7.403388023376465,0.0,,,,,,,,,,,,media/b4cd5a40-c376-4273-bbd1-caeed08c343d.jpg
11092324236,"Apr 2, 2024, 5:00:55 PM",Evening Run,Run,,2844,10.19,179.0,56,false,,,activities/11857002871.fit.gz,,,2844.0,2582.0,10195.1904296875,5.245995998382568,3.94856333732605,51.63999938964844,181.0,274.70001220703125,310.20001220703125,7.9848504066467285,-0.016674529761075974,,,91.0,85.36395263671875,,156.6911163330078,,,629.0,,,56.0,,,,,,,,,,,,,0.0,,1.0,10229.7998046875,1712077184.0,1.0,14.729999542236328,13.84000015258789,6.039999961853027,0.5600000023841858,1013.4299926757812,1.5700000524520874,3.8399999141693115,234.0,0.0,1712033920.0,1712080256.0,0.75,,13822573.0,0.0,1.0,0.029999999329447746,28203.0,0.0,,,,,0.0,3.5848066806793213,8958.900390625,,,,7314.0,,,,,,,,""
11099536732,"Apr 3, 2024, 4:52:21 PM",Zwift - Taper Steady on Climb Portal - Volcano in New York,Virtual Ride,,3370,30.04,177.0,91,false,,Ridley,activities/11864483155.fit.gz,,8.100000381469727,3370.0,3370.0,30042.87109375,17.241992950439453,8.914798736572266,393.0,0.0,4.400000095367432,46.20000076293945,11.428584098815918,0.04992865025997162,,,,0.0,177.0,160.77903747558594,,195.14256286621094,628.0,,,91.0,,,,,,,,,204.0,3371.0,,,0.0,,1.0,,,,,,,,,,,,,,,,9789874.0,,,,,,,,,,,0.0,8.914798736572266,0.0,,,,,,,,,,,,media/cacb9a8a-2be9-4fcd-9fdf-139a679230ba.jpg
11106699235,"Apr 4, 2024, 5:09:57 PM",Evening Run,Run,,2945,11.05,171.0,49,false,,,activities/11871831156.fit.gz,,,2945.0,2945.0,11058.5400390625,4.711751461029053,3.7550220489501953,41.502498626708984,216.0,296.79998779296875,326.6000061035156,5.685604095458984,0.0,,,87.0,85.2607192993164,171.0,150.3824005126953,,,688.0,,,49.0,,,,,,,,,,,,,0.0,,1.0,11093.599609375,1712249984.0,2.0,15.079999923706055,14.510000228881836,9.5600004196167,0.699999988079071,1018.010009765625,1.2799999713897705,3.0399999618530273,228.0,0.0,1712206464.0,1712253184.0,0.875,,13822573.0,0.0,1.0,0.550000011920929,26943.0,0.0,,,,,0.0,3.7550220489501953,9147.400390625,,,,8374.0,,,,,3.7669270038604736,,,""
11113397555,"Apr 5, 2024, 4:37:31 PM",Evening Ride,Ride,,4451,31.42,173.0,96,false,,Ridley,activities/11878717629.fit.gz,,8.100000381469727,4451.0,4419.0,31421.6484375,15.842187881469727,7.110579013824463,772.4287109375,895.0,428.8999938964844,1017.5,43.275840759277344,0.0038190230261534452,,,,,173.0,155.15003967285156,,177.59677124023438,944.0,,,96.0,,,,,,,,,,,,,0.0,,1.0,,1712332800.0,3.0,13.170000076293945,12.5,8.069999694824219,0.7099999785423279,1022.0700073242188,1.559999942779541,4.25,227.0,0.0,1712292736.0,1712339712.0,0.875,9789874.0,,0.0,1.0,0.6700000166893005,25723.0,1.0,,,,,0.0,7.059458255767822,0.0,,,,,,,,,,,,""
11117623208,"Apr 6, 2024, 7:48:49 AM",Morning Ride,Ride,,10237,68.55,168.0,127,false,,Ridley,activities/11883101803.fit.gz,,8.100000381469727,10237.0,9736.0,68553.9453125,15.448046684265137,7.041284084320068,891.8123779296875,1043.0,196.1999969482422,951.7000122070312,49.349395751953125,0.0007293526432476938,,,,,168.0,143.2357635498047,,138.30677795410156,1698.0,,,127.0,,,,,,,,,,,,,0.0,,1.0,,1712386816.0,2.0,12.720000267028809,12.09000015258789,8.4399995803833,0.75,1023.9099731445312,0.36000001430511475,1.1200000047683716,45.0,0.0,1712379008.0,1712426112.0,0.875,9789874.0,,0.0,1.0,0.5299999713897705,17670.0,1.0,,,,,0.0,6.696682929992676,2312.10009765625,,,,,,,,,,,,""
11124400286,"Apr 7, 2024, 8:00:45 AM",Innovation Run,Run,Uno schifo 🙈,2403,10.10,183.0,74,false,,,activities/11890070912.fit.gz,,,2403.0,2399.0,10104.8798828125,5.558268070220947,4.212121486663818,33.297142028808594,172.0,208.8000030517578,218.1999969482422,7.553764820098877,0.008906587958335876,,,97.0,87.47831726074219,183.0,164.24436950683594,,,622.0,,,74.0,,,,,,,,,,,0.0,,0.0,,1.0,10131.2998046875,1712476800.0,2.0,16.56999969482422,16.149999618530273,11.079999923706055,0.699999988079071,1022.0499877929688,1.0399999618530273,1.8600000143051147,221.0,0.0,1712465408.0,1712512640.0,0.875,,13822573.0,0.0,1.0,0.38999998569488525,27306.0,2.0,,,,,0.0,4.2051100730896,3384.89990234375,,,,7010.0,,,,,4.223134517669678,,,""
11143262098,"Apr 9, 2024, 5:01:52 PM",Zwift - Le Col - Training With Legends - Sir Bradley Wiggins - Ultimate Warm Up on Climb Portal - Mont Saint-Michel in Makuri Islands,Virtual Ride,,966,7.45,159.0,9,false,,Ridley,activities/11909575878.fit.gz,,8.100000381469727,966.0,966.0,7454.52001953125,15.919921875,7.716894626617432,114.0,0.0,61.79999923706055,131.39999389648438,8.196897506713867,0.5821970105171204,,,,0.0,159.0,138.4527587890625,,172.307373046875,158.0,,,9.0,,,,,,,,,187.0,967.0,,,0.0,,1.0,,,,,,,,,,,,,,,,9789874.0,,,,,,,,,,,0.0,7.716894626617432,0.0,,,,,,,40.0,122.0,,,,media/d393ee25-641f-4417-ac1a-2c1b46f49192.jpg
11143741257,"Apr 9, 2024, 5:20:01 PM",Zwift - Climb Portal: Cote de Trebiac at 100% Elevation in Watopia,Virtual Ride,,2812,25.47,171.0,73,false,,Ridley,activities/11910062203.fit.gz,,8.100000381469727,2812.0,2812.0,25475.71875,20.583984375,9.05964469909668,395.0,0.0,2.200000047683716,214.8000030517578,24.001983642578125,0.2669208347797394,,,,0.0,171.0,159.71693420410156,,216.49075317382812,581.0,,,73.0,,,,,,,,,226.0,2813.0,,,0.0,,1.0,,,,,,,,,,,,,,,,9789874.0,,,,,,,,,,,0.0,9.05964469909668,0.0,,,,,,,170.0,148.0,,,,media/6ae19605-8702-4e45-9ad1-c0b045699972.jpg
11151462606,"Apr 10, 2024, 5:01:08 PM",Zwift - 2x15 FTP Intervals on Climb Portal - Mont Saint-Michel in Watopia,Virtual Ride,,3608,32.43,170.0,72,false,,Ridley,activities/11917972044.fit.gz,,8.100000381469727,3608.0,3608.0,32432.94921875,15.440038681030273,8.989176750183105,308.0,0.0,0.4000000059604645,82.5999984741211,8.236055374145508,0.13874778151512146,,,,0.0,170.0,152.62496948242188,,199.7439727783203,688.0,,,72.0,,,,,,,,,214.0,3609.0,,,0.0,,1.0,,,,,,,,,,,,,,,,9789874.0,,,,,,,,,,,0.0,8.989176750183105,0.0,,,,,,,73.0,86.0,,,,media/0770df29-a477-4c67-b6d9-967f517046af.jpg
11170698020,"Apr 13, 2024, 7:31:17 AM",Morning Ride,Ride,Condizione atletica rimasta a Liverpool 🖤💙,11934,81.01,169.0,194,false,,Ridley,activities/11937713594.fit.gz,,8.100000381469727,11934.0,11518.0,81018.0859375,15.016016006469727,7.034041404724121,1403.463623046875,1849.0,292.79998779296875,951.5999755859375,19.214128494262695,-0.0017280091997236013,,,,,169.0,148.64227294921875,,145.64768981933594,2179.0,,,194.0,,,,,,,,,,,0.0,,0.0,,1.0,,1712991616.0,2.0,16.81999969482422,16.15999984741211,9.109999656677246,0.6000000238418579,1028.6300048828125,1.350000023841858,3.2300000190734863,30.0,0.0,1712983040.0,1713031552.0,0.125,9789874.0,,0.0,1.0,0.6000000238418579,22305.0,1.0,,,,,0.0,6.788846015930176,0.0,,,,,,,,,,,,""
11180305731,"Apr 14, 2024, 6:26:19 AM",Morning Ride,Ride,,22835,102.46,171.0,193,false,,Ridley,activities/11947647235.fit.gz,,8.100000381469727,22835.0,16557.0,102467.8828125,16.885936737060547,6.18879508972168,2302.914306640625,2571.0,317.1000061035156,1257.699951171875,18.057235717773438,0.001366281765513122,,,,,171.0,138.25860595703125,,141.34291076660156,2882.0,,,193.0,,,,,,,,,,,,,0.0,,1.0,,1713074432.0,1.0,13.90999984741211,13.149999618530273,7.300000190734863,0.6399999856948853,1024.47998046875,1.850000023841858,4.039999961853027,17.0,0.0,1713069440.0,1713117952.0,0.125,9789874.0,,0.0,1.0,0.23999999463558197,17916.0,0.0,,,,,0.0,4.487317085266113,41.900001525878906,,,,,,,,,,,,""
11196845849,"Apr 16, 2024, 4:27:09 PM",Evening Ride,Ride,,5835,36.86,170.0,73,false,,Ridley,activities/11964674517.fit.gz,,8.100000381469727,5835.0,5617.0,36865.6328125,15.039990425109863,6.5632243156433105,811.2110595703125,988.0,317.1000061035156,1050.9000244140625,20.25957489013672,0.0,,,,,170.0,140.67445373535156,,150.55978393554688,1026.0,,,73.0,,,,,,,,,,,,,0.0,,1.0,,1713283200.0,1.0,15.6899995803833,14.210000038146973,-3.7799999713897705,0.25999999046325684,1000.469970703125,3.799999952316284,6.659999847412109,6.0,0.0,1713241984.0,1713291008.0,0.25,9789874.0,,0.0,1.0,0.019999999552965164,30328.0,1.0,,,,,0.0,6.318017482757568,0.0,,,,,,,,,,,,""
11204327207,"Apr 17, 2024, 4:08:45 PM",Evening Ride,Ride,,6158,38.44,170.0,96,false,,Ridley,activities/11972331365.fit.gz,,8.100000381469727,6158.0,5881.0,38447.21875,15.717999458312988,6.537530899047852,971.3363037109375,1094.0,319.79998779296875,1093.5,18.937713623046875,0.0010403873166069388,,,,,170.0,147.8106231689453,,167.3542022705078,1142.0,,,96.0,,,,,,,,,,,,,0.0,,1.0,,1713369600.0,2.0,10.989999771118164,9.829999923706055,-1.5700000524520874,0.41999998688697815,1003.0800170898438,1.2300000190734863,4.599999904632568,53.0,0.0,1713328256.0,1713377408.0,0.375,9789874.0,,0.1899999976158142,5.0,0.5,24262.0,1.0,,,,,0.0,6.2434587478637695,0.0,,,,,,,,,,,,""
11223235398,"Apr 20, 2024, 6:00:38 AM",Morning Ride,Ride,Schifo ,19115,125.38,176.0,423,false,,Ridley,activities/11991758805.fit.gz,,8.100000381469727,19115.0,17363.0,125380.3125,16.720312118530273,7.221120357513428,2084.221435546875,2508.0,199.60000610351562,1254.300048828125,34.54545593261719,-0.00015951467503327876,,,,,176.0,158.1381072998047,,164.5119171142578,3682.0,,,423.0,,,,,,,,,,,0.0,,0.0,,1.0,,1713592832.0,1.0,8.399999618530273,7.340000152587891,0.699999988079071,0.5799999833106995,1008.6699829101562,1.9800000190734863,5.21999979019165,11.0,0.0,1713587200.0,1713636864.0,0.375,9789874.0,,0.0,1.0,0.019999999552965164,21537.0,0.0,,,,,0.0,6.559263229370117,0.0,,,,,,,,,,,,""
11240489102,"Apr 22, 2024, 5:12:16 PM",Zwift - Zwift Pro Training Camp: INEOS Grenadiers | Geraint Thomas on Climb Portal - Volcano in Makuri Islands,Virtual Ride,,3678,33.59,172.0,77,false,,Ridley,activities/12009588031.fit.gz,,8.100000381469727,3678.0,3678.0,33598.80859375,15.430078506469727,9.135075569152832,283.0,0.0,2.5999999046325684,140.1999969482422,15.514914512634277,0.02023879997432232,,,,0.0,172.0,154.151611328125,,195.95155334472656,688.0,,,77.0,,,,,,,,,204.0,3679.0,,,0.0,,1.0,,,,,,,,,,,,,,,,9789874.0,,,,,,,,,,,0.0,9.135075569152832,0.0,,,,,,,68.0,82.0,,,,media/8e4da346-eb85-4c8e-a820-493a90515e1e.jpg
11248309700,"Apr 23, 2024, 5:11:41 PM",Zwift - Triple Loops in London,Virtual Ride,,4616,41.19,173.0,125,false,,Ridley,activities/12017627438.fit.gz,,8.100000381469727,4616.0,4616.0,41191.48828125,21.42578125,8.923632621765137,568.0,0.0,4.0,249.39999389648438,16.117525100708008,0.00291322055272758,,,,0.0,173.0,159.15185546875,,210.10137939453125,927.0,,,125.0,,,,,,,,,215.0,4617.0,,,0.0,,1.0,,,,,,,,,,,,,,,,9789874.0,,,,,,,,,,,0.0,8.923632621765137,0.0,,,,,,,94.0,86.0,,,,media/1fa1ac2f-a16c-49dd-a2a3-df96f8115faa.jpg
11259982902,"Apr 25, 2024, 6:59:59 AM",Morning Ride,Ride,,11087,73.74,174.0,198,false,,Ridley,activities/12029597182.fit.gz,,8.100000381469727,11087.0,9782.0,73740.28125,17.930078506469727,7.538364887237549,1331.3670654296875,1543.0,262.6000061035156,945.9000244140625,27.621484756469727,0.007187387440353632,,,,,174.0,153.8765106201172,,178.13377380371094,2038.0,,,198.0,,,,,,,,,,,,,0.0,,1.0,,1714024832.0,2.0,2.2300000190734863,1.399999976158142,-1.2799999713897705,0.7799999713897705,1009.3499755859375,0.8500000238418579,2.140000104904175,32.0,0.07000000029802322,1714018688.0,1714069248.0,0.625,9789874.0,,0.20999999344348907,5.0,0.44999998807907104,23790.0,0.0,,,,,0.0,6.651058197021484,17.799999237060547,,,,,,,,,,,,""
11277597025,"Apr 27, 2024, 4:51:15 PM",Zwift - Free Ride Sandwich on Climb Portal - Mont Saint-Michel in Watopia,Virtual Ride,,3245,30.19,167.0,61,false,,Ridley,activities/12047980578.fit.gz,,8.100000381469727,3245.0,3245.0,30194.240234375,14.698046684265137,9.304850578308105,250.0,0.0,0.4000000059604645,82.5999984741211,8.238964080810547,-0.03709316626191139,,,,0.0,167.0,151.62310791015625,,188.37442016601562,584.0,,,61.0,,,,,,,,,202.0,3246.0,,,0.0,,1.0,,,,,,,,,,,,,,,,9789874.0,,,,,,,,,,,0.0,9.304850578308105,0.0,,,,,,,59.0,81.0,,,,media/01dd9a9d-ae4f-48c7-a5b6-b906f9a22785.jpg
11281964538,"Apr 28, 2024, 9:33:15 AM",Zwift - #8 on Climb Portal - Volcano in Makuri Islands,Virtual Ride,,4210,34.47,172.0,62,false,,Ridley,activities/12052516950.fit.gz,,8.100000381469727,4210.0,4210.0,34476.48828125,17.005859375,8.189189910888672,331.0,0.0,64.80000305175781,223.39999389648438,12.518146514892578,0.02088378742337227,,,,0.0,172.0,146.50035095214844,,171.9260711669922,691.0,,,62.0,,,,,,,,,194.0,4211.0,,,0.0,,1.0,,,,,,,,,,,,,,,,9789874.0,,,,,,,,,,,0.0,8.189189910888672,0.0,,,,,,,70.0,78.0,,,,media/5c0e757a-520f-497e-8fcb-b954c7cf6c7e.jpg
11292776374,"Apr 29, 2024, 4:28:30 PM",Evening Ride,Ride,"",5728,37.59,172.0,92,false,,Ridley,activities/12063587260.fit.gz,,8.100000381469727,5728.0,5570.0,37590.25,16.069921493530273,6.748698711395264,961.591552734375,1043.0,296.70001220703125,954.0,28.075504302978516,0.0018621849594637752,,,,,172.0,146.1391143798828,,171.06654357910156,1146.0,,,92.0,,,,,,,,,,,0.0,,0.0,,1.0,,1714406400.0,3.0,16.420000076293945,15.779999732971191,9.210000038146973,0.6200000047683716,1020.4600219726562,1.590000033378601,3.009999990463257,182.0,0.0,1714363904.0,1714415232.0,0.625,9789874.0,,0.05999999865889549,5.0,0.699999988079071,25023.0,1.0,,,,,0.0,6.562543869018555,0.0,,,,,,,,,,,,""
11300549518,"Apr 30, 2024, 4:33:22 PM",Evening Ride,Ride,,4739,34.00,166.0,69,false,,Ridley,activities/12071590113.fit.gz,,8.100000381469727,4739.0,4739.0,34007.0390625,17.169530868530273,7.175994873046875,778.1466064453125,1069.0,327.79998779296875,1017.5,23.645748138427734,-0.00029405675013549626,,,,,166.0,145.32284545898438,,177.4832000732422,965.0,,,69.0,,,,,,,,,,,,,0.0,,1.0,,1714492800.0,1.0,21.739999771118164,21.18000030517578,10.739999771118164,0.5,1014.7000122070312,2.049999952316284,5.53000020980835,141.0,0.05999999865889549,1714450176.0,1714501632.0,0.625,9789874.0,,0.10000000149011612,5.0,0.36000001430511475,25854.0,1.0,,,,,0.0,7.175994873046875,0.0,,,,,,,,,,,,""
11305926048,"May 1, 2024, 6:41:03 AM",Morning Ride,Ride,,15043,101.31,169.0,246,false,,Ridley,activities/12077096875.fit.gz,,8.100000381469727,15043.0,14693.0,101315.3203125,16.704687118530273,6.895482063293457,2084.712158203125,2294.0,252.0,991.7000122070312,21.61857795715332,0.0018753333715721965,,,,,169.0,148.02227783203125,,158.63929748535156,2689.0,,,246.0,,,,,,,,,,,,,0.0,,1.0,,1714543232.0,3.0,14.970000267028809,14.420000076293945,9.710000038146973,0.7099999785423279,1010.760009765625,1.340000033378601,2.9000000953674316,29.0,0.03999999910593033,1714536448.0,1714588160.0,0.625,9789874.0,,0.75,5.0,0.9399999976158142,21913.0,1.0,,,,,0.0,6.735047340393066,0.0,,,,,,,,,,,,""
11324222473,"May 3, 2024, 5:06:20 PM",Zwift - Foundation on Climb Portal - Volcano in Watopia,Virtual Ride,,3233,29.49,157.0,29,false,,Ridley,activities/12095909268.fit.gz,,8.100000381469727,3233.0,3233.0,29491.798828125,14.974023818969727,9.122115135192871,103.0,0.0,-6.400000095367432,28.0,5.41194486618042,-0.0013563078828155994,,,,0.0,157.0,138.58335876464844,,157.87255859375,487.0,,,29.0,,,,,,,,,165.0,3234.0,,,0.0,,1.0,,,,,,,,,,,,,,,,9789874.0,,,,,,,,,,,0.0,9.122115135192871,0.0,,,,,,,39.0,66.0,,,,media/a04bc826-258e-442b-b8e4-ca3da12d3d99.jpg
11336308379,"May 5, 2024, 5:03:16 AM",BGY Granfondo - percorso medio,Ride,"",14982,129.02,175.0,409,false,,Ridley,activities/12108358117.fit.gz,,8.100000381469727,14982.0,14982.0,129025.796875,19.962108612060547,8.612053871154785,2119.908203125,2400.0,262.6000061035156,945.9000244140625,27.342504501342773,-0.00031001551542431116,,,,,175.0,161.38185119628906,,223.25772094726562,3134.0,,,409.0,,,,,,,,,,,0.0,,0.0,,1.0,,1714885248.0,1.0,10.949999809265137,10.260000228881836,7.110000133514404,0.7699999809265137,1015.780029296875,1.100000023841858,2.7100000381469727,6.0,0.0,1714881792.0,1714934016.0,0.875,9789874.0,,0.20999999344348907,5.0,0.27000001072883606,25190.0,0.0,,,,,0.0,8.612053871154785,0.0,,,,,,,,,,,,""
11354849267,"May 7, 2024, 5:17:11 PM",Zwift - Wide Awake on Climb Portal - Volcano in New York,Virtual Ride,,2472,21.13,164.0,22,false,,Ridley,activities/12127423729.fit.gz,,8.100000381469727,2472.0,2472.0,21131.669921875,15.5361328125,8.548410415649414,220.0,0.0,17.0,46.20000076293945,11.125055313110352,-0.02460760995745659,,,,0.0,164.0,138.44737243652344,,165.05465698242188,389.0,,,22.0,,,,,,,,,179.0,2473.0,,,0.0,,1.0,,,,,,,,,,,,,,,,9789874.0,,,,,,,,,,,0.0,8.548410415649414,0.0,,,,,,,35.0,72.0,,,,media/58fe187e-c8ad-4bae-9d5f-5e8871747e45.jpg
11363043190,"May 8, 2024, 5:15:53 PM",Zwift - Power + Climbing on Climb Portal - Mont Saint-Michel in Watopia,Virtual Ride,,2798,25.14,170.0,54,false,,Ridley,activities/12135829829.fit.gz,,8.100000381469727,2798.0,2798.0,25140.849609375,18.719921112060547,8.9852933883667,288.0,0.0,1.2000000476837158,57.79999923706055,12.81870174407959,-0.0015910359797999263,,,,0.0,170.0,152.11151123046875,,187.68692016601562,502.0,,,54.0,,,,,,,,,198.0,2799.0,,,0.0,,1.0,,,,,,,,,,,,,,,,9789874.0,,,,,,,,,,,0.0,8.9852933883667,0.0,,,,,,,48.0,79.0,,,,media/05a8b4cf-7bff-49ad-86b5-ab4c2328a29b.jpg
11383358075,"May 11, 2024, 7:13:58 AM",Morning Ride,Ride,,10028,63.09,175.0,174,false,,Ridley,activities/12156735293.fit.gz,,8.100000381469727,10028.0,9193.0,63092.59765625,15.870312690734863,6.863112926483154,1512.042236328125,1637.0,379.8999938964844,1249.9000244140625,23.272727966308594,0.002377457916736603,,,,,175.0,151.54493713378906,,170.37257385253906,1775.0,,,174.0,,,,,,,,,,,,,0.0,,1.0,,1715410816.0,3.0,16.81999969482422,16.530000686645508,12.079999923706055,0.7400000095367432,1020.5499877929688,0.5699999928474426,2.559999942779541,59.0,0.019999999552965164,1715399680.0,1715452928.0,0.125,9789874.0,,0.07999999821186066,5.0,0.7200000286102295,24006.0,2.0,,,,,0.0,6.291643142700195,0.0,,,,,,,,,,,,""
11393090498,"May 12, 2024, 5:23:37 AM",Morning Ride,Ride,,25488,145.10,172.0,360,false,,Ridley,activities/12166779903.fit.gz,,8.100000381469727,25488.0,22718.0,145103.640625,17.190624237060547,6.3871660232543945,3224.09130859375,3678.0,188.5,1686.0,42.328041076660156,-6.891626253491268e-05,,,,,172.0,147.31082153320312,,158.43052673339844,3942.0,,,360.0,,,,,,,,,,,,,0.0,,1.0,,1715490048.0,3.0,13.4399995803833,12.949999809265137,9.979999542236328,0.800000011920929,1018.6199951171875,1.6200000047683716,3.6600000858306885,23.0,0.0,1715485952.0,1715539328.0,0.125,9789874.0,,0.550000011920929,5.0,0.7400000095367432,24743.0,0.0,,,,,0.0,5.693017959594727,19.799999237060547,,,,,,,,,,,,""
11410238966,"May 14, 2024, 5:13:08 PM",Zwift - Climb Portal: Crow Road at 100% Elevation in Watopia,Virtual Ride,,1809,15.98,171.0,40,false,,Ridley,activities/12184446135.fit.gz,,8.100000381469727,1809.0,1809.0,15983.490234375,20.235937118530273,8.835538864135742,262.0,0.0,9.399999618530273,264.3999938964844,25.251222610473633,0.007507752161473036,,,,0.0,171.0,155.44444274902344,,215.864013671875,373.0,,,40.0,,,,,,,,,224.0,1810.0,,,0.0,,1.0,,,,,,,,,,,,,,,,9789874.0,,,,,,,,,,,0.0,8.835538864135742,0.0,,,,,,,40.0,90.0,,,,media/fd6b6e33-5934-424f-8e81-9ccd88062cc5.jpg
11410523581,"May 14, 2024, 5:44:59 PM",Zwift - Lunar Light in Watopia,Virtual Ride,,1507,7.29,168.0,34,false,,Ridley,activities/12184734719.fit.gz,,8.100000381469727,1507.0,1507.0,7290.47021484375,17.502002716064453,4.837737560272217,359.0,0.0,76.19999694824219,373.79998779296875,14.64531135559082,3.300198793411255,,,,0.0,168.0,155.8345489501953,,193.54153442382812,278.0,,,34.0,,,,,,,,,200.0,1508.0,,,0.0,,1.0,,,,,,,,,,,,,,,,9789874.0,,,,,,,,,,,0.0,4.837737560272217,0.0,,,,,,,26.0,80.0,,,,media/34364b41-f8fe-4f31-84b6-e5805642ba80.jpg
11418074350,"May 15, 2024, 4:31:54 PM",Zwift - 01. Sweet Spot Foundation in New York,Virtual Ride,,2893,23.16,168.0,60,false,,Ridley,activities/12192485720.fit.gz,,8.100000381469727,2893.0,2893.0,23164.359375,21.055858612060547,8.007037162780762,404.0,0.0,4.599999904632568,132.8000030517578,18.934314727783203,0.03798940032720566,,,,0.0,168.0,153.99620056152344,,197.22640991210938,545.0,,,60.0,,,,,,,,,206.0,2894.0,,,0.0,,1.0,,,,,,,,,,,,,,,,9789874.0,,,,,,,,,,,0.0,8.007037162780762,0.0,,,,,,,54.0,82.0,,,,media/307029b6-36e6-4cf9-b421-0852d6473609.jpg
11438845687,"May 18, 2024, 5:41:11 AM",Morning Ride,Ride,,25627,170.03,173.0,437,false,,Ridley,activities/12213850846.fit.gz,,8.100000381469727,25627.0,23083.0,170029.453125,17.628515243530273,7.366003036499023,3360.725830078125,3853.0,186.6999969482422,1289.4000244140625,49.456451416015625,-0.0014703335473313928,,,,,173.0,150.6579132080078,,184.4073486328125,4348.0,,,437.0,,,,,,,,,,,,,0.0,,1.0,,1716008448.0,1.0,8.569999694824219,7.670000076293945,5.099999904632568,0.7900000214576721,1014.5499877929688,1.8300000429153442,3.3299999237060547,15.0,0.0,1716003968.0,1716058240.0,0.375,9789874.0,,0.25999999046325684,5.0,0.03999999910593033,23737.0,0.0,,,,,0.0,6.634777545928955,1518.699951171875,,,,,,,,,,,,""
11457252659,"May 20, 2024, 4:24:44 PM",Evening Ride,Ride,,4627,29.99,173.0,68,false,,Ridley,activities/12232883790.fit.gz,,8.100000381469727,4627.0,4498.0,29997.7109375,16.778125762939453,6.669122219085693,814.8579711914062,906.0,421.8999938964844,1017.5,32.071956634521484,-0.00033335876651108265,,,,,173.0,143.5078887939453,,176.56761169433594,830.0,,,68.0,,,,,,,,,,,,,0.0,,1.0,,1716220800.0,3.0,15.180000305175781,14.880000114440918,11.829999923706055,0.800000011920929,1009.27001953125,1.5,3.7799999713897705,119.0,0.8999999761581421,1716176640.0,1716231168.0,0.375,9789874.0,,0.5400000214576721,5.0,0.9599999785423279,11329.0,1.0,,,,,0.0,6.483188152313232,0.0,,,,,,,,,,,,""
11488201558,"May 24, 2024, 5:39:27 PM",Zwift - Step By Step on Climb Portal - Volcano in Watopia,Virtual Ride,,3352,30.07,175.0,72,false,,Ridley,activities/12264701077.fit.gz,,8.100000381469727,3352.0,3352.0,30070.939453125,18.428125381469727,8.971044540405273,254.0,0.0,-6.199999809265137,57.79999923706055,12.533656120300293,-0.0006650941213592887,,,,0.0,175.0,155.20883178710938,,188.61753845214844,604.0,,,72.0,,,,,,,,,206.0,3353.0,,,0.0,,1.0,,,,,,,,,,,,,,,,9789874.0,,,,,,,,,,,0.0,8.971044540405273,0.0,,,,,,,62.0,82.0,,,,media/5cd43910-bc55-4288-a8d2-fd2b88fc774e.jpg
11495723867,"May 25, 2024, 2:20:31 PM",Afternoon Ride,Ride,,10474,62.08,173.0,180,false,,Ridley,activities/12272470864.fit.gz,,8.100000381469727,10474.0,10190.0,62079.953125,15.803997993469238,6.09224271774292,1699.4727783203125,1872.0,292.79998779296875,977.2999877929688,25.688581466674805,0.0001610826002433896,,,,,173.0,147.39051818847656,,163.1490020751953,2011.0,,,180.0,,,,,,,,,,,,,0.0,,1.0,,1716645632.0,3.0,15.949999809265137,15.430000305175781,10.140000343322754,0.6800000071525574,1017.1599731445312,0.9800000190734863,3.5199999809265137,149.0,0.07999999821186066,1716608384.0,1716663424.0,0.625,9789874.0,,0.800000011920929,5.0,0.6800000071525574,23892.0,3.0,,,,,0.0,5.927052974700928,0.0,,,,,,,,,,,,""
11511518855,"May 27, 2024, 5:03:10 PM",Evening Ride,Ride,,4153,28.78,174.0,69,false,,Ridley,activities/12288794868.fit.gz,,8.100000381469727,4153.0,4085.0,28787.41015625,17.385936737060547,7.0471014976501465,726.252197265625,810.0,428.8999938964844,1017.5,27.644065856933594,0.0069474815391004086,,,,,174.0,147.80783081054688,,177.88189697265625,822.0,,,69.0,,,,,,,,,,,,,0.0,,1.0,,1716829184.0,3.0,15.779999732971191,15.369999885559082,11.069999694824219,0.7400000095367432,1016.1599731445312,1.4700000286102295,3.759999990463257,171.0,0.1599999964237213,1716781056.0,1716836352.0,0.625,9789874.0,,0.4000000059604645,5.0,0.8700000047683716,17565.0,1.0,,,,,0.0,6.9317145347595215,20.799999237060547,,,,,,,,,,,,""
11518848081,"May 28, 2024, 4:02:28 PM",Evening Ride,Ride,,7098,51.67,170.0,125,false,,Ridley,activities/12296326469.fit.gz,,8.100000381469727,7098.0,7077.0,51673.33984375,18.065624237060547,7.301588535308838,1191.8443603515625,1382.0,327.79998779296875,1060.199951171875,40.32766342163086,0.009095598943531513,,,,,170.0,149.40780639648438,,184.0511932373047,1440.0,,,125.0,,,,,,,,,,,,,0.0,,1.0,,1716912000.0,1.0,20.219999313354492,20.350000381469727,14.65999984741211,0.699999988079071,1014.3699951171875,0.949999988079071,2.7300000190734863,183.0,0.2800000011920929,1716867456.0,1716922752.0,0.625,9789874.0,,0.8199999928474426,5.0,0.30000001192092896,21107.0,1.0,,,,,0.0,7.2799859046936035,0.0,,,,,,,,,,,,""
11547074639,"Jun 1, 2024, 6:20:40 AM",Coppa Asteria,Ride,Durezza strappi: in confronto i cornei sono falsopiano ,21428,112.33,185.0,351,false,,Ridley,activities/12325415818.fit.gz,,8.100000381469727,21428.0,18178.0,112333.09375,16.497655868530273,6.179617881774902,2534.560546875,2839.0,229.39999389648438,677.5,37.617942810058594,0.0,,,,,185.0,151.9826202392578,,153.77529907226562,3448.0,,,351.0,,,,,,,,,,,0.0,,0.0,,1.0,,1717221632.0,2.0,13.6899995803833,13.079999923706055,8.819999694824219,0.7200000286102295,1010.510009765625,0.8199999928474426,2.700000047683716,41.0,0.0,1717212928.0,1717268608.0,0.875,9789874.0,,0.3100000023841858,5.0,0.5199999809265137,27281.0,1.0,,,,,0.0,5.2423505783081055,10625.2001953125,,,,,,,,,,,,media/1316920b-e6a3-407e-92e0-0173ba2cf059.jpg|media/9565264f-92ac-4542-8eab-52da4afb1d98.jpg|media/7d80b7ae-5505-4239-9d6d-19bf9be13a41.jpg
11554546236,"Jun 2, 2024, 8:28:18 AM",Morning Ride,Ride,,8955,63.01,169.0,141,false,,Ridley,activities/12333129758.fit.gz,,8.100000381469727,8955.0,8642.0,63013.0,16.13800048828125,7.291483402252197,1299.779541015625,1506.0,327.79998779296875,1060.199951171875,15.694059371948242,-0.0015869741328060627,,,,,169.0,146.2666015625,,171.96868896484375,1684.0,,,141.0,,,,,,,,,,,,,0.0,,1.0,,1717315200.0,2.0,17.81999969482422,17.469999313354492,11.739999771118164,0.6800000071525574,1015.6699829101562,1.2899999618530273,3.0,179.0,0.0,1717299200.0,1717355008.0,0.875,9789874.0,,0.550000011920929,5.0,0.3799999952316284,26075.0,3.0,,,,,0.0,7.036627292633057,0.0,,,,,,,,,,,,""
11573398247,"Jun 4, 2024, 5:13:55 PM",Zwift - 02. Endurance Escalator on Climb Portal - Volcano in Makuri Islands,Virtual Ride,,3026,28.08,226.0,68,false,,Ridley,activities/12352547828.fit.gz,,8.100000381469727,3026.0,3026.0,28081.83984375,15.024218559265137,9.280184745788574,213.0,0.0,2.5999999046325684,72.0,6.457664489746094,0.007122040260583162,,,,0.0,226.0,155.77066040039062,,193.26834106445312,558.0,,,68.0,,,,,,,,,202.0,3027.0,,,0.0,,1.0,,,,,,,,,,,,,,,,9789874.0,,,,,,,,,,,0.0,9.280184745788574,0.0,,,,,,,55.0,81.0,,,,media/56bea53f-8745-4617-b850-617f3b8ead73.jpg
11583297539,"Jun 5, 2024, 3:56:34 PM",Afternoon Ride,Ride,,6993,33.77,173.0,56,false,,Ridley,activities/12362691398.fit.gz,,8.100000381469727,6993.0,5121.0,33773.34765625,18.223438262939453,6.595069408416748,794.2337036132812,869.0,317.1000061035156,1051.300048828125,28.76404571533203,0.006514011882245541,,,,,173.0,137.29165649414062,,168.65145874023438,950.0,,,56.0,,,,,,,,,,,,,0.0,,1.0,,1717599616.0,1.0,23.649999618530273,23.729999542236328,14.359999656677246,0.5600000023841858,1015.1699829101562,2.0199999809265137,5.5,222.0,0.009999999776482582,1717558400.0,1717614464.0,0.875,9789874.0,,0.17000000178813934,5.0,0.2199999988079071,22282.0,3.0,,,,,0.0,4.829593658447266,0.0,,,,,,,,,,,,""
11597534113,"Jun 7, 2024, 5:02:42 PM",Evening Ride,Ride,,3518,25.62,175.0,67,false,,Ridley,activities/12377301874.fit.gz,,8.100000381469727,3518.0,3518.0,25624.099609375,17.921875,7.283711910247803,673.9083251953125,719.0,428.8999938964844,1017.5,18.896759033203125,-0.00936618261039257,,,,,175.0,149.62400817871094,,195.83580017089844,737.0,,,67.0,,,,,,,,,,,,,0.0,,1.0,,1717779584.0,3.0,21.270000457763672,21.8700008392334,16.790000915527344,0.7599999904632568,1015.1900024414062,1.4299999475479126,3.240000009536743,224.0,0.009999999776482582,1717731072.0,1717787264.0,0.125,9789874.0,,0.3400000035762787,5.0,0.800000011920929,25384.0,1.0,,,,,0.0,7.283711910247803,0.0,,,,,,,,,,,,""
11602549481,"Jun 8, 2024, 8:54:04 AM",Morning Ride,Ride,,9435,73.30,176.0,204,false,,Ridley,activities/12382465137.fit.gz,,8.100000381469727,9435.0,9435.0,73302.5390625,16.45599937438965,7.769214630126953,1269.7093505859375,1505.0,292.5,943.9000244140625,20.03795051574707,-0.001227788277901709,,,,,176.0,155.00328063964844,,174.4540252685547,1959.0,,,204.0,,,,,,,,,,,,,0.0,,1.0,,1717833600.0,3.0,20.719999313354492,21.3700008392334,17.06999969482422,0.800000011920929,1015.6300048828125,1.0499999523162842,3.0899999141693115,165.0,0.2199999988079071,1717817472.0,1717873792.0,0.125,9789874.0,,0.36000001430511475,5.0,0.9100000262260437,20823.0,3.0,,,,,0.0,7.769214630126953,0.0,,,,,,,,,,,,""
11610216084,"Jun 9, 2024, 5:08:03 AM",Morning Ride,Ride,,18970,120.00,172.0,309,false,,Ridley,activities/12390391451.fit.gz,,8.100000381469727,18970.0,18003.0,120004.921875,19.056249618530273,6.665829181671143,2709.0283203125,2908.0,186.6999969482422,1227.0,21.463415145874023,0.0005833093891851604,,,,,172.0,148.04562377929688,,170.45880126953125,3265.0,,,309.0,,,,,,,,,,,,,0.0,,1.0,,1717909248.0,3.0,14.970000267028809,14.720000267028809,12.220000267028809,0.8399999737739563,1009.1900024414062,1.409999966621399,2.240000009536743,17.0,0.0,1717903872.0,1717960192.0,0.125,9789874.0,,0.5199999809265137,5.0,0.9300000071525574,23706.0,0.0,,,,,0.0,6.3260369300842285,4066.10009765625,,,,,,,,,,,,""
11628421999,"Jun 11, 2024, 4:00:01 PM",Evening Ride,Ride,,4167,26.06,,,false,,Ridley,activities/12409141738.fit.gz,,8.100000381469727,4167.0,4006.0,26067.060546875,16.345996856689453,6.507004261016846,722.6139526367188,796.0,416.1000061035156,1093.5,18.93624496459961,0.0,,,,,,,,176.3534393310547,1254.0,,,,,,,,,,,,,,,,0.0,,1.0,,1718121600.0,3.0,18.110000610351562,18.190000534057617,14.449999809265137,0.7900000214576721,1009.719970703125,1.2000000476837158,2.5799999237060547,171.0,1.75,1718076672.0,1718132992.0,0.125,9789874.0,,0.8600000143051147,5.0,0.6600000262260437,11234.0,2.0,,,,,0.0,6.255593776702881,0.0,,,,,,,,,,,,""
11652417918,"Jun 14, 2024, 4:53:27 PM",Cronoscalata Algua-Selvino,Ride,"",4631,25.92,,,false,,Ridley,activities/12433776740.fit.gz,,8.100000381469727,4631.0,3476.0,25922.1484375,13.989990234375,7.457465171813965,544.781005859375,672.0,428.8999938964844,951.7000122070312,14.061476707458496,-0.02044583484530449,,,,,,,,170.70135498046875,1199.0,,,,,,,,,,,,,,0.0,,0.0,,1.0,,1718380800.0,3.0,20.219999313354492,20.010000228881836,12.800000190734863,0.6200000047683716,1015.97998046875,1.409999966621399,5.239999771118164,234.0,0.009999999776482582,1718335872.0,1718392320.0,0.25,9789874.0,,0.36000001430511475,5.0,0.7099999785423279,26198.0,2.0,,,,,0.0,5.597527503967285,0.0,,,,,,,,,,,,""
11664507301,"Jun 16, 2024, 5:00:38 AM",Berghem mola mia - percorso medio,Ride,"",19980,122.80,180.0,322,false,,Ridley,activities/12446268832.fit.gz,,8.100000381469727,19980.0,16471.0,122806.78125,18.759374618530273,7.455939292907715,2350.026611328125,2697.0,182.5,1263.699951171875,47.3684196472168,-0.03257149085402489,,,,,180.0,150.88339233398438,,177.82699584960938,3022.0,,,322.0,,,,,,,,,,,0.0,,0.0,,1.0,,1718514048.0,3.0,14.4399995803833,14.1899995803833,12.199999809265137,0.8600000143051147,1011.3400268554688,0.9100000262260437,1.4199999570846558,24.0,0.25999999046325684,1718508672.0,1718565248.0,0.375,9789874.0,,0.4300000071525574,5.0,0.9800000190734863,19631.0,0.0,,,,,0.0,6.146485328674316,26.5,,,,,,,,,,,,media/3ff13e68-392d-4184-9953-74e9f155b9ba.jpg|media/cd9aa07a-e00d-422a-b1e5-8570789b689c.mp4
11683278160,"Jun 18, 2024, 4:14:40 PM",Evening Ride,Ride,,7166,51.55,179.0,127,false,,Ridley,activities/12465624099.fit.gz,,8.100000381469727,7166.0,6903.0,51555.03125,17.937891006469727,7.468496322631836,1099.19140625,1194.0,317.1000061035156,951.7000122070312,22.416011810302734,0.0025215772911906242,,,,,179.0,151.1188201904297,,181.74266052246094,1398.0,,,127.0,,,,,,,,,,,,,0.0,,1.0,,1718726400.0,2.0,25.75,26.18000030517578,15.739999771118164,0.5400000214576721,1017.2999877929688,1.2599999904632568,2.5999999046325684,191.0,0.029999999329447746,1718681472.0,1718738048.0,0.375,9789874.0,,0.03999999910593033,5.0,0.38999998569488525,26762.0,2.0,,,,,0.0,7.194394588470459,0.0,,,,,,,,,,,,""
11691081964,"Jun 19, 2024, 4:07:44 PM",Evening Ride,Ride,,4669,31.14,172.0,78,false,,Ridley,activities/12473652521.fit.gz,,8.100000381469727,4669.0,4221.0,31144.94140625,17.726171493530273,7.37856912612915,779.2191772460938,842.0,428.8999938964844,1017.5,16.98175811767578,-0.0012843176955357194,,,,,172.0,148.75047302246094,,193.13768005371094,889.0,,,78.0,,,,,,,,,,,,,0.0,,1.0,,1718812800.0,3.0,24.280000686645508,25.15999984741211,17.520000457763672,0.6600000262260437,1016.97998046875,1.3899999856948853,3.5199999809265137,227.0,0.0,1718767872.0,1718824448.0,0.375,9789874.0,,0.41999998688697815,5.0,0.75,25261.0,2.0,,,,,0.0,6.6705803871154785,0.0,,,,,,,,,,,,""
11711699956,"Jun 22, 2024, 7:36:52 AM",Morning Ride,Ride,,18549,112.96,175.0,304,false,,Ridley,activities/12494878537.fit.gz,,8.100000381469727,18549.0,15980.0,112960.609375,17.614063262939453,7.068873882293701,2392.019287109375,2924.0,327.79998779296875,1966.300048828125,42.83268356323242,-8.852643804857507e-05,,,,,175.0,150.4292449951172,,175.2169647216797,3236.0,,,304.0,,,,,,,,,,,,,0.0,,1.0,,1719039616.0,1.0,19.200000762939453,19.239999771118164,14.199999809265137,0.7300000190734863,1012.5900268554688,0.7200000286102295,2.4000000953674316,87.0,0.0,1719027072.0,1719083648.0,0.5,9789874.0,,0.5600000023841858,5.0,0.0,24777.0,3.0,,,,,0.0,6.08984899520874,23.100000381469727,,,,,,,,,,,,""
11729534290,"Jun 24, 2024, 4:36:05 PM",Evening Ride,Ride,,4918,31.47,172.0,79,false,,Ridley,activities/12513298950.fit.gz,,8.100000381469727,4918.0,4918.0,31478.861328125,15.969970703125,6.400744438171387,914.6284790039062,989.0,302.0,951.7000122070312,28.085105895996094,0.007941837422549725,,,,,172.0,142.34303283691406,,169.82688903808594,944.0,,,79.0,,,,,,,,,,,,,0.0,,1.0,,1719244800.0,3.0,19.579999923706055,19.899999618530273,15.640000343322754,0.7799999713897705,1013.489990234375,1.3799999952316284,2.7899999618530273,225.0,0.03999999910593033,1719199872.0,1719256448.0,0.625,9789874.0,,0.5,5.0,0.7400000095367432,22156.0,2.0,,,,,0.0,6.400744438171387,0.0,,,,,,,,,,,,""
11746391185,"Jun 26, 2024, 4:21:16 PM",Evening Ride,Ride,,7480,50.08,176.0,129,false,,Ridley,activities/12530486404.fit.gz,,8.100000381469727,7480.0,7338.0,50088.2421875,16.948047637939453,6.825870990753174,1263.93212890625,1394.0,296.70001220703125,951.7000122070312,26.08856773376465,-0.00039929532795213163,,,,,176.0,147.2217254638672,,172.59561157226562,1413.0,,,129.0,,,,,,,,,,,,,0.0,,1.0,,1719417600.0,3.0,21.389999389648438,21.959999084472656,16.649999618530273,0.7400000095367432,1011.6699829101562,1.3200000524520874,2.890000104904175,230.0,0.03999999910593033,1719372800.0,1719429248.0,0.625,9789874.0,,0.6600000262260437,5.0,0.7799999713897705,22892.0,2.0,,,,,0.0,6.6962890625,130.5,,,,,,,,,,,,""
11761627136,"Jun 28, 2024, 4:44:14 PM",Cronoscalata Gazzaniga-Ganda,Ride,"",6597,34.31,130.0,19,false,,Ridley,activities/12546184541.fit.gz,,8.100000381469727,6597.0,4924.0,34315.171875,18.549999237060547,6.968962669372559,784.8038940429688,891.0,317.20001220703125,1050.5999755859375,22.787965774536133,-0.0061197420582175255,,,,,130.0,129.363525390625,,168.49844360351562,1535.0,,,19.0,,,,,,,,,,,0.0,,0.0,,1.0,,1719590400.0,2.0,27.860000610351562,29.559999465942383,19.489999771118164,0.6000000238418579,1016.4500122070312,1.5,3.9600000381469727,218.0,0.03999999910593033,1719545600.0,1719602048.0,0.625,9789874.0,,0.4000000059604645,5.0,0.5299999713897705,26433.0,2.0,,,,,0.0,5.201632976531982,0.0,,,,,,,,,,,,""
11773976082,"Jun 30, 2024, 6:52:48 AM",Morning Ride,Ride,,15453,103.94,173.0,254,false,,Ridley,activities/12558968520.fit.gz,,8.100000381469727,15453.0,14809.0,103943.9375,16.364063262939453,7.018970489501953,2168.68505859375,2389.0,317.20001220703125,1289.199951171875,29.206809997558594,0.004714079666882753,,,,,173.0,148.6051483154297,,167.42251586914062,2818.0,,,254.0,,,,,,,,,,,,,0.0,,1.0,,1719727232.0,3.0,19.649999618530273,20.34000015258789,17.31999969482422,0.8600000143051147,1012.3099975585938,1.0099999904632568,2.2100000381469727,168.0,0.25,1719718528.0,1719774848.0,0.875,9789874.0,,0.7099999785423279,5.0,0.6399999856948853,13737.0,1.0,,,,,0.0,6.726456642150879,0.0,,,,,,,,,,,,""
11792368657,"Jul 2, 2024, 4:07:07 PM",Evening Ride,Ride,,7681,52.41,176.0,130,false,,Ridley,activities/12577950520.fit.gz,,8.100000381469727,7681.0,7542.0,52415.94140625,17.058002471923828,6.949872970581055,1288.96240234375,1506.0,320.20001220703125,975.7000122070312,26.15926742553711,-0.004387977998703718,,,,,176.0,144.83041381835938,,182.41746520996094,1463.0,,,130.0,,,,,,,,,,,,,0.0,,1.0,,1719936000.0,2.0,24.40999984741211,24.760000228881836,15.510000228881836,0.5799999833106995,1008.4500122070312,1.1699999570846558,3.8399999141693115,167.0,0.23000000417232513,1719891328.0,1719947648.0,0.875,9789874.0,,0.6100000143051147,5.0,0.4099999964237213,25127.0,2.0,,,,,0.0,6.824103832244873,0.0,,,,,,,,,,,,""
11816370022,"Jul 5, 2024, 4:56:41 PM",Cronoscalata Algua-Aviatico,Ride,"",5242,27.94,109.0,10,false,,Ridley,activities/12602711117.fit.gz,,8.100000381469727,5242.0,3884.0,27942.69921875,18.603906631469727,7.194309711456299,697.3280639648438,768.0,428.70001220703125,1015.9000244140625,34.52037811279297,-0.00250512664206326,,,,,109.0,105.57286071777344,,181.91250610351562,1230.0,,,10.0,,,,,,,,,,,0.0,,0.0,,1.0,,1720195200.0,3.0,21.43000030517578,21.610000610351562,14.90999984741211,0.6600000262260437,1014.3800048828125,1.4900000095367432,3.069999933242798,186.0,0.009999999776482582,1720150656.0,1720206848.0,0.875,9789874.0,,0.07000000029802322,5.0,0.699999988079071,26707.0,2.0,,,,,0.0,5.330541610717773,0.0,,,,,,,,,,,,""
11839894873,"Jul 8, 2024, 4:14:00 PM",Evening Ride,Ride,,7765,51.74,178.0,138,false,,Ridley,activities/12627084862.fit.gz,,8.100000381469727,7765.0,7486.0,51742.09765625,17.876171112060547,6.911848545074463,1239.0894775390625,1319.0,317.20001220703125,948.9000244140625,27.350427627563477,0.010436375625431538,,,,,178.0,149.3819122314453,,174.77133178710938,1509.0,,,138.0,,,,,,,,,,,,,0.0,,1.0,,1720454400.0,1.0,25.510000228881836,26.600000381469727,18.100000381469727,0.6399999856948853,1015.6799926757812,1.3899999856948853,3.450000047683716,215.0,0.0,1720409984.0,1720465920.0,0.125,9789874.0,,0.6000000238418579,5.0,0.18000000715255737,25394.0,2.0,,,,,0.0,6.6635026931762695,0.0,,,,,,,,,,,,""
11848141572,"Jul 9, 2024, 5:01:10 PM",Evening Swim,Swim,,3642,"1,700",157.0,22,false,,,activities/12635562458.fit.gz,,,3642.0,2708.0,1700.0,0.7360000014305115,0.6277695894241333,0.0,0.0,0.0,0.0,0.0,0.0,,,,0.0,157.0,119.78324127197266,,,,,,22.0,,,,,,,,,,,,,0.0,,1.0,,,,,,,,,,,,,,,,,,,,,,,,,,,0.0,0.4667764902114868,0.0,,,,,,,,,,,,""
11856335891,"Jul 10, 2024, 4:30:06 PM",Evening Ride,Ride,,5640,36.31,179.0,124,false,,Ridley,activities/12644021228.fit.gz,,8.100000381469727,5640.0,5402.0,36316.9609375,16.765625,6.722872734069824,961.0084228515625,1025.0,319.70001220703125,1092.9000244140625,29.37334442138672,-0.004130301531404257,,,,,179.0,155.31451416015625,,186.63385009765625,1150.0,,,124.0,,,,,,,,,,,,,0.0,,1.0,,1720627200.0,1.0,25.579999923706055,28.040000915527344,16.43000030517578,0.5699999928474426,1015.1400146484375,1.6100000143051147,2.9600000381469727,216.0,0.029999999329447746,1720582912.0,1720638720.0,0.125,9789874.0,,0.17000000178813934,5.0,0.05999999865889549,26122.0,2.0,,,,,0.0,6.4391770362854,0.0,,,,,,,,,,,,""
11888713407,"Jul 14, 2024, 4:03:06 PM",Evening Ride,Ride,,7115,50.79,178.0,127,false,,Ridley,activities/12677581996.fit.gz,,8.100000381469727,7115.0,6988.0,50792.859375,17.809375762939453,7.268582820892334,1193.885986328125,1341.0,779.7000122070312,1248.9000244140625,36.926937103271484,-0.0015750245656818151,,,,,178.0,149.04693603515625,,178.8450927734375,1325.0,,,127.0,,,,,,,,,,,,,0.0,,1.0,,1720972800.0,2.0,23.68000030517578,24.809999465942383,15.460000038146973,0.6000000238418579,1012.4400024414062,1.3899999856948853,2.5899999141693115,218.0,0.0,1720928768.0,1720984064.0,0.25,9789874.0,,0.0,1.0,0.5699999928474426,27659.0,2.0,,,,,0.0,7.13884162902832,0.0,,,,,,,,,,,,""
11895850121,"Jul 15, 2024, 4:13:24 PM",Evening Ride,Ride,,7481,55.64,177.0,153,false,,Ridley,activities/12685000671.fit.gz,,8.100000381469727,7481.0,7419.0,55640.1484375,16.443750381469727,7.499682903289795,1198.529541015625,1406.0,327.6000061035156,1059.199951171875,22.989776611328125,-0.002516168635338545,,,,,177.0,152.30686950683594,,188.69818115234375,1515.0,,,153.0,,,,,,,,,,,,,0.0,,1.0,,1721059200.0,1.0,28.950000762939453,31.290000915527344,16.84000015258789,0.47999998927116394,1012.7899780273438,1.409999966621399,3.630000114440918,179.0,0.0,1721015168.0,1721070464.0,0.375,9789874.0,,0.0,1.0,0.10999999940395355,29056.0,2.0,,,,,0.0,7.437528133392334,0.0,,,,,,,,,,,,""
11913034079,"Jul 17, 2024, 4:28:40 PM",Evening Ride,Ride,,7167,51.40,180.0,151,false,,Ridley,activities/12702758115.fit.gz,,8.100000381469727,7167.0,6998.0,51401.54296875,18.874217987060547,7.345175743103027,1097.7039794921875,1181.0,317.20001220703125,1049.9000244140625,20.80311393737793,0.008754601702094078,,,,,180.0,154.48143005371094,,177.31285095214844,1496.0,,,151.0,,,,,,,,,,,,,0.0,,1.0,,1721232000.0,1.0,27.540000915527344,30.09000015258789,18.260000228881836,0.5699999928474426,1015.2899780273438,1.2999999523162842,3.0,155.0,0.0,1721188096.0,1721243136.0,0.375,9789874.0,,0.20999999344348907,5.0,0.12999999523162842,28131.0,2.0,,,,,0.0,7.1719746589660645,0.0,,,,,,,,,,,,""
11929236564,"Jul 19, 2024, 5:10:31 PM",Evening Swim,Swim,,2702,"1,500",152.0,17,false,,,activities/12719563134.fit.gz,,,2702.0,2267.0,1500.0,0.7580000162124634,0.6616674065589905,0.0,0.0,0.0,0.0,0.0,0.0,,,,0.0,152.0,121.14286041259766,,,,,,17.0,,,,,,,,,,,,,0.0,,1.0,,,,,,,,,,,,,,,,,,,,,,,,,,,0.0,0.5551443099975586,0.0,,,,,,25.0,,,,,,""
11953824767,"Jul 22, 2024, 4:31:00 PM",Evening Ride,Ride,,5660,41.13,182.0,116,false,,Ridley,activities/12745161049.fit.gz,,8.100000381469727,5660.0,5660.0,41133.23828125,17.098047256469727,7.267356872558594,792.9971923828125,845.0,266.0,946.2000122070312,22.06233024597168,0.018962766975164413,,,,,182.0,152.5222625732422,,167.38694763183594,1248.0,,,116.0,,,,,,,,,,,,,0.0,,1.0,,1721664000.0,2.0,28.309999465942383,30.290000915527344,19.260000228881836,0.5799999833106995,1013.3699951171875,1.309999942779541,2.7799999713897705,173.0,0.10999999940395355,1721620352.0,1721674880.0,0.625,9789874.0,,0.38999998569488525,5.0,0.3799999952316284,19369.0,2.0,,,,,0.0,7.267356872558594,330.8999938964844,,,,,,,,,,,,""
11963097627,"Jul 23, 2024, 4:21:13 PM",Evening Ride,Ride,,6042,41.83,177.0,125,false,,Ridley,activities/12754749304.fit.gz,,8.100000381469727,6042.0,6042.0,41836.66796875,17.837890625,6.9243083000183105,1019.0465698242188,1161.0,320.70001220703125,946.2000122070312,25.657564163208008,0.0,,,,,177.0,151.20242309570312,,174.90798950195312,1226.0,,,125.0,,,,,,,,,,,,,0.0,,1.0,,1721750400.0,1.0,27.940000534057617,30.40999984741211,19.459999084472656,0.6000000238418579,1015.280029296875,0.6600000262260437,2.4100000858306885,260.0,0.09000000357627869,1721706880.0,1721761152.0,0.625,9789874.0,,0.4099999964237213,5.0,0.28999999165534973,23011.0,2.0,,,,,0.0,6.9243083000183105,0.0,,,,,,,,,,,,""
11988016190,"Jul 26, 2024, 4:58:06 PM",Cronoscalata Rigosa-Salmezza,Ride,"",4586,19.36,118.0,9,false,,Ridley,activities/12780585144.fit.gz,,8.100000381469727,4586.0,3184.0,19360.619140625,15.155858993530273,6.080596446990967,602.1039428710938,623.0,565.4000244140625,1092.9000244140625,21.2464656829834,-0.002066049724817276,,,,,118.0,110.3800277709961,,171.54510498046875,922.0,,,9.0,,,,,,,,,,,0.0,,0.0,,1.0,,1722009600.0,1.0,26.219999313354492,28.469999313354492,17.579999923706055,0.5899999737739563,1012.6300048828125,1.3600000143051147,3.309999942779541,204.0,0.009999999776482582,1721966208.0,1722020224.0,0.625,9789874.0,,0.4399999976158142,5.0,0.2199999988079071,26213.0,2.0,,,,,0.0,4.221678733825684,13.100000381469727,,,,,,,,,,,,""
12012140919,"Jul 29, 2024, 4:08:22 PM",Evening Ride,Ride,,6977,51.31,177.0,156,false,,Ridley,activities/12805755994.fit.gz,,8.100000381469727,6977.0,6977.0,51309.80078125,19.01953125,7.354135036468506,1186.592041015625,1222.0,327.6000061035156,1059.300048828125,18.518518447875977,-0.0021438400726765394,,,,,177.0,155.009033203125,,191.7297821044922,1493.0,,,156.0,,,,,,,,,,,,,0.0,,1.0,,1722268800.0,2.0,28.829999923706055,30.889999389648438,20.290000915527344,0.6000000238418579,1017.7000122070312,1.1399999856948853,3.0999999046325684,180.0,0.0,1722225664.0,1722279168.0,0.875,9789874.0,,0.3700000047683716,5.0,0.41999998688697815,25045.0,2.0,,,,,0.0,7.354135036468506,0.0,,,,,,,,,,,,""
12020935315,"Jul 30, 2024, 4:15:43 PM",Evening Ride,Ride,,7370,51.03,177.0,135,false,,Ridley,activities/12814866542.fit.gz,,8.100000381469727,7370.0,7160.0,51031.3984375,17.117969512939453,7.12729024887085,1090.395751953125,1240.0,317.20001220703125,948.9000244140625,33.22258758544922,0.010581720620393753,,,,,177.0,149.96522521972656,,167.92271423339844,1457.0,,,135.0,,,,,,,,,,,,,0.0,,1.0,,1722355200.0,3.0,28.850000381469727,29.979999542236328,20.040000915527344,0.5899999737739563,1016.6699829101562,1.4700000286102295,3.890000104904175,206.0,0.0,1722312064.0,1722365568.0,0.875,9789874.0,,0.4699999988079071,5.0,0.7200000286102295,28998.0,2.0,,,,,0.0,6.924206256866455,0.0,,,,,,,,,,,,""
12029386343,"Jul 31, 2024, 5:02:52 PM",Evening Swim,Swim,,3350,"1,700",150.0,24,false,,,activities/12823641829.fit.gz,,,3350.0,2677.0,1700.0,0.6959999799728394,0.635039210319519,0.0,0.0,0.0,0.0,0.0,0.0,,,,0.0,150.0,119.68840026855469,,,,,,24.0,,,,,,,,,,,,,0.0,,1.0,,,,,,,,,,,,,,,,,,,,,,,,,,,0.0,0.5074626803398132,0.0,,,,,,25.0,,,,,,""
12070664921,"Aug 5, 2024, 4:35:09 PM",Evening Ride,Ride,,5911,41.42,176.0,124,false,,Ridley,activities/12866745640.fit.gz,,8.100000381469727,5911.0,5911.0,41423.51171875,16.848047256469727,7.00786828994751,1038.8291015625,1167.0,327.6000061035156,1016.0,37.74954605102539,-0.002896905643865466,,,,,176.0,152.97581481933594,,179.0231475830078,1258.0,,,124.0,,,,,,,,,,,,,0.0,,1.0,,1722873600.0,1.0,28.700000762939453,30.84000015258789,17.8799991607666,0.5199999809265137,1010.7999877929688,1.4900000095367432,4.21999979019165,221.0,0.009999999776482582,1722830976.0,1722883456.0,0.125,9789874.0,,0.38999998569488525,5.0,0.20999999344348907,28723.0,2.0,,,,,0.0,7.00786828994751,17.0,,,,,,,,,,,,""
12079882291,"Aug 6, 2024, 4:14:09 PM",Evening Ride,Ride,,8087,49.54,175.0,154,false,,Ridley,activities/12876389215.fit.gz,,8.100000381469727,8087.0,7972.0,49544.77734375,18.303905487060547,6.214849472045898,1262.1876220703125,1372.0,296.70001220703125,948.9000244140625,28.13067054748535,0.01089923083782196,,,,,175.0,150.7933807373047,,155.32998657226562,1593.0,,,154.0,,,,,,,,,,,,,0.0,,1.0,,1722960000.0,2.0,26.719999313354492,28.559999465942383,18.84000015258789,0.6200000047683716,1010.4000244140625,1.159999966621399,3.3299999237060547,188.0,0.019999999552965164,1722917376.0,1722969728.0,0.125,9789874.0,,0.4699999988079071,5.0,0.46000000834465027,27451.0,2.0,,,,,0.0,6.126471996307373,123.9000015258789,,,,,,,,,,,,""
12097343393,"Aug 8, 2024, 4:37:17 PM",Evening Ride,Ride,,6197,39.31,175.0,119,false,,Ridley,activities/12894635484.fit.gz,,8.100000381469727,6197.0,6197.0,39318.41796875,16.91796875,6.34475040435791,1127.318359375,1233.0,428.70001220703125,1016.0,34.92352294921875,-0.002289003459736705,,,,,175.0,148.85606384277344,,171.74099731445312,1249.0,,,119.0,,,,,,,,,,,,,0.0,,1.0,,1723132800.0,1.0,28.739999771118164,31.049999237060547,17.90999984741211,0.5199999809265137,1013.530029296875,1.559999942779541,3.700000047683716,203.0,0.0,1723090304.0,1723142400.0,0.125,9789874.0,,0.0,1.0,0.11999999731779099,29628.0,2.0,,,,,0.0,6.34475040435791,0.0,,,,,,,,,,,,""
12206700585,"Aug 21, 2024, 3:23:22 PM",Afternoon Ride,Ride,,6493,41.42,178.0,139,false,,Ridley,activities/13013782394.fit.gz,,8.100000381469727,6493.0,6304.0,41423.01953125,16.046092987060547,6.570910453796387,1022.9666748046875,1149.0,319.70001220703125,946.2000122070312,27.59526824951172,0.007725173141807318,,,,,178.0,153.6371612548828,,170.9885711669922,1358.0,,,139.0,,,,,,,,,,,,,0.0,,1.0,,1724252416.0,2.0,28.6299991607666,30.31999969482422,18.709999084472656,0.550000011920929,1011.6400146484375,1.350000023841858,4.039999961853027,176.0,0.10000000149011612,1724214528.0,1724264320.0,0.625,9789874.0,,0.33000001311302185,5.0,0.46000000834465027,28226.0,2.0,,,,,0.0,6.379642486572266,18.700000762939453,,,,,,,,,,,,""
12223138122,"Aug 23, 2024, 2:58:18 PM",Afternoon Ride,Ride,,5661,34.46,178.0,119,false,,Ridley,activities/13030844701.fit.gz,,8.100000381469727,5661.0,5230.0,34464.51171875,17.92578125,6.589772701263428,798.5066528320312,848.0,317.20001220703125,1049.9000244140625,32.5938720703125,0.007543992251157761,,,,,178.0,154.4029541015625,,162.32191467285156,1159.0,,,119.0,,,,,,,,,,,,,0.0,,1.0,,1724421632.0,1.0,24.829999923706055,26.979999542236328,17.559999465942383,0.6399999856948853,1015.0700073242188,1.7400000095367432,3.7699999809265137,213.0,0.10999999940395355,1724387456.0,1724436864.0,0.625,9789874.0,,0.3700000047683716,5.0,0.1899999976158142,26818.0,4.0,,,,,0.0,6.08806037902832,0.0,,,,,,,,,,,,""
12248810727,"Aug 26, 2024, 3:59:42 PM",Afternoon Ride,Ride,,7302,50.98,178.0,150,false,,Ridley,activities/13057621681.fit.gz,,8.100000381469727,7302.0,7140.0,50983.3828125,17.852344512939453,7.140529632568359,1194.198486328125,1329.0,779.7000122070312,1248.800048828125,27.287635803222656,0.0,,,,,178.0,153.13067626953125,,175.71910095214844,1447.0,,,150.0,,,,,,,,,,,,,0.0,,1.0,,1724684416.0,2.0,27.399999618530273,28.829999923706055,17.270000457763672,0.5400000214576721,1015.0499877929688,0.8999999761581421,2.869999885559082,129.0,0.25,1724646912.0,1724695808.0,0.75,9789874.0,,0.5099999904632568,5.0,0.5799999833106995,28397.0,2.0,,,,,0.0,6.982111930847168,0.0,,,,,,,,,,,,""
12257449317,"Aug 27, 2024, 4:44:06 PM",Evening Ride,Ride,,4035,30.75,181.0,79,false,,Ridley,activities/13066598201.fit.gz,,8.100000381469727,4035.0,4035.0,30758.5,16.309961318969727,7.622924327850342,615.9678344726562,750.0,327.6000061035156,943.2000122070312,31.807416915893555,0.0,,,,,181.0,148.65328979492188,,178.27691650390625,874.0,,,79.0,,,,,,,,,,,,,0.0,,1.0,,1724774400.0,5.0,26.43000030517578,28.1200008392334,18.299999237060547,0.6100000143051147,1017.5599975585938,0.75,2.3299999237060547,183.0,0.0,1724733312.0,1724782080.0,0.875,9789874.0,,0.5299999713897705,5.0,0.5299999713897705,27891.0,1.0,,,,,0.0,7.622924327850342,0.0,,,,,,,,,,,,""
12267170954,"Aug 28, 2024, 4:12:37 PM",Evening Ride,Ride,,7439,51.07,178.0,161,false,,Ridley,activities/13076716000.fit.gz,,8.100000381469727,7439.0,7286.0,51074.28125,17.866016387939453,7.009920597076416,1090.1563720703125,1164.0,317.20001220703125,948.9000244140625,18.703195571899414,-0.0031326920725405216,,,,,178.0,154.8425750732422,,170.0447235107422,1566.0,,,161.0,,,,,,,,,,,,,0.0,,1.0,,1724860800.0,1.0,24.65999984741211,27.0,15.300000190734863,0.5600000023841858,1017.4500122070312,0.8399999737739563,2.2100000381469727,260.0,0.0,1724819840.0,1724868352.0,0.875,9789874.0,,0.38999998569488525,5.0,0.17000000178813934,27959.0,1.0,,,,,0.0,6.865745544433594,0.0,,,,,,,,,,,,""
12283548518,"Aug 30, 2024, 4:55:25 PM",Cronoscalata Nembro-Selvino,Ride,"",4622,23.15,,,false,,Ridley,activities/13094466847.fit.gz,,8.100000381469727,4622.0,3518.0,23149.69921875,15.878026962280273,6.580358028411865,631.5911865234375,662.0,325.20001220703125,948.9000244140625,11.57985782623291,0.014687015675008297,,,,,,,,163.07418823242188,1047.0,,,,,,,,,,,,,,0.0,,0.0,,1.0,,1725033600.0,1.0,29.68000030517578,31.780000686645508,17.829999923706055,0.49000000953674316,1016.5800170898438,1.2699999809265137,3.4100000858306885,212.0,0.0,1724992768.0,1725040896.0,0.875,9789874.0,,0.5,5.0,0.18000000715255737,28894.0,1.0,,,,,0.0,5.008589267730713,0.0,,,,,,,,,,,,""
12308436083,"Sep 2, 2024, 4:50:52 PM",Evening Ride,Ride,,4174,20.88,,,false,,Ridley,activities/13121294922.fit.gz,,8.100000381469727,4174.0,4174.0,20887.05859375,17.896093368530273,5.004086971282959,927.7554931640625,312.0,284.5,946.2000122070312,25.34170913696289,3.1459670066833496,,,,,,,,201.43051147460938,1204.0,,,,,,,,,,,,,,,,0.0,,1.0,,1725292800.0,3.0,26.84000015258789,27.450000762939453,17.889999389648438,0.5799999833106995,1012.9000244140625,2.059999942779541,4.949999809265137,198.0,0.17000000178813934,1725252224.0,1725299840.0,0.875,9789874.0,,0.3100000023841858,5.0,0.6899999976158142,25877.0,1.0,,,,,0.0,5.004086971282959,166.0,,,,,,,,,,,,""
12317159936,"Sep 3, 2024, 4:23:52 PM",Evening Ride,Ride,,5149,34.43,177.0,87,false,,Ridley,activities/13130713382.fit.gz,,8.100000381469727,5149.0,5076.0,34436.8671875,18.537500381469727,6.784253120422363,797.5318603515625,867.0,317.20001220703125,1050.0,28.91398811340332,0.004355796612799168,,,,,177.0,145.98916625976562,,163.31163024902344,1017.0,,,87.0,,,,,,,,,,,,,0.0,,1.0,,1725379200.0,1.0,26.06999969482422,28.110000610351562,16.889999389648438,0.5699999928474426,1015.8499755859375,1.1699999570846558,2.7699999809265137,167.0,0.07999999821186066,1725338624.0,1725386112.0,0.0,9789874.0,,0.36000001430511475,5.0,0.23999999463558197,24939.0,1.0,,,,,0.0,6.6880693435668945,0.0,,,,,,,,,,,,""
12342834269,"Sep 6, 2024, 4:42:03 PM",Evening Ride,Ride,,3963,28.03,,,false,,Ridley,activities/13159224234.fit.gz,,8.100000381469727,3963.0,3963.0,28034.03125,18.889842987060547,7.073941707611084,684.0972290039062,755.0,428.70001220703125,1016.0,14.948904991149902,0.0010701279388740659,,,,,,,,177.009033203125,1242.0,,,,,,,,,,,,,,,,0.0,,1.0,,1725638400.0,2.0,22.299999237060547,24.06999969482422,16.559999465942383,0.699999988079071,1013.6900024414062,1.159999966621399,3.3499999046325684,204.0,0.03999999910593033,1725598080.0,1725644928.0,0.125,9789874.0,,0.5199999809265137,5.0,0.4099999964237213,22820.0,1.0,,,,,0.0,7.073941707611084,0.0,,,,,,,,,,,,""
12348280010,"Sep 7, 2024, 7:01:30 AM",Morning Ride,Ride,,15914,100.12,174.0,324,false,,Ridley,activities/13165090867.fit.gz,,8.100000381469727,15914.0,15402.0,100124.421875,17.275781631469727,6.500741481781006,2414.175537109375,2738.0,289.70001220703125,990.2999877929688,26.320783615112305,-0.0013982602395117283,,,,,174.0,153.6560821533203,,161.9335479736328,3010.0,,,324.0,,,,,,,,,,,,,0.0,,1.0,,1725692416.0,1.0,18.34000015258789,21.329999923706055,14.239999771118164,0.7699999809265137,1017.27001953125,0.949999988079071,2.380000114440918,35.0,0.0,1725684608.0,1725731200.0,0.125,9789874.0,,0.15000000596046448,5.0,0.09000000357627869,25111.0,1.0,,,,,0.0,6.291593551635742,151.10000610351562,,,,,,,,,,,,""
12360222367,"Sep 8, 2024, 4:07:22 PM",Zwift - Heat Wave on Climb Portal - Mont Saint-Michel in Makuri Islands,Virtual Ride,,1209,10.28,168.0,26,false,,Ridley,activities/13177910694.fit.gz,,8.100000381469727,1209.0,1209.0,10285.26953125,15.58203125,8.507253646850586,137.0,0.0,95.5999984741211,136.8000030517578,9.116806983947754,0.19834192097187042,,,,0.0,168.0,153.7799835205078,,195.1943817138672,225.0,,,26.0,,,,,,,,,200.0,1210.0,,,0.0,,1.0,,,,,,,,,,,,,,,,9789874.0,,,,,,,,,,,0.0,8.507253646850586,0.0,,,,,,,21.0,80.0,,,,media/52008808-31ef-473d-8afd-ab0d80e0f259.jpg
12360539985,"Sep 8, 2024, 4:30:55 PM",Zwift - Climb Portal - Mont Saint-Michel in France,Virtual Ride,,1822,7.74,175.0,59,false,,Ridley,activities/13178247950.fit.gz,,8.100000381469727,1822.0,1822.0,7745.2900390625,10.680005073547363,4.250982284545898,446.0,0.0,12.0,449.6000061035156,18.928104400634766,5.636974334716797,,,,0.0,175.0,167.7134246826172,,212.9460906982422,370.0,,,59.0,,,,,,,,,217.0,1823.0,,,0.0,,1.0,,,,,,,,,,,,,,,,9789874.0,,,,,,,,,,,0.0,4.250982284545898,0.0,,,,,,,38.0,87.0,,,,media/0cf52603-24bd-47d6-8ec6-ba7a22167d11.jpg
12376276901,"Sep 10, 2024, 4:22:40 PM",Evening Ride,Ride,,1728,16.86,,,false,,Ridley,activities/13195049799.fit.gz,,8.100000381469727,1728.0,1728.0,16863.189453125,17.030956268310547,9.758790016174316,26.86991310119629,751.0,284.3999938964844,948.9000244140625,11.820330619812012,-3.8652238845825195,,,,,,,,53.90357208251953,448.0,,,,,,,,,,,,,,,,0.0,,1.0,,1725984000.0,1.0,20.649999618530273,22.549999237060547,13.600000381469727,0.6399999856948853,1009.0800170898438,1.090000033378601,2.390000104904175,200.0,0.0,1725944064.0,1725990144.0,0.125,9789874.0,,0.17000000178813934,5.0,0.25999999046325684,27766.0,1.0,,,,,0.0,9.758790016174316,0.0,,,,,,,,,,,,""
12385373251,"Sep 11, 2024, 4:16:19 PM",Evening Ride,Ride,,4249,30.35,175.0,84,false,,Ridley,activities/13204733276.fit.gz,,8.100000381469727,4249.0,4155.0,30352.55078125,17.030078887939453,7.305066108703613,774.4093627929688,875.0,428.70001220703125,1016.0,27.62513542175293,-0.0009883848251774907,,,,,175.0,151.27268981933594,,189.7773895263672,869.0,,,84.0,,,,,,,,,,,,,0.0,,1.0,,1726070400.0,3.0,16.610000610351562,16.940000534057617,13.520000457763672,0.8199999928474426,1007.02001953125,0.8500000238418579,2.0899999141693115,80.0,0.46000000834465027,1726030464.0,1726076416.0,0.25,9789874.0,,0.5199999809265137,5.0,0.9800000190734863,23013.0,1.0,,,,,0.0,7.143457412719727,0.0,,,,,,,,,,,,""
12405296787,"Sep 14, 2024, 5:58:34 AM",Giro pre 🇮🇸,Ride,Anche se per il freddo patito sembrava di essere già là 🥶,10290,71.23,,,false,,Ridley,activities/13226136863.fit.gz,,8.100000381469727,10290.0,10070.0,71235.7578125,16.8203125,7.074057579040527,1458.91650390625,1608.0,317.20001220703125,948.9000244140625,31.97540283203125,0.0067381891421973705,,,,,,,,161.098876953125,2950.0,,,,,,,,,,,,,,0.0,,0.0,,1.0,,1726290048.0,3.0,8.789999961853027,7.760000228881836,1.6799999475479126,0.6100000143051147,1014.2000122070312,2.0299999713897705,4.550000190734863,348.0,0.0,1726289920.0,1726335232.0,0.375,9789874.0,,0.0,1.0,0.8399999737739563,29089.0,0.0,,,,,0.0,6.92281436920166,0.0,,,,,,,,,,,,""
12443593929,"Sep 18, 2024, 3:13:19 PM",Afternoon Walk,Walk,"",6929,5.01,95.0,5,false,,,activities/13267079335.fit.gz,,,6929.0,3844.0,5013.47021484375,2.220996141433716,1.3042325973510742,67.13921356201172,174.0,351.6000061035156,388.0,38.73575210571289,-0.0099731320515275,,,123.0,52.80758285522461,95.0,79.52072143554688,,,331.0,,,5.0,,,,,,,,,,,0.0,,0.0,,1.0,,1726671616.0,8.0,13.079999923706055,7.489999771118164,8.350000381469727,0.7300000190734863,1004.760009765625,7.800000190734863,11.8100004196167,200.0,0.0,1726641152.0,1726686976.0,0.5,,,0.800000011920929,5.0,0.5,26560.33984375,1.0,,,,,0.0,0.7235488295555115,58.29999923706055,,,,6524.0,,,,,,,,media/783981c4-c084-4064-acc8-4dfcab9897d2.jpg|media/04a7307e-a9df-4c28-ba48-399192c9de47.jpg|media/d68e62ac-87c5-4d54-b22f-f75218c7accf.jpg|media/5450bacb-52d5-4a7c-b845-2da913954f2b.jpg
12503172482,"Sep 25, 2024, 5:54:30 PM",Zwift - Zwift Academy: Workout 1 | Pro Potential Prologue in Richmond,Virtual Ride,,3613,34.24,181.0,115,false,,Ridley,activities/13330699080.fit.gz,,8.100000381469727,3613.0,3613.0,34245.9609375,17.674219131469727,9.478538513183594,190.0,0.0,4.199999809265137,64.5999984741211,15.93152904510498,-0.031536564230918884,,,,0.0,181.0,164.84002685546875,,189.66897583007812,654.0,,,115.0,,,,,,,,,201.0,3614.0,,,0.0,,1.0,,,,,,,,,,,,,,,,9789874.0,,,,,,,,,,,0.0,9.478538513183594,2240.10009765625,,,,,,,64.0,80.0,,,,media/8c7ed241-6f7c-4d6d-a5c2-11067e7fa7b0.jpg
12510496939,"Sep 26, 2024, 5:42:33 PM",Zwift - Wave Rider in Makuri Islands,Virtual Ride,,1812,16.10,178.0,45,false,,Ridley,activities/13338503147.fit.gz,,8.100000381469727,1812.0,1812.0,16100.6904296875,15.847949028015137,8.885590553283691,150.0,0.0,2.5999999046325684,59.20000076293945,6.868104457855225,0.1453353762626648,,,,0.0,178.0,159.0380859375,,199.12306213378906,344.0,,,45.0,,,,,,,,,211.0,1813.0,,,0.0,,1.0,,,,,,,,,,,,,,,,9789874.0,,,,,,,,,,,0.0,8.885590553283691,0.0,,,,,,,35.0,84.0,,,,media/e4f658ce-3c1c-4974-aef7-a7e3b3360dbf.jpg
12522950415,"Sep 28, 2024, 7:45:04 AM",Morning Ride,Ride,,15075,94.61,182.0,405,false,,Ridley,activities/13351793118.fit.gz,,8.100000381469727,15075.0,14611.0,94612.5390625,18.423828125,6.4754319190979,2140.2890625,1817.0,224.3000030517578,1070.9000244140625,25.327245712280273,0.42393958568573,,,,,182.0,160.44561767578125,,171.15048217773438,3085.0,,,405.0,,,,,,,,,,,,,0.0,,1.0,,1727506816.0,1.0,13.579999923706055,16.420000076293945,11.109999656677246,0.8500000238418579,1009.5499877929688,1.100000023841858,3.3499999046325684,9.0,0.03999999910593033,1727500544.0,1727543168.0,0.875,9789874.0,,0.5899999737739563,5.0,0.05999999865889549,21425.0,1.0,,,,,0.0,6.276122093200684,646.0,,,,,,,,,,,,""
12542048909,"Sep 30, 2024, 5:18:37 PM",Zwift - Climb Portal: Lagos de Covadonga at 100% Elevation in France,Virtual Ride,,3680,16.30,179.0,128,false,,Ridley,activities/13372250251.fit.gz,,8.100000381469727,3680.0,3680.0,16306.3408203125,18.308008193969727,4.431070804595947,984.0,0.0,12.0,921.5999755859375,21.257352828979492,5.556120872497559,,,,0.0,179.0,168.4171905517578,,231.5675811767578,813.0,,,128.0,,,,,,,,,234.0,3681.0,,,0.0,,1.0,,,,,,,,,,,,,,,,9789874.0,,,,,,,,,,,0.0,4.431070804595947,0.0,,,,,,,89.0,94.0,,,,media/19afad9b-c637-4cd1-97df-b42e7f81214a.jpg
12549844158,"Oct 1, 2024, 5:01:01 PM",Zwift - Race Day! on Climb Portal - Volcano in Watopia,Virtual Ride,,1227,3.11,160.0,9,false,,Ridley,activities/13380577190.fit.gz,,8.100000381469727,1227.0,1227.0,3118.840087890625,10.143994331359863,2.541841983795166,259.0,0.0,13.600000381469727,272.6000061035156,16.66497230529785,8.297956466674805,,,,0.0,160.0,134.9639892578125,,164.45498657226562,192.0,,,9.0,,,,,,,,,176.0,1228.0,,,0.0,,1.0,,,,,,,,,,,,,,,,9789874.0,,,,,,,,,,,0.0,2.541841983795166,0.0,,,,,,,16.0,70.0,,,,media/5aedced4-d4f7-46fe-afc4-5bbddb2d7bee.jpg
12550193619,"Oct 1, 2024, 5:22:39 PM",Zwift - Climb Portal: Montée du Chinaillon at 100% Elevation in Watopia,Virtual Ride,,1996,17.63,179.0,68,false,,Ridley,activities/13380944635.fit.gz,,8.100000381469727,1996.0,1996.0,17634.91015625,17.935937881469727,8.835124969482422,354.0,0.0,9.600000381469727,373.0,26.236114501953125,-0.004536452237516642,,,,0.0,179.0,167.76803588867188,,238.144287109375,454.0,,,68.0,,,,,,,,,243.0,1997.0,,,0.0,,1.0,,,,,,,,,,,,,,,,9789874.0,,,,,,,,,,,0.0,8.835124969482422,0.0,,,,,,,52.0,97.0,,,,media/57a67ccc-558d-4e63-9f02-b55b6a9aa1f8.jpg
12574435933,"Oct 4, 2024, 5:37:03 PM",Zwift - Pre-Race With Spin-Ups in Watopia,Virtual Ride,,2709,22.64,155.0,25,false,,Ridley,activities/13406862392.fit.gz,,8.100000381469727,2709.0,2709.0,22648.01953125,20.922266006469727,8.3602876663208,223.0,0.0,0.4000000059604645,146.0,11.246682167053223,-0.39297035336494446,,,,0.0,155.0,137.3178253173828,,167.22628784179688,432.0,,,25.0,,,,,,,,,171.0,2710.0,,,0.0,,1.0,,,,,,,,,,,,,,,,9789874.0,,,,,,,,,,,0.0,8.3602876663208,0.0,,,,,,,35.0,68.0,,,,media/d6b6e657-ebef-41bd-8a49-1573d406fbca.jpg
12579764191,"Oct 5, 2024, 7:31:12 AM",Morning Ride,Ride,,16898,102.78,,,false,,Ridley,activities/13412586277.fit.gz,,8.100000381469727,16898.0,16075.0,102778.59375,16.358592987060547,6.393691539764404,2237.620849609375,2529.0,252.0,1320.5999755859375,23.370786666870117,0.0032107853330671787,,,,,,,,149.8761749267578,4501.0,,,,,,,,,,,,,,,,0.0,,1.0,,1728111616.0,2.0,9.15999984741211,10.970000267028809,6.940000057220459,0.8600000143051147,1014.1500244140625,1.0800000429153442,2.490000009536743,14.0,0.0,1728105856.0,1728147200.0,0.125,9789874.0,,0.3400000035762787,5.0,0.41999998688697815,20501.0,1.0,,,,,0.0,6.082293510437012,31.600000381469727,,,,,,,,,,,,""
12599529610,"Oct 7, 2024, 5:12:04 PM",Zwift - Climb Portal - Volcano in Watopia,Virtual Ride,,3017,26.77,,,false,,Ridley,activities/13432939576.fit.gz,,8.100000381469727,3017.0,3017.0,26775.2109375,18.188085556030273,8.87477970123291,410.0,0.0,1.600000023841858,318.3999938964844,15.414490699768066,0.015686150640249252,,,,0.0,,0.0,,223.2018585205078,643.0,,,,,,,,,,,,229.0,3018.0,,,0.0,,1.0,,,,,,,,,,,,,,,,9789874.0,,,,,,,,,,,0.0,8.87477970123291,0.0,,,,,,,70.0,92.0,,,,media/3a969af5-b092-4ffc-97e6-cc94ab2168ba.jpg
12607672461,"Oct 8, 2024, 5:14:31 PM",Zwift - Cadence Pyramid in Makuri Islands,Virtual Ride,,2711,23.58,206.0,19,false,,Ridley,activities/13441604425.fit.gz,,8.100000381469727,2711.0,2711.0,23587.208984375,14.469922065734863,8.700556755065918,188.0,0.0,66.0,140.1999969482422,8.320544242858887,-0.01950208842754364,,,,0.0,206.0,135.17446899414062,,165.08705139160156,427.0,,,19.0,,,,,,,,,168.0,2712.0,,,0.0,,1.0,,,,,,,,,,,,,,,,9789874.0,,,,,,,,,,,0.0,8.700556755065918,0.0,,,,,,,33.0,67.0,,,,media/c1c9b179-99e5-404c-9fca-2b4bc9e67b3d.jpg
12615828784,"Oct 9, 2024, 5:08:19 PM",Zwift - At/Over/Under in Watopia,Virtual Ride,,3189,29.06,176.0,71,false,,Ridley,activities/13450271588.fit.gz,,8.100000381469727,3189.0,3189.0,29067.830078125,21.372264862060547,9.115029335021973,259.0,0.0,0.4000000059604645,146.0,10.696487426757812,-0.03027402050793171,,,,0.0,176.0,156.02195739746094,,206.21604919433594,628.0,,,71.0,,,,,,,,,219.0,3190.0,,,0.0,,1.0,,,,,,,,,,,,,,,,9789874.0,,,,,,,,,,,0.0,9.115029335021973,0.0,,,,,,,68.0,88.0,,,,media/525fb830-1c26-48f4-ac21-67e19ba19a71.jpg
