Activity ID,Activity Date,Activity Name,Activity Type,Activity Description,Elapsed Time,Distance,Max Heart Rate,Relative Effort,Commute,Activity Private Note,Activity Gear,Filename,Athlete Weight,Bike Weight,Elapsed Time,Moving Time,Distance,Max Speed,Average Speed,Elevation Gain,Elevation Loss,Elevation Low,Elevation High,Max Grade,Average Grade,Average Positive Grade,Average Negative Grade,Max Cadence,Average Cadence,Max Heart Rate,Average Heart Rate,Max Watts,Average Watts,Calories,Max Temperature,Average Temperature,Relative Effort,Total Work,Number of Runs,Uphill Time,Downhill Time,Other Time,Perceived Exertion,Type,Start Time,Weighted Average Power,Power Count,Prefer Perceived Exertion,Perceived Relative Effort,Commute,Total Weight Lifted,From Upload,Grade Adjusted Distance,Weather Observation Time,Weather Condition,Weather Temperature,Apparent Temperature,Dewpoint,Humidity,Weather Pressure,Wind Speed,Wind Gust,Wind Bearing,Precipitation Intensity,Sunrise Time,Sunset Time,Moon Phase,Bike,Gear,Precipitation Probability,Precipitation Type,Cloud Cover,Weather Visibility,UV Index,Weather Ozone,Jump Count,Total Grit,Average Flow,Flagged,Average Elapsed Speed,Dirt Distance,Newly Explored Distance,Newly Explored Dirt Distance,Activity Count,Total Steps,Carbon Saved,Pool Length,Training Load,Intensity,Average Grade Adjusted Pace,Timer Time,Total Cycles,Media
1580452431,"18 mag 2018, 17:26:51",Giro serale,Ciclismo,,1851,"9,13",187.0,117,false,,,activities/1699153583.tcx.gz,0.0,,1851.0,1851.0,9137.099609375,10.300000190734863,,596.5803833007812,,394.0,941.0,48.400001525878906,5.77863883972168,,,,,187.0,177.45034790039062,,,,,,117.0,,,,,,,,,,,,,0.0,,,,,,,,,,,,,,,,,,,,,,,,,,,,,,,,,,,,,,,,,,,""
1580452701,"16 mag 2018, 13:52:08",Giro pomeridiano,Ciclismo,,7166,"46,05",180.0,155,false,,,activities/1699153601.tcx.gz,0.0,,7166.0,7025.0,46049.0,20.299999237060547,,1263.7855224609375,,294.1000061035156,1067.5,46.900001525878906,0.0047775194980204105,,,,,180.0,146.24832153320312,,,,,,155.0,,,,,,,,,,,,,0.0,,,,,,,,,,,,,,,,,,,,,,,,,,,,,,,,,,,,,,,,,,,""
1586431084,"21 mag 2018, 11:14:03",Corsa pomeridiana,Corsa,,1198,"4,99",220.0,83,false,,,activities/1705373818.tcx.gz,0.0,,1198.0,1198.0,4995.89990234375,8.100000381469727,,18.22142791748047,,299.1000061035156,317.8999938964844,7.0,-0.028022978454828262,,,,,220.0,185.4278564453125,,,0.0,,,83.0,,,,,,,,,,,,,0.0,,,,,,,,,,,,,,,,,,,,,,,,,,,,,,,,,,,,,,,,,,,""
1586431267,"19 mag 2018, 04:58:39",Giro mattutino,Ciclismo,,6387,"34,73",,,false,,,activities/1705373897.tcx.gz,0.0,,6387.0,6233.0,34733.80078125,24.700000762939453,,1075.6502685546875,,449.0,1067.4000244140625,46.5,-0.002591135911643505,,,,,,,,,,,,,,,,,,,,,,,,,0.0,,,,,,,,,,,,,,,,,,,,,,,,,,,,,,,,,,,,,,,,,,,""
1603652708,"29 mag 2018, 12:00:37",Corsa pomeridiana,Corsa,,2636,"10,01",,,false,,,activities/1723502739.gpx.gz,0.0,,2636.0,2636.0,10015.599609375,5.400000095367432,,56.22432327270508,,274.0,306.0,7.300000190734863,-0.004992212168872356,,,,,,,,,0.0,,,,,,,,,,,,,,,,0.0,,,,,,,,,,,,,,,,,,,,,,,,,,,,,,,,,,,,,,,,,,,""
1610437183,"30 mag 2018, 16:17:39",Corsa serale,Corsa,,24,"0,10",,,false,,,activities/1730734426.tcx.gz,0.0,,24.0,24.0,107.0999984741211,5.699999809265137,,0.0,,1063.4000244140625,1065.0,-0.4000000059604645,-1.4939309358596802,,,,,,,,,0.0,,,,,,,,,,,,,,,,0.0,,,,,,,,,,,,,,,,,,,,,,,,,,,,,,,,,,,,,,,,,,,""
1610437219,"30 mag 2018, 16:00:41",Corsa serale,Corsa,,856,"3,13",,,false,,,activities/1730734450.tcx.gz,0.0,,856.0,856.0,3138.300048828125,9.399999618530273,,123.52005767822266,,942.0999755859375,1064.0,48.79999923706055,1.4976260662078857,,,,,,,,,0.0,,,,,,,,,,,,,,,,0.0,,,,,,,,,,,,,,,,,,,,,,,,,,,,,,,,,,,,,,,,,,,""
1610437225,"01 giu 2018, 17:42:21",Corsa serale,Corsa,,97,"0,37",,,false,,,activities/1730734474.gpx.gz,0.0,,97.0,97.0,376.1000061035156,4.800000190734863,,14.747058868408203,,998.0999755859375,1014.0,10.699999809265137,2.047327756881714,,,,,,,,,0.0,,,,,,,,,,,,,,,,0.0,,,,,,,,,,,,,,,,,,,,,,,,,,,,,,,,,,,,,,,,,,,""
1610437563,"01 giu 2018, 15:38:59",Giro pomeridiano,Ciclismo,,7077,"45,88",,,false,,,activities/1730734680.gpx.gz,0.0,,7077.0,7077.0,45888.5,16.799999237060547,,1198.23974609375,,765.0999755859375,1266.800048828125,46.0,0.007191344164311886,,,,,,,,,,,,,,,,,,,,,,,,,0.0,,,,,,,,,,,,,,,,,,,,,,,,,,,,,,,,,,,,,,,,,,,""
1618924696,"05 giu 2018, 12:32:46",Nuotata pomeridiana,Nuotata,,1521,1.499,,,false,,,activities/1739813252.tcx.gz,,,1521.0,1521.0,1499.0,1.100000023841858,,0.0,,,,0.0,0.0,,,,,,,,,,,,,,,,,,,,,,,,,0.0,,,,,,,,,,,,,,,,,,,,,,,,,,,,,,,,,,,,,,,,,,,""
1618924877,"05 giu 2018, 14:34:19",Corsa pomeridiana,Corsa,,2239,"8,43",,,false,,,activities/1739813344.gpx.gz,0.0,,2239.0,2239.0,8432.400390625,6.0,,37.53995132446289,,315.1000061035156,346.6000061035156,22.100000381469727,-0.07708363234996796,,,,,,,,,0.0,,,,,,,,,,,,,,,,0.0,,,,,,,,,,,,,,,,,,,,,,,,,,,,,,,,,,,,,,,,,,,""
1618924937,"03 giu 2018, 18:07:33",Giro serale,Ciclismo,,2245,"10,28",,,false,,,activities/1739813341.gpx.gz,0.0,,2245.0,2245.0,10284.0,6.900000095367432,,666.3112182617188,,330.20001220703125,940.9000244140625,43.79999923706055,5.753597736358643,,,,,,,,,,,,,,,,,,,,,,,,,0.0,,,,,,,,,,,,,,,,,,,,,,,,,,,,,,,,,,,,,,,,,,,""
1618925019,"05 giu 2018, 13:11:26",Giro pomeridiano,Ciclismo,,4774,"39,85",,,false,,,activities/1739813422.gpx.gz,0.0,,4774.0,4755.0,39849.3984375,23.100000381469727,,880.6799926757812,,327.8999938964844,539.7999877929688,48.099998474121094,0.0,,,,,,,,,,,,,,,,,,,,,,,,,0.0,,,,,,,,,,,,,,,,,,,,,,,,,,,,,,,,,,,,,,,,,,,""
1676692963,"25 giu 2018, 14:32:59",Corsa pomeridiana,Corsa,,11,"0,00",,,false,,,activities/1800453482.tcx.gz,0.0,,11.0,0.0,2.0,0.20000000298023224,,0.0,,1075.800048828125,1075.800048828125,0.0,0.0,,,,,,,,,0.0,,,,,,,,,,,,,,,,0.0,,,,,,,,,,,,,,,,,,,,,,,,,,,,,,,,,,,,,,,,,,,""
1676692969,"25 giu 2018, 14:32:38",Corsa pomeridiana,Corsa,,12,"0,00",,,false,,,activities/1800453458.tcx.gz,0.0,,12.0,4.0,2.299999952316284,0.6000000238418579,,0.0,,1072.5,1073.800048828125,34.79999923706055,56.5217399597168,,,,,,,,,0.0,,,,,,,,,,,,,,,,0.0,,,,,,,,,,,,,,,,,,,,,,,,,,,,,,,,,,,,,,,,,,,""
1676693389,"27 giu 2018, 10:35:36",Nuotata dell'ora di pranzo,Nuotata,,10,0,,,false,,,activities/1800453820.tcx.gz,,,10.0,10.0,0.0,0.0,,0.0,,,,0.0,0.0,,,,,,,,,,,,,,,,,,,,,,,,,0.0,,,,,,,,,,,,,,,,,,,,,,,,,,,,,,,,,,,,,,,,,,,""
1676693434,"26 giu 2018, 17:01:52",Nuotata serale,Nuotata,,1951,1.750,,,false,,,activities/1800453826.tcx.gz,,,1951.0,1951.0,1749.9000244140625,1.100000023841858,,0.0,,,,0.0,0.0,,,,,,,,,,,,,,,,,,,,,,,,,0.0,,,,,,,,,,,,,,,,,,,,,,,,,,,,,,,,,,,,,,,,,,,""
1676693480,"25 giu 2018, 16:13:19",Corsa serale,Corsa,,1803,"6,28",,,false,,,activities/1800453801.tcx.gz,0.0,,1803.0,1803.0,6279.5,8.100000381469727,,197.4071502685547,,942.0999755859375,1065.0,28.799999237060547,0.0,,,,,,,,,0.0,,,,,,,,,,,,,,,,0.0,,,6901.7998046875,,,,,,,,,,,,,,,,,,,,,,,,,,,,,,,,,,,,,,,,""
1676694704,"27 giu 2018, 15:56:32",Corsa pomeridiana,Corsa,,4926,"15,00",,,false,,,activities/1800455009.tcx.gz,0.0,,4926.0,4926.0,15006.5,7.800000190734863,,383.4445495605469,,942.0999755859375,1067.4000244140625,50.0,0.0,,,,,,,,,0.0,,,,,,,,,,,,,,,,0.0,,,16165.400390625,,,,,,,,,,,,,,,,,,,,,,,,,,,,,,,,,,,,,,,,""
1676694852,"28 giu 2018, 06:00:00",Giro mattutino,Ciclismo,,2382,"10,27",,,false,,,activities/1800455116.tcx.gz,0.0,,2382.0,2382.0,10276.599609375,8.699999809265137,,660.4037475585938,,329.8999938964844,941.0,49.70000076293945,5.749956130981445,,,,,,,,,,,,,,,,,,,,,,,,,0.0,,,,,,,,,,,,,,,,,,,,,,,,,,,,,,,,,,,,,,,,,,,""
4286745477,"23 ott 2020, 15:49:50",Nuotata pomeridiana,Nuotata,,3849,2.400,,,false,,,activities/4585465388.fit.gz,,,3849.0,2302.0,2400.0,1.600000023841858,1.0425716638565063,0.0,,,,0.0,0.0,,,34.0,30.18010902404785,,,,,588.0,,26.0,,,,,,,,,,,,,,0.0,,1.0,,,,,,,,,,,,,,,,,,,,,,,,,,,,,,,,,,,,,,,,,""
4286745492,"21 ott 2020, 15:50:55",Nuotata pomeridiana,Nuotata,,3384,2.700,,,false,,,activities/4585465387.fit.gz,,,3384.0,2791.0,2700.0,3.5999999046325684,0.9673951864242554,0.0,,,,0.0,0.0,,,33.0,29.803104400634766,,,,,659.0,,26.0,,,,,,,,,,,,,,0.0,,1.0,,,,,,,,,,,,,,,,,,,,,,,,,,,,,,,,,,,,,,,,,""
4286745500,"13 ott 2020, 15:42:57",Nuotata pomeridiana,Nuotata,,4888,4.000,,,false,,,activities/4585465366.fit.gz,,,4888.0,4210.0,4000.0,2.799999952316284,0.9501187801361084,0.0,,,,0.0,0.0,,,31.0,27.93092918395996,,,,,988.0,,25.0,,,,,,,,,,,,,,0.0,,1.0,,,,,,,,,,,,,,,,,,,,,,,,,,,,,,,,,,,,,,,,,""
4286745541,"17 ago 2020, 18:08:40",Corsa serale,Corsa,,2292,"8,54",175.0,75,false,,,activities/4585465368.fit.gz,,,2292.0,2292.0,8543.7998046875,6.900000095367432,3.727661371231079,99.0,102.0,899.2000122070312,950.7999877929688,16.0,-0.03979494050145149,,,79.0,75.49191284179688,,160.01661682128906,,,630.0,,19.0,75.0,,,,,,,,,,,,,0.0,,1.0,8768.7001953125,,,,,,,,,,,,,,,,,,,,,,,,,,,,,,,,,,,,,,,,""
4286745548,"10 ago 2020, 18:12:04",Nuotata serale,Nuotata,,482,400,,,false,,,activities/4585465423.fit.gz,,,482.0,384.0,400.0,5.900000095367432,1.0416666269302368,0.0,,,,0.0,0.0,,,35.0,33.07542037963867,,,,,96.0,,26.0,,,,,,,,,,,,,,0.0,,1.0,,,,,,,,,,,,,,,,,,,,,,,,,,,,,,,,,,,,,,,,,""
4286745549,"09 ott 2020, 16:18:27",Nuotata serale,Nuotata,,2984,1.400,,,false,,,activities/4585465395.fit.gz,,,2984.0,1290.0,1400.0,2.0999999046325684,1.0852713584899902,0.0,,,,0.0,0.0,,,34.0,29.999679565429688,,,,,346.0,,26.0,,,,,,,,,,,,,,0.0,,1.0,,,,,,,,,,,,,,,,,,,,,,,,,,,,,,,,,,,,,,,,,""
4286745554,"12 ago 2020, 16:47:20",Nuotata serale,Nuotata,,1835,1.525,,,false,,,activities/4585465445.fit.gz,,,1835.0,1565.0,1525.0,1.399999976158142,0.97444087266922,0.0,,,,0.0,0.0,,,31.0,27.00641441345215,,,,,370.0,,26.0,,,,,,,,,,,,,,0.0,,1.0,,,,,,,,,,,,,,,,,,,,,,,,,,,,,,,,,,,,,,,,,""
4286745577,"26 ago 2020, 16:39:48",Nuotata serale,Nuotata,,1658,1.450,,,false,,,activities/4585465384.fit.gz,,,1658.0,1483.0,1450.0,1.399999976158142,0.9777477979660034,0.0,,,,0.0,0.0,,,32.0,27.98345947265625,,,,,348.0,,26.0,,,,,,,,,,,,,,0.0,,1.0,,,,,,,,,,,,,,,,,,,,,,,,,,,,,,,,,,,,,,,,,""
4286745578,"26 ago 2020, 18:27:10",Corsa serale,Corsa,,1594,"6,02",173.0,49,false,,,activities/4585465434.fit.gz,,,1594.0,1590.0,6022.2998046875,6.900000095367432,3.7876100540161133,57.0,57.0,913.4000244140625,951.7999877929688,15.899999618530273,-0.02988891303539276,,,80.0,76.20819854736328,,157.84877014160156,,,437.0,,20.0,49.0,,,,,,,,,,,,,0.0,,1.0,6136.39990234375,,,,,,,,,,,,,,,,,,,,,,,,,,,,,,,,,,,,,,,,""
4286745585,"04 nov 2020, 17:55:18",Corsa serale,Corsa,,3318,"10,83",186.0,114,false,,,activities/4585465367.fit.gz,,,3318.0,2803.0,10829.7001953125,6.099999904632568,3.8636105060577393,47.0,50.0,294.3999938964844,309.6000061035156,44.400001525878906,-0.033241916447877884,,,83.0,76.54314422607422,,164.91354370117188,,,763.0,,16.0,114.0,,,,,,,,,,,,,0.0,,1.0,10904.2001953125,,,,,,,,,,,,,,,,,,,,,,,,,,,,,,,,,,,,,,,,""
4286745594,"18 set 2020, 16:52:41",Nuotata serale,Nuotata,,3731,2.725,,,false,,,activities/4585465392.fit.gz,,,3731.0,2979.0,2725.0,1.7000000476837158,0.9147365093231201,0.0,,,,0.0,0.0,,,31.0,27.791690826416016,,,,,670.0,,25.0,,,,,,,,,,,,,,0.0,,1.0,,,,,,,,,,,,,,,,,,,,,,,,,,,,,,,,,,,,,,,,,""
4286745603,"07 ago 2020, 17:10:55",Giro serale,Ciclismo,,4108,"23,39",156.0,22,false,,,activities/4585465400.fit.gz,,,4108.0,3268.0,23395.400390625,19.0,7.158935070037842,616.0,530.0,447.79998779296875,1008.5999755859375,20.799999237060547,0.3727228343486786,,,,,,125.08353424072266,,,556.0,,22.0,22.0,,,,,,,,,,,,,0.0,,1.0,,,,,,,,,,,,,,,,,,,,,,,,,,,,,,,,,,,,,,,,,""
4286745612,"23 set 2020, 14:39:21",Corsa pomeridiana,Corsa,,4495,"15,01",184.0,226,false,,,activities/4585465398.fit.gz,,,4495.0,4492.0,15010.2001953125,5.900000095367432,3.341540575027466,261.0,271.0,956.0,1039.5999755859375,19.399999618530273,-0.04130524396896362,,,79.0,74.6761245727539,,170.51976013183594,,,1259.0,,17.0,226.0,,,,,,,,,,,,,0.0,,1.0,15573.599609375,,,,,,,,,,,,,,,,,,,,,,,,,,,,,,,,,,,,,,,,""
4286745618,"25 ott 2020, 06:48:35",Corsa mattutina,Corsa,,2881,"10,00",190.0,121,false,,,activities/4585465411.fit.gz,,,2881.0,2798.0,10006.0,5.099999904632568,3.5761258602142334,145.0,136.0,898.2000122070312,955.7999877929688,14.5,0.12392564117908478,,,83.0,76.93913269042969,,166.31201171875,,,784.0,,14.0,121.0,,,,,,,,,,,,,0.0,,1.0,10355.2998046875,,,,,,,,,,,,,,,,,,,,,,,,,,,,,,,,,,,,,,,,""
4286745619,"11 ott 2020, 07:51:23",Corsa mattutina,Corsa,,3143,"11,51",186.0,176,false,,,activities/4585465376.fit.gz,,,3143.0,3140.0,11509.599609375,5.800000190734863,3.665477752685547,151.0,147.0,911.7999877929688,965.5999755859375,15.5,0.055605754256248474,,,110.0,76.96846008300781,,173.29649353027344,,,908.0,,12.0,176.0,,,,,,,,,,,,,0.0,,1.0,11882.400390625,,,,,,,,,,,,,,,,,,,,,,,,,,,,,,,,,,,,,,,,""
4286745630,"14 ott 2020, 16:47:54",Corsa serale,Corsa,,2842,"9,93",178.0,95,false,,,activities/4585465382.fit.gz,,,2842.0,2794.0,9932.400390625,5.0,3.554903268814087,154.0,139.0,905.7999877929688,958.0,43.099998474121094,0.09061253815889359,,,80.0,75.62773132324219,,160.48226928710938,,,734.0,,11.0,95.0,,,,,,,,,,,,,0.0,,1.0,10300.900390625,,,,,,,,,,,,,,,,,,,,,,,,,,,,,,,,,,,,,,,,""
4286745635,"02 set 2020, 17:37:19",Corsa serale,Corsa,,1958,"7,00",182.0,107,false,,,activities/4585465401.fit.gz,,,1958.0,1958.0,7004.0,6.599999904632568,3.5771195888519287,57.0,54.0,365.79998779296875,408.6000061035156,15.899999618530273,0.017133066430687904,,,80.0,75.50255584716797,,172.52098083496094,,,590.0,,17.0,107.0,,,,,,,,,,,,,0.0,,1.0,7081.7001953125,,,,,,,,,,,,,,,,,,,,,,,,,,,,,,,,,,,,,,,,""
4286745644,"30 ott 2020, 17:02:34",Corsa serale,Corsa,,4044,"12,17",176.0,102,false,,,activities/4585465425.fit.gz,,,4044.0,3504.0,12172.2998046875,7.599999904632568,3.473829984664917,153.0,152.0,904.2000122070312,948.7999877929688,25.399999618530273,-0.013144598342478275,,,81.0,76.75286102294922,,157.2893524169922,,,887.0,,12.0,102.0,,,,,,,,,,,,,0.0,,1.0,12503.0,,,,,,,,,,,,,,,,,,,,,,,,,,,,,,,,,,,,,,,,""
4286745650,"08 set 2020, 08:07:05",Corsa mattutina,Corsa,,2635,"10,01",184.0,132,false,,,activities/4585465386.fit.gz,,,2635.0,2631.0,10009.099609375,6.199999809265137,3.804295063018799,164.0,181.0,943.0,1024.800048828125,19.0,-0.15985453128814697,,,81.0,76.74210357666016,,170.4503936767578,,,778.0,,18.0,132.0,,,,,,,,,,,,,0.0,,1.0,10378.2001953125,,,,,,,,,,,,,,,,,,,,,,,,,,,,,,,,,,,,,,,,""
4286745666,"12 ago 2020, 18:40:36",Corsa serale,Corsa,,1576,"6,01",182.0,67,false,,,activities/4585465390.fit.gz,,,1576.0,1576.0,6010.89990234375,7.0,3.8140227794647217,64.0,62.0,916.4000244140625,957.4000244140625,10.300000190734863,0.059891197830438614,,,79.0,76.22856903076172,,165.95301818847656,,,456.0,,21.0,67.0,,,,,,,,,,,,,0.0,,1.0,6136.7998046875,,,,,,,,,,,,,,,,,,,,,,,,,,,,,,,,,,,,,,,,""
4286745670,"22 ott 2020, 16:20:50",Corsa serale,Corsa,,6189,"16,80",189.0,211,false,,,activities/4585465407.fit.gz,,,6189.0,4806.0,16800.69921875,9.5,3.4957761764526367,256.0,255.0,962.5999755859375,1075.0,49.29999923706055,-0.008332986384630203,,,79.0,76.65315246582031,,166.6978302001953,,,1315.0,,13.0,211.0,,,,,,,,,,,,,0.0,,1.0,17486.0,,,,,,,,,,,,,,,,,,,,,,,,,,,,,,,,,,,,,,,,""
4286745680,"02 nov 2020, 17:04:25",Corsa serale,Corsa,,3527,"8,78",179.0,73,false,,,activities/4585465381.fit.gz,,,3527.0,3290.0,8785.099609375,7.5,2.670243263244629,242.0,255.0,1018.7999877929688,1048.800048828125,47.599998474121094,-0.15025441348552704,,,98.0,67.9958267211914,,151.77598571777344,,,707.0,,13.0,73.0,,,,,,,,,,,,,0.0,,1.0,9675.0,,,,,,,,,,,,,,,,,,,,,,,,,,,,,,,,,,,,,,,,""
4286745683,"25 set 2020, 07:40:30",Corsa mattutina,Corsa,,3163,"10,45",186.0,146,false,,,activities/4585465429.fit.gz,,,3163.0,2898.0,10452.2001953125,5.599999904632568,3.606694221496582,125.0,128.0,962.2000122070312,1000.4000244140625,29.0,0.05549070984125137,,,85.0,75.6651611328125,,171.1186065673828,,,820.0,,15.0,146.0,,,,,,,,,,,,,0.0,,1.0,10692.2998046875,,,,,,,,,,,,,,,,,,,,,,,,,,,,,,,,,,,,,,,,""
4286745690,"23 ago 2020, 13:29:50",Nuotata pomeridiana,Nuotata,,3921,1.950,,,false,,,activities/4585465469.fit.gz,,,3921.0,1969.0,1950.0,1.899999976158142,0.9903504252433777,0.0,,,,0.0,0.0,,,32.0,29.06479835510254,,,,,477.0,,26.0,,,,,,,,,,,,,,0.0,,1.0,,,,,,,,,,,,,,,,,,,,,,,,,,,,,,,,,,,,,,,,,""
4286745697,"01 set 2020, 05:13:22",Corsa mattutina,Corsa,,5339,"7,92",171.0,88,false,,,activities/4585465397.fit.gz,,,5339.0,5026.0,7927.89990234375,4.800000190734863,1.5773776769638062,607.0,581.0,1035.5999755859375,1503.199951171875,50.0,0.10343218594789505,,,115.0,59.125057220458984,,145.3520050048828,,,1020.0,,17.0,88.0,,,,,,,,,,,,,0.0,,1.0,12152.099609375,,,,,,,,,,,,,,,,,,,,,,,,,,,,,,,,,,,,,,,,""
4286745699,"27 ott 2020, 17:37:41",Corsa serale,Corsa,,3600,"8,44",171.0,31,false,,,activities/4585465424.fit.gz,,,3600.0,3252.0,8447.599609375,6.199999809265137,2.597662925720215,217.0,220.0,948.4000244140625,979.5999755859375,46.599998474121094,-0.03077797219157219,,,102.0,68.36104583740234,,137.17266845703125,,,572.0,,13.0,31.0,,,,,,,,,,,,,0.0,,1.0,9401.599609375,,,,,,,,,,,,,,,,,,,,,,,,,,,,,,,,,,,,,,,,""
4286745700,"19 ago 2020, 18:35:35",Corsa serale,Corsa,,1218,"4,81",161.0,25,false,,,activities/4585465393.fit.gz,,,1218.0,1218.0,4818.60009765625,7.0,3.956157684326172,43.0,36.0,933.5999755859375,958.0,12.100000381469727,0.14527040719985962,,,82.0,76.49300384521484,,148.72674560546875,,,311.0,,21.0,25.0,,,,,,,,,,,,,0.0,,1.0,4911.10009765625,,,,,,,,,,,,,,,,,,,,,,,,,,,,,,,,,,,,,,,,""
4286745702,"15 ott 2020, 15:47:06",Nuotata pomeridiana,Nuotata,,4419,2.975,,,false,,,activities/4585465359.fit.gz,,,4419.0,3063.0,2975.0,4.699999809265137,0.9712700247764587,0.0,,,,0.0,0.0,,,33.0,28.302867889404297,,,,,740.0,,26.0,,,,,,,,,,,,,,0.0,,1.0,,,,,,,,,,,,,,,,,,,,,,,,,,,,,,,,,,,,,,,,,""
4286745710,"29 set 2020, 09:57:01",Corsa dell'ora di pranzo,Corsa,,2943,"7,36",183.0,67,false,,,activities/4585465453.fit.gz,,,2943.0,2692.0,7365.5,7.199999809265137,2.736069917678833,102.0,115.0,1000.0,1038.4000244140625,43.599998474121094,-0.17378318309783936,,,104.0,68.84073638916016,,154.65281677246094,,,588.0,,17.0,67.0,,,,,,,,,,,,,0.0,,1.0,7607.0,,,,,,,,,,,,,,,,,,,,,,,,,,,,,,,,,,,,,,,,""
4286745714,"17 ago 2020, 16:47:53",Nuotata serale,Nuotata,,3828,2.425,,,false,,,activities/4585465372.fit.gz,,,3828.0,2273.0,2425.0,5.0,1.066872000694275,0.0,,,,0.0,0.0,,,35.0,30.95639991760254,,,,,593.0,,26.0,,,,,,,,,,,,,,0.0,,1.0,,,,,,,,,,,,,,,,,,,,,,,,,,,,,,,,,,,,,,,,,""
4286745722,"29 ago 2020, 17:10:06",Corsa serale,Corsa,,1585,"5,87",178.0,66,false,,,activities/4585465459.fit.gz,,,1585.0,1585.0,5876.2998046875,6.199999809265137,3.707444906234741,60.0,60.0,912.5999755859375,952.5999755859375,8.5,-0.02382451482117176,,,82.0,76.31502532958984,,166.3236541748047,,,457.0,,17.0,66.0,,,,,,,,,,,,,0.0,,1.0,5996.0,,,,,,,,,,,,,,,,,,,,,,,,,,,,,,,,,,,,,,,,""
4286745725,"03 nov 2020, 17:47:10",Corsa serale,Corsa,,3086,"9,28",183.0,83,false,,,activities/4585465410.fit.gz,,,3086.0,2782.0,9282.7998046875,6.599999904632568,3.3367362022399902,212.0,182.0,924.4000244140625,1033.800048828125,24.200000762939453,0.06894471496343613,,,108.0,75.56693267822266,,157.14291381835938,,,695.0,,12.0,83.0,,,,,,,,,,,,,0.0,,1.0,10004.7998046875,,,,,,,,,,,,,,,,,,,,,,,,,,,,,,,,,,,,,,,,""
4286745730,"14 ago 2020, 17:55:40",Attività serale,Allenamento generico,,41,"0,01",173.0,1,false,,,activities/4585465647.fit.gz,,,41.0,41.0,18.799999237060547,2.0,0.4585365951061249,1.0,0.0,1011.2000122070312,1012.5999755859375,-2.700000047683716,-7.446808338165283,,,49.0,49.0,,160.62857055664062,,,1.0,,20.0,1.0,,,,,,,,,,,,,0.0,,1.0,,,,,,,,,,,,,,,,,,,,,,,,,,,,,,,,,,,,,,,,,""
4286745749,"04 set 2020, 16:08:50",Giro serale,Ciclismo,,5549,"30,75",162.0,63,false,,,activities/4585465377.fit.gz,,,5549.0,5258.0,30753.5,14.899999618530273,5.8488969802856445,733.0,728.0,471.3999938964844,1041.199951171875,15.5,-0.01495764683932066,,,,,,131.61427307128906,,,950.0,,17.0,63.0,,,,,,,,,,,,,0.0,,1.0,,,,,,,,,,,,,,,,,,,,,,,,,,,,,,,,,,,,,,,,,""
4286745770,"05 ott 2020, 13:52:16",Corsa pomeridiana,Corsa,,4385,"14,51",187.0,201,false,,,activities/4585465414.fit.gz,,,4385.0,4203.0,14516.900390625,5.199999809265137,3.4539377689361572,65.0,63.0,281.79998779296875,297.79998779296875,18.200000762939453,-0.07852916419506073,,,81.0,75.31710052490234,,172.54266357421875,,,1106.0,,17.0,201.0,,,,,,,,,,,,,0.0,,1.0,14616.900390625,,,,,,,,,,,,,,,,,,,,,,,,,,,,,,,,,,,,,,,,""
4286745771,"12 ott 2020, 16:21:58",Corsa serale,Corsa,,810,"1,98",172.0,11,false,,,activities/4585465389.fit.gz,,,810.0,606.0,1981.800048828125,4.900000095367432,3.270297050476074,69.0,67.0,990.5999755859375,1051.0,41.0,-0.3229387402534485,,,112.0,75.69346618652344,,144.90199279785156,,,137.0,,18.0,11.0,,,,,,,,,,,,,0.0,,1.0,2204.10009765625,,,,,,,,,,,,,,,,,,,,,,,,,,,,,,,,,,,,,,,,""
4286745776,"14 ago 2020, 17:56:23",Corsa serale,Corsa,,1000,"1,50",189.0,48,false,,,activities/4585465660.fit.gz,,,1000.0,1000.0,1506.5999755859375,3.4000000953674316,1.506600022315979,296.0,0.0,1011.4000244140625,1311.800048828125,50.0,19.938936233520508,,,107.0,59.45358657836914,,169.8677520751953,,,283.0,,19.0,48.0,,,,,,,,,,,,,0.0,,1.0,3385.0,,,,,,,,,,,,,,,,,,,,,,,,,,,,,,,,,,,,,,,,""
4286745800,"07 ott 2020, 17:44:02",Corsa serale,Corsa,,8432,"16,06",179.0,134,false,,,activities/4585465444.fit.gz,,,8432.0,4851.0,16060.2998046875,7.400000095367432,3.3107194900512695,199.0,213.0,233.60000610351562,376.20001220703125,48.0,-0.06600125879049301,,,101.0,75.40988159179688,,155.48875427246094,,,1148.0,,16.0,134.0,,,,,,,,,,,,,0.0,,1.0,16708.0,,,,,,,,,,,,,,,,,,,,,,,,,,,,,,,,,,,,,,,,""
4286745804,"24 ago 2020, 17:06:06",Corsa serale,Corsa,,2684,"9,74",178.0,92,false,,,activities/4585465438.fit.gz,,,2684.0,2684.0,9742.7001953125,5.800000190734863,3.629918098449707,142.0,142.0,927.5999755859375,983.7999877929688,18.799999237060547,0.04516201838850975,,,79.0,75.39806365966797,,161.85128784179688,,,746.0,,19.0,92.0,,,,,,,,,,,,,0.0,,1.0,10094.099609375,,,,,,,,,,,,,,,,,,,,,,,,,,,,,,,,,,,,,,,,""
4286745806,"29 ago 2020, 16:30:01",Nuotata serale,Nuotata,,2153,1.400,,,false,,,activities/4585465458.fit.gz,,,2153.0,1509.0,1400.0,2.299999952316284,0.927766740322113,0.0,,,,0.0,0.0,,,30.0,24.448217391967773,,,,,348.0,,26.0,,,,,,,,,,,,,,0.0,,1.0,,,,,,,,,,,,,,,,,,,,,,,,,,,,,,,,,,,,,,,,,""
4286745813,"19 ago 2020, 17:31:21",Giro serale,Ciclismo,,1672,"6,88",161.0,11,false,,,activities/4585465467.fit.gz,,,1672.0,1296.0,6886.89990234375,13.100000381469727,5.313966274261475,167.0,151.0,782.0,943.4000244140625,14.699999809265137,0.04646502807736397,,,,,,129.46177673339844,,,257.0,,22.0,11.0,,,,,,,,,,,,,0.0,,1.0,,,,,,,,,,,,,,,,,,,,,,,,,,,,,,,,,,,,,,,,,""
4286745816,"30 set 2020, 16:17:35",Corsa serale,Corsa,,6415,"19,25",187.0,290,false,,,activities/4585465466.fit.gz,,,6415.0,5757.0,19256.400390625,6.699999809265137,3.34486722946167,249.0,240.0,241.60000610351562,365.6000061035156,24.700000762939453,0.007270310074090958,,,85.0,75.04308319091797,,170.32521057128906,,,1562.0,,17.0,290.0,,,,,,,,,,,,,0.0,,1.0,19895.900390625,,,,,,,,,,,,,,,,,,,,,,,,,,,,,,,,,,,,,,,,""
4286745829,"10 ago 2020, 05:43:45",Corsa mattutina,Corsa,,2885,"10,00",168.0,64,false,,,activities/4585465449.fit.gz,,,2885.0,2885.0,10004.599609375,5.300000190734863,3.467798948287964,170.0,166.0,1014.4000244140625,1095.0,13.199999809265137,0.05997241288423538,,,79.0,75.60834503173828,,149.18345642089844,,,711.0,,22.0,64.0,,,,,,,,,,,,,0.0,,1.0,10376.900390625,,,,,,,,,,,,,,,,,,,,,,,,,,,,,,,,,,,,,,,,""
4286745841,"09 set 2020, 14:30:13",Corsa pomeridiana,Corsa,,3583,"5,12",167.0,32,false,,,activities/4585465375.fit.gz,,,3583.0,2543.0,5123.5,4.400000095367432,2.0147464275360107,408.0,394.0,2820.39990234375,3133.60009765625,49.599998474121094,0.16785401105880737,,,101.0,65.16619873046875,,137.42001342773438,,,525.0,,18.0,32.0,,,,,,,,,,,,,0.0,,1.0,7807.2001953125,,,,,,,,,,,,,,,,,,,,,,,,,,,,,,,,,,,,,,,,""
4286745849,"22 set 2020, 17:04:56",Nuotata serale,Nuotata,,3635,2.400,,,false,,,activities/4585465443.fit.gz,,,3635.0,2357.0,2400.0,1.899999976158142,1.0182435512542725,0.0,,,,0.0,0.0,,,34.0,31.88240623474121,,,,,588.0,,25.0,,,,,,,,,,,,,,0.0,,1.0,,,,,,,,,,,,,,,,,,,,,,,,,,,,,,,,,,,,,,,,,""
4286745850,"21 ago 2020, 17:11:58",Giro serale,Ciclismo,,3725,"22,88",161.0,21,false,,,activities/4585465391.fit.gz,,,3725.0,2961.0,22885.69921875,18.299999237060547,7.729044437408447,488.0,470.0,457.20001220703125,942.5999755859375,16.600000381469727,0.034956324845552444,,,,,,123.07572937011719,,,516.0,,22.0,21.0,,,,,,,,,,,,,0.0,,1.0,,,,,,,,,,,,,,,,,,,,,,,,,,,,,,,,,,,,,,,,,""
4286745857,"19 ago 2020, 16:51:37",Nuotata serale,Nuotata,,1982,1.600,,,false,,,activities/4585465441.fit.gz,,,1982.0,1596.0,1600.0,5.099999904632568,1.0025062561035156,0.0,,,,0.0,0.0,,,34.0,26.379613876342773,,,,,391.0,,26.0,,,,,,,,,,,,,,0.0,,1.0,,,,,,,,,,,,,,,,,,,,,,,,,,,,,,,,,,,,,,,,,""
4286745862,"15 ago 2020, 17:44:07",Nuotata serale,Nuotata,,2904,1.900,,,false,,,activities/4585465473.fit.gz,,,2904.0,1798.0,1900.0,1.7000000476837158,1.0567296743392944,0.0,,,,0.0,0.0,,,37.0,31.29913902282715,,,,,461.0,,26.0,,,,,,,,,,,,,,0.0,,1.0,,,,,,,,,,,,,,,,,,,,,,,,,,,,,,,,,,,,,,,,,""
4286745888,"10 ago 2020, 17:37:58",Nuotata serale,Nuotata,,2023,1.100,,,false,,,activities/4585465427.fit.gz,,,2023.0,1339.0,1100.0,1.2999999523162842,0.8215085864067078,0.0,,,,0.0,0.0,,,33.0,28.840810775756836,,,,,279.0,,26.0,,,,,,,,,,,,,,0.0,,1.0,,,,,,,,,,,,,,,,,,,,,,,,,,,,,,,,,,,,,,,,,""
4286745895,"21 set 2020, 16:39:48",Corsa serale,Corsa,,4668,"11,64",178.0,96,false,,,activities/4585465385.fit.gz,,,4668.0,4470.0,11641.2998046875,7.099999904632568,2.6043176651000977,262.0,269.0,958.7999877929688,1006.2000122070312,46.29999923706055,-0.027488339692354202,,,93.0,67.087890625,,149.92703247070312,,,942.0,,17.0,96.0,,,,,,,,,,,,,0.0,,1.0,12515.2998046875,,,,,,,,,,,,,,,,,,,,,,,,,,,,,,,,,,,,,,,,""
4286745910,"06 ott 2020, 16:21:41",Nuotata serale,Nuotata,,4028,3.200,,,false,,,activities/4585465451.fit.gz,,,4028.0,3256.0,3200.0,2.0999999046325684,0.9828009605407715,0.0,,,,0.0,0.0,,,33.0,29.52046012878418,,,,,778.0,,26.0,,,,,,,,,,,,,,0.0,,1.0,,,,,,,,,,,,,,,,,,,,,,,,,,,,,,,,,,,,,,,,,""
4286745914,"12 ott 2020, 16:35:57",Corsa serale,Corsa,,2245,"8,02",182.0,90,false,,,activities/4585465383.fit.gz,,,2245.0,2245.0,8020.0,5.900000095367432,3.572383165359497,153.0,148.0,1014.7999877929688,1100.800048828125,14.100000381469727,0.08977556228637695,,,88.0,75.95187377929688,,164.29812622070312,,,592.0,,9.0,90.0,,,,,,,,,,,,,0.0,,1.0,8360.0,,,,,,,,,,,,,,,,,,,,,,,,,,,,,,,,,,,,,,,,""
4286745938,"14 set 2020, 12:34:49",Giro pomeridiano,Ciclismo,,16438,"94,92",182.0,398,false,,,activities/4585465457.fit.gz,,,16438.0,14068.0,94921.703125,17.100000381469727,6.747348785400391,1588.0,1569.0,315.79998779296875,1051.800048828125,47.599998474121094,0.017066698521375656,,,,,,152.500244140625,,,3145.0,,23.0,398.0,,,,,,,,,,,,,0.0,,1.0,,,,,,,,,,,,,,,,,,,,,,,,,,,,,,,,,,,,,,,,,""
4286745952,"14 ago 2020, 17:34:48",Giro serale,Ciclismo,,1252,"6,82",187.0,41,false,,,activities/4585465446.fit.gz,,,1252.0,1252.0,6825.60009765625,11.699999809265137,5.451756954193115,326.0,2.0,688.0,1013.0,22.200000762939453,4.758555889129639,,,,,,156.67225646972656,,,328.0,,21.0,41.0,,,,,,,,,,,,,0.0,,1.0,,,,,,,,,,,,,,,,,,,,,,,,,,,,,,,,,,,,,,,,,""
4286745958,"28 ago 2020, 10:06:50",Nuotata dell'ora di pranzo,Nuotata,,5262,3.100,,,false,,,activities/4585465559.fit.gz,,,5262.0,3171.0,3100.0,2.0,0.9776095747947693,0.0,,,,0.0,0.0,,,36.0,28.108861923217773,,,,,776.0,,26.0,,,,,,,,,,,,,,0.0,,1.0,,,,,,,,,,,,,,,,,,,,,,,,,,,,,,,,,,,,,,,,,""
4286745990,"07 set 2020, 17:38:58",Nuotata serale,Nuotata,,3823,2.800,,,false,,,activities/4585465529.fit.gz,,,3823.0,2915.0,2800.0,2.9000000953674316,0.9605488777160645,0.0,,,,0.0,0.0,,,33.0,28.171428680419922,,,,,691.0,,25.0,,,,,,,,,,,,,,0.0,,1.0,,,,,,,,,,,,,,,,,,,,,,,,,,,,,,,,,,,,,,,,,""
4286746005,"03 set 2020, 06:52:35",Giro mattutino,Ciclismo,,4079,"24,28",176.0,66,false,,,activities/4585465465.fit.gz,,,4079.0,3930.0,24281.900390625,14.600000381469727,6.178600311279297,574.0,588.0,801.0,1040.199951171875,14.199999809265137,-0.027180738747119904,,,,,,140.51832580566406,,,809.0,,11.0,66.0,,,,,,,,,,,,,0.0,,1.0,,,,,,,,,,,,,,,,,,,,,,,,,,,,,,,,,,,,,,,,,""
4286746011,"12 ago 2020, 17:28:59",Giro serale,Ciclismo,,3681,"23,67",167.0,42,false,,,activities/4585465497.fit.gz,,,3681.0,3617.0,23674.19921875,20.200000762939453,6.545258522033691,486.0,475.0,463.3999938964844,941.2000122070312,20.700000762939453,-0.015206427313387394,,,,,,135.9037628173828,,,724.0,,22.0,42.0,,,,,,,,,,,,,0.0,,1.0,,,,,,,,,,,,,,,,,,,,,,,,,,,,,,,,,,,,,,,,,""
4286746014,"16 set 2020, 11:17:25",Giro pomeridiano,Ciclismo,,17872,"103,70",205.0,460,false,,,activities/4585465470.fit.gz,,,17872.0,16066.0,103701.3984375,17.799999237060547,6.4547119140625,1734.0,1699.0,247.0,1087.4000244140625,22.700000762939453,0.014271745458245277,,,,,,154.68209838867188,,,3414.0,,25.0,460.0,,,,,,,,,,,,,0.0,,1.0,,,,,,,,,,,,,,,,,,,,,,,,,,,,,,,,,,,,,,,,,""
4286746118,"28 ott 2020, 17:12:56",Corsa serale,Corsa,,5165,"16,79",197.0,140,false,,,activities/4585465503.fit.gz,,,5165.0,4848.0,16793.0,9.199999809265137,3.463902711868286,188.0,187.0,238.60000610351562,370.0,26.5,0.0023819447960704565,,,80.0,75.90576934814453,,156.33767700195312,,,1101.0,,12.0,140.0,,,,,,,,,,,,,0.0,,1.0,17237.599609375,,,,,,,,,,,,,,,,,,,,,,,,,,,,,,,,,,,,,,,,""
4286746124,"26 ago 2020, 17:15:24",Giro serale,Ciclismo,,3819,"20,38",172.0,24,false,,,activities/4585465452.fit.gz,,,3819.0,3126.0,20381.0,18.299999237060547,6.519833564758301,530.0,514.0,428.79998779296875,948.7999877929688,17.5,0.04710269346833229,,,,,,129.30804443359375,,,564.0,,22.0,24.0,,,,,,,,,,,,,0.0,,1.0,,,,,,,,,,,,,,,,,,,,,,,,,,,,,,,,,,,,,,,,,""
4286746128,"30 ago 2020, 14:45:07",Corsa pomeridiana,Corsa,,4580,"14,50",179.0,95,false,,,activities/4585465435.fit.gz,,,4580.0,4118.0,14503.0,9.399999618530273,3.521855354309082,76.0,75.0,318.20001220703125,393.20001220703125,18.899999618530273,-0.04274977743625641,,,79.0,76.218994140625,,151.25418090820312,,,1019.0,,18.0,95.0,,,,,,,,,,,,,0.0,,1.0,14643.7998046875,,,,,,,,,,,,,,,,,,,,,,,,,,,,,,,,,,,,,,,,""
4286746174,"03 set 2020, 16:58:27",Corsa serale,Corsa,,4054,"7,33",176.0,54,false,,,activities/4585465482.fit.gz,,,4054.0,3925.0,7337.39990234375,4.900000095367432,1.869401216506958,362.0,338.0,805.5999755859375,1070.4000244140625,48.400001525878906,0.21260936558246613,,,110.0,62.45513916015625,,139.37933349609375,,,724.0,,17.0,54.0,,,,,,,,,,,,,0.0,,1.0,9406.5,,,,,,,,,,,,,,,,,,,,,,,,,,,,,,,,,,,,,,,,""
4286746234,"11 ago 2020, 05:25:23",Giro mattutino,Ciclismo,,5429,"35,83",188.0,94,false,,,activities/4585465481.fit.gz,,,5429.0,5429.0,35832.19921875,17.399999618530273,6.600147247314453,769.0,776.0,364.20001220703125,1074.4000244140625,31.700000762939453,-0.014512087218463421,,,,,,141.4696807861328,,,1143.0,,22.0,94.0,,,,,,,,,,,,,0.0,,1.0,,,,,,,,,,,,,,,,,,,,,,,,,,,,,,,,,,,,,,,,,""
4286746244,"11 set 2020, 12:43:58",Corsa pomeridiana,Corsa,,8445,"9,21",148.0,19,false,,,activities/4585465454.fit.gz,,,8445.0,6554.0,9214.099609375,4.400000095367432,1.405874252319336,559.0,544.0,2764.39990234375,3003.60009765625,49.599998474121094,0.010852931998670101,,,122.0,53.415626525878906,,107.06137084960938,,,695.0,,18.0,19.0,,,,,,,,,,,,,0.0,,1.0,12821.0,,,,,,,,,,,,,,,,,,,,,,,,,,,,,,,,,,,,,,,,""
4286746268,"20 ott 2020, 16:31:06",Corsa serale,Corsa,,3891,"8,83",178.0,75,false,,,activities/4585465412.fit.gz,,,3891.0,3238.0,8838.900390625,7.900000095367432,2.729740619659424,223.0,204.0,948.5999755859375,981.4000244140625,39.400001525878906,0.009050900116562843,,,101.0,69.59921264648438,,153.36302185058594,,,727.0,,14.0,75.0,,,,,,,,,,,,,0.0,,1.0,9726.2001953125,,,,,,,,,,,,,,,,,,,,,,,,,,,,,,,,,,,,,,,,""
4286746338,"24 set 2020, 17:18:29",Nuotata serale,Nuotata,,3550,2.400,,,false,,,activities/4585465498.fit.gz,,,3550.0,2417.0,2400.0,1.5,0.9929664731025696,0.0,,,,0.0,0.0,,,34.0,29.174589157104492,,,,,587.0,,25.0,,,,,,,,,,,,,,0.0,,1.0,,,,,,,,,,,,,,,,,,,,,,,,,,,,,,,,,,,,,,,,,""
4286746361,"18 set 2020, 09:06:21",Corsa dell'ora di pranzo,Corsa,,2682,"8,18",184.0,112,false,,,activities/4585465506.fit.gz,,,2682.0,2278.0,8183.0,5.5,3.592186212539673,144.0,140.0,1016.2000122070312,1098.800048828125,16.5,0.012220457196235657,,,81.0,76.2397689819336,,169.98287963867188,,,642.0,,23.0,112.0,,,,,,,,,,,,,0.0,,1.0,8480.7998046875,,,,,,,,,,,,,,,,,,,,,,,,,,,,,,,,,,,,,,,,""
4286746384,"02 set 2020, 16:45:29",Nuotata serale,Nuotata,,2577,1.900,,,false,,,activities/4585465487.fit.gz,,,2577.0,1859.0,1900.0,1.600000023841858,1.02205491065979,0.0,,,,0.0,0.0,,,35.0,30.26571273803711,,,,,466.0,,25.0,,,,,,,,,,,,,,0.0,,1.0,,,,,,,,,,,,,,,,,,,,,,,,,,,,,,,,,,,,,,,,,""
4297986812,"06 nov 2020, 16:49:07",Corsa pomeridiana,Corsa,,2791,"9,88",179.0,77,false,,,activities/4594590111.fit.gz,,,2791.0,2649.0,9888.5,9.199999809265137,3.7329180240631104,172.0,183.0,1007.0,1091.800048828125,27.0,-0.0910148173570633,,,79.0,76.85768127441406,,158.06124877929688,,,696.0,,12.0,77.0,,,,,,,,,,,,,0.0,,1.0,10258.099609375,,,,,,,,,,,,,,,,,,,,,,,,,,,,,,,,,,,,,,,,""
4301747356,"07 nov 2020, 06:35:25",Escursione mattutina,Escursione,,23941,"22,37",174.0,199,false,,,activities/4598586644.fit.gz,,,23941.0,20575.0,22377.0,4.800000190734863,1.087581992149353,2068.0,2058.0,592.4000244140625,2010.4000244140625,50.0,0.053626492619514465,,,118.0,51.52832794189453,,121.60839080810547,,,2995.0,,17.0,199.0,,,,,,,,,,,,,0.0,,1.0,,,,,,,,,,,,,,,,,,,,,,,,,,,,,,,,,,,,,,,,,""
4313715663,"09 nov 2020, 17:01:48",Corsa serale,Corsa,,3139,"10,53",181.0,108,false,,,activities/4611339875.fit.gz,,,3139.0,2669.0,10534.400390625,6.099999904632568,3.946946382522583,113.0,111.0,1024.800048828125,1048.0,33.29999923706055,-0.03417375311255455,,,81.0,77.65451049804688,,164.15029907226562,,,730.0,,12.0,108.0,,,,,,,,,,,,,0.0,,1.0,10727.7998046875,,,,,,,,,,,,,,,,,,,,,,,,,,,,,,,,,,,,,,,,""
4323700096,"11 nov 2020, 16:43:13",Corsa pomeridiana,Corsa,,5063,"17,66",182.0,218,false,,,activities/4621905422.fit.gz,,,5063.0,4732.0,17667.400390625,7.199999809265137,3.7336010932922363,336.0,348.0,913.4000244140625,1090.800048828125,19.700000762939453,-0.08263807743787766,,,108.0,77.81271362304688,,167.72071838378906,,,1310.0,,10.0,218.0,,,,,,,,,,,,,0.0,,1.0,18484.099609375,,,,,,,,,,,,,,,,,,,,,,,,,,,,,,,,,,,,,,,,""
4328424814,"12 nov 2020, 17:44:05",Corsa serale,Corsa,,3380,"6,72",151.0,15,false,,,activities/4626982242.fit.gz,,,3380.0,2727.0,6726.2998046875,5.800000190734863,2.4665565490722656,242.0,241.0,949.4000244140625,1039.5999755859375,41.900001525878906,-0.3151807188987732,,,116.0,69.25224304199219,,129.75021362304688,,,407.0,,13.0,15.0,,,,,,,,,,,,,0.0,,1.0,7724.39990234375,,,,,,,,,,,,,,,,,,,,,,,,,,,,,,,,,,,,,,,,""
4343257694,"15 nov 2020, 17:19:31",Corsa serale,Corsa,,2315,"9,18",181.0,90,false,,,activities/4642682104.fit.gz,,,2315.0,2315.0,9179.599609375,8.100000381469727,3.9652700424194336,116.0,114.0,1028.5999755859375,1059.199951171875,14.600000381469727,0.010893721133470535,,,81.0,77.77970123291016,,163.63584899902344,,,650.0,,11.0,90.0,,,,,,,,,,,,,0.0,,1.0,9385.7001953125,,,,,,,,,,,,,,,,,,,,,,,,,,,,,,,,,,,,,,,,""
4347061494,"16 nov 2020, 16:54:56",Corsa pomeridiana,Corsa,,3808,"11,75",180.0,113,false,,,activities/4646755338.fit.gz,,,3808.0,3541.0,11752.7001953125,7.199999809265137,3.3190340995788574,126.0,139.0,1012.2000122070312,1039.0,21.399999618530273,-0.1361389309167862,,,84.0,78.5084457397461,,162.64195251464844,,,843.0,,12.0,113.0,,,,,,,,,,,,,0.0,,1.0,11945.099609375,,,,,,,,,,,,,,,,,,,,,,,,,,,,,,,,,,,,,,,,""
4351900063,"17 nov 2020, 17:07:47",Corsa serale,Corsa,,2967,"10,43",177.0,94,false,,,activities/4651710559.fit.gz,,,2967.0,2797.0,10437.099609375,8.300000190734863,3.7315337657928467,178.0,192.0,1008.5999755859375,1094.0,20.799999237060547,-0.0804821252822876,,,81.0,77.42780303955078,,160.20172119140625,,,773.0,,9.0,94.0,,,,,,,,,,,,,0.0,,1.0,10829.2998046875,,,,,,,,,,,,,,,,,,,,,,,,,,,,,,,,,,,,,,,,""
4361121289,"19 nov 2020, 16:48:10",Corsa pomeridiana,Corsa,,3992,"11,66",177.0,108,false,,,activities/4661438565.fit.gz,,,3992.0,3783.0,11666.0,6.099999904632568,3.0837960243225098,264.0,266.0,1017.7999877929688,1047.5999755859375,42.400001525878906,-0.07200411707162857,,,106.0,71.0319595336914,,156.0928955078125,,,913.0,,12.0,108.0,,,,,,,,,,,,,0.0,,1.0,12546.0,,,,,,,,,,,,,,,,,,,,,,,,,,,,,,,,,,,,,,,,""
4370063123,"21 nov 2020, 14:57:49",Corsa pomeridiana,Corsa,,2767,"10,00",177.0,108,false,,,activities/4670876461.fit.gz,,,2767.0,2767.0,10006.400390625,7.099999904632568,3.616335391998291,190.0,193.0,1009.0,1097.5999755859375,22.200000762939453,-0.01798848807811737,,,79.0,77.01519775390625,,163.90130615234375,,,772.0,,7.0,108.0,,,,,,,,,,,,,0.0,,1.0,10431.0,,,,,,,,,,,,,,,,,,,,,,,,,,,,,,,,,,,,,,,,""
4378884699,"23 nov 2020, 09:49:37",Corsa mattutina,Corsa,,3617,"11,34",182.0,129,false,,,activities/4680328656.fit.gz,,,3617.0,2959.0,11341.2998046875,8.0,3.832815170288086,148.0,152.0,1007.7999877929688,1048.5999755859375,18.5,-0.05643092095851898,,,107.0,78.0703353881836,,166.1981658935547,,,833.0,,12.0,129.0,,,,,,,,,,,,,0.0,,1.0,11612.2001953125,,,,,,,,,,,,,,,,,,,,,,,,,,,,,,,,,,,,,,,,""
4385222668,"24 nov 2020, 16:56:49",Corsa pomeridiana,Corsa,,3836,"10,17",182.0,114,false,,,activities/4687106195.fit.gz,,,3836.0,3386.0,10169.400390625,7.199999809265137,3.003366708755493,265.0,265.0,1018.4000244140625,1046.4000244140625,34.099998474121094,-0.15143468976020813,,,110.0,70.05572509765625,,159.8357391357422,,,821.0,,12.0,114.0,,,,,,,,,,,,,0.0,,1.0,11155.599609375,,,,,,,,,,,,,,,,,,,,,,,,,,,,,,,,,,,,,,,,""
4389816746,"25 nov 2020, 17:10:56",Corsa serale,Corsa,,2942,"10,97",174.0,60,false,,,activities/4691970233.fit.gz,,,2942.0,2862.0,10978.2998046875,7.599999904632568,3.8358840942382812,117.0,127.0,1018.5999755859375,1047.0,11.300000190734863,-0.11659364402294159,,,105.0,76.89518737792969,,149.6984100341797,,,690.0,,12.0,60.0,,,,,,,,,,,,,0.0,,1.0,11180.2998046875,,,,,,,,,,,,,,,,,,,,,,,,,,,,,,,,,,,,,,,,""
4398393563,"27 nov 2020, 16:56:27",Corsa pomeridiana,Corsa,,2406,"9,00",180.0,89,false,,,activities/4701045850.fit.gz,,,2406.0,2403.0,9007.900390625,6.0,3.748605966567993,109.0,127.0,1011.5999755859375,1042.800048828125,14.399999618530273,-0.21314623951911926,,,79.0,77.00582885742188,,163.02996826171875,,,683.0,,15.0,89.0,,,,,,,,,,,,,0.0,,1.0,9189.0,,,,,,,,,,,,,,,,,,,,,,,,,,,,,,,,,,,,,,,,""
4403195809,"28 nov 2020, 15:17:20",Corsa pomeridiana,Corsa,,5653,"18,45",178.0,213,false,,,activities/4706115518.fit.gz,,,5653.0,5106.0,18450.599609375,8.600000381469727,3.613513469696045,365.0,374.0,916.2000122070312,1095.800048828125,40.29999923706055,-0.08563407510519028,,,117.0,78.13970947265625,,165.32968139648438,,,1403.0,,7.0,213.0,,,,,,,,,,,,,0.0,,1.0,19433.80078125,,,,,,,,,,,,,,,,,,,,,,,,,,,,,,,,,,,,,,,,""
4425471286,"03 dic 2020, 17:03:12",Corsa serale,Corsa,,2968,"9,49",189.0,100,false,,,activities/4729628285.fit.gz,,,2968.0,2713.0,9498.599609375,5.0,3.501142740249634,201.0,203.0,1024.0,1151.0,19.399999618530273,0.046322617679834366,,,83.0,78.00553894042969,,162.46849060058594,,,744.0,,12.0,100.0,,,,,,,,,,,,,0.0,,1.0,10072.0,,,,,,,,,,,,,,,,,,,,,,,,,,,,,,,,,,,,,,,,""
4453973633,"10 dic 2020, 11:41:02",Corsa dell'ora di pranzo,Corsa,,2930,"9,61",188.0,88,false,,,activities/4759678819.fit.gz,,,2930.0,2663.0,9615.5,7.900000095367432,3.6107773780822754,182.0,187.0,1009.4000244140625,1096.0,29.299999237060547,-0.06863917410373688,,,81.0,77.76012420654297,,160.06082153320312,,,714.0,,11.0,88.0,,,,,,,,,,,,,0.0,,1.0,10058.0,,,,,,,,,,,,,,,,,,,,,,,,,,,,,,,,,,,,,,,,""
4460818902,"12 dic 2020, 06:45:18",Corsa mattutina,Corsa,,2912,"10,00",177.0,84,false,,,activities/4766888902.fit.gz,,,2912.0,2763.0,10005.400390625,5.699999809265137,3.621208906173706,179.0,197.0,1002.7999877929688,1094.0,30.5,-0.13792552053928375,,,81.0,78.15682220458984,,157.38243103027344,,,712.0,,14.0,84.0,,,,,,,,,,,,,0.0,,1.0,10409.099609375,,,,,,,,,,,,,,,,,,,,,,,,,,,,,,,,,,,,,,,,""
4480387860,"16 dic 2020, 17:20:23",Corsa serale,Corsa,,2817,"9,75",177.0,75,false,,,activities/4787514790.fit.gz,,,2817.0,2429.0,9753.5,6.800000190734863,4.015438556671143,49.0,41.0,299.79998779296875,312.0,11.899999618530273,0.05741528794169426,,,84.0,77.1119384765625,,157.851318359375,,,646.0,,12.0,75.0,,,,,,,,,,,,,0.0,,1.0,9846.599609375,,,,,,,,,,,,,,,,,,,,,,,,,,,,,,,,,,,,,,,,""
4487910759,"18 dic 2020, 17:13:59",Corsa serale,Corsa,,3042,"10,21",177.0,100,false,,,activities/4795447789.fit.gz,,,3042.0,2803.0,10218.7998046875,6.599999904632568,3.645665407180786,141.0,126.0,909.5999755859375,956.4000244140625,13.0,0.10373038053512573,,,80.0,76.5875015258789,,161.75204467773438,,,773.0,,8.0,100.0,,,,,,,,,,,,,0.0,,1.0,10554.900390625,,,,,,,,,,,,,,,,,,,,,,,,,,,,,,,,,,,,,,,,""
4499720537,"21 dic 2020, 10:50:22",Corsa dell'ora di pranzo,Corsa,,4889,"14,48",180.0,152,false,,,activities/4807934189.fit.gz,,,4889.0,4335.0,14482.099609375,8.0,3.340738296508789,274.0,244.0,245.0,466.6000061035156,20.0,0.1021951213479042,,,87.0,76.9130859375,,162.0240936279297,,,1164.0,,12.0,152.0,,,,,,,,,,,,,0.0,,1.0,15333.5,,,,,,,,,,,,,,,,,,,,,,,,,,,,,,,,,,,,,,,,""
4512922240,"24 dic 2020, 15:12:15",Corsa pomeridiana,Corsa,,2675,"10,00",182.0,69,false,,,activities/4821867527.fit.gz,,,2675.0,2675.0,10005.599609375,7.199999809265137,3.7404112815856934,182.0,188.0,1009.0,1094.800048828125,25.600000381469727,-0.021987687796354294,,,79.0,77.17603302001953,,155.02171325683594,,,692.0,,12.0,69.0,,,,,,,,,,,,,0.0,,1.0,10418.099609375,,,,,,,,,,,,,,,,,,,,,,,,,,,,,,,,,,,,,,,,""
4525780396,"27 dic 2020, 15:47:19",Corsa pomeridiana,Corsa,,3372,"12,21",178.0,118,false,,,activities/4835502935.fit.gz,,,3372.0,3288.0,12213.900390625,7.0,3.7146897315979004,174.0,160.0,922.2000122070312,976.2000122070312,36.70000076293945,0.08842384815216064,,,81.0,77.04167938232422,,162.21144104003906,,,899.0,,8.0,118.0,,,,,,,,,,,,,0.0,,1.0,12605.0,,,,,,,,,,,,,,,,,,,,,,,,,,,,,,,,,,,,,,,,""
4526742357,"27 dic 2020, 15:45:55",Corsa pomeridiana,Corsa,,3706,"13,60",,,false,,,activities/4526742357.fit,,,3706.0,3595.0,13605.599609375,7.199999809265137,3.7845897674560547,230.25616455078125,219.25616455078125,894.9000244140625,949.5999755859375,49.0,0.0808490589261055,,,,,,,,,,,,,,,,,,,,,,,,,0.0,,1.0,14229.400390625,,,,,,,,,,,,,,,,,,,,,,,,,,,,,,,,,,,,,,,,""
4578152873,"05 gen 2021, 09:16:58",Attività mattutina,Allenamento generico,,0,0,,,false,,,activities/4890832952.fit.gz,,,0.0,0.0,0.0,0.0,0.0,0.0,,,,0.0,0.0,,,,,,,,,,,,,,,,,,,,,,,,,0.0,,1.0,,,,,,,,,,,,,,,,,,,,,,,,,,,,,,,,,,,,,,,,,""
4607560266,"12 gen 2021, 09:25:31",Lenta ripresa dopo un lungo periodo di estremo fancazzismo 🍰🥂🍷,Corsa,"",2799,"9,74",184.0,99,false,,,activities/4921650537.fit.gz,,,2799.0,2794.0,9744.2001953125,7.300000190734863,3.4875447750091553,184.0,199.0,1005.5999755859375,1099.199951171875,18.799999237060547,-0.12930768728256226,,,112.0,76.72297668457031,,161.92340087890625,,,763.0,,10.0,99.0,,,,,,,,,,,0.0,,0.0,,1.0,10157.599609375,,,,,,,,,,,,,,,,,,,,,,,,,,,,,,,,,,,,,,,,""
4615776349,"13 gen 2021, 17:48:17",Attività serale,Sci nordico,,5369,"6,07",176.0,71,false,,,activities/4930219633.fit.gz,,,5369.0,4265.0,6070.2001953125,13.100000381469727,1.4232591390609741,632.0,482.0,1033.0,1348.0,50.0,0.0065895686857402325,,,100.0,60.58112716674805,,144.17330932617188,,,906.0,,13.0,71.0,,,,,,,,,,,,,0.0,,1.0,,,,,,,,,,,,,,,,,,,,,,,,,,,,,,,,,,,,,,,,,""
4618090033,"14 gen 2021, 08:54:05",Corsa mattutina,Corsa,,2805,"6,43",158.0,27,false,,,activities/4932655272.fit.gz,,,2805.0,2454.0,6429.60009765625,9.600000381469727,2.620048999786377,213.0,218.0,1015.4000244140625,1056.199951171875,38.900001525878906,-0.2737339735031128,,,111.0,68.60848236083984,,139.38986206054688,,,456.0,,12.0,27.0,,,,,,,,,,,,,0.0,,1.0,7310.7001953125,,,,,,,,,,,,,,,,,,,,,,,,,,,,,,,,,,,,,,,,""
4631332875,"16 gen 2021, 17:21:38",Corsa serale,Corsa,,2762,"10,00",180.0,83,false,,,activities/4946445101.fit.gz,,,2762.0,2762.0,10008.900390625,7.599999904632568,3.6237871646881104,139.0,134.0,909.4000244140625,956.0,20.0,0.041962653398513794,,,80.0,76.25516510009766,,157.0463409423828,,,710.0,,8.0,83.0,,,,,,,,,,,,,0.0,,1.0,10324.2998046875,,,,,,,,,,,,,,,,,,,,,,,,,,,,,,,,,,,,,,,,""
4645710902,"19 gen 2021, 10:25:34",Corsa dell'ora di pranzo,Corsa,,2904,"9,68",178.0,82,false,,,activities/4961446614.fit.gz,,,2904.0,2755.0,9684.400390625,10.300000190734863,3.5152087211608887,192.0,198.0,1004.0,1097.5999755859375,18.299999237060547,-0.07228119671344757,,,81.0,76.91153717041016,,158.02073669433594,,,724.0,,13.0,82.0,,,,,,,,,,,,,0.0,,1.0,10158.0,,,,,,,,,,,,,,,,,,,,,,,,,,,,,,,,,,,,,,,,""
4653589879,"20 gen 2021, 17:46:24",Attività serale,Sci nordico,,5238,"5,73",171.0,65,false,,,activities/4969611997.fit.gz,,,5238.0,3818.0,5730.89990234375,12.399999618530273,1.5010215044021606,537.0,587.0,1037.5999755859375,1347.199951171875,47.400001525878906,0.020939119160175323,,,97.0,63.23146057128906,,140.95411682128906,,,763.0,,14.0,65.0,,,,,,,,,,,,,0.0,,1.0,,,,,,,,,,,,,,,,,,,,,,,,,,,,,,,,,,,,,,,,,""
4658338290,"21 gen 2021, 17:24:38",Corsa serale,Corsa,,2720,"9,34",168.0,81,false,,,activities/4974555217.fit.gz,,,2720.0,2674.0,9342.7001953125,8.0,3.4939043521881104,138.0,139.0,922.7999877929688,979.4000244140625,21.299999237060547,-0.06422126293182373,,,122.0,74.24064636230469,,158.064697265625,,,694.0,,8.0,81.0,,,,,,,,,,,,,0.0,,1.0,9673.099609375,,,,,,,,,,,,,,,,,,,,,,,,,,,,,,,,,,,,,,,,""
4678101069,"24 gen 2021, 16:21:33",Corsa pomeridiana,Corsa,,2927,"10,02",173.0,73,false,,,activities/4995167490.fit.gz,,,2927.0,2927.0,10025.7998046875,6.900000095367432,3.4252817630767822,151.0,154.0,970.4000244140625,1026.0,15.199999809265137,-0.04388677328824997,,,80.0,74.88436889648438,,153.6780548095703,,,721.0,,10.0,73.0,,,,,,,,,,,,,0.0,,1.0,10408.599609375,,,,,,,,,,,,,,,,,,,,,,,,,,,,,,,,,,,,,,,,""
4688900482,"27 gen 2021, 10:36:01",Corsa dell'ora di pranzo,Corsa,,2722,"9,91",175.0,80,false,,,activities/5006370731.fit.gz,,,2722.0,2693.0,9917.5,6.900000095367432,3.6826958656311035,189.0,187.0,1009.5999755859375,1107.199951171875,26.0,0.04234938323497772,,,109.0,76.62635040283203,,157.60691833496094,,,699.0,,9.0,80.0,,,,,,,,,,,,,0.0,,1.0,10374.0,,,,,,,,,,,,,,,,,,,,,,,,,,,,,,,,,,,,,,,,""
4701182926,"29 gen 2021, 17:30:34",Corsa serale,Corsa,,2911,"10,26",189.0,112,false,,,activities/5019129618.fit.gz,,,2911.0,2676.0,10264.400390625,6.199999809265137,3.8357250690460205,102.0,86.0,911.0,953.4000244140625,14.300000190734863,0.035072676837444305,,,82.0,77.24840545654297,,166.04229736328125,,,733.0,,12.0,112.0,,,,,,,,,,,,,0.0,,1.0,10473.2998046875,,,,,,,,,,,,,,,,,,,,,,,,,,,,,,,,,,,,,,,,""
4713955421,"30 gen 2021, 17:33:58",Corsa serale,Corsa,,2785,"6,25",163.0,27,false,,,activities/5032438206.fit.gz,,,2785.0,2423.0,6258.7998046875,6.300000190734863,2.5830788612365723,204.0,184.0,929.0,956.4000244140625,45.0,0.2524445652961731,,,116.0,67.88064575195312,,140.1282196044922,,,441.0,,12.0,27.0,,,,,,,,,,,,,0.0,,1.0,7092.0,,,,,,,,,,,,,,,,,,,,,,,,,,,,,,,,,,,,,,,,""
4720371923,"02 feb 2021, 06:51:19",Corsa mattutina,Corsa,,2774,"10,04",176.0,110,false,,,activities/5039139686.fit.gz,,,2774.0,2763.0,10044.7001953125,12.600000381469727,3.635432481765747,178.0,197.0,1004.4000244140625,1093.4000244140625,17.0,-0.13539478182792664,,,113.0,77.19491577148438,,164.42686462402344,,,744.0,,12.0,110.0,,,,,,,,,,,,,0.0,,1.0,10425.099609375,,,,,,,,,,,,,,,,,,,,,,,,,,,,,,,,,,,,,,,,""
4734656523,"04 feb 2021, 17:49:30",Corsa serale,Corsa,,3190,"10,01",176.0,105,false,,,activities/5053926857.fit.gz,,,3190.0,2891.0,10010.0,8.0,3.4624698162078857,146.0,136.0,223.1999969482422,350.6000061035156,20.299999237060547,0.0279720276594162,,,80.0,77.26213836669922,,162.25103759765625,,,763.0,,14.0,105.0,,,,,,,,,,,,,0.0,,1.0,10345.5,,,,,,,,,,,,,,,,,,,,,,,,,,,,,,,,,,,,,,,,""
4742733014,"06 feb 2021, 09:49:25",Corsa mattutina,Corsa,,3111,"10,76",172.0,91,false,,,activities/5062305129.fit.gz,,,3111.0,3019.0,10766.599609375,6.599999904632568,3.5662801265716553,174.0,192.0,1005.4000244140625,1091.800048828125,35.400001525878906,-0.10216781497001648,,,109.0,77.54660034179688,,158.0659637451172,,,759.0,,13.0,91.0,,,,,,,,,,,,,0.0,,1.0,11171.599609375,,,,,,,,,,,,,,,,,,,,,,,,,,,,,,,,,,,,,,,,""
4860801822,"27 feb 2021, 17:05:56",Corsa serale,Corsa,,3053,"6,04",162.0,23,false,,,activities/5184964013.fit.gz,,,3053.0,2422.0,6044.89990234375,6.800000190734863,2.4958298206329346,196.0,170.0,929.4000244140625,953.4000244140625,38.29999923706055,0.10587437450885773,,,108.0,67.82967376708984,,138.2124786376953,,,438.0,,15.0,23.0,,,,,,,,,,,,,0.0,,1.0,6921.5,,,,,,,,,,,,,,,,,,,,,,,,,,,,,,,,,,,,,,,,""
4872483297,"01 mar 2021, 16:25:48",Corsa pomeridiana,Corsa,,2140,"7,91",170.0,52,false,,,activities/5198137067.fit.gz,,,2140.0,2140.0,7914.39990234375,5.199999809265137,3.698317766189575,150.0,141.0,1025.199951171875,1111.199951171875,22.200000762939453,0.1314060389995575,,,79.0,76.96678924560547,,153.5028076171875,,,532.0,,13.0,52.0,,,,,,,,,,,,,0.0,,1.0,8279.0,,,,,,,,,,,,,,,,,,,,,,,,,,,,,,,,,,,,,,,,""
4879123621,"02 mar 2021, 18:02:38",Corsa serale,Corsa,,2919,"10,27",198.0,95,false,,,activities/5205017363.fit.gz,,,2919.0,2784.0,10275.7998046875,6.699999809265137,3.6910200119018555,104.0,86.0,913.7999877929688,959.5999755859375,23.5,0.10510130226612091,,,83.0,77.51422119140625,,161.05137634277344,,,735.0,,10.0,95.0,,,,,,,,,,,,,0.0,,1.0,10479.900390625,,,,,,,,,,,,,,,,,,,,,,,,,,,,,,,,,,,,,,,,""
4890707513,"04 mar 2021, 18:12:45",Corsa serale,Corsa,,1230,"4,05",178.0,28,false,,,activities/5217127276.fit.gz,,,1230.0,1188.0,4054.699951171875,5.099999904632568,3.4130470752716064,58.0,52.0,907.4000244140625,958.2000122070312,10.199999809265137,0.14797642827033997,,,79.0,75.22953796386719,,153.01095581054688,,,300.0,,14.0,28.0,,,,,,,,,,,,,0.0,,1.0,4177.89990234375,,,,,,,,,,,,,,,,,,,,,,,,,,,,,,,,,,,,,,,,""
4898946147,"06 mar 2021, 08:17:21",Corsa mattutina,Corsa,,2959,"9,83",176.0,96,false,,,activities/5225803694.fit.gz,,,2959.0,2753.0,9837.900390625,6.0,3.573519706726074,189.0,192.0,1009.7999877929688,1097.5999755859375,27.5,-0.0752193033695221,,,79.0,76.79839324951172,,161.70896911621094,,,734.0,,6.0,96.0,,,,,,,,,,,,,0.0,,1.0,10303.2001953125,,,,,,,,,,,,,,,,,,,,,,,,,,,,,,,,,,,,,,,,""
4913450193,"08 mar 2021, 16:47:56",Corsa pomeridiana,Corsa,,2730,"10,01",177.0,89,false,,,activities/5241163810.fit.gz,,,2730.0,2730.0,10011.0,6.400000095367432,3.6670329570770264,180.0,195.0,1006.5999755859375,1095.5999755859375,23.899999618530273,-0.12586155533790588,,,80.0,77.26072692871094,,159.37696838378906,,,716.0,,11.0,89.0,,,,,,,,,,,,,0.0,,1.0,10419.7998046875,,,,,,,,,,,,,,,,,,,,,,,,,,,,,,,,,,,,,,,,""
4922754098,"10 mar 2021, 09:51:56",Corsa mattutina,Corsa,,3278,"8,01",156.0,29,false,,,activities/5250967496.fit.gz,,,3278.0,2833.0,8009.0,5.699999809265137,2.827038526535034,250.0,252.0,1008.7999877929688,1047.5999755859375,36.400001525878906,-0.2971656918525696,,,108.0,69.01089477539062,,136.45008850097656,,,481.0,,13.0,29.0,,,,,,,,,,,,,0.0,,1.0,8932.2998046875,,,,,,,,,,,,,,,,,,,,,,,,,,,,,,,,,,,,,,,,""
4935661709,"12 mar 2021, 18:02:53",Corsa serale,Corsa,,3443,"11,13",181.0,94,false,,,activities/5264583227.fit.gz,,,3443.0,2944.0,11131.099609375,5.900000095367432,3.780944347381592,30.0,26.0,242.39999389648438,268.20001220703125,15.899999618530273,-0.01976444385945797,,,84.0,76.99147033691406,,159.18667602539062,,,773.0,,14.0,94.0,,,,,,,,,,,,,0.0,,1.0,11177.0,,,,,,,,,,,,,,,,,,,,,,,,,,,,,,,,,,,,,,,,""
4937924413,"13 mar 2021, 09:26:48",Corsa mattutina,Corsa,,2722,"10,06",181.0,85,false,,,activities/5266980475.fit.gz,,,2722.0,2717.0,10062.900390625,16.5,3.7036805152893066,181.0,191.0,1003.4000244140625,1091.800048828125,20.799999237060547,-0.08347494155168533,,,80.0,76.72164916992188,,158.67575073242188,,,713.0,,15.0,85.0,,,,,,,,,,,,,0.0,,1.0,10469.7001953125,,,,,,,,,,,,,,,,,,,,,,,,,,,,,,,,,,,,,,,,""
4951900185,"15 mar 2021, 15:15:46",Giro pomeridiano,Ciclismo,,7402,"46,39",169.0,62,false,,,activities/5281733679.fit.gz,,,7402.0,7199.0,46398.80078125,18.0,6.4451727867126465,1034.0,1015.0,455.0,1091.5999755859375,38.5,0.014224505983293056,,,,,,126.96204376220703,,,1075.0,,12.0,62.0,,,,,,,,,,,,,0.0,,1.0,,,,,,,,,,,,,,,,,,,,,,,,,,,,,,,,,,,,,,,,,""
4961013637,"17 mar 2021, 07:59:39",Giro mattutino,Ciclismo,,10782,"69,99",158.0,79,false,,,activities/5291257684.fit.gz,,,10782.0,10112.0,69990.296875,18.799999237060547,6.921509265899658,1074.0,1050.0,274.79998779296875,1053.800048828125,34.0,0.023431818932294846,,,,,,129.2139434814453,,,1488.0,,14.0,79.0,,,,,,,,,,,,,0.0,,1.0,,,,,,,,,,,,,,,,,,,,,,,,,,,,,,,,,,,,,,,,,""
4968969480,"18 mar 2021, 17:48:43",Corsa serale,Corsa,,3171,"11,08",180.0,79,false,,,activities/5299561212.fit.gz,,,3171.0,2897.0,11081.2001953125,5.900000095367432,3.8250603675842285,109.0,95.0,908.5999755859375,962.0,12.899999618530273,0.04692632704973221,,,81.0,76.68771362304688,,154.4298095703125,,,722.0,,9.0,79.0,,,,,,,,,,,,,0.0,,1.0,11320.2998046875,,,,,,,,,,,,,,,,,,,,,,,,,,,,,,,,,,,,,,,,""
4992202088,"22 mar 2021, 18:04:38",Corsa serale,Corsa,,3792,"12,59",187.0,140,false,,,activities/5323883492.fit.gz,,,3792.0,3376.0,12598.099609375,7.599999904632568,3.7316646575927734,118.0,108.0,909.0,952.0,21.799999237060547,-0.012700327672064304,,,82.0,76.15997314453125,,165.2379150390625,,,926.0,,11.0,140.0,,,,,,,,,,,,,0.0,,1.0,12887.2998046875,,,,,,,,,,,,,,,,,,,,,,,,,,,,,,,,,,,,,,,,""
5003662360,"24 mar 2021, 17:13:25",Corsa serale,Corsa,,2753,"10,01",179.0,89,false,,,activities/5335864151.fit.gz,,,2753.0,2753.0,10009.2998046875,5.099999904632568,3.6357791423797607,181.0,190.0,1002.4000244140625,1091.0,14.899999618530273,-0.1458643525838852,,,80.0,76.4058837890625,,159.96694946289062,,,736.0,,13.0,89.0,,,,,,,,,,,,,0.0,,1.0,10397.5,,,,,,,,,,,,,,,,,,,,,,,,,,,,,,,,,,,,,,,,""
5015063581,"26 mar 2021, 17:41:03",Corsa serale,Corsa,,3985,"12,71",182.0,100,false,,,activities/5347827700.fit.gz,,,3985.0,3565.0,12713.2998046875,8.300000190734863,3.566143035888672,125.0,106.0,908.4000244140625,952.7999877929688,19.100000381469727,0.06135307252407074,,,103.0,74.48111724853516,,156.94126892089844,,,870.0,,12.0,100.0,,,,,,,,,,,,,0.0,,1.0,13018.7001953125,,,,,,,,,,,,,,,,,,,,,,,,,,,,,,,,,,,,,,,,""
5030250290,"28 mar 2021, 07:48:03",Attività mattutina,Allenamento generico,,0,0,,,false,,,activities/5363839573.fit.gz,,,0.0,0.0,0.0,0.0,0.0,0.0,,,,0.0,0.0,,,,,,,,,,,,,,,,,,,,,,,,,0.0,,1.0,,,,,,,,,,,,,,,,,,,,,,,,,,,,,,,,,,,,,,,,,""
5032217020,"29 mar 2021, 13:08:39","Non bene, però ho visto lavaluuuu 🧡💛💚",Ciclismo,"",12657,"65,04",179.0,237,false,,,activities/5365905437.fit.gz,,,12657.0,10347.0,65040.6015625,16.100000381469727,6.285937786102295,1438.0,1398.0,335.79998779296875,1091.0,22.0,0.02121751569211483,,,,,,148.22885131835938,,,2228.0,,17.0,237.0,,,,,,,,,,,0.0,,0.0,,1.0,,,,,,,,,,,,,,,,,,,,,,,,,,,,,,,,,,,,,,,,,""
5045467994,"31 mar 2021, 16:42:46",Corsa serale,Corsa,,3115,"10,15",167.0,63,false,,,activities/5379729848.fit.gz,,,3115.0,2588.0,10150.0,6.0,3.921947479248047,42.0,36.0,297.79998779296875,334.0,10.800000190734863,0.04926108196377754,,,98.0,76.20806121826172,,152.39535522460938,,,633.0,,22.0,63.0,,,,,,,,,,,,,0.0,,1.0,10228.7001953125,,,,,,,,,,,,,,,,,,,,,,,,,,,,,,,,,,,,,,,,""
5051118285,"01 apr 2021, 16:29:38",Corsa serale,Corsa,,3818,"14,00",182.0,119,false,,,activities/5385673801.fit.gz,,,3818.0,3718.0,14002.7001953125,6.199999809265137,3.7661914825439453,60.0,58.0,305.3999938964844,360.20001220703125,16.399999618530273,0.017139552161097527,,,79.0,75.65139770507812,,158.43099975585938,,,958.0,,23.0,119.0,,,,,,,,,,,,,0.0,,1.0,14095.599609375,,,,,,,,,,,,,,,,,,,,,,,,,,,,,,,,,,,,,,,,""
5056491870,"02 apr 2021, 14:03:42",Giro pomeridiano,Ciclismo,,7659,"58,23",212.0,252,false,,,activities/5391308063.fit.gz,,,7659.0,7435.0,58232.80078125,19.700000762939453,7.8322529792785645,846.0,840.0,305.20001220703125,1046.4000244140625,16.700000762939453,0.01511175837367773,,,,,,160.44947814941406,,,1714.0,,21.0,252.0,,,,,,,,,,,,,0.0,,1.0,,,,,,,,,,,,,,,,,,,,,,,,,,,,,,,,,,,,,,,,,""
5060165012,"03 apr 2021, 05:50:46",Giro mattutino,Ciclismo,,5369,"32,27",170.0,45,false,,,activities/5395177001.fit.gz,,,5369.0,3472.0,32270.80078125,16.899999618530273,9.294585227966309,194.0,728.0,338.20001220703125,1041.5999755859375,7.900000095367432,-1.708665370941162,,,,,,136.10569763183594,,,626.0,,10.0,45.0,,,,,,,,,,,,,0.0,,1.0,,,,,,,,,,,,,,,,,,,,,,,,,,,,,,,,,,,,,,,,,""
5060166247,"03 apr 2021, 07:24:37",Giro mattutino,Ciclismo,,10964,"51,21",169.0,181,false,,,activities/5395178026.fit.gz,,,10964.0,9224.0,51213.30078125,29.700000762939453,5.552178859710693,1428.0,897.0,438.20001220703125,1268.4000244140625,23.200000762939453,0.9923203587532043,,,,,,144.437255859375,,,1836.0,,13.0,181.0,,,,,,,,,,,,,0.0,,1.0,,,,,,,,,,,,,,,,,,,,,,,,,,,,,,,,,,,,,,,,,""
5069675075,"04 apr 2021, 14:35:46",Merenda al mc bike 😂,Ciclismo,"",10924,"61,80",165.0,77,false,,,activities/5405165768.fit.gz,,,10924.0,9532.0,61806.80078125,16.600000381469727,6.484137535095215,1209.0,1175.0,294.6000061035156,1145.800048828125,29.799999237060547,0.044008102267980576,,,,,,131.4833984375,,,1338.0,,14.0,77.0,,,,,,,,,,,0.0,,0.0,,1.0,,,,,,,,,,,,,,,,,,,,,,,,,,,,,,,,,,,,,,,,,media/0C4AAF97-1840-4AB6-B1CA-EA71466FCE02.jpg
5080331915,"06 apr 2021, 16:26:34",Corsa serale,Corsa,,2954,"11,08",178.0,107,false,,,activities/5416331605.fit.gz,,,2954.0,2954.0,11079.2998046875,5.699999809265137,3.7506093978881836,202.0,205.0,1005.5999755859375,1099.800048828125,15.100000381469727,-0.0451292060315609,,,80.0,76.50508117675781,,163.04197692871094,,,793.0,,7.0,107.0,,,,,,,,,,,,,0.0,,1.0,11550.0,,,,,,,,,,,,,,,,,,,,,,,,,,,,,,,,,,,,,,,,""
5086113029,"07 apr 2021, 16:20:59",Corsa serale,Corsa,,3803,"12,57",169.0,98,false,,,activities/5422359190.fit.gz,,,3803.0,3256.0,12569.2001953125,6.0,3.8603193759918213,116.0,102.0,909.7999877929688,958.0,31.200000762939453,0.07796836644411087,,,81.0,77.40827941894531,,157.39804077148438,,,801.0,,9.0,98.0,,,,,,,,,,,,,0.0,,1.0,12891.599609375,,,,,,,,,,,,,,,,,,,,,,,,,,,,,,,,,,,,,,,,""
5094805030,"09 apr 2021, 06:02:04",Il programma era molto diverso 🌧🤷🏻‍♂️ ,Ciclismo,"",9069,"63,96",181.0,244,false,,,activities/5431418303.fit.gz,,,9069.0,8245.0,63959.69921875,16.5,7.757392406463623,925.0,922.0,270.6000061035156,1043.4000244140625,22.700000762939453,0.009380906820297241,,,,,,155.98348999023438,,,1863.0,,2.0,244.0,,,,,,,,,,,0.0,,0.0,,1.0,,,,,,,,,,,,,,,,,,,,,,,,,,,,,,,,,,,,,,,,,""
5097238873,"09 apr 2021, 15:34:36",Corsa pomeridiana,Corsa,,2141,"8,07",174.0,71,false,,,activities/5433968575.fit.gz,,,2141.0,2137.0,8069.60009765625,6.400000095367432,3.776134729385376,37.0,30.0,299.6000061035156,338.20001220703125,7.800000190734863,0.07683156430721283,,,80.0,77.79410552978516,,160.8455810546875,,,578.0,,16.0,71.0,,,,,,,,,,,,,0.0,,1.0,8130.7001953125,,,,,,,,,,,,,,,,,,,,,,,,,,,,,,,,,,,,,,,,""
5110241578,"11 apr 2021, 16:25:42",Corsa serale,Corsa,,2791,"9,93",176.0,105,false,,,activities/5447587944.fit.gz,,,2791.0,2725.0,9929.099609375,5.800000190734863,3.6437063217163086,176.0,184.0,1010.2000122070312,1096.4000244140625,16.0,-0.06647127866744995,,,79.0,76.61691284179688,,163.91445922851562,,,747.0,,11.0,105.0,,,,,,,,,,,,,0.0,,1.0,10313.599609375,,,,,,,,,,,,,,,,,,,,,,,,,,,,,,,,,,,,,,,,""
5110913784,"04 apr 2021, 14:27:37",Giro pomeridiano,Ciclismo,,13436,"76,68",,,false,,,activities/5110913784.fit,,,13436.0,11770.0,76681.296875,15.5,6.514978885650635,1222.0,1217.0,261.20001220703125,1128.199951171875,25.5,0.0036514769308269024,,,,,,,,,,,18.0,,,,,,,,,,,,,,0.0,,1.0,,,,,,,,,,,,,,,,,,,,,,,,,,,,,,,,,,,,,,,,,""
5121084848,"13 apr 2021, 16:40:56",Corsa serale,Corsa,,3088,"10,67",178.0,50,false,,,activities/5458965056.fit.gz,,,3088.0,2938.0,10674.7001953125,6.199999809265137,3.63332200050354,58.0,52.0,326.3999938964844,367.3999938964844,8.0,0.033724602311849594,,,83.0,76.73739624023438,,148.3303680419922,,,651.0,,14.0,50.0,,,,,,,,,,,,,0.0,,1.0,10764.099609375,,,,,,,,,,,,,,,,,,,,,,,,,,,,,,,,,,,,,,,,""
5127068987,"14 apr 2021, 16:05:42",Giro serale non bene 🙈,Ciclismo,"",7000,"36,19",179.0,82,false,,,activities/5465201743.fit.gz,,,7000.0,5607.0,36193.1015625,18.299999237060547,6.454984664916992,829.0,821.0,333.6000061035156,1081.800048828125,37.5,-0.005525914952158928,,,,,,136.6555633544922,,,1020.0,,10.0,82.0,,,,,,,,,,,0.0,,0.0,,1.0,,,,,,,,,,,,,,,,,,,,,,,,,,,,,,,,,,,,,,,,,media/63B5B025-05E7-4B2C-A658-2214984544D5.jpg|media/D7986D67-4265-4DC4-A87A-A2F6B276B98D.jpg
5141291518,"16 apr 2021, 17:14:51",Corsa serale,Corsa,,2861,"6,28",153.0,13,false,,,activities/5479991712.fit.gz,,,2861.0,2625.0,6279.2001953125,6.699999809265137,2.392076253890991,198.0,175.0,930.5999755859375,960.7999877929688,45.79999923706055,0.24843929708003998,,,113.0,67.98323822021484,,124.41560363769531,,,345.0,,9.0,13.0,,,,,,,,,,,,,0.0,,1.0,7207.2998046875,,,,,,,,,,,,,,,,,,,,,,,,,,,,,,,,,,,,,,,,""
5143961747,"17 apr 2021, 11:54:25",Giro pomeridiano,Ciclismo,,19944,"109,44",188.0,52,false,,,activities/5482761646.fit.gz,,,19944.0,16056.0,109440.703125,19.200000762939453,6.816186904907227,1909.0,1856.0,256.20001220703125,1057.4000244140625,28.600000381469727,0.01790924184024334,,,,,,109.15901947021484,,,2033.0,,10.0,52.0,,,,,,,,,,,,,0.0,,1.0,,,,,,,,,,,,,,,,,,,,,,,,,,,,,,,,,,,,,,,,,""
5156297488,"19 apr 2021, 17:05:40",Corsa serale,Corsa,,3162,"10,83",185.0,148,false,,,activities/5495691422.fit.gz,,,3162.0,3162.0,10831.099609375,6.099999904632568,3.4253952503204346,166.0,159.0,920.2000122070312,990.0,16.5,0.09786632657051086,,,80.0,76.86917877197266,,168.43431091308594,,,886.0,,12.0,148.0,,,,,,,,,,,,,0.0,,1.0,11256.400390625,,,,,,,,,,,,,,,,,,,,,,,,,,,,,,,,,,,,,,,,""
5161752239,"20 apr 2021, 15:34:30",Corsa pomeridiana,Corsa,,3395,"13,11",184.0,206,false,,,activities/5501333755.fit.gz,,,3395.0,3395.0,13111.599609375,7.5,3.862032413482666,67.0,60.0,299.6000061035156,358.0,9.300000190734863,0.012202934361994267,,,98.0,77.3775405883789,,175.99676513671875,,,1017.0,,18.0,206.0,,,,,,,,,,,,,0.0,,1.0,13215.2001953125,,,,,,,,,,,,,,,,,,,,,,,,,,,,,,,,,,,,,,,,""
5173870467,"22 apr 2021, 16:53:52",Corsa serale,Corsa,,3698,"13,10",180.0,127,false,,,activities/5513895065.fit.gz,,,3698.0,3449.0,13099.599609375,5.800000190734863,3.798086404800415,57.0,52.0,297.6000061035156,310.3999938964844,10.300000190734863,0.007633821107447147,,,83.0,77.26496124267578,,164.21034240722656,,,913.0,,18.0,127.0,,,,,,,,,,,,,0.0,,1.0,13200.0,,,,,,,,,,,,,,,,,,,,,,,,,,,,,,,,,,,,,,,,""
5183013047,"24 apr 2021, 06:52:27",Giro mattutino,Ciclismo,,19102,"131,16",176.0,327,false,,,activities/5523382882.fit.gz,,,19102.0,17050.0,131160.203125,20.399999618530273,7.692680358886719,1769.0,1751.0,211.1999969482422,1048.5999755859375,20.0,0.00045745584066025913,,,,,,145.8804473876953,,,3082.0,,16.0,327.0,,,,,,,,,,,,,0.0,,1.0,,,,,,,,,,,,,,,,,,,,,,,,,,,,,,,,,,,,,,,,,""
5189425833,"25 apr 2021, 09:39:03",Giro dell'ora di pranzo,Ciclismo,,6636,"42,97",157.0,51,false,,,activities/5530060842.fit.gz,,,6636.0,6115.0,42972.3984375,19.299999237060547,7.027375221252441,907.0,885.0,356.0,1044.800048828125,39.599998474121094,0.018151184543967247,,,,,,131.73167419433594,,,958.0,,20.0,51.0,,,,,,,,,,,,,0.0,,1.0,,,,,,,,,,,,,,,,,,,,,,,,,,,,,,,,,,,,,,,,,""
5196955238,"26 apr 2021, 15:45:28",Corsa pomeridiana,Corsa,,2772,"10,05",185.0,100,false,,,activities/5537920838.fit.gz,,,2772.0,2772.0,10052.400390625,6.199999809265137,3.6264069080352783,180.0,188.0,1007.2000122070312,1091.800048828125,18.0,-0.07162468880414963,,,79.0,76.03251647949219,,161.370849609375,,,723.0,,14.0,100.0,,,,,,,,,,,,,0.0,,1.0,10441.2998046875,,,,,,,,,,,,,,,,,,,,,,,,,,,,,,,,,,,,,,,,""
5203042206,"27 apr 2021, 16:36:32",Corsa serale,Corsa,,3588,"11,44",177.0,109,false,,,activities/5544224140.fit.gz,,,3588.0,3241.0,11439.900390625,7.900000095367432,3.5297439098358154,156.0,148.0,917.0,983.7999877929688,26.700000762939453,0.041958410292863846,,,109.0,75.58003997802734,,160.81265258789062,,,850.0,,11.0,109.0,,,,,,,,,,,,,0.0,,1.0,11883.7001953125,,,,,,,,,,,,,,,,,,,,,,,,,,,,,,,,,,,,,,,,""
5219394960,"30 apr 2021, 16:41:06",Corsa serale,Corsa,,3120,"11,00",177.0,102,false,,,activities/5561742472.fit.gz,,,3120.0,2814.0,11002.099609375,5.599999904632568,3.9097726345062256,45.0,45.0,293.3999938964844,305.79998779296875,19.899999618530273,0.003635669592767954,,,81.0,76.40648651123047,,162.30889892578125,,,753.0,,18.0,102.0,,,,,,,,,,,,,0.0,,1.0,11112.2998046875,,,,,,,,,,,,,,,,,,,,,,,,,,,,,,,,,,,,,,,,""
5222578728,"01 mag 2021, 07:04:43",Giro mattutino,Ciclismo,,12367,"65,80",172.0,185,false,,,activities/5565053908.fit.gz,,,12367.0,9574.0,65803.203125,17.899999618530273,6.873114585876465,1380.0,1124.0,337.20001220703125,1274.5999755859375,25.299999237060547,0.011245653964579105,,,,,,145.58877563476562,,,1905.0,,11.0,185.0,,,,,,,,,,,,,0.0,,1.0,,,,,,,,,,,,,,,,,,,,,,,,,,,,,,,,,,,,,,,,,""
5229360404,"02 mag 2021, 05:52:04",Tutti 🪣 abbandonato al 😈 (zanga) 🙈,Ciclismo,"",21315,"127,94",173.0,344,false,,,activities/5572115953.fit.gz,,,21315.0,19403.0,127944.203125,22.299999237060547,6.5940423011779785,2609.0,2633.0,190.1999969482422,1215.5999755859375,30.200000762939453,-0.02391667664051056,,,,,,142.4437255859375,,,3514.0,,14.0,344.0,,,,,,,,,,,0.0,,0.0,,1.0,,,,,,,,,,,,,,,,,,,,,,,,,,,,,,,,,,,,,,,,,""
5231029758,"02 mag 2021, 06:09:43",Giro mattutino,Ciclismo,,15638,"104,25",,,false,,,activities/5231029758.fit,,,15638.0,13937.0,104249.5,18.5,7.480052947998047,2281.234375,2188.63427734375,186.39999389648438,1189.4000244140625,49.400001525878906,0.08882536739110947,,,,,,,,,,,,,,,,,,,,,,,,,0.0,,1.0,,,,,,,,,,,,,,,,,,,,,,,,,,,,,,,,,,,,,,,,,""
5257908936,"07 mag 2021, 16:59:39",Corsa serale,Corsa,,3240,"10,74",174.0,93,false,,,activities/5601841734.fit.gz,,,3240.0,3024.0,10741.900390625,5.699999809265137,3.552215576171875,157.0,151.0,808.5999755859375,871.4000244140625,18.200000762939453,-0.04654670134186745,,,83.0,74.57877349853516,,157.94078063964844,,,787.0,,16.0,93.0,,,,,,,,,,,,,0.0,,1.0,11128.400390625,,,,,,,,,,,,,,,,,,,,,,,,,,,,,,,,,,,,,,,,""
5261087051,"08 mag 2021, 07:59:41",Giro mattutino,Ciclismo,,11814,"66,57",161.0,60,false,,,activities/5605181586.fit.gz,,,11814.0,10019.0,66576.203125,17.899999618530273,6.644994735717773,1528.0,1539.0,336.6000061035156,1075.5999755859375,45.70000076293945,0.002102853497490287,,,,,,125.40283966064453,,,1376.0,,19.0,60.0,,,,,,,,,,,,,0.0,,1.0,,,,,,,,,,,,,,,,,,,,,,,,,,,,,,,,,,,,,,,,,""
5267376877,"09 mag 2021, 05:52:33",Devo sempre farmi aspettare 😂,Ciclismo,"",21108,"131,44",173.0,331,false,,,activities/5611785403.fit.gz,,,21108.0,18178.0,131447.40625,17.700000762939453,7.231125354766846,2197.0,2229.0,227.0,1274.0,24.5,-0.013541538268327713,,,,,,143.80120849609375,,,3358.0,,15.0,331.0,,,,,,,,,,,0.0,,0.0,,1.0,,,,,,,,,,,,,,,,,,,,,,,,,,,,,,,,,,,,,,,,,media/742A20CB-BF49-4E91-BA4A-63659FBAEBD2.jpg
5274259644,"10 mag 2021, 16:31:25",Corsa serale,Corsa,,3419,"9,81",177.0,78,false,,,activities/5619014177.fit.gz,,,3419.0,2799.0,9811.7001953125,5.5,3.5054304599761963,167.0,173.0,1016.2000122070312,1101.199951171875,29.899999618530273,-0.0020383826922625303,,,79.0,75.41262817382812,,156.49267578125,,,713.0,,17.0,78.0,,,,,,,,,,,,,0.0,,1.0,10211.400390625,,,,,,,,,,,,,,,,,,,,,,,,,,,,,,,,,,,,,,,,""
5285131715,"12 mag 2021, 15:59:19",Corsa pomeridiana,Corsa,,2732,"6,99",150.0,14,false,,,activities/5630383815.fit.gz,,,2732.0,2560.0,6998.2998046875,6.5,2.733711004257202,196.0,203.0,1019.4000244140625,1052.800048828125,43.20000076293945,-0.1400340050458908,,,108.0,67.38404083251953,,129.17417907714844,,,367.0,,14.0,14.0,,,,,,,,,,,,,0.0,,1.0,7702.7998046875,,,,,,,,,,,,,,,,,,,,,,,,,,,,,,,,,,,,,,,,""
5299871397,"15 mag 2021, 05:49:47",Giro mattutino,Ciclismo,,17193,"92,57",184.0,391,false,,,activities/5645823395.fit.gz,,,17193.0,12925.0,92571.6015625,17.600000381469727,7.16221284866333,1703.0,1672.0,262.0,1039.0,34.20000076293945,-0.0010802448960021138,,,,,,154.3130645751953,,,2815.0,,11.0,391.0,,,,,,,,,,,,,0.0,,1.0,,,,,,,,,,,,,,,,,,,,,,,,,,,,,,,,,,,,,,,,,""
5313118532,"17 mag 2021, 15:55:21",Corsa pomeridiana,Corsa,,4327,"7,41",187.0,124,false,,,activities/5659657900.fit.gz,,,4327.0,4071.0,7414.5,7.199999809265137,1.8212969303131104,622.0,606.0,1069.800048828125,1520.0,50.0,0.04855351150035858,,,109.0,65.38424682617188,,158.3712921142578,,,918.0,,16.0,124.0,,,,,,,,,,,,,0.0,,1.0,11956.900390625,,,,,,,,,,,,,,,,,,,,,,,,,,,,,,,,,,,,,,,,""
5325106909,"19 mag 2021, 15:16:11",Con Togni e Banella la sera è sempre più bella 🎵 ,Ciclismo,"",13739,"87,39",176.0,236,false,,,activities/5672062461.fit.gz,,,13739.0,11724.0,87397.203125,16.0,7.454554557800293,1459.0,1437.0,334.20001220703125,1047.5999755859375,14.899999618530273,-0.011899694800376892,,,,,,145.3917236328125,,,2316.0,,13.0,236.0,,,,,,,,,,,0.0,,0.0,,1.0,,,,,,,,,,,,,,,,,,,,,,,,,,,,,,,,,,,,,,,,,""
5329959433,"20 mag 2021, 15:41:22",Corsa pomeridiana,Corsa,,4055,"15,01",172.0,87,false,,,activities/5677094392.fit.gz,,,4055.0,3846.0,15013.7001953125,8.399999618530273,3.9037182331085205,97.0,84.0,304.6000061035156,382.20001220703125,15.600000381469727,0.0319707989692688,,,82.0,77.52320861816406,,151.321533203125,,,868.0,,21.0,87.0,,,,,,,,,,,,,0.0,,1.0,15178.7001953125,,,,,,,,,,,,,,,,,,,,,,,,,,,,,,,,,,,,,,,,""
5334882294,"21 mag 2021, 15:50:35",Giro pomeridiano,Ciclismo,,5661,"33,27",175.0,42,false,,,activities/5682220139.fit.gz,,,5661.0,5338.0,33272.80078125,18.5,6.233195781707764,887.0,858.0,376.3999938964844,1062.0,47.099998474121094,0.07273208349943161,,,,,,130.11544799804688,,,851.0,,17.0,42.0,,,,,,,,,,,,,0.0,,1.0,,,,,,,,,,,,,,,,,,,,,,,,,,,,,,,,,,,,,,,,,""
5339288203,"22 mag 2021, 08:32:23",Giro mattutino,Ciclismo,,21148,"128,72",171.0,300,false,,,activities/5686843270.fit.gz,,,21148.0,17053.0,128724.6015625,15.699999809265137,7.548501491546631,1820.0,1771.0,279.3999938964844,1046.199951171875,14.800000190734863,-0.010565191507339478,,,,,,142.67913818359375,,,3217.0,,15.0,300.0,,,,,,,,,,,,,0.0,,1.0,,,,,,,,,,,,,,,,,,,,,,,,,,,,,,,,,,,,,,,,,""
5357425049,"25 mag 2021, 15:40:29",Escursione pomeridiana,Escursione,,12096,"15,03",167.0,96,false,,,activities/5705752478.fit.gz,,,12096.0,10980.0,15034.099609375,5.800000190734863,1.3692258596420288,1236.0,640.0,990.5999755859375,1798.0,49.599998474121094,3.888493537902832,,,122.0,52.98430633544922,,130.5078125,,,1707.0,,17.0,96.0,,,,,,,,,,,,,0.0,,1.0,,,,,,,,,,,,,,,,,,,,,,,,,,,,,,,,,,,,,,,,,""
5364722836,"26 mag 2021, 16:09:07",Escursione serale,Escursione,,12482,"9,02",149.0,24,false,,,activities/5713337681.fit.gz,,,12482.0,9158.0,9019.400390625,2.5999999046325684,0.984865665435791,745.0,722.0,1140.0,1870.5999755859375,49.5,0.05100117623806,,,102.0,53.34384536743164,,102.70758056640625,,,887.0,,14.0,24.0,,,,,,,,,,,,,0.0,,1.0,,,,,,,,,,,,,,,,,,,,,,,,,,,,,,,,,,,,,,,,,""
5368049734,"27 mag 2021, 15:40:43",Giro pomeridiano,Ciclismo,,9930,"68,83",179.0,114,false,,,activities/5716797105.fit.gz,,,9930.0,9747.0,68838.796875,19.700000762939453,7.062562942504883,1311.0,1307.0,309.3999938964844,1078.800048828125,25.600000381469727,0.006391744129359722,,,,,,136.25880432128906,,,1586.0,,17.0,114.0,,,,,,,,,,,,,0.0,,1.0,,,,,,,,,,,,,,,,,,,,,,,,,,,,,,,,,,,,,,,,,""
5378656021,"29 mag 2021, 16:30:22",Corsa serale,Corsa,,2405,"7,88",184.0,90,false,,,activities/5727850341.fit.gz,,,2405.0,2108.0,7882.2998046875,6.599999904632568,3.739231586456299,140.0,140.0,1017.2000122070312,1104.0,14.699999809265137,-0.005074660759419203,,,93.0,77.01049041748047,,166.44512939453125,,,598.0,,18.0,90.0,,,,,,,,,,,,,0.0,,1.0,8212.5,,,,,,,,,,,,,,,,,,,,,,,,,,,,,,,,,,,,,,,,""
5390313156,"31 mag 2021, 15:58:26",Giro pomeridiano,Ciclismo,,7483,"49,00",168.0,73,false,,,activities/5740035511.fit.gz,,,7483.0,7231.0,49005.1015625,20.299999237060547,6.777084827423096,1186.0,1173.0,369.3999938964844,1049.0,21.399999618530273,0.02367100492119789,,,,,,134.56668090820312,,,1143.0,,18.0,73.0,,,,,,,,,,,,,0.0,,1.0,,,,,,,,,,,,,,,,,,,,,,,,,,,,,,,,,,,,,,,,,""
5395993299,"01 giu 2021, 16:24:59",Corsa serale,Corsa,,5753,"9,83",162.0,42,false,,,activities/5745948690.fit.gz,,,5753.0,5425.0,9837.2001953125,6.599999904632568,1.8133087158203125,775.0,764.0,1168.4000244140625,1603.0,50.0,0.024397186934947968,,,120.0,63.120933532714844,,127.54414367675781,,,823.0,,16.0,42.0,,,,,,,,,,,,,0.0,,1.0,15245.5,,,,,,,,,,,,,,,,,,,,,,,,,,,,,,,,,,,,,,,,""
5399515242,"02 giu 2021, 04:59:29",Appena in tempo per la grigliata 🍖🍻🍺🍷,Ciclismo,"",19004,"120,15",196.0,401,false,,,activities/5749613187.fit.gz,,,19004.0,17646.0,120154.0,21.799999237060547,6.809135437011719,2437.0,2466.0,348.3999938964844,1985.800048828125,48.20000076293945,-0.012317526154220104,,,,,,149.24368286132812,,,3360.0,,13.0,401.0,,,,,,,,,,,0.0,,0.0,,1.0,,,,,,,,,,,,,,,,,,,,,,,,,,,,,,,,,,,,,,,,,media/04D624B2-B813-4F55-91C3-BC127A185D17.jpg|media/34FDDE35-A40A-4E7B-B678-531C48027A26.jpg
5412180009,"04 giu 2021, 08:00:37",Giro mattutino,Ciclismo,,23371,"139,03",177.0,385,false,,,activities/5762837730.fit.gz,,,23371.0,18923.0,139030.0,18.399999618530273,7.347143650054932,1827.0,1923.0,295.3999938964844,1075.199951171875,30.399999618530273,-0.00014385384565684944,,,,,,145.97528076171875,,,3607.0,,25.0,385.0,,,,,,,,,,,,,0.0,,1.0,,,,,,,,,,,,,,,,,,,,,,,,,,,,,,,,,,,,,,,,,""
5430883619,"07 giu 2021, 16:17:06",Giro serale,Ciclismo,,8296,"61,93",165.0,89,false,,,activities/5782430897.fit.gz,,,8296.0,7848.0,61930.8984375,16.899999618530273,7.891297340393066,858.0,875.0,306.20001220703125,1037.4000244140625,25.5,-0.02422054298222065,,,,,,133.8711395263672,,,1243.0,,19.0,89.0,,,,,,,,,,,,,0.0,,1.0,,,,,,,,,,,,,,,,,,,,,,,,,,,,,,,,,,,,,,,,,""
5436799734,"08 giu 2021, 16:18:40",Corsa serale,Corsa,,2865,"9,92",183.0,79,false,,,activities/5788573271.fit.gz,,,2865.0,2682.0,9923.0,6.099999904632568,3.6998507976531982,172.0,169.0,1013.4000244140625,1094.4000244140625,12.300000190734863,-0.020155195146799088,,,79.0,76.40276336669922,,156.42153930664062,,,665.0,,19.0,79.0,,,,,,,,,,,,,0.0,,1.0,10264.7998046875,,,,,,,,,,,,,,,,,,,,,,,,,,,,,,,,,,,,,,,,""
5442101394,"09 giu 2021, 16:20:03",Giro serale,Ciclismo,,5806,"36,56",155.0,43,false,,,activities/5794116139.fit.gz,,,5806.0,5381.0,36562.69921875,15.199999809265137,6.794777870178223,779.0,794.0,363.3999938964844,1079.800048828125,46.20000076293945,0.019692199304699898,,,,,,130.92431640625,,,857.0,,17.0,43.0,,,,,,,,,,,,,0.0,,1.0,,,,,,,,,,,,,,,,,,,,,,,,,,,,,,,,,,,,,,,,,""
5447511619,"10 giu 2021, 15:48:27",Corsa pomeridiana,Corsa,,2961,"9,96",176.0,69,false,,Ghost ,activities/5799757097.fit.gz,,,2961.0,2570.0,9962.7001953125,5.400000095367432,3.8765368461608887,29.0,25.0,271.20001220703125,283.20001220703125,9.800000190734863,-0.026097342371940613,,,81.0,77.45206451416016,,155.33242797851562,,,651.0,,26.0,69.0,,,,,,,,,,,,,0.0,,1.0,9998.400390625,,,,,,,,,,,,,,,,8620131.0,,,,,,,,,,,,,,,,,,,,,,,,""
5455791865,"12 giu 2021, 05:55:07",Giro mattutino,Ciclismo,,14002,"97,19",181.0,408,false,,Scott Solace,activities/5808387832.fit.gz,,8.0,14002.0,13424.0,97192.6015625,25.0,7.240211486816406,1782.0,1803.0,355.6000061035156,1260.4000244140625,20.5,-0.022018136456608772,,,,,,155.38833618164062,,,2887.0,,19.0,408.0,,,,,,,,,,,,,0.0,,1.0,,,,,,,,,,,,,,,,9305237.0,,,,,,,,,,,,,,,,,,,,,,,,,""
5470149040,"14 giu 2021, 17:04:03",Giro serale,Ciclismo,,7714,"57,51",174.0,84,false,,Scott Solace,activities/5823358441.fit.gz,,8.0,7714.0,7714.0,57515.80078125,19.5,7.456027984619141,1116.0,1106.0,397.0,1095.0,21.799999237060547,0.02434113807976246,,,,,,135.9738006591797,,,1273.0,,21.0,84.0,,,,,,,,,,,,,0.0,,1.0,,,,,,,,,,,,,,,,9305237.0,,,,,,,,,,,,,,,,,,,,,,,,,""
5481449364,"16 giu 2021, 15:53:20",Giro pomeridiano,Ciclismo,,9957,"67,02",174.0,228,false,,Scott Solace,activities/5835085286.fit.gz,,8.0,9957.0,9699.0,67023.1015625,18.5,6.9103102684021,1459.0,1455.0,368.6000061035156,1077.5999755859375,16.600000381469727,-0.01074256468564272,,,,,,147.90049743652344,,,1973.0,,20.0,228.0,,,,,,,,,,,,,0.0,,1.0,,,,,,,,,,,,,,,,9305237.0,,,,,,,,,,,,,,,,,,,,,,,,,""
5491516469,"18 giu 2021, 16:31:42",Giro serale,Ciclismo,,5446,"33,49",185.0,34,false,,Scott Solace,activities/5845589827.fit.gz,,8.0,5446.0,4696.0,33494.5,17.5,7.132559776306152,701.0,798.0,381.6000061035156,1037.4000244140625,21.299999237060547,-0.29497379064559937,,,,,,124.83551788330078,,,739.0,,24.0,34.0,,,,,,,,,,,,,0.0,,1.0,,,,,,,,,,,,,,,,9305237.0,,,,,,,,,,,,,,,,,,,,,,,,,""
5507506059,"21 giu 2021, 16:51:16",Giro serale,Ciclismo,,8669,"54,81",179.0,132,false,,Scott Solace,activities/5862287460.fit.gz,,8.0,8669.0,7727.0,54812.69921875,19.200000762939453,7.093658447265625,1102.0,1092.0,355.20001220703125,1046.4000244140625,27.600000381469727,0.0072975787334144115,,,,,,141.8519744873047,,,1432.0,,22.0,132.0,,,,,,,,,,,,,0.0,,1.0,,,,,,,,,,,,,,,,9305237.0,,,,,,,,,,,,,,,,,,,,,,,,,""
5512595603,"22 giu 2021, 16:15:49",Corsa serale,Corsa,,6035,"14,39",186.0,127,false,,Ghost ,activities/5867574909.fit.gz,,,6035.0,3936.0,14389.7001953125,5.599999904632568,3.6559197902679443,36.0,31.0,242.60000610351562,261.3999938964844,7.800000190734863,-0.01528871338814497,,,102.0,74.26354217529297,,158.96995544433594,,,975.0,,27.0,127.0,,,,,,,,,,,,,0.0,,1.0,14446.5,,,,,,,,,,,,,,,,8620131.0,,,,,,,,,,,,,,,,,,,,,,,,""
5518329503,"23 giu 2021, 17:00:39",Nuotata serale,Nuotata,"Pensavo male, ma non malissimo 😂",4587,2.690,,,false,,,activities/5873536370.fit.gz,,,4587.0,3171.0,2689.800048828125,1.5,0.8482497930526733,0.0,-1.2000000476837158,328.29998779296875,330.8999938964844,2.5,0.044612981379032135,,,36.0,30.916181564331055,,,,,622.0,,24.0,,,,,,,,,,,,0.0,,0.0,,1.0,,,,,,,,,,,,,,,,,,,,,,,,,,,,,,,,,,,,,,,,,""
5518330163,"23 giu 2021, 18:37:04",Corsa serale,Corsa,,1569,"6,01",161.0,29,false,,Ghost ,activities/5873536988.fit.gz,,,1569.0,1566.0,6010.10009765625,7.0,3.837867259979248,7.0,8.0,332.6000061035156,339.20001220703125,7.5,-0.04326051101088524,,,80.0,78.05498504638672,,147.13235473632812,,,374.0,,20.0,29.0,,,,,,,,,,,,,0.0,,1.0,6037.39990234375,,,,,,,,,,,,,,,,8620131.0,,,,,,,,,,,,,,,,,,,,,,,,""
5530212126,"26 giu 2021, 05:10:20",Giro mattutino,Ciclismo,,10026,"63,80",171.0,94,false,,Scott Solace,activities/5885928194.fit.gz,,8.0,10026.0,9449.0,63808.8984375,20.200000762939453,6.752979278564453,1404.0,1396.0,323.20001220703125,1028.800048828125,40.400001525878906,-0.0021940513979643583,,,,,,132.30352783203125,,,1521.0,,18.0,94.0,,,,,,,,,,,,,0.0,,1.0,,,,,,,,,,,,,,,,9305237.0,,,,,,,,,,,,,,,,,,,,,,,,,""
5544087944,"28 giu 2021, 16:53:51",Nuotata serale,Nuotata,,3201,2.400,,,false,,,activities/5900414283.fit.gz,,,3201.0,2610.0,2400.0,1.600000023841858,0.9195402264595032,0.0,,,,0.0,0.0,,,31.0,27.28165626525879,,,,,586.0,,26.0,,,,,,,,,,,,,,0.0,,1.0,,,,,,,,,,,,,,,,,,,,,,,,,,,,,,,,,,,,,,,,,""
5549021938,"29 giu 2021, 16:26:15",Nuotata serale,Nuotata,,2719,1.675,,,false,,,activities/5905539004.fit.gz,,,2719.0,1686.0,1675.0,1.5,0.9934756755828857,0.0,,,,0.0,0.0,,,33.0,23.7119140625,,,,,434.0,,26.0,,,,,,,,,,,,,,0.0,,1.0,,,,,,,,,,,,,,,,,,,,,,,,,,,,,,,,,,,,,,,,,""
5554301516,"30 giu 2021, 17:02:20",Corsa serale,Corsa,,3657,"10,66",182.0,63,false,,Ghost ,activities/5911037397.fit.gz,,,3657.0,2723.0,10664.5,5.599999904632568,3.916452407836914,58.0,49.0,158.0,186.1999969482422,12.600000381469727,-0.01687842793762684,,,80.0,76.92119598388672,,152.0886993408203,,,664.0,,26.0,63.0,,,,,,,,,,,,,0.0,,1.0,10785.900390625,,,,,,,,,,,,,,,,8620131.0,,,,,,,,,,,,,,,,,,,,,,,,""
5559477188,"01 lug 2021, 17:11:38",Corsa serale,Corsa,,3772,"11,40",197.0,111,false,,Ghost ,activities/5916416384.fit.gz,,,3772.0,3026.0,11400.2001953125,5.599999904632568,3.767415761947632,48.0,56.0,156.8000030517578,206.8000030517578,20.899999618530273,-0.036841459572315216,,,80.0,76.04068756103516,,162.65179443359375,,,832.0,,26.0,111.0,,,,,,,,,,,,,0.0,,1.0,11518.099609375,,,,,,,,,,,,,,,,8620131.0,,,,,,,,,,,,,,,,,,,,,,,,""
5570021195,"03 lug 2021, 17:40:05",Nuotata serale,Nuotata,,2981,2.200,,,false,,,activities/5927408851.fit.gz,,,2981.0,2231.0,2200.0,1.5,0.9861049056053162,0.0,,,,0.0,0.0,,,32.0,28.436790466308594,,,,,538.0,,26.0,,,,,,,,,,,,,,0.0,,1.0,,,,,,,,,,,,,,,,,,,,,,,,,,,,,,,,,,,,,,,,,""
5570207967,"15 giu 2021, 13:00:44",Giro pomeridiano,Ciclismo,,6986,"50,13",,,false,,Scott Solace,activities/5927605282.fit.gz,,8.0,6986.0,6892.0,50131.6015625,14.899999618530273,7.273882865905762,652.0,621.0,260.20001220703125,777.5999755859375,15.0,0.012367448769509792,,,117.0,89.22283172607422,,,,153.8488311767578,1057.0,,26.0,,1057403.0,,,,,,,,179.0,6987.0,,,0.0,,1.0,,,,,,,,,,,,,,,,9305237.0,,,,,,,,,,,,,,,,,,,,,,,,,""
5570208604,"17 giu 2021, 07:12:07",Giro mattutino,Ciclismo,,6732,"50,22",160.0,54,false,,Scott Solace,activities/5927606059.fit.gz,,8.0,6732.0,6596.0,50228.6015625,14.5,7.615009307861328,578.0,554.0,296.6000061035156,724.7999877929688,19.299999237060547,0.0027872566133737564,,,118.0,90.40836334228516,,129.6137237548828,,170.19839477539062,1118.0,,23.0,54.0,1118714.0,,,,,,,,187.0,6733.0,,,0.0,,1.0,,,,,,,,,,,,,,,,9305237.0,,,,,,,,,,,,,,,,,,,,,,,,,""
5570208941,"18 giu 2021, 08:11:22",Giro mattutino,Ciclismo,,4201,"40,22",153.0,22,false,,Scott Solace,activities/5927606491.fit.gz,,8.0,4201.0,4091.0,40227.3984375,11.5,9.833146095275879,0.0,0.0,625.5999755859375,627.7999877929688,2.5,0.003977388609200716,,,113.0,101.03485107421875,,121.68608856201172,,159.2061767578125,646.0,,23.0,22.0,650313.0,,,,,,,,173.0,4202.0,,,0.0,,1.0,,,,,,,,,,,,,,,,9305237.0,,,,,,,,,,,,,,,,,,,,,,,,,""
5570645449,"20 giu 2021, 06:50:24",Giro mattutino,Ciclismo,,12416,"62,98",154.0,32,false,,Scott Solace,activities/5928069341.fit.gz,,8.0,12416.0,11045.0,62979.69921875,17.100000381469727,5.7021002769470215,1197.0,1168.0,331.3999938964844,1044.0,40.0,0.01937132142484188,,,129.0,67.2185287475586,,105.30986785888672,,139.60740661621094,1538.0,,20.0,32.0,1538499.0,,,,,,,,167.0,11499.0,,,0.0,,1.0,,,,,,,,,,,,,,,,9305237.0,,,,,,,,,,,,,,,,,,,,,,,,,""
5575336983,"04 lug 2021, 15:19:05",Nuotata pomeridiana,Nuotata,,4305,3.200,,,false,,,activities/5932971389.fit.gz,,,4305.0,3234.0,3200.0,2.0,0.9894866943359375,0.0,,,,0.0,0.0,,,33.0,29.228351593017578,,,,,773.0,,26.0,,,,,,,,,,,,,,0.0,,1.0,,,,,,,,,,,,,,,,,,,,,,,,,,,,,,,,,,,,,,,,,""
5580358401,"05 lug 2021, 16:56:31",Corsa serale,Corsa,,3361,"9,67",184.0,80,false,,Ghost ,activities/5938238557.fit.gz,,,3361.0,2522.0,9674.5,7.099999904632568,3.836042881011963,46.0,49.0,156.60000610351562,187.1999969482422,8.199999809265137,-0.024807482957839966,,,98.0,75.8338623046875,,158.85447692871094,,,609.0,,26.0,80.0,,,,,,,,,,,,,0.0,,1.0,9741.599609375,,,,,,,,,,,,,,,,8620131.0,,,,,,,,,,,,,,,,,,,,,,,,""
5585538218,"06 lug 2021, 16:44:09",Corsa serale,Corsa,,3203,"11,12",189.0,160,false,,Ghost ,activities/5943635536.fit.gz,,,3203.0,3049.0,11119.2001953125,5.5,3.6468350887298584,50.0,53.0,158.8000030517578,184.1999969482422,11.800000190734863,-0.0575580969452858,,,78.0,75.55438995361328,,173.09117126464844,,,897.0,,29.0,160.0,,,,,,,,,,,,,0.0,,1.0,11177.400390625,,,,,,,,,,,,,,,,8620131.0,,,,,,,,,,,,,,,,,,,,,,,,""
5591130559,"07 lug 2021, 16:02:52",Nuotata serale,Nuotata,,4015,2.550,,,false,,,activities/5949464323.fit.gz,,,4015.0,2675.0,2550.0,6.099999904632568,0.9532710313796997,0.0,,,,0.0,0.0,,,33.0,30.447154998779297,,,,,619.0,,26.0,,,,,,,,,,,,,,0.0,,1.0,,,,,,,,,,,,,,,,,,,,,,,,,,,,,,,,,,,,,,,,,""
5592975373,"08 lug 2021, 04:13:38",Corsa mattutina,Corsa,,2038,"7,54",183.0,46,false,,Ghost ,activities/5951384088.fit.gz,,,2038.0,2021.0,7548.2998046875,5.300000190734863,3.7349331378936768,28.0,29.0,159.39999389648438,173.8000030517578,7.900000095367432,0.021196825429797173,,,79.0,76.13386535644531,,152.0584716796875,,,495.0,,23.0,46.0,,,,,,,,,,,,,0.0,,1.0,7591.2998046875,,,,,,,,,,,,,,,,8620131.0,,,,,,,,,,,,,,,,,,,,,,,,""
5601086665,"09 lug 2021, 16:45:09",Giro serale,Ciclismo,,6745,"28,48",,,false,,Scott Solace,activities/5959837232.fit.gz,,8.0,6745.0,4627.0,28488.5,16.0,6.157013416290283,785.0,1853.0,407.3999938964844,1945.5999755859375,21.899999618530273,-0.05826912447810173,,,,,,,,,2039.0,,18.0,,,,,,,,,,,,,,0.0,,1.0,,,,,,,,,,,,,,,,9305237.0,,,,,,,,,,,,4.223647117614746,,,,,,,,,,,,,""
5624364007,"14 lug 2021, 04:20:04",Corsa mattutina,Corsa,,2471,"9,45",170.0,55,false,,Ghost ,activities/5984137265.fit.gz,,,2471.0,2468.0,9457.5,5.300000190734863,3.832050323486328,44.0,46.0,165.0,189.60000610351562,7.699999809265137,0.006344171240925789,,,79.0,75.82364654541016,,151.60543823242188,,,601.0,,20.0,55.0,,,,,,,,,,,,,0.0,,1.0,9513.099609375,,,,,,,,,,,,,,,,8620131.0,,,,,,,,,,,3.8273978233337402,,,,,,,,,,,,,""
5627378055,"14 lug 2021, 16:21:44",Corsa serale,Corsa,,3882,"12,94",181.0,110,false,,Ghost ,activities/5987279671.fit.gz,,,3882.0,3399.0,12941.5,5.5,3.807443380355835,65.0,59.0,163.60000610351562,208.0,19.200000762939453,0.0,,,92.0,76.33352661132812,,159.2265167236328,,,880.0,,25.0,110.0,,,,,,,,,,,,,0.0,,1.0,13053.099609375,,,,,,,,,,,,,,,,8620131.0,,,,,,,,,,,3.3337197303771973,,,,,,,,,,,,,""
5637732879,"16 lug 2021, 16:38:46",Nuotata serale,Nuotata,,4355,3.150,,,false,,,activities/5998055934.fit.gz,,,4355.0,3318.0,3150.0,1.600000023841858,0.949367105960846,0.0,,,,0.0,0.0,,,32.0,28.115480422973633,,,,,766.0,,26.0,,,,,,,,,,,,,,0.0,,1.0,,,,,,,,,,,,,,,,,,,,,,,,,,,,0.7233065366744995,,,,,,,,,,,,,""
5640334399,"17 lug 2021, 05:27:29",Giro mattutino,Ciclismo,,14617,"82,15",197.0,316,false,,Scott Solace,activities/6000786733.fit.gz,,8.0,14617.0,11450.0,82153.5,16.200000762939453,7.174978256225586,1247.0,1874.0,280.79998779296875,1028.800048828125,49.0,-0.026048798114061356,,,,,,153.4988555908203,,,2714.0,,19.0,316.0,,,,,,,,,,,,,0.0,,1.0,,,,,,,,,,,,,,,,9305237.0,,,,,,,,,,,,5.620407581329346,,,,,,,,,,,,,""
5653900542,"19 lug 2021, 17:18:15",Nuotata serale,Nuotata,,4404,2.075,,,false,,,activities/6014968234.fit.gz,,,4404.0,2318.0,2075.0,8.100000381469727,0.8951682448387146,0.0,,,,0.0,0.0,,,34.0,27.573339462280273,,,,,528.0,,26.0,,,,,,,,,,,,,,0.0,,1.0,,,,,,,,,,,,,,,,,,,,,,,,,,,,0.4711625874042511,,,,,,,,,,,,,""
5691224110,"26 lug 2021, 16:52:33",Nuotata serale,Nuotata,,3108,1.800,,,false,,,activities/6053909267.fit.gz,,,3108.0,1764.0,1800.0,3.299999952316284,1.0204081535339355,0.0,,,,0.0,0.0,,,35.0,31.362045288085938,,,,,438.0,,26.0,,,,,,,,,,,,,,0.0,,1.0,,,,,,,,,,,,,,,,,,,,,,,,,,,,0.5791505575180054,,,,,,,,,,,,,""
5697812415,"27 lug 2021, 17:24:15",Nuotata serale,Nuotata,,5018,2.575,,,false,,,activities/6060764980.fit.gz,,,5018.0,2831.0,2575.0,3.700000047683716,0.9095726013183594,0.0,,,,0.0,0.0,,,31.0,27.722110748291016,,,,,642.0,,26.0,,,,,,,,,,,,,,0.0,,1.0,,,,,,,,,,,,,,,,,,,,,,,,,,,,0.5131526589393616,,,,,,,,,,,,,""
5701293372,"28 lug 2021, 13:19:42",Giro pomeridiano,Ciclismo,L’ultimo periodo di fancazzismo ha dato i suoi risultati 🤦🏻‍♂️,9079,"52,10",180.0,224,false,,Scott Solace,activities/6064403470.fit.gz,,8.0,9079.0,7806.0,52105.1015625,14.899999618530273,6.67500638961792,1017.0,1041.0,312.3999938964844,1029.4000244140625,47.79999923706055,-0.003838395932689309,,,,,,153.40927124023438,,,1879.0,,23.0,224.0,,,,,,,,,,,0.0,,0.0,,1.0,,,,,,,,,,,,,,,,9305237.0,,,,,,,,,,,,5.739078998565674,,,,,,,,,,,,,""
5711820097,"30 lug 2021, 15:35:15",Camminata pomeridiana,Camminata,,4220,"8,09",190.0,81,false,,Ghost ,activities/6075535709.fit.gz,,,4220.0,4168.0,8092.10009765625,5.199999809265137,1.9414827823638916,383.0,371.0,1028.5999755859375,1279.4000244140625,48.5,0.14829277992248535,,,125.0,60.037044525146484,,145.65353393554688,,,800.0,,24.0,81.0,,,,,,,,,,,,,0.0,,1.0,,,,,,,,,,,,,,,,,8620131.0,,,,,,,,,,,1.917559266090393,,,,,,,,,,,,,""
5717384438,"31 lug 2021, 16:44:45",Nuotata serale,Nuotata,,2272,950,,,false,,,activities/6081452680.fit.gz,,,2272.0,1063.0,950.0,1.2000000476837158,0.8936970829963684,0.0,,,,0.0,0.0,,,35.0,32.240840911865234,,,,,236.0,,26.0,,,,,,,,,,,,,,0.0,,1.0,,,,,,,,,,,,,,,,,,,,,,,,,,,,0.41813379526138306,,,,,,,,,,,,,""
5722785187,"01 ago 2021, 15:11:36",Nuotata pomeridiana,Nuotata,,5379,4.225,,,false,,,activities/6087154969.fit.gz,,,5379.0,4324.0,4225.0,2.0999999046325684,0.9771045446395874,0.0,,,,0.0,0.0,,,32.0,30.015085220336914,,,,,1029.0,,26.0,,,,,,,,,,,,,,0.0,,1.0,,,,,,,,,,,,,,,,,,,,,,,,,,,,0.785461962223053,,,,,,,,,,,,,""
5727520362,"02 ago 2021, 16:39:24",Corsa serale,Corsa,,2542,"8,69",172.0,43,false,,Ghost ,activities/6092141883.fit.gz,,,2542.0,2409.0,8696.2001953125,5.699999809265137,3.609879732131958,41.0,44.0,144.8000030517578,169.39999389648438,15.399999618530273,-0.07819507271051407,,,79.0,75.06117248535156,,147.3737030029297,,,550.0,,24.0,43.0,,,,,,,,,,,,,0.0,,1.0,8748.5,,,,,,,,,,,,,,,,8620131.0,,,,,,,,,,,3.4210071563720703,,,,,,,,,,,,,""
5733704841,"03 ago 2021, 15:29:54",Escursione pomeridiana,Escursione,"",9095,"12,75",175.0,113,false,,Ghost ,activities/6098589678.fit.gz,,,9095.0,8428.0,12754.2001953125,4.199999809265137,1.513312816619873,959.0,955.0,302.6000061035156,1264.4000244140625,49.0,0.01881733164191246,,,119.0,53.818058013916016,,131.38681030273438,,,1310.0,,22.0,113.0,,,,,,,,,,,0.0,,0.0,,1.0,,,,,,,,,,,,,,,,,8620131.0,,,,,,,,,,,1.402330994606018,,,,,,,,,,,,,media/9AC36522-8F95-4AC5-8488-6CD0FD192B27.jpg|media/E0BA2105-7754-4883-941E-791D41CA6383.jpg
5741141583,"05 ago 2021, 04:26:56",Corsa mattutina,Corsa,,1913,"7,16",180.0,68,false,,Ghost ,activities/6106338323.fit.gz,,,1913.0,1913.0,7168.89990234375,8.300000190734863,3.747464656829834,32.0,31.0,172.0,188.1999969482422,11.800000190734863,-0.005579656455665827,,,80.0,76.9586410522461,,161.49476623535156,,,518.0,,20.0,68.0,,,,,,,,,,,,,0.0,,1.0,7217.7998046875,,,,,,,,,,,,,,,,8620131.0,,,,,,,,,,,3.747464656829834,,,,,,,,,,,,,""
5751562337,"07 ago 2021, 06:56:47",Nuotata mattutina,Nuotata,,3861,2.150,,,false,,,activities/6117251219.fit.gz,,,3861.0,2185.0,2150.0,1.5,0.9839816689491272,0.0,,,,0.0,0.0,,,33.0,26.995576858520508,,,,,530.0,,26.0,,,,,,,,,,,,,,0.0,,1.0,,,,,,,,,,,,,,,,,,,,,,,,,,,,0.5568505525588989,,,,,,,,,,,,,""
5762343800,"09 ago 2021, 05:19:26",Una volta ogni 3 settimane 🙈,Ciclismo,"",8239,"61,15",,,false,,Scott Solace,activities/6128565537.fit.gz,,8.0,8239.0,8202.0,61156.0,15.699999809265137,7.456230163574219,894.0,912.0,292.6000061035156,1034.199951171875,20.299999237060547,-0.016024593263864517,,,,,,,,,2827.0,,15.0,,,,,,,,,,,,0.0,,0.0,,1.0,,,,,,,,,,,,,,,,9305237.0,,,,,,,,,,,,7.422745704650879,,,,,,,,,,,,,""
5771098205,"10 ago 2021, 17:24:01",Nuotata serale,Nuotata,,2567,1.500,,,false,,,activities/6137718906.fit.gz,,,2567.0,1382.0,1500.0,4.699999809265137,1.0853835344314575,0.0,,,,0.0,0.0,,,36.0,31.28875160217285,,,,,366.0,,26.0,,,,,,,,,,,,,,0.0,,1.0,,,,,,,,,,,,,,,,,,,,,,,,,,,,0.5843396782875061,,,,,,,,,,,,,""
5776768200,"11 ago 2021, 16:44:31",Corsa serale,Corsa,,3129,"5,45",154.0,18,false,,Ghost ,activities/6143622895.fit.gz,,,3129.0,2442.0,5452.0,4.599999904632568,2.2325961589813232,262.0,231.0,2486.60009765625,2628.39990234375,49.099998474121094,0.7190021872520447,,,110.0,63.87061309814453,,127.58911895751953,,,400.0,,20.0,18.0,,,,,,,,,,,,,0.0,,1.0,7058.2001953125,,,,,,,,,,,,,,,,8620131.0,,,,,,,,,,,1.7424097061157227,,,,,,,,,,,,,""
5787726549,"13 ago 2021, 07:55:45",Escursione mattutina,Escursione,,21702,"9,96",167.0,38,false,,Ghost ,activities/6155088477.fit.gz,,,21702.0,8666.0,9960.0,2.4000000953674316,1.1493191719055176,543.0,554.0,2543.0,2973.0,48.599998474121094,-0.06224899739027023,,,98.0,49.41755676269531,,114.73538970947266,,,1113.0,,24.0,38.0,,,,,,,,,,,,,0.0,,1.0,,,,,,,,,,,,,,,,,8620131.0,,,,,,,,,,,0.4589438736438751,,,,,,,,,,,,,""
5789086733,"14 ago 2021, 05:10:12",Giro mattutino,Ciclismo,,4902,"30,20",,,false,,Scott Solace,activities/6156521136.fit.gz,,8.0,4902.0,4742.0,30208.599609375,15.899999618530273,6.370434284210205,735.0,726.0,450.0,1024.800048828125,14.399999618530273,-0.02648252435028553,,,,,,,,,1507.0,,16.0,,,,,,,,,,,,,,0.0,,1.0,,,,,,,,,,,,,,,,9305237.0,,,,,,,,,,,,6.162505149841309,,,,,,,,,,,,,""
5803489046,"16 ago 2021, 16:58:23",Nuotata serale,Nuotata,,4212,2.550,,,false,,,activities/6171647907.fit.gz,,,4212.0,2556.0,2550.0,2.4000000953674316,0.9976525902748108,0.0,,,,0.0,0.0,,,33.0,28.14462661743164,,,,,628.0,,26.0,,,,,,,,,,,,,,0.0,,1.0,,,,,,,,,,,,,,,,,,,,,,,,,,,,0.6054130792617798,,,,,,,,,,,,,""
5810744356,"17 ago 2021, 16:02:44",Corsa serale,Corsa,,2320,"7,79",188.0,118,false,,Ghost ,activities/6179206952.fit.gz,,,2320.0,2320.0,7794.2998046875,4.699999809265137,3.359611988067627,129.0,126.0,930.5999755859375,985.7999877929688,21.799999237060547,0.08211128413677216,,,76.0,73.64439392089844,,170.98146057128906,,,668.0,,25.0,118.0,,,,,,,,,,,,,0.0,,1.0,8133.89990234375,,,,,,,,,,,,,,,,8620131.0,,,,,,,,,,,3.359611988067627,,,,,,,,,,,,,""
5814744207,"18 ago 2021, 18:25:35",Corsa serale,Corsa,,3787,"7,71",173.0,60,false,,Ghost ,activities/6183391868.fit.gz,,,3787.0,2666.0,7713.39990234375,4.900000095367432,2.8932483196258545,204.0,185.0,904.7999877929688,1007.7999877929688,25.5,0.051857806742191315,,,113.0,71.17819213867188,,150.77915954589844,,,603.0,,19.0,60.0,,,,,,,,,,,,,0.0,,1.0,8459.400390625,,,,,,,,,,,,,,,,8620131.0,,,,,,,,,,,2.0368101596832275,,,,,,,,,,,,,""
5819183212,"19 ago 2021, 16:16:02",Corsa serale,Corsa,,2297,"8,37",178.0,59,false,,Ghost ,activities/6188035846.fit.gz,,,2297.0,2293.0,8376.099609375,5.300000190734863,3.652900218963623,143.0,158.0,953.7999877929688,1034.0,18.799999237060547,-0.13132603466510773,,,79.0,74.83966827392578,,154.00086975097656,,,558.0,,22.0,59.0,,,,,,,,,,,,,0.0,,1.0,8675.7998046875,,,,,,,,,,,,,,,,8620131.0,,,,,,,,,,,3.6465389728546143,,,,,,,,,,,,,""
5824808023,"20 ago 2021, 16:48:08",Giro serale,Ciclismo,,4470,"25,18",,,false,,Scott Solace,activities/6193918698.fit.gz,,8.0,4470.0,3814.0,25187.30078125,15.800000190734863,6.603906631469727,620.0,602.0,456.6000061035156,1026.5999755859375,38.20000076293945,0.028585834428668022,,,,,,,,,1316.0,,19.0,,,,,,,,,,,,,,0.0,,1.0,,,,,,,,,,,,,,,,9305237.0,,,,,,,,,,,,5.634742736816406,,,,,,,,,,,,,""
5832541137,"22 ago 2021, 05:56:31",Corsa mattutina,Corsa,,2486,"8,82",184.0,85,false,,Ghost ,activities/6202034399.fit.gz,,,2486.0,2397.0,8819.400390625,7.800000190734863,3.679349184036255,44.0,37.0,272.6000061035156,302.0,8.5,0.02948046289384365,,,80.0,77.76254272460938,,161.972412109375,,,634.0,,22.0,85.0,,,,,,,,,,,,,0.0,,1.0,8880.599609375,,,,,,,,,,,,,,,,8620131.0,,,,,,,,,,,3.5476267337799072,,,,,,,,,,,,,""
5841149639,"23 ago 2021, 16:45:10",Corsa serale,Corsa,,4633,"14,62",175.0,70,false,,Ghost ,activities/6211077867.fit.gz,,,4633.0,4522.0,14620.2001953125,5.599999904632568,3.2331268787384033,74.0,77.0,145.0,169.39999389648438,14.899999618530273,-0.019151585176587105,,,108.0,73.60331726074219,,145.8021697998047,,,880.0,,22.0,70.0,,,,,,,,,,,,,0.0,,1.0,14761.900390625,,,,,,,,,,,,,,,,8620131.0,,,,,,,,,,,3.155665874481201,,,,,,,,,,,,,""
5847027415,"24 ago 2021, 17:30:22",Corsa serale,Corsa,,3328,"12,01",180.0,85,false,,Ghost ,activities/6217196782.fit.gz,,,3328.0,3176.0,12011.7001953125,5.400000095367432,3.7820215225219727,51.0,59.0,158.60000610351562,184.39999389648438,10.199999809265137,-0.06327164173126221,,,100.0,75.64750671386719,,155.06687927246094,,,776.0,,24.0,85.0,,,,,,,,,,,,,0.0,,1.0,12072.2001953125,,,,,,,,,,,,,,,,8620131.0,,,,,,,,,,,3.6092848777770996,,,,,,,,,,,,,""
5852415846,"25 ago 2021, 15:56:23",Corsa pomeridiana,Corsa,,6697,"13,08",174.0,154,false,,Ghost ,activities/6222810601.fit.gz,,,6697.0,6581.0,13082.900390625,7.0,1.987980604171753,974.0,966.0,302.6000061035156,1277.800048828125,49.400001525878906,0.05961981043219566,,,112.0,62.588069915771484,,152.0111541748047,,,1386.0,,20.0,154.0,,,,,,,,,,,,,0.0,,1.0,18568.5,,,,,,,,,,,,,,,,8620131.0,,,,,,,,,,,1.953546404838562,,,,,,,,,,,,,""
5862693049,"27 ago 2021, 16:40:55",Giro serale,Ciclismo,,6060,"29,66",,,false,,Scott Solace,activities/6233532275.fit.gz,,8.0,6060.0,4192.0,29668.099609375,17.0,7.0773138999938965,617.0,651.0,445.20001220703125,1026.199951171875,48.79999923706055,-0.010785995982587337,,,,,,,,,1462.0,,14.0,,,,,,,,,,,,,,0.0,,1.0,,,,,,,,,,,,,,,,9305237.0,,,,,,,,,,,,4.895726203918457,,,,,,,,,,,,,""
5864738462,"28 ago 2021, 06:21:21",Corsa mattutina,Corsa,,3911,"13,52",178.0,159,false,,Ghost ,activities/6235710312.fit.gz,,,3911.0,3911.0,13521.5,4.900000095367432,3.4572999477386475,240.0,234.0,896.4000244140625,1019.7999877929688,20.799999237060547,0.06212328374385834,,,83.0,77.43372344970703,,165.1551971435547,,,1053.0,,16.0,159.0,,,,,,,,,,,,,0.0,,1.0,14149.7001953125,,,,,,,,,,,,,,,,8620131.0,,,,,,,,,,,3.4572999477386475,,,,,,,,,,,,,""
5878603401,"30 ago 2021, 17:24:22",Corsa serale,Corsa,,3205,"11,42",178.0,81,false,,Ghost ,activities/6250271493.fit.gz,,,3205.0,2997.0,11427.599609375,5.800000190734863,3.8130130767822266,49.0,49.0,160.0,188.8000030517578,12.699999809265137,-0.07350625097751617,,,80.0,75.7326431274414,,156.2740936279297,,,739.0,,18.0,81.0,,,,,,,,,,,,,0.0,,1.0,11482.900390625,,,,,,,,,,,,,,,,8620131.0,,,,,,,,,,,3.565553903579712,,,,,,,,,,,,,""
5883761565,"31 ago 2021, 16:36:51",Corsa serale,Corsa,,4780,"16,55",189.0,221,false,,Ghost ,activities/6255643578.fit.gz,,,4780.0,4376.0,16554.5,6.900000095367432,3.7830209732055664,65.0,70.0,162.1999969482422,185.8000030517578,17.700000762939453,-0.04107644408941269,,,80.0,76.15689086914062,,171.06195068359375,,,1232.0,,22.0,221.0,,,,,,,,,,,,,0.0,,1.0,16623.5,,,,,,,,,,,,,,,,8620131.0,,,,,,,,,,,3.463284492492676,,,,,,,,,,,,,""
5891492956,"02 set 2021, 04:05:14",Corsa mattutina,Corsa,,3633,"12,34",177.0,68,false,,Ghost ,activities/6263681689.fit.gz,,,3633.0,3327.0,12343.099609375,5.800000190734863,3.7099790573120117,50.0,48.0,166.8000030517578,188.39999389648438,10.300000190734863,-0.019444061443209648,,,81.0,74.93965148925781,,148.6715087890625,,,712.0,,18.0,68.0,,,,,,,,,,,,,0.0,,1.0,12412.900390625,,,,,,,,,,,,,,,,8620131.0,,,,,,,,,,,3.3974952697753906,,,,,,,,,,,,,""
5899939107,"03 set 2021, 16:53:14",Nuotata serale,Nuotata,,3616,1.950,,,false,,,activities/6272523434.fit.gz,,,3616.0,1931.0,1950.0,1.2000000476837158,1.009839415550232,0.0,,,,0.0,0.0,,,33.0,30.684144973754883,,,,,481.0,,26.0,,,,,,,,,,,,,,0.0,,1.0,,,,,,,,,,,,,,,,,,,,,,,,,,,0.0,0.5392699241638184,,,,,,,,,,,,,""
5907855561,"05 set 2021, 05:42:22",Corsa mattutina,Corsa,,5579,"20,12",180.0,251,false,,Ghost ,activities/6280807549.fit.gz,,,5579.0,5314.0,20121.80078125,6.199999809265137,3.7865638732910156,68.0,72.0,239.39999389648438,287.6000061035156,9.800000190734863,-0.021866831928491592,,,81.0,77.55329895019531,,168.43862915039062,,,1449.0,,20.0,251.0,,,,,,,,,,,,,0.0,,1.0,20196.400390625,,,,,,,,,,,,,,,,8620131.0,,,,,,,,,,0.0,3.606703758239746,,,,,,,,,,,,,""
5917089734,"06 set 2021, 17:00:16",Corsa serale,Corsa,,3170,"11,58",182.0,76,false,,Ghost ,activities/6290478168.fit.gz,,,3170.0,3049.0,11580.099609375,5.699999809265137,3.797999382019043,47.0,55.0,161.8000030517578,186.60000610351562,14.899999618530273,-0.10708025097846985,,,104.0,75.55059051513672,,153.41944885253906,,,706.0,,24.0,76.0,,,,,,,,,,,,,0.0,,1.0,11614.599609375,,,,,,,,,,,,,,,,8620131.0,,,,,,,,,,0.0,3.6530284881591797,,,,,,,,,,,,,""
5922966064,"07 set 2021, 17:26:09",Corsa serale,Corsa,,3114,"11,03",171.0,91,false,,Ghost ,activities/6296611635.fit.gz,,,3114.0,2960.0,11029.7998046875,6.0,3.7262837886810303,56.0,60.0,173.8000030517578,215.8000030517578,6.400000095367432,-0.012692886404693127,,,79.0,75.3670425415039,,158.68695068359375,,,768.0,,22.0,91.0,,,,,,,,,,,,,0.0,,1.0,11099.900390625,,,,,,,,,,,,,,,,8620131.0,,,,,,,,,,0.0,3.542003870010376,,,,,,,,,,,,,""
5928108358,"08 set 2021, 15:34:21",Escursione pomeridiana,Escursione,"",6924,"9,82",164.0,66,false,,Ghost ,activities/6301970486.fit.gz,,,6924.0,6450.0,9819.2001953125,4.900000095367432,1.522356629371643,648.0,636.0,925.2000122070312,1554.0,49.400001525878906,0.05499429628252983,,,119.0,52.81954574584961,,126.76871490478516,,,914.0,,18.0,66.0,,,,,,,,,,,0.0,,0.0,,1.0,,,,,,,,,,,,,,,,,8620131.0,,,,,,,,,,0.0,1.4181398153305054,,,,,,,,,,,,,media/3787289D-1CA2-4717-8038-91BD15C15C12.jpg|media/84B6DD06-3CD9-4F44-8A01-16DA57BAD6CB.jpg|media/F044E21F-6831-4FC5-A60D-9C0289A42EDA.jpg
5938377471,"10 set 2021, 17:15:45",Corsa serale,Corsa,,3056,"11,01",184.0,116,false,,Ghost ,activities/6312706657.fit.gz,,,3056.0,2857.0,11013.099609375,5.699999809265137,3.8547778129577637,98.0,88.0,913.5999755859375,958.2000122070312,13.399999618530273,0.07990483939647675,,,81.0,76.36759185791016,,164.9422607421875,,,777.0,,19.0,116.0,,,,,,,,,,,,,0.0,,1.0,11226.2001953125,,,,,,,,,,,,,,,,8620131.0,,,,,,,,,,0.0,3.6037631034851074,,,,,,,,,,,,,""
5952802935,"12 set 2021, 06:20:46",“Escursione mattutina” 🙈,Escursione,"",39243,"14,95",173.0,69,false,,Ghost ,activities/6327870382.fit.gz,,,39243.0,18631.0,14956.900390625,8.899999618530273,0.8027964234352112,1252.0,942.0,1430.800048828125,2683.60009765625,50.0,-0.19389045238494873,,,82.0,49.57558822631836,,86.5408935546875,,,1566.0,,18.0,69.0,,,,,,,,,,,0.0,,0.0,,1.0,,,,,,,,,,,,,,,,,8620131.0,,,,,,,,,,0.0,0.381135493516922,,,,,,,,,,,,,media/984FCF5D-2E3E-4C0C-B83C-E5A3530AE59C.jpg|media/01ED3EB8-9939-4FB6-874F-E96EF93447E9.jpg|media/85DD76CA-F060-4FC9-8DEF-4A04E6BEEFC3.jpg
5960008812,"14 set 2021, 16:12:57",Corsa serale,Corsa,,3448,"11,95",174.0,96,false,,Ghost ,activities/6335403809.fit.gz,,,3448.0,3124.0,11950.7001953125,5.699999809265137,3.8254480361938477,31.0,26.0,124.5999984741211,139.60000610351562,4.699999809265137,-0.053553346544504166,,,80.0,75.43429565429688,,158.6344451904297,,,805.0,,27.0,96.0,,,,,,,,,,,,,0.0,,1.0,11974.599609375,,,,,,,,,,,,,,,,8620131.0,,,,,,,,,,0.0,3.465980291366577,,,,,,,,,,,,,""
5965709541,"15 set 2021, 17:02:02",Corsa serale,Corsa,,2910,"10,86",168.0,74,false,,Ghost ,activities/6341371851.fit.gz,,,2910.0,2910.0,10863.5,5.400000095367432,3.733161449432373,27.0,27.0,131.39999389648438,145.1999969482422,6.0,0.040502600371837616,,,79.0,75.34261322021484,,153.92543029785156,,,718.0,,25.0,74.0,,,,,,,,,,,,,0.0,,1.0,10901.0,,,,,,,,,,,,,,,,8620131.0,,,,,,,,,,0.0,3.733161449432373,,,,,,,,,,,,,""
5973340876,"17 set 2021, 06:21:13",Corsa mattutina,Corsa,,3963,"11,93",188.0,77,false,,Ghost ,activities/6349327852.fit.gz,,,3963.0,3487.0,11934.599609375,6.0,3.422598123550415,108.0,104.0,912.0,954.7999877929688,11.399999618530273,0.005027399398386478,,,109.0,72.81793975830078,,149.76907348632812,,,715.0,,17.0,77.0,,,,,,,,,,,,,0.0,,1.0,12173.2998046875,,,,,,,,,,,,,,,,8620131.0,,,,,,,,,,0.0,3.0115063190460205,,,,,,,,,,,,,""
5981327752,"18 set 2021, 13:27:35",Giro pomeridiano,Ciclismo,,14503,"88,69",,,false,,Scott Solace,activities/6357707974.fit.gz,,8.0,14503.0,13972.0,88694.796875,18.899999618530273,6.348039150238037,1586.0,1597.0,288.3999938964844,1037.199951171875,40.5,0.0069902632385492325,,,,,,,,,4025.0,,18.0,,,,,,,,,,,,,,0.0,,1.0,,,,,,,,,,,,,,,,9305237.0,,,,,,,,,,,0.0,6.115617275238037,,,,,,,,,,,,,""
5993890259,"21 set 2021, 04:07:27",Corsa mattutina,Corsa,,3039,"11,19",178.0,102,false,,Ghost ,activities/6370925650.fit.gz,,,3039.0,2954.0,11196.2998046875,5.599999904632568,3.7902166843414307,28.0,31.0,111.80000305175781,127.4000015258789,6.300000190734863,-0.017863044515252113,,,79.0,75.99932098388672,,161.22654724121094,,,764.0,,17.0,102.0,,,,,,,,,,,,,0.0,,1.0,11232.2998046875,,,,,,,,,,,,,,,,8620131.0,,,,,,,,,,0.0,3.6842052936553955,,,,,,,,,,,,,""
6007270668,"23 set 2021, 15:17:07",Giro pomeridiano,Ciclismo,,4617,"28,41",,,false,,Scott Solace,activities/6384935398.fit.gz,,8.0,4617.0,4617.0,28413.599609375,13.300000190734863,6.154126167297363,794.0,88.0,271.6000061035156,987.7999877929688,17.899999618530273,2.5121772289276123,,,,,,,,,1640.0,,14.0,,,,,,,,,,,,,,0.0,,1.0,,,,,,,,,,,,,,,,9305237.0,,,,,,,,,,,0.0,6.154126167297363,,,,,,,,,,,,,""
6012742302,"24 set 2021, 17:20:43",Corsa serale,Corsa,,2641,"9,13",172.0,74,false,,Ghost ,activities/6390676196.fit.gz,,,2641.0,2591.0,9137.5,4.800000190734863,3.5266306400299072,122.0,121.0,922.4000244140625,965.7999877929688,16.700000762939453,0.028454171493649483,,,78.0,74.90544128417969,,156.95445251464844,,,663.0,,17.0,74.0,,,,,,,,,,,,,0.0,,1.0,9396.2001953125,,,,,,,,,,,,,,,,8620131.0,,,,,,,,,,0.0,3.4598636627197266,,,,,,,,,,,,,""
6021793618,"26 set 2021, 08:41:45",Adoro ,Corsa,"",6012,"20,01",183.0,205,false,,Ghost ,activities/6400193563.fit.gz,,,6012.0,5502.0,20016.599609375,11.800000190734863,3.63805890083313,110.0,96.0,256.0,286.20001220703125,31.899999618530273,0.043963510543107986,,,82.0,77.41439056396484,,162.71310424804688,,,1353.0,,19.0,205.0,,,,,,,,,,,0.0,,0.0,,1.0,20287.19921875,,,,,,,,,,,,,,,,8620131.0,,,,,,,,,,0.0,3.3294410705566406,,,,,,,,,,,,,media/1D51B9F0-2A05-4FAE-A1FC-92A77D916328.jpg
6033821265,"28 set 2021, 16:34:47",Corsa serale,Corsa,,3367,"10,94",173.0,85,false,,Ghost ,activities/6412820327.fit.gz,,,3367.0,3202.0,10942.5,6.5,3.4173953533172607,101.0,98.0,912.2000122070312,953.7999877929688,14.300000190734863,0.06031528487801552,,,102.0,76.2245101928711,,157.8796844482422,,,762.0,,19.0,85.0,,,,,,,,,,,,,0.0,,1.0,11168.7001953125,,,,,,,,,,,,,,,,8620131.0,,,,,,,,,,0.0,3.2499258518218994,,,,,,,,,,,,,""
6056213591,"03 ott 2021, 07:07:22",Corsa mattutina,Corsa,"",5536,"21,29",179.0,218,false,,Ghost ,activities/6436317089.fit.gz,,,5536.0,5536.0,21289.69921875,6.199999809265137,3.8456828594207764,55.0,59.0,-13.600000381469727,5.0,11.0,-0.02818264253437519,,,81.0,77.7918701171875,,164.15284729003906,,,1387.0,,24.0,218.0,,,,,,,,,,,0.0,,0.0,,1.0,21389.099609375,,,,,,,,,,,,,,,,8620131.0,,,,,,,,,,0.0,3.8456828594207764,,,,,,,,,,,,,media/77F4484F-D9E4-4550-B045-2C08AFEB9D2E.jpg
6098697069,"11 ott 2021, 16:44:41",Corsa serale,Corsa,,2284,"7,64",175.0,57,false,,Ghost ,activities/6481196706.fit.gz,,,2284.0,2088.0,7640.7998046875,6.699999809265137,3.6593868732452393,21.0,16.0,146.0,159.60000610351562,3.799999952316284,-0.018322689458727837,,,95.0,73.76071166992188,,155.8485107421875,,,544.0,,17.0,57.0,,,,,,,,,,,,,0.0,,1.0,7659.39990234375,,,,,,,,,,,,,,,,8620131.0,,,,,,,,,,0.0,3.3453590869903564,,,,,,,,,,,,,""
6104018643,"12 ott 2021, 18:15:57",Nuotata serale,Nuotata,,3347,2.400,,,false,,,activities/6486803235.fit.gz,,,3347.0,2403.0,2400.0,1.600000023841858,0.9987515807151794,0.0,,,,0.0,0.0,,,35.0,29.8934383392334,,,,,589.0,,27.0,,,,,,,,,,,,,,0.0,,1.0,,,,,,,,,,,,,,,,,,,,,,,,,,,0.0,0.7170600295066833,0.0,,,,,,,,,,,,""
6108539082,"13 ott 2021, 17:24:13",Corsa serale,Corsa,,3937,"14,79",179.0,140,false,,Ghost ,activities/6491573438.fit.gz,,,3937.0,3932.0,14797.2998046875,6.099999904632568,3.763301134109497,37.0,43.0,107.0,126.80000305175781,7.099999904632568,-0.044602733105421066,,,79.0,74.78840637207031,,162.57858276367188,,,1047.0,,16.0,140.0,,,,,,,,,,,,,0.0,,1.0,14823.7998046875,,,,,,,,,,,,,,,,8620131.0,,,,,,,,,,0.0,3.758521795272827,2777.199951171875,,,,,,,,,,,,""
6122592679,"16 ott 2021, 16:21:09",Corsa serale,Corsa,,2854,"10,10",178.0,91,false,,Ghost ,activities/6506435511.fit.gz,,,2854.0,2796.0,10102.7998046875,8.100000381469727,3.613304615020752,135.0,118.0,895.0,941.0,12.199999809265137,0.17618878185749054,,,80.0,75.69457244873047,,160.03160095214844,,,745.0,,12.0,91.0,,,,,,,,,,,,,0.0,,1.0,10416.900390625,,,,,,,,,,,,,,,,8620131.0,,,,,,,,,,0.0,3.5398738384246826,393.29998779296875,,,,,,,,,,,,""
6128095809,"17 ott 2021, 13:11:35",Escursione pomeridiana,Escursione,"",14534,"10,05",170.0,58,false,,Ghost ,activities/6512296810.fit.gz,,,14534.0,10716.0,10054.7998046875,3.9000000953674316,0.9382978677749634,829.0,814.0,1245.0,2001.5999755859375,50.0,0.0934876874089241,,,108.0,51.48987579345703,,117.7609634399414,,,1386.0,,16.0,58.0,,,,,,,,,,,0.0,,0.0,,1.0,,,,,,,,,,,,,,,,,8620131.0,,,,,,,,,,0.0,0.69181227684021,10041.2998046875,,,,,,,,,,,,media/1E8A769E-C338-41F4-8707-C22FAB7058E3.jpg|media/636A4F3E-F67A-46BD-957D-5ABCA75FD2C0.jpg
6132625141,"18 ott 2021, 16:53:20",Corsa serale,Corsa,,4219,"15,06",194.0,166,false,,Ghost ,activities/6517138292.fit.gz,,,4219.0,4023.0,15066.900390625,5.400000095367432,3.745190143585205,39.0,39.0,111.19999694824219,132.1999969482422,6.099999904632568,-0.05442393571138382,,,107.0,74.75821685791016,,166.37493896484375,,,1094.0,,17.0,166.0,,,,,,,,,,,,,0.0,,1.0,15097.900390625,,,,,,,,,,,,,,,,8620131.0,,,,,,,,,,0.0,3.571201801300049,2717.199951171875,,,,,,,,,,,,""
6137880934,"19 ott 2021, 19:01:04",Nuotata notturna,Nuotata,,2844,1.275,,,false,,,activities/6522678847.fit.gz,,,2844.0,1410.0,1275.0,3.0961029529571533,0.9042553305625916,0.0,,,,0.0,0.0,,,29.0,26.568708419799805,,,,,317.0,,27.0,,,,,,,,,,,,,,0.0,,1.0,,,,,,,,,,,,,,,,,,,,,,,,,,,0.0,0.4483122229576111,0.0,,,,,,,,,,,,""
6142786509,"20 ott 2021, 19:15:21",Corsa notturna,Corsa,Corsa senza lavori causata da un aperitivo troppo lungo 🙈,3040,"11,25",177.0,103,false,,Ghost ,activities/6527855688.fit.gz,,,3040.0,2903.0,11250.7998046875,6.243945121765137,3.875576972961426,31.0,25.0,121.0,134.39999389648438,7.383989334106445,0.023109454661607742,,,78.0,75.2754898071289,,162.3885955810547,,,781.0,,16.0,103.0,,,,,,,,,,,0.0,,0.0,,1.0,11303.7001953125,,,,,,,,,,,,,,,,8620131.0,,,,,,,,,,0.0,3.700921058654785,1720.300048828125,,,,,,,,,,,,""
6150987333,"22 ott 2021, 16:28:20",Corsa serale,Corsa,,4177,"13,50",161.0,45,false,,Ghost ,activities/6536557678.fit.gz,,,4177.0,4029.0,13501.3896484375,6.85400390625,3.3510522842407227,127.0,121.0,924.7999877929688,964.4000244140625,17.534313201904297,0.03703322634100914,,,97.0,72.58519744873047,,138.98451232910156,,,706.0,,12.0,45.0,,,,,,,,,,,,,0.0,,1.0,13767.599609375,,,,,,,,,,,,,,,,8620131.0,,,,,,,,,,0.0,3.2323174476623535,0.0,,,,,,,,,,,,""
6161486424,"24 ott 2021, 16:40:05",Corsa serale,Corsa,,2882,"10,00",175.0,108,false,,Ghost ,activities/6547740782.fit.gz,,,2882.0,2878.0,10006.369140625,9.745996475219727,3.4768483638763428,145.0,138.0,941.4000244140625,986.5999755859375,20.145706176757812,0.05996180698275566,,,84.0,76.81647491455078,,163.5679473876953,,,782.0,,11.0,108.0,,,,,,,,,,,,,0.0,,1.0,10363.099609375,,,,,,,,,,,,,,,,8620131.0,,,,,,,,,,0.0,3.472022771835327,374.8999938964844,,,,,,,,,,,,""
6165827221,"25 ott 2021, 17:57:47",Corsa serale,Corsa,,3083,"11,17",178.0,98,false,,Ghost ,activities/6552381434.fit.gz,,,3083.0,2893.0,11177.6298828125,5.089990139007568,3.8636813163757324,35.0,23.0,121.0,138.39999389648438,3.867637872695923,0.025050058960914612,,,80.0,75.36370086669922,,160.17323303222656,,,755.0,,14.0,98.0,,,,,,,,,,,,,0.0,,1.0,11215.099609375,,,,,,,,,,,,,,,,8620131.0,,,,,,,,,,0.0,3.6255693435668945,2063.699951171875,,,,,,,,,,,,""
6170837962,"26 ott 2021, 17:19:34",Corsa serale,Corsa,,3299,"7,94",165.0,30,false,,Ghost ,activities/6557674728.fit.gz,,,3299.0,2207.0,7939.14013671875,5.91375732421875,3.5972542762756348,61.0,47.0,172.8000030517578,187.60000610351562,8.356462478637695,-0.03274921700358391,,,84.0,73.9478530883789,,140.8610382080078,,,459.0,,12.0,30.0,,,,,,,,,,,,,0.0,,1.0,8039.7001953125,,,,,,,,,,,,,,,,8620131.0,,,,,,,,,,0.0,2.406529188156128,6955.60009765625,,,,,,,,,,,,""
6170838066,"26 ott 2021, 19:00:26",Nuotata notturna,Nuotata,,2191,1.425,,,false,,,activities/6557674857.fit.gz,,,2191.0,1547.0,1425.0,6.5941314697265625,0.9211376905441284,0.0,,,,0.0,0.0,,,32.0,27.883031845092773,,,,,349.0,,27.0,,,,,,,,,,,,,,0.0,,1.0,,,,,,,,,,,,,,,,,,,,,,,,,,,0.0,0.6503879427909851,0.0,,,,,,,,,,,,""
6193268572,"31 ott 2021, 15:21:42",Corsa pomeridiana,Corsa,,2790,"10,13",182.0,129,false,,Ghost ,activities/6581559537.fit.gz,,,2790.0,2704.0,10133.1396484375,6.076001167297363,3.7474629878997803,177.0,174.0,995.4000244140625,1079.0,17.278926849365234,0.031579673290252686,,,112.0,76.98187255859375,,168.53863525390625,,,757.0,,14.0,129.0,,,,,,,,,,,,,0.0,,1.0,10535.5,,,,,,,,,,,,,,,,8620131.0,,,,,,,,,,0.0,3.6319496631622314,44.099998474121094,,,,,,,,,,,,""
6207583795,"03 nov 2021, 18:18:23",Corsa serale,Corsa,,4195,"14,26",179.0,126,false,,Ghost ,activities/6596878738.fit.gz,,,4195.0,3997.0,14262.599609375,6.116015434265137,3.568326234817505,48.0,34.0,123.80000305175781,139.39999389648438,17.094898223876953,0.028045430779457092,,,98.0,75.53154754638672,,160.47048950195312,,,1019.0,,16.0,126.0,,,,,,,,,,,,,0.0,,1.0,14330.5,,,,,,,,,,,,,,,,8620131.0,,,,,,,,,,0.0,3.399904489517212,2747.699951171875,,,,,,,,,,,,""
6216284673,"04 nov 2021, 18:14:32",Corsa serale,Corsa,,2306,"8,34",179.0,65,false,,Ghost ,activities/6606240270.fit.gz,,,2306.0,2297.0,8342.41015625,4.7742743492126465,3.6318721771240234,29.0,19.0,133.1999969482422,153.1999969482422,5.847990989685059,0.0743190124630928,,,78.0,75.19294738769531,,156.20199584960938,,,591.0,,12.0,65.0,,,,,,,,,,,,,0.0,,1.0,8387.7001953125,,,,,,,,,,,,,,,,8620131.0,,,,,,,,,,0.0,3.6176974773406982,1354.5999755859375,,,,,,,,,,,,""
6218673639,"06 nov 2021, 08:50:10",Corsa mattutina,Corsa,,4881,"15,07",180.0,137,false,,Ghost ,activities/6608797297.fit.gz,,,4881.0,3967.0,15074.2998046875,5.07666015625,3.799924373626709,45.0,38.0,275.20001220703125,287.79998779296875,6.551175594329834,0.047763291746377945,,,82.0,77.496337890625,,160.21791076660156,,,947.0,,15.0,137.0,,,,,,,,,,,,,0.0,,1.0,15186.7998046875,,,,,,,,,,,,,,,,8620131.0,,,,,,,,,,0.0,3.0883629322052,4618.10009765625,,,,,,,,,,,,""
6225845340,"07 nov 2021, 09:36:53",Giro mattutino,Ciclismo,,22461,"41,05",160.0,57,false,,Scott Solace,activities/6616473882.fit.gz,,8.0,22461.0,9714.0,41056.078125,17.576171875,4.226485252380371,1417.0,1189.0,344.0,1546.4000244140625,39.605491638183594,0.11350330710411072,,,,,,122.97880554199219,,,1359.0,,16.0,57.0,,,,,,,,,,,,,0.0,,1.0,,,,,,,,,,,,,,,,9305237.0,,,,,,,,,,,0.0,1.8278828859329224,15420.900390625,,,,,,,,,,,,""
6230661648,"08 nov 2021, 18:33:54",Corsa serale,Corsa,,3939,"15,05",180.0,146,false,,Ghost ,activities/6621665197.fit.gz,,,3939.0,3930.0,15053.740234375,6.220117092132568,3.83046817779541,43.0,37.0,133.39999389648438,151.0,6.642895698547363,0.03188568353652954,,,79.0,75.15938568115234,,163.12857055664062,,,1047.0,,13.0,146.0,,,,,,,,,,,,,0.0,,1.0,15111.400390625,,,,,,,,,,,,,,,,8620131.0,,,,,,,,,,0.0,3.82171630859375,2375.0,,,,,,,,,,,,""
6235673107,"09 nov 2021, 18:21:04",Corsa serale,Corsa,,2990,"6,78",169.0,59,false,,Ghost ,activities/6626987449.fit.gz,,,2990.0,2062.0,6780.4599609375,5.774993896484375,3.28829288482666,47.0,38.0,172.60000610351562,194.0,9.749750137329102,0.15043222904205322,,,98.0,73.92860412597656,,155.961669921875,,,514.0,,12.0,59.0,,,,,,,,,,,,,0.0,,1.0,6886.39990234375,,,,,,,,,,,,,,,,8620131.0,,,,,,,,,,0.0,2.267712354660034,3889.39990234375,,,,,,,,,,,,""
6235673253,"09 nov 2021, 19:59:21",Nuotata serale,Nuotata,,2162,1.450,,,false,,,activities/6626987633.fit.gz,,,2162.0,1557.0,1450.0,3.0957834720611572,0.9312781095504761,0.0,,,,0.0,0.0,,,32.0,27.2098445892334,,,,,365.0,,26.0,,,,,,,,,,,,,,0.0,,1.0,,,,,,,,,,,,,,,,,,,,,,,,,,,0.0,0.6706752777099609,0.0,,,,,,,,,,,,""
6248555092,"12 nov 2021, 17:08:20",Corsa serale,Corsa,,4260,"15,91",180.0,166,false,,Ghost ,activities/6640711415.fit.gz,,,4260.0,4029.0,15910.16015625,14.063313484191895,3.9489104747772217,93.0,91.0,224.39999389648438,284.3999938964844,11.581470489501953,-0.017598740756511688,,,83.0,77.83065795898438,,165.32217407226562,,,1093.0,,15.0,166.0,,,,,,,,,,,,,0.0,,1.0,16037.5,,,,,,,,,,,,,,,,8620131.0,,,,,,,,,,0.0,3.7347793579101562,10.199999809265137,,,,,,,,,,,,""
6257577127,"14 nov 2021, 14:52:49",Corsa pomeridiana,Corsa,,2578,"8,69",170.0,71,false,,Ghost ,activities/6650356413.fit.gz,,,2578.0,2574.0,8693.80078125,7.337988376617432,3.37754487991333,140.0,154.0,919.0,983.2000122070312,40.00019454956055,-0.12652695178985596,,,80.0,75.6182861328125,,156.95486450195312,,,664.0,,10.0,71.0,,,,,,,,,,,,,0.0,,1.0,9120.400390625,,,,,,,,,,,,,,,,8620131.0,,,,,,,,,,0.0,3.3723042011260986,386.29998779296875,,,,,,,,,,,,""
6267428244,"16 nov 2021, 18:33:23",Corsa serale,Corsa,,2474,"7,18",174.0,45,false,,Ghost ,activities/6660897241.fit.gz,,,2474.0,2098.0,7184.93994140625,5.808007717132568,3.424661636352539,51.0,35.0,181.1999969482422,194.1999969482422,17.330963134765625,0.03897044435143471,,,83.0,73.4372329711914,,150.4930877685547,,,501.0,,13.0,45.0,,,,,,,,,,,,,0.0,,1.0,7299.5,,,,,,,,,,,,,,,,8620131.0,,,,,,,,,,0.0,2.904179573059082,6238.2001953125,,,,,,,,,,,,""
6267428690,"16 nov 2021, 20:00:29",Nuotata notturna,Nuotata,,2000,1.350,,,false,,,activities/6660897732.fit.gz,,,2000.0,1285.0,1350.0,1.2096774578094482,1.0505836009979248,0.0,,,,0.0,0.0,,,34.0,29.814697265625,,,,,328.0,,27.0,,,,,,,,,,,,,,0.0,,1.0,,,,,,,,,,,,,,,,,,,,,,,,,,,0.0,0.675000011920929,0.0,,,,,,,,,,,,""
6286699369,"21 nov 2021, 07:21:16",Corsa mattutina,Corsa,"",5384,"21,34",181.0,221,false,,Ghost ,activities/6681531613.fit.gz,,,5384.0,5384.0,21339.720703125,9.5283203125,3.9635438919067383,42.0,39.0,42.20000076293945,57.400001525878906,7.031220436096191,0.015932736918330193,,,81.0,77.89258575439453,,164.89443969726562,,,1374.0,,12.0,221.0,,,,,,,,,,,0.0,,0.0,,1.0,21403.099609375,,,,,,,,,,,,,,,,8620131.0,,,,,,,,,,0.0,3.9635438919067383,0.0,,,,,,,,,,,,""
6298479450,"23 nov 2021, 18:22:24",Corsa serale,Corsa,,2777,"7,44",166.0,50,false,,Ghost ,activities/6694188071.fit.gz,,,2777.0,2539.0,7444.8798828125,6.2171454429626465,2.9322094917297363,97.0,76.0,194.60000610351562,261.0,46.635108947753906,0.1396932452917099,,,98.0,70.94644927978516,,147.13156127929688,,,571.0,,10.0,50.0,,,,,,,,,,,,,0.0,,1.0,7811.5,,,,,,,,,,,,,,,,8620131.0,,,,,,,,,,0.0,2.6809074878692627,1966.800048828125,,,,,,,,,,,,""
6298479679,"23 nov 2021, 20:01:34",Nuotata notturna,Nuotata,,2219,1.650,,,false,,,activities/6694188346.fit.gz,,,2219.0,1604.0,1650.0,2.3255813121795654,1.028678297996521,0.0,,,,0.0,0.0,,,33.0,30.452836990356445,,,,,403.0,,27.0,,,,,,,,,,,,,,0.0,,1.0,,,,,,,,,,,,,,,,,,,,,,,,,,,0.0,0.7435781955718994,0.0,,,,,,,,,,,,""
6322852292,"29 nov 2021, 19:05:58",Corsa serale,Corsa,,2848,"10,36",176.0,100,false,,Ghost ,activities/6720406199.fit.gz,,,2848.0,2848.0,10367.8505859375,6.121996879577637,3.6403968334198,36.0,37.0,327.6000061035156,346.3999938964844,5.496638298034668,-0.02893560193479061,,,78.0,75.54669952392578,,161.71102905273438,,,776.0,,9.0,100.0,,,,,,,,,,,,,0.0,,1.0,10404.7001953125,,,,,,,,,,,,,,,,8620131.0,,,,,,,,,,0.0,3.6403968334198,1700.699951171875,,,,,,,,,,,,""
6327387359,"30 nov 2021, 18:21:13",Corsa serale,Corsa,,3011,"8,51",175.0,76,false,,Ghost ,activities/6725249797.fit.gz,,,3011.0,2446.0,8514.080078125,6.019970893859863,3.4808177947998047,83.0,45.0,177.8000030517578,197.8000030517578,13.17961311340332,0.09161298722028732,,,85.0,74.60694885253906,,158.9197540283203,,,627.0,,8.0,76.0,,,,,,,,,,,,,0.0,,1.0,8710.7998046875,,,,,,,,,,,,,,,,8620131.0,,,,,,,,,,0.0,2.8276586532592773,7583.2001953125,,,,,,,,,,,,""
6327387465,"30 nov 2021, 20:00:38",Nuotata notturna,Nuotata,,1748,975,,,false,,,activities/6725249943.fit.gz,,,1748.0,1073.0,975.0,2.5,0.908667266368866,0.0,,,,0.0,0.0,,,31.0,26.120512008666992,,,,,240.0,,27.0,,,,,,,,,,,,,,0.0,,1.0,,,,,,,,,,,,,,,,,,,,,,,,,,,0.0,0.5577803254127502,0.0,,,,,,,,,,,,""
6338992396,"03 dic 2021, 16:58:50",Corsa pomeridiana,Corsa,,3340,"10,18",178.0,101,false,,Ghost ,activities/6737679993.fit.gz,,,3340.0,3182.0,10186.640625,9.319921493530273,3.2013325691223145,188.0,171.0,634.4000244140625,773.0,27.426603317260742,0.08246118575334549,,,79.0,75.35932159423828,,159.51760864257812,,,822.0,,9.0,101.0,,,,,,,,,,,,,0.0,,1.0,10657.2001953125,,,,,,,,,,,,,,,,8620131.0,,,,,,,,,,0.0,3.0498921871185303,1192.4000244140625,,,,,,,,,,,,""
6367430729,"08 dic 2021, 10:23:31",Attività dell'ora di pranzo,Sci nordico,,15284,"9,57",180.0,88,false,,,activities/6768394996.fit.gz,,,15284.0,5880.0,9577.8896484375,11.777929306030273,1.6288927793502808,682.0,762.0,1250.199951171875,2017.5999755859375,49.95075225830078,-0.20881426334381104,,,121.0,68.56586456298828,,139.74493408203125,,,1101.0,,19.0,88.0,,,,,,,,,,,,,0.0,,1.0,,,,,,,,,,,,,,,,,,,,,,,,,,,0.0,0.6266611814498901,4759.60009765625,,,,,,,,,,,,""
6367431788,"10 dic 2021, 17:41:34",Attività serale,Sci nordico,,4464,"4,47",180.0,20,false,,,activities/6768396232.fit.gz,,,4464.0,2977.0,4473.580078125,10.195996284484863,1.5027141571044922,570.0,523.0,1035.199951171875,1202.0,49.45112609863281,-1.086377739906311,,,89.0,63.08695602416992,,120.60502624511719,,,419.0,,18.0,20.0,,,,,,,,,,,,,0.0,,1.0,,,,,,,,,,,,,,,,,,,,,,,,,,,0.0,1.0021461248397827,2231.10009765625,,,,,,,,,,,,""
6371899837,"11 dic 2021, 19:14:09",Corsa serale,Corsa,,2535,"7,96",187.0,130,false,,Ghost ,activities/6773229421.fit.gz,,,2535.0,2532.0,7966.64990234375,5.879980564117432,3.1463863849639893,267.0,22.0,1045.0,1293.0,24.32156753540039,3.1054461002349854,,,77.0,75.50237274169922,,171.73043823242188,,,736.0,,11.0,130.0,,,,,,,,,,,,,0.0,,1.0,8990.7998046875,,,,,,,,,,,,,,,,8620131.0,,,,,,,,,,0.0,3.142662763595581,35.400001525878906,,,,,,,,,,,,""
6379994268,"13 dic 2021, 18:50:44",Corsa serale,Corsa,,3284,"11,93",187.0,187,false,,Ghost ,activities/6782061019.fit.gz,,,3284.0,3280.0,11929.0,6.0859375,3.636890172958374,39.0,43.0,128.39999389648438,155.0,4.899186134338379,-0.028502047061920166,,,78.0,74.19828796386719,,174.6334991455078,,,953.0,,13.0,187.0,,,,,,,,,,,,,0.0,,1.0,11955.099609375,,,,,,,,,,,,,,,,8620131.0,,,,,,,,,,0.0,3.632460355758667,2051.39990234375,,,,,,,,,,,,""
6384501118,"14 dic 2021, 18:21:48",Corsa serale,Corsa,,2615,"6,34",179.0,59,false,,Ghost ,activities/6786893652.fit.gz,,,2615.0,1804.0,6342.34033203125,5.331705570220947,3.515709638595581,41.0,41.0,172.39999389648438,187.60000610351562,10.785911560058594,0.03468746319413185,,,80.0,74.03105926513672,,159.41265869140625,,,461.0,,17.0,59.0,,,,,,,,,,,,,0.0,,1.0,6413.60009765625,,,,,,,,,,,,,,,,8620131.0,,,,,,,,,,0.0,2.4253690242767334,5407.2998046875,,,,,,,,,,,,""
6384503527,"14 dic 2021, 19:59:50",Nuotata serale,Nuotata,,2557,1.375,,,false,,,activities/6786896271.fit.gz,,,2557.0,1579.0,1375.0,2.692307710647583,0.8708043098449707,0.0,,,,0.0,0.0,,,33.0,27.461923599243164,,,,,360.0,,26.0,,,,,,,,,,,,,,0.0,,1.0,,,,,,,,,,,,,,,,,,,,,,,,,,,0.0,0.5377395153045654,0.0,,,,,,,,,,,,""
6395617752,"17 dic 2021, 17:08:33",Nuotata serale,Nuotata,,2986,2.400,,,false,,,activities/6798851074.fit.gz,,,2986.0,2494.0,2400.0,2.083250045776367,0.9623095393180847,0.0,,,,0.0,0.0,,,32.0,29.051645278930664,,,,,588.0,,26.0,,,,,,,,,,,,,,0.0,,1.0,,,,,,,,,,,,,,,,,,,,,,,,,,,0.0,0.8037508130073547,0.0,,,,,,,,,,,,""
6408146917,"20 dic 2021, 18:27:43",Corsa serale,Corsa,,2070,"7,64",183.0,105,false,,Ghost ,activities/6812439088.fit.gz,,,2070.0,2056.0,7646.36962890625,5.876000881195068,3.7190513610839844,34.0,21.0,133.60000610351562,157.0,4.204187393188477,0.117702916264534,,,78.0,74.41362762451172,,170.30642700195312,,,573.0,,12.0,105.0,,,,,,,,,,,,,0.0,,1.0,7694.2001953125,,,,,,,,,,,,,,,,8620131.0,,,,,,,,,,0.0,3.6938984394073486,685.2999877929688,,,,,,,,,,,,""
6412445629,"21 dic 2021, 18:18:13",Corsa serale,Corsa,,3031,"7,00",179.0,62,false,,Ghost ,activities/6816982964.fit.gz,,,3031.0,2493.0,7005.33984375,6.415917873382568,2.8100039958953857,57.0,30.0,175.60000610351562,193.1999969482422,44.79766845703125,0.15987800061702728,,,87.0,72.81839752197266,,155.18743896484375,,,569.0,,13.0,62.0,,,,,,,,,,,,,0.0,,1.0,7213.5,,,,,,,,,,,,,,,,8620131.0,,,,,,,,,,0.0,2.3112306594848633,5163.39990234375,,,,,,,,,,,,""
6412445754,"21 dic 2021, 20:00:51",Nuotata notturna,Nuotata,,1732,1.225,,,false,,,activities/6816983128.fit.gz,,,1732.0,1212.0,1225.0,3.225806474685669,1.0107260942459106,0.0,,,,0.0,0.0,,,34.0,27.29904556274414,,,,,300.0,,27.0,,,,,,,,,,,,,,0.0,,1.0,,,,,,,,,,,,,,,,,,,,,,,,,,,0.0,0.707274854183197,0.0,,,,,,,,,,,,""
6424791490,"25 dic 2021, 07:08:29",Escursione mattutina,Escursione,,8057,"8,52",181.0,81,false,,Ghost ,activities/6830337151.fit.gz,,,8057.0,7852.0,8525.240234375,4.338327884674072,1.0857411623001099,700.0,708.0,1021.5999755859375,1535.199951171875,49.95000076293945,0.002346118213608861,,,123.0,50.83220291137695,,129.5626220703125,,,1100.0,,15.0,81.0,,,,,,,,,,,,,0.0,,1.0,,,,,,,,,,,,,,,,,8620131.0,,,,,,,,,,0.0,1.0581159591674805,6737.10009765625,,,,,,,,,,,,""
6478490512,"05 gen 2022, 19:32:16",Corsa serale,Corsa,,5211,"10,08",177.0,83,false,,Ghost ,activities/6888276435.fit.gz,,,5211.0,3144.0,10088.130859375,7.282031059265137,3.208692789077759,188.0,161.0,210.8000030517578,376.6000061035156,43.70465087890625,-0.03172041475772858,,,79.0,74.24903106689453,,154.6610107421875,,,712.0,,12.0,83.0,,,,,,,,,,,,,0.0,,1.0,10893.2001953125,,,,,,,,,,,,,,,,8620131.0,,,,,,,,,,0.0,1.9359298944473267,1852.0,,,,,,,,,,,,""
6491638503,"06 gen 2022, 17:55:42",Escursione serale,Escursione,,2643,"2,31",173.0,33,false,,Ghost ,activities/6902368319.fit.gz,,,2643.0,2643.0,2314.60009765625,2.325000762939453,0.8757472634315491,454.0,0.0,1200.800048828125,1654.800048828125,49.031314849853516,19.605976104736328,,,79.0,60.28062438964844,,136.28968811035156,,,454.0,,8.0,33.0,,,,,,,,,,,,,0.0,,1.0,,,,,,,,,,,,,,,,,8620131.0,,,,,,,,,,0.0,0.8757472634315491,1004.9000244140625,,,,,,,,,,,,""
6508707961,"11 gen 2022, 18:18:17",Corsa serale,Corsa,Dura 🙈,3234,"8,90",177.0,69,false,,Ghost ,activities/6920629393.fit.gz,,,3234.0,2625.0,8906.3095703125,5.431933403015137,3.3928797245025635,91.0,41.0,173.0,197.0,8.564279556274414,0.058385539799928665,,,79.0,72.75286865234375,,154.8096923828125,,,619.0,,9.0,69.0,,,,,,,,,,,0.0,,0.0,,1.0,9165.2001953125,,,,,,,,,,,,,,,,8620131.0,,,,,,,,,,0.0,2.7539608478546143,7903.7001953125,,,,,,,,,,,,""
6508708094,"11 gen 2022, 19:58:25",Nuotata serale,Nuotata,,2208,1.500,,,false,,,activities/6920629616.fit.gz,,,2208.0,1639.0,1500.0,2.6785714626312256,0.915192186832428,0.0,,,,0.0,0.0,,,31.0,25.911739349365234,,,,,377.0,,26.0,,,,,,,,,,,,,,0.0,,1.0,,,,,,,,,,,,,,,,,,,,,,,,,,,0.0,0.679347813129425,0.0,,,,,,,,,,,,""
6513320617,"12 gen 2022, 17:53:57",Corsa serale,Corsa,,2260,"7,92",176.0,79,false,,Ghost ,activities/6925549269.fit.gz,,,2260.0,2214.0,7925.2900390625,7.333333492279053,3.579625129699707,43.0,36.0,174.8000030517578,193.39999389648438,12.70940113067627,0.08832484483718872,,,77.0,73.79611206054688,,162.34161376953125,,,572.0,,12.0,79.0,,,,,,,,,,,,,0.0,,1.0,8002.10009765625,,,,,,,,,,,,,,,,8620131.0,,,,,,,,,,0.0,3.506765604019165,2938.699951171875,,,,,,,,,,,,""
6521553026,"14 gen 2022, 11:35:32","Per oggi Smart 💻
Fisicamente una 💩 ",Corsa,"",2926,"9,91",181.0,81,false,,Ghost ,activities/6934331101.fit.gz,,,2926.0,2867.0,9917.939453125,4.985015869140625,3.4593441486358643,183.0,188.0,991.4000244140625,1079.0,24.389638900756836,-0.050413694232702255,,,78.0,74.81383514404297,,155.91207885742188,,,689.0,,18.0,81.0,,,,,,,,,,,0.0,,0.0,,1.0,10315.599609375,,,,,,,,,,,,,,,,8620131.0,,,,,,,,,,0.0,3.389589786529541,48.400001525878906,,,,,,,,,,,,""
6524999371,"14 gen 2022, 19:23:39",Escursione serale,Escursione,,3038,"2,49",178.0,65,false,,Ghost ,activities/6938015325.fit.gz,,,3038.0,2725.0,2492.3701171875,3.7439942359924316,0.9146312475204468,433.0,0.0,1200.800048828125,1624.199951171875,49.58693313598633,16.987842559814453,,,79.0,61.36641311645508,,151.0400848388672,,,625.0,,11.0,65.0,,,,,,,,,,,,,0.0,,1.0,,,,,,,,,,,,,,,,,8620131.0,,,,,,,,,,0.0,0.8203983306884766,1070.5,,,,,,,,,,,,""
6539734042,"17 gen 2022, 19:07:14",Corsa serale,Corsa,,3271,"12,00",185.0,115,false,,Ghost ,activities/6953853665.fit.gz,,,3271.0,3271.0,12005.8603515625,6.8685126304626465,3.6703944206237793,41.0,37.0,133.60000610351562,156.1999969482422,6.133645057678223,0.07662922143936157,,,77.0,73.40679168701172,,162.37522888183594,,,830.0,,8.0,115.0,,,,,,,,,,,,,0.0,,1.0,12073.2998046875,,,,,,,,,,,,,,,,8620131.0,,,,,,,,,,0.0,3.6703944206237793,1076.0999755859375,,,,,,,,,,,,""
6545651763,"18 gen 2022, 18:19:40",Corsa serale,Corsa,,3068,"8,22",176.0,58,false,,Ghost ,activities/6960153891.fit.gz,,,3068.0,2353.0,8222.1796875,6.129980564117432,3.4943389892578125,79.0,35.0,177.60000610351562,194.60000610351562,10.491743087768555,0.055946122854948044,,,84.0,74.21459197998047,,153.65476989746094,,,555.0,,9.0,58.0,,,,,,,,,,,,,0.0,,1.0,8440.2998046875,,,,,,,,,,,,,,,,8620131.0,,,,,,,,,,0.0,2.6799802780151367,7246.2998046875,,,,,,,,,,,,""
6545651884,"18 gen 2022, 20:04:24",Nuotata notturna,Nuotata,,1778,1.100,,,false,,,activities/6960154069.fit.gz,,,1778.0,1232.0,1100.0,1.5825790166854858,0.8928571343421936,0.0,,,,0.0,0.0,,,38.0,28.526363372802734,,,,,267.0,,26.0,,,,,,,,,,,,,,0.0,,1.0,,,,,,,,,,,,,,,,,,,,,,,,,,,0.0,0.6186726689338684,0.0,,,,,,,,,,,,""
6554997768,"20 gen 2022, 18:10:34",Corsa serale,Corsa,,2117,"6,83",180.0,46,false,,Ghost ,activities/6970130148.fit.gz,,,2117.0,1865.0,6838.7998046875,5.4219970703125,3.666916847229004,45.0,25.0,302.3999938964844,322.20001220703125,12.307817459106445,0.2690529525279999,,,78.0,74.30000305175781,,153.10484313964844,,,448.0,,7.0,46.0,,,,,,,,,,,,,0.0,,1.0,6963.39990234375,,,,,,,,,,,,,,,,8620131.0,,,,,,,,,,0.0,3.2304203510284424,2325.199951171875,,,,,,,,,,,,""
6559774075,"21 gen 2022, 16:27:34",Nuotata pomeridiana,Nuotata,,3135,2.400,,,false,,,activities/6975236187.fit.gz,,,3135.0,2425.0,2400.0,1.3793103694915771,0.9896907210350037,0.0,,,,0.0,0.0,,,32.0,28.764202117919922,,,,,588.0,,25.0,,,,,,,,,,,,,,0.0,,1.0,,,,,,,,,,,,,,,,,,,,,,,,,,,0.0,0.7655502557754517,0.0,,,,,,,,,,,,""
6581406989,"24 gen 2022, 18:24:08",Corsa serale,Corsa,,2028,"7,30",178.0,57,false,,Ghost ,activities/6998431153.fit.gz,,,2028.0,2014.0,7301.60009765625,6.9140625,3.6254220008850098,37.0,15.0,133.60000610351562,164.0,11.618315696716309,0.3232167065143585,,,77.0,73.06769561767578,,156.28053283691406,,,507.0,,9.0,57.0,,,,,,,,,,,,,0.0,,1.0,7379.2998046875,,,,,,,,,,,,,,,,8620131.0,,,,,,,,,,0.0,3.6003944873809814,626.9000244140625,,,,,,,,,,,,""
6581407845,"25 gen 2022, 18:20:04",Corsa serale,Corsa,,2945,"8,25",181.0,66,false,,Ghost ,activities/6998432087.fit.gz,,,2945.0,2444.0,8254.6201171875,5.5150146484375,3.3775041103363037,62.0,33.0,176.0,192.1999969482422,12.663341522216797,0.03876613453030586,,,83.0,73.26079559326172,,154.87843322753906,,,587.0,,10.0,66.0,,,,,,,,,,,,,0.0,,1.0,8425.900390625,,,,,,,,,,,,,,,,8620131.0,,,,,,,,,,0.0,2.802927017211914,8197.2001953125,,,,,,,,,,,,""
6581407970,"25 gen 2022, 20:00:01",Nuotata notturna,Nuotata,,2069,1.300,,,false,,,activities/6998432269.fit.gz,,,2069.0,1304.0,1300.0,1.7857142686843872,0.9969325065612793,0.0,,,,0.0,0.0,,,35.0,29.11888885498047,,,,,316.0,,27.0,,,,,,,,,,,,,,0.0,,1.0,,,,,,,,,,,,,,,,,,,,,,,,,,,0.0,0.6283228397369385,0.0,,,,,,,,,,,,""
6591222242,"27 gen 2022, 18:09:06",Corsa serale,Corsa,,3602,"11,05",176.0,97,false,,Ghost ,activities/7008906324.fit.gz,,,3602.0,3291.0,11053.5703125,6.66796875,3.358726978302002,76.0,54.0,302.3999938964844,320.79998779296875,39.315635681152344,0.13208407163619995,,,82.0,76.60079956054688,,160.91346740722656,,,759.0,,6.0,97.0,,,,,,,,,,,,,0.0,,1.0,11288.7998046875,,,,,,,,,,,,,,,,8620131.0,,,,,,,,,,0.0,3.0687313079833984,2308.0,,,,,,,,,,,,""
6595812972,"28 gen 2022, 16:35:38",Nuotata pomeridiana,Nuotata,,4033,3.200,,,false,,,activities/7013816729.fit.gz,,,4033.0,3205.0,3200.0,2.0725388526916504,0.9984399080276489,0.0,,,,0.0,0.0,,,33.0,29.470674514770508,,,,,780.0,,25.0,,,,,,,,,,,,,,0.0,,1.0,,,,,,,,,,,,,,,,,,,,,,,,,,,0.0,0.7934539914131165,0.0,,,,,,,,,,,,""
6600408905,"29 gen 2022, 14:58:57",Corsa pomeridiana,Corsa,,3033,"10,17",179.0,116,false,,Ghost ,activities/7018735227.fit.gz,,,3033.0,3013.0,10170.560546875,5.075032711029053,3.3755593299865723,182.0,148.0,1059.5999755859375,1236.199951171875,13.890301704406738,0.2831707298755646,,,79.0,74.74642944335938,,163.80824279785156,,,801.0,,10.0,116.0,,,,,,,,,,,,,0.0,,1.0,10508.2998046875,,,,,,,,,,,,,,,,8620131.0,,,,,,,,,,0.0,3.3533005714416504,0.0,,,,,,,,,,,,""
6617126914,"01 feb 2022, 19:57:54",Nuotata serale,Nuotata,,2248,1.450,,,false,,,activities/7036639297.fit.gz,,,2248.0,1498.0,1450.0,2.3934133052825928,0.9679572582244873,0.0,,,,0.0,0.0,,,32.0,27.011980056762695,,,,,360.0,,26.0,,,,,,,,,,,,,,0.0,,1.0,,,,,,,,,,,,,,,,,,,,,,,,,,,0.0,0.6450178027153015,0.0,,,,,,,,,,,,""
6622046037,"02 feb 2022, 18:44:43",Corsa serale,Corsa,,3177,"11,90",178.0,117,false,,Ghost ,activities/7041876415.fit.gz,,,3177.0,3152.0,11906.2099609375,5.667993068695068,3.777350902557373,37.0,34.0,133.1999969482422,152.0,7.1385908126831055,0.003359540132805705,,,116.0,75.47535705566406,,163.20298767089844,,,834.0,,15.0,117.0,,,,,,,,,,,,,0.0,,1.0,11950.2998046875,,,,,,,,,,,,,,,,8620131.0,,,,,,,,,,0.0,3.747626781463623,931.5,,,,,,,,,,,,""
6631814768,"04 feb 2022, 17:26:49",Attività serale,Sci nordico,,3775,"3,57",143.0,7,false,,,activities/7052301901.fit.gz,,,3775.0,2408.0,3577.669921875,15.491991996765137,1.4857432842254639,608.0,350.0,924.5999755859375,1082.0,49.90748977661133,4.198263645172119,,,79.0,58.311405181884766,,110.09745788574219,,,276.0,,11.0,7.0,,,,,,,,,,,,,0.0,,1.0,,,,,,,,,,,,,,,,,,,,,,,,,,,0.0,0.9477271437644958,0.0,,,,,,,,,,,,""
6646890352,"07 feb 2022, 18:12:33",Corsa serale,Corsa,,4348,"15,05",183.0,120,false,,Ghost ,activities/7068514155.fit.gz,,,4348.0,4061.0,15057.1396484375,6.256054878234863,3.7077417373657227,53.0,35.0,133.1999969482422,157.60000610351562,8.492573738098145,0.04781782627105713,,,95.0,74.73136901855469,,157.6387939453125,,,1011.0,,13.0,120.0,,,,,,,,,,,,,0.0,,1.0,15155.7998046875,,,,,,,,,,,,,,,,8620131.0,,,,,,,,,,0.0,3.463003635406494,1185.0,,,,,,,,,,,,""
6652588082,"08 feb 2022, 18:20:14",Corsa serale,Corsa,,2935,"8,66",182.0,43,false,,Ghost ,activities/7074591087.fit.gz,,,2935.0,2418.0,8667.7998046875,5.935937404632568,3.58469820022583,81.0,42.0,177.1999969482422,198.39999389648438,11.865313529968262,0.0,,,82.0,73.84259033203125,,142.4555206298828,,,516.0,,8.0,43.0,,,,,,,,,,,,,0.0,,1.0,8847.5,,,,,,,,,,,,,,,,8620131.0,,,,,,,,,,0.0,2.953253746032715,8669.599609375,,,,,,,,,,,,""
6652588253,"08 feb 2022, 19:57:58",Nuotata serale,Nuotata,,2331,1.500,,,false,,,activities/7074591320.fit.gz,,,2331.0,1558.0,1500.0,9.090909004211426,0.962772786617279,0.0,,,,0.0,0.0,,,30.0,23.707263946533203,,,,,366.0,,27.0,,,,,,,,,,,,,,0.0,,1.0,,,,,,,,,,,,,,,,,,,,,,,,,,,0.0,0.6435006260871887,0.0,,,,,,,,,,,,""
6662614368,"10 feb 2022, 18:10:10",Corsa serale,Corsa,Ufficialmente rotto 🤷🏻‍♂️,1025,"3,23",169.0,22,false,,Ghost ,activities/7085317631.fit.gz,,,1025.0,980.0,3236.860107421875,4.411411762237549,3.3029184341430664,18.0,10.0,302.3999938964844,312.0,8.55298900604248,0.22243817150592804,,,75.0,70.5256118774414,,150.5653076171875,,,241.0,,16.0,22.0,,,,,,,,,,,0.0,,0.0,,1.0,3275.800048828125,,,,,,,,,,,,,,,,8620131.0,,,,,,,,,,0.0,3.157912254333496,0.0,,,,,,,,,,,,""
6689058582,"15 feb 2022, 18:20:41",Routine del martedì 😎,Corsa,"",2860,"8,00",168.0,41,false,,Ghost ,activities/7113814927.fit.gz,,,2860.0,2420.0,8007.75,5.571972846984863,3.308987617492676,64.0,39.0,175.60000610351562,191.1999969482422,11.804939270019531,0.07492741197347641,,,79.0,71.65159606933594,,143.0714569091797,,,510.0,,14.0,41.0,,,,,,,,,,,0.0,,0.0,,1.0,8190.39990234375,,,,,,,,,,,,,,,,8620131.0,,,,,,,,,,0.0,2.799912691116333,6553.60009765625,,,,,,,,,,,,media/6522D1CD-A9E8-4171-99DA-11DAEE35C6D4.jpg
6689058681,"15 feb 2022, 19:58:29",Nuotata serale,Nuotata,,2405,1.750,,,false,,,activities/7113815110.fit.gz,,,2405.0,1813.0,1750.0,1.923076868057251,0.9652509689331055,0.0,,,,0.0,0.0,,,35.0,27.041852951049805,,,,,442.0,,26.0,,,,,,,,,,,,,,0.0,,1.0,,,,,,,,,,,,,,,,,,,,,,,,,,,0.0,0.7276507019996643,0.0,,,,,,,,,,,,""
6706094713,"18 feb 2022, 16:23:03",Nuotata pomeridiana,Nuotata,,2067,1.400,,,false,,,activities/7132149861.fit.gz,,,2067.0,1435.0,1400.0,2.775310754776001,0.9756097793579102,0.0,,,,0.0,0.0,,,32.0,28.92498207092285,,,,,348.0,,25.0,,,,,,,,,,,,,,0.0,,1.0,,,,,,,,,,,,,,,,,,,,,,,,,,,0.0,0.6773101091384888,0.0,,,,,,,,,,,,""
6706095049,"19 feb 2022, 11:14:40",Nuotata dell'ora di pranzo,Nuotata,,3239,2.500,,,false,,,activities/7132150279.fit.gz,,,3239.0,2478.0,2500.0,6.818181991577148,1.0088781118392944,0.0,,,,0.0,0.0,,,33.0,29.66363525390625,,,,,612.0,,26.0,,,,,,,,,,,,,,0.0,,1.0,,,,,,,,,,,,,,,,,,,,,,,,,,,0.0,0.7718431353569031,0.0,,,,,,,,,,,,""
6724791918,"22 feb 2022, 18:20:06",Corsa serale,Corsa,,3257,"7,98",179.0,40,false,,Ghost ,activities/7152254607.fit.gz,,,3257.0,2262.0,7982.169921875,5.258008003234863,3.528810739517212,65.0,41.0,176.0,191.60000610351562,11.319401741027832,0.02756139077246189,,,80.0,73.6888427734375,,141.86587524414062,,,478.0,,12.0,40.0,,,,,,,,,,,,,0.0,,1.0,8122.10009765625,,,,,,,,,,,,,,,,8620131.0,,,,,,,,,,0.0,2.4507737159729004,7015.5,,,,,,,,,,,,""
6724792090,"22 feb 2022, 20:00:13",Nuotata notturna,Nuotata,,2296,1.450,,,false,,,activities/7152254782.fit.gz,,,2296.0,1553.0,1450.0,4.255319118499756,0.9336767792701721,0.0,,,,0.0,0.0,,,32.0,27.574251174926758,,,,,369.0,,26.0,,,,,,,,,,,,,,0.0,,1.0,,,,,,,,,,,,,,,,,,,,,,,,,,,0.0,0.6315330862998962,0.0,,,,,,,,,,,,""
6743335036,"24 feb 2022, 09:38:30",Attività mattutina,Allenamento generico,,0,0,,,false,,,activities/7172268887.fit.gz,,,0.0,0.0,0.0,0.0,0.0,0.0,,,,0.0,0.0,,,,,,,,,,,,,,,,,,,,,,,,,0.0,,1.0,,,,,,,,,,,,,,,,,,,,,,,,,,,0.0,0.0,0.0,,,,,,,,,,,,""
6758731717,"01 mar 2022, 18:27:06",Corsa serale,Corsa,,2833,"7,44",172.0,57,false,,Ghost ,activities/7188957066.fit.gz,,,2833.0,2536.0,7444.9599609375,5.449999809265137,2.9357097148895264,104.0,63.0,194.60000610351562,268.0,48.277408599853516,0.3277384042739868,,,124.0,70.60055541992188,,150.5259552001953,,,593.0,,10.0,57.0,,,,,,,,,,,,,0.0,,1.0,7809.39990234375,,,,,,,,,,,,,,,,8620131.0,,,,,,,,,,0.0,2.6279420852661133,2050.0,,,,,,,,,,,,""
6758731767,"01 mar 2022, 20:04:04",Nuotata notturna,Nuotata,,1526,750,,,false,,,activities/7188957151.fit.gz,,,1526.0,769.0,750.0,5.55555534362793,0.9752925634384155,0.0,,,,0.0,0.0,,,29.0,27.356351852416992,,,,,187.0,,26.0,,,,,,,,,,,,,,0.0,,1.0,,,,,,,,,,,,,,,,,,,,,,,,,,,0.0,0.4914810061454773,0.0,,,,,,,,,,,,""
6794238783,"08 mar 2022, 18:24:04",Corsa serale,Corsa,,2938,"8,99",178.0,79,false,,Ghost ,activities/7227233090.fit.gz,,,2938.0,2518.0,8990.16015625,6.6259765625,3.57035756111145,80.0,47.0,177.60000610351562,204.1999969482422,20.233238220214844,0.2291392982006073,,,83.0,73.88068389892578,,158.87887573242188,,,643.0,,8.0,79.0,,,,,,,,,,,,,0.0,,1.0,9169.5,,,,,,,,,,,,,,,,8620131.0,,,,,,,,,,0.0,3.0599594116210938,8915.099609375,,,,,,,,,,,,""
6794239003,"08 mar 2022, 20:01:55",Nuotata notturna,Nuotata,,2147,1.300,,,false,,,activities/7227233397.fit.gz,,,2147.0,1302.0,1300.0,3.1914894580841064,0.9984639286994934,0.0,,,,0.0,0.0,,,31.0,28.865461349487305,,,,,315.0,,25.0,,,,,,,,,,,,,,0.0,,1.0,,,,,,,,,,,,,,,,,,,,,,,,,,,0.0,0.6054960489273071,0.0,,,,,,,,,,,,""
6811338533,"12 mar 2022, 09:37:07",Nuotata mattutina,Nuotata,,3546,2.800,,,false,,,activities/7245676045.fit.gz,,,3546.0,2835.0,2800.0,3.472222328186035,0.9876543283462524,0.0,,,,0.0,0.0,,,33.0,28.82893943786621,,,,,688.0,,27.0,,,,,,,,,,,,,,0.0,,1.0,,,,,,,,,,,,,,,,,,,,,,,,,,,0.0,0.7896221280097961,0.0,,,,,,,,,,,,""
6829867719,"15 mar 2022, 18:30:45",Corsa serale,Corsa,,2508,"8,04",182.0,87,false,,Ghost ,activities/7265680831.fit.gz,,,2508.0,2109.0,8044.25,5.736035346984863,3.814248561859131,65.0,39.0,174.8000030517578,190.1999969482422,9.831856727600098,0.07458743453025818,,,81.0,75.3260269165039,,165.45355224609375,,,580.0,,10.0,87.0,,,,,,,,,,,,,0.0,,1.0,8206.599609375,,,,,,,,,,,,,,,,8620131.0,,,,,,,,,,0.0,3.2074363231658936,8008.2998046875,,,,,,,,,,,,""
6829867950,"15 mar 2022, 20:01:50",Nuotata notturna,Nuotata,,2075,1.300,,,false,,,activities/7265681141.fit.gz,,,2075.0,1313.0,1300.0,8.125,0.9900990128517151,0.0,,,,0.0,0.0,,,31.0,26.367124557495117,,,,,317.0,,26.0,,,,,,,,,,,,,,0.0,,1.0,,,,,,,,,,,,,,,,,,,,,,,,,,,0.0,0.6265060305595398,0.0,,,,,,,,,,,,""
6856094616,"20 mar 2022, 17:35:23",Corsa serale,Corsa,,2369,"8,28",170.0,59,false,,Ghost ,activities/7293984319.fit.gz,,,2369.0,2361.0,8288.8798828125,4.824023246765137,3.510749578475952,30.0,18.0,133.60000610351562,156.39999389648438,6.030874252319336,0.13753359019756317,,,75.0,72.76348114013672,,151.0643768310547,,,543.0,,13.0,59.0,,,,,,,,,,,,,0.0,,1.0,8341.7998046875,,,,,,,,,,,,,,,,8620131.0,,,,,,,,,,0.0,3.498893976211548,372.20001220703125,,,,,,,,,,,,""
6866744473,"22 mar 2022, 18:21:54",Corsa serale,Corsa,Pian piano si peggiora 😂,3405,"9,98",177.0,79,false,,Ghost ,activities/7305468340.fit.gz,,,3405.0,3009.0,9986.5703125,4.686686038970947,3.3189001083374023,82.0,52.0,177.1999969482422,198.39999389648438,10.591374397277832,0.03204300254583359,,,76.0,72.01776123046875,,154.23561096191406,,,732.0,,10.0,79.0,,,,,,,,,,,0.0,,0.0,,1.0,10178.7001953125,,,,,,,,,,,,,,,,8620131.0,,,,,,,,,,0.0,2.9329135417938232,9462.0,,,,,,,,,,,,""
6866744637,"22 mar 2022, 20:00:29",Nuotata notturna,Nuotata,,2002,1.300,,,false,,,activities/7305468552.fit.gz,,,2002.0,1367.0,1300.0,1.6129032373428345,0.9509875774383545,0.0,,,,0.0,0.0,,,33.0,26.880826950073242,,,,,328.0,,25.0,,,,,,,,,,,,,,0.0,,1.0,,,,,,,,,,,,,,,,,,,,,,,,,,,0.0,0.649350643157959,0.0,,,,,,,,,,,,""
6881501794,"25 mar 2022, 16:19:47",Nuotata pomeridiana,Nuotata,,3232,2.500,,,false,,,activities/7321383232.fit.gz,,,3232.0,2589.0,2500.0,1.923076868057251,0.9656237959861755,0.0,,,,0.0,0.0,,,33.0,28.369779586791992,,,,,618.0,,26.0,,,,,,,,,,,,,,0.0,,1.0,,,,,,,,,,,,,,,,,,,,,,,,,,,0.0,0.7735148668289185,0.0,,,,,,,,,,,,""
6892467940,"27 mar 2022, 14:30:27",Giro pomeridiano,Ciclismo,Male la prima 😂,6999,"44,65",,,false,,Scott Solace,activities/7333335285.fit.gz,,8.0,6999.0,6714.0,44654.55859375,16.098047256469727,6.650961875915527,927.0,936.0,334.0,1019.4000244140625,19.347591400146484,0.014332161284983158,,,,,,,,,2181.0,,14.0,,,,,,,,,,,,0.0,,0.0,,1.0,,,,,,,,,,,,,,,,9305237.0,,,,,,,,,,,0.0,6.380134105682373,0.0,,,,,,,,,,,,""
6903461659,"29 mar 2022, 17:22:21",Corsa serale,Corsa,,3810,"11,02",191.0,87,false,,Ghost ,activities/7345356074.fit.gz,,,3810.0,3310.0,11019.75,4.604101657867432,3.3292295932769775,87.0,63.0,177.8000030517578,195.1999969482422,34.85954284667969,0.03811335936188698,,,77.0,72.49222564697266,,152.80133056640625,,,770.0,,14.0,87.0,,,,,,,,,,,,,0.0,,1.0,11206.099609375,,,,,,,,,,,,,,,,8620131.0,,,,,,,,,,0.0,2.8923227787017822,10942.7998046875,,,,,,,,,,,,""
6903461742,"29 mar 2022, 19:00:31",Nuotata notturna,Nuotata,,2236,1.600,,,false,,,activities/7345356184.fit.gz,,,2236.0,1633.0,1600.0,1.8518518209457397,0.9797918200492859,0.0,,,,0.0,0.0,,,33.0,30.4876708984375,,,,,391.0,,25.0,,,,,,,,,,,,,,0.0,,1.0,,,,,,,,,,,,,,,,,,,,,,,,,,,0.0,0.7155635356903076,0.0,,,,,,,,,,,,""
6908195507,"30 mar 2022, 17:46:18",Corsa serale,Corsa,,3168,"10,98",178.0,107,false,,Ghost ,activities/7350503856.fit.gz,,,3168.0,3168.0,10987.33984375,5.878255367279053,3.4682259559631348,30.0,28.0,180.39999389648438,197.39999389648438,8.42103099822998,0.025483902543783188,,,76.0,73.01011657714844,,160.8490753173828,,,825.0,,14.0,107.0,,,,,,,,,,,,,0.0,,1.0,11027.5,,,,,,,,,,,,,,,,8620131.0,,,,,,,,,,0.0,3.4682259559631348,751.9000244140625,,,,,,,,,,,,""
6916246396,"01 apr 2022, 15:22:42",Nuotata pomeridiana,Nuotata,,2704,2.000,,,false,,,activities/7359225115.fit.gz,,,2704.0,2014.0,2000.0,1.7985610961914062,0.9930486679077148,0.0,,,,0.0,0.0,,,33.0,29.24391746520996,,,,,491.0,,26.0,,,,,,,,,,,,,,0.0,,1.0,,,,,,,,,,,,,,,,,,,,,,,,,,,0.0,0.7396449446678162,0.0,,,,,,,,,,,,""
6924461426,"03 apr 2022, 08:49:39",Nuotata mattutina,Nuotata,,3547,2.750,,,false,,,activities/7368184729.fit.gz,,,3547.0,2817.0,2750.0,3.846153736114502,0.9762158393859863,0.0,,,,0.0,0.0,,,35.0,28.83939552307129,,,,,673.0,,26.0,,,,,,,,,,,,,,0.0,,1.0,,,,,,,,,,,,,,,,,,,,,,,,,,,0.0,0.775303065776825,0.0,,,,,,,,,,,,""
6927378767,"03 apr 2022, 14:21:48",Attività pomeridiana,Sci nordico,,6334,"4,92",178.0,68,false,,,activities/7371339653.fit.gz,,,6334.0,3803.0,4924.52001953125,12.175976753234863,1.2949039936065674,430.0,193.0,1336.4000244140625,1786.199951171875,49.11624526977539,-0.056856848299503326,,,94.0,72.44011688232422,,143.612060546875,,,768.0,,21.0,68.0,,,,,,,,,,,,,0.0,,1.0,,,,,,,,,,,,,,,,,,,,,,,,,,,0.0,0.7774739265441895,4925.10009765625,,,,,,,,,,,,""
6936947707,"05 apr 2022, 17:20:25",Corsa serale,Corsa,,3202,"6,72",166.0,23,false,,Ghost ,activities/7381668162.fit.gz,,,3202.0,2048.0,6722.240234375,5.368017673492432,3.282343864440918,47.0,27.0,193.8000030517578,209.1999969482422,18.23158836364746,0.12793339788913727,,,108.0,70.55895233154297,,139.8627471923828,,,393.0,,16.0,23.0,,,,,,,,,,,,,0.0,,1.0,6875.60009765625,,,,,,,,,,,,,,,,8620131.0,,,,,,,,,,0.0,2.0993878841400146,2632.60009765625,,,,,,,,,,,,""
6936947800,"05 apr 2022, 19:02:17",Nuotata notturna,Nuotata,,2248,1.425,,,false,,,activities/7381668359.fit.gz,,,2248.0,1449.0,1425.0,2.777777671813965,0.9834368824958801,0.0,,,,0.0,0.0,,,32.0,28.123449325561523,,,,,363.0,,25.0,,,,,,,,,,,,,,0.0,,1.0,,,,,,,,,,,,,,,,,,,,,,,,,,,0.0,0.6338967680931091,0.0,,,,,,,,,,,,""
6941749837,"06 apr 2022, 17:31:32",Corsa serale,Corsa,,2996,"9,28",176.0,73,false,,Ghost ,activities/7386853946.fit.gz,,,2996.0,2628.0,9280.830078125,4.865918159484863,3.5315182209014893,33.0,17.0,133.39999389648438,155.8000030517578,8.657856941223145,0.06680434197187424,,,101.0,73.41400909423828,,155.51663208007812,,,636.0,,15.0,73.0,,,,,,,,,,,,,0.0,,1.0,9349.099609375,,,,,,,,,,,,,,,,8620131.0,,,,,,,,,,0.0,3.0977401733398438,884.9000244140625,,,,,,,,,,,,""
6966477156,"11 apr 2022, 17:42:11",Corsa serale,Corsa,,2512,"7,11",172.0,55,false,,Ghost ,activities/7413632048.fit.gz,,,2512.0,1919.0,7109.0498046875,5.103759765625,3.704559564590454,32.0,29.0,135.1999969482422,161.8000030517578,7.930300235748291,0.02250639535486698,,,76.0,73.50685119628906,,156.8154754638672,,,487.0,,15.0,55.0,,,,,,,,,,,,,0.0,,1.0,7169.60009765625,,,,,,,,,,,,,,,,8620131.0,,,,,,,,,,0.0,2.83003568649292,3454.800048828125,,,,,,,,,,,,""
6966630985,"09 apr 2022, 08:17:21",Morning Activity,Allenamento generico,,15192,"37,70",,,false,,,activities/6966630985.fit,,,15192.0,8525.0,37702.98828125,16.543750762939453,4.422637939453125,4652.994140625,4798.0,1813.0,2759.5,49.851470947265625,-0.5291357636451721,,,,,,,,,,,,,,,,,,,,,,,,,0.0,,1.0,,,,,,,,,,,,,,,,,,,,,,,,,,,0.0,2.4817659854888916,19356.099609375,,,,,,,,,,,,""
6971984019,"12 apr 2022, 17:22:23",Corsa serale,Corsa,"",3223,"9,24",175.0,89,false,,Ghost ,activities/7419587792.fit.gz,,,3223.0,3007.0,9242.2998046875,3.9228515625,3.073594808578491,38.0,30.0,182.39999389648438,213.0,5.6603827476501465,0.056263018399477005,,,116.0,71.14414978027344,,157.6541748046875,,,755.0,,16.0,89.0,,,,,,,,,,,0.0,,0.0,,1.0,9293.0,,,,,,,,,,,,,,,,8620131.0,,,,,,,,,,0.0,2.867607831954956,2021.5999755859375,,,,,,,,,,,,media/FB9CBD4A-28FB-426E-85BE-0C7E1698529B.jpg
6971984057,"12 apr 2022, 19:03:32",Nuotata notturna,Nuotata,,1809,1.225,,,false,,,activities/7419587909.fit.gz,,,1809.0,1263.0,1225.0,4.49700927734375,0.9699128866195679,0.0,,,,0.0,0.0,,,33.0,25.398283004760742,,,,,304.0,,25.0,,,,,,,,,,,,,,0.0,,1.0,,,,,,,,,,,,,,,,,,,,,,,,,,,0.0,0.677169680595398,0.0,,,,,,,,,,,,""
6984884710,"15 apr 2022, 09:16:57",Nuotata dell'ora di pranzo,Nuotata,,5679,4.000,,,false,,,activities/7433546899.fit.gz,,,5679.0,4108.0,4000.0,3.9240307807922363,0.9737098217010498,0.0,,,,0.0,0.0,,,34.0,30.545827865600586,,,,,975.0,,26.0,,,,,,,,,,,,,,0.0,,1.0,,,,,,,,,,,,,,,,,,,,,,,,,,,0.0,0.7043493390083313,0.0,,,,,,,,,,,,""
6990667720,"16 apr 2022, 06:04:19",Giro mattutino,Ciclismo,Prima uscita da turista ❤️,22392,"143,47",,,false,,Scott Solace,activities/7439821586.fit.gz,,8.0,22392.0,18880.0,143473.21875,18.650476455688477,7.599216938018799,811.0,807.0,67.80000305175781,241.60000610351562,21.41363525390625,0.005854752380400896,,,,,,,,,5523.0,,21.0,,,,,,,,,,,,0.0,,0.0,,1.0,,,,,,,,,,,,,,,,9305237.0,,,,,,,,,,,0.0,6.407342433929443,1778.199951171875,,,,,,,,,,,,""
7000716137,"18 apr 2022, 05:54:56",Giro mattutino,Ciclismo,,16283,"98,46",,,false,,Scott Solace,activities/7450803721.fit.gz,,8.0,16283.0,14397.0,98463.5,15.850000381469727,6.839168071746826,1672.0,1627.0,249.39999389648438,1030.800048828125,29.313772201538086,0.012796657159924507,,,,,,,,,4599.0,,9.0,,,,,,,,,,,,,,0.0,,1.0,,,,,,,,,,,,,,,,9305237.0,,,,,,,,,,,0.0,6.0470123291015625,13.300000190734863,,,,,,,,,,,,""
7009005061,"19 apr 2022, 17:22:13",Corsa serale,Corsa,,3190,"7,70",175.0,34,false,,Ghost ,activities/7459811961.fit.gz,,,3190.0,2266.0,7702.17041015625,4.8779296875,3.3990159034729004,55.0,34.0,194.60000610351562,214.8000030517578,18.196916580200195,0.14541351795196533,,,78.0,72.64557647705078,,139.77890014648438,,,464.0,,16.0,34.0,,,,,,,,,,,,,0.0,,1.0,7848.2998046875,,,,,,,,,,,,,,,,8620131.0,,,,,,,,,,0.0,2.414473533630371,3933.300048828125,,,,,,,,,,,,""
7009005234,"19 apr 2022, 19:03:13",Nuotata notturna,Nuotata,,2105,1.550,,,false,,,activities/7459812171.fit.gz,,,2105.0,1637.0,1550.0,4.807692527770996,0.9468539953231812,0.0,,,,0.0,0.0,,,28.0,26.886878967285156,,,,,387.0,,25.0,,,,,,,,,,,,,,0.0,,1.0,,,,,,,,,,,,,,,,,,,,,,,,,,,0.0,0.7363420724868774,0.0,,,,,,,,,,,,""
7023832086,"22 apr 2022, 15:43:05",Giro pomeridiano,Ciclismo,,6603,"39,66",,,false,,Scott Solace,activities/7475828934.fit.gz,,8.0,6603.0,6402.0,39659.6796875,16.14168357849121,6.194889068603516,1039.0,1055.0,429.6000061035156,1208.0,46.92784118652344,-0.00655571511015296,,,,,,,,,2134.0,,8.0,,,,,,,,,,,,,,0.0,,1.0,,,,,,,,,,,,,,,,9305237.0,,,,,,,,,,,0.0,6.006312370300293,0.0,,,,,,,,,,,,""
7028951897,"23 apr 2022, 14:25:25",Nuotata pomeridiana,Nuotata,,2683,2.175,,,false,,,activities/7481380425.fit.gz,,,2683.0,2136.0,2175.0,1.5557422637939453,1.0182584524154663,0.0,,,,0.0,0.0,,,33.0,30.56685447692871,,,,,527.0,,27.0,,,,,,,,,,,,,,0.0,,1.0,,,,,,,,,,,,,,,,,,,,,,,,,,,0.0,0.8106597065925598,0.0,,,,,,,,,,,,""
7034794178,"24 apr 2022, 13:39:57",Escursione pomeridiana,Escursione,,10138,"11,38",162.0,68,false,,Ghost ,activities/7487775269.fit.gz,,,10138.0,9606.0,11386.8095703125,3.185986280441284,1.1853851079940796,857.0,853.0,1134.800048828125,1632.4000244140625,49.8686408996582,0.06850074231624603,,,113.0,51.726688385009766,,124.57789611816406,,,1270.0,,11.0,68.0,,,,,,,,,,,,,0.0,,1.0,,,,,,,,,,,,,,,,,8620131.0,,,,,,,,,,0.0,1.1231811046600342,8957.900390625,,,,,,,,,,,,""
7037183980,"25 apr 2022, 06:20:45",Giro mattutino,Ciclismo,,2501,"18,11",,,false,,Scott Solace,activities/7490414384.fit.gz,,8.0,2501.0,1933.0,18117.619140625,16.413867950439453,9.372798919677734,64.0,773.0,294.3999938964844,1032.199951171875,15.4412202835083,-3.85701847076416,,,,,,,,,619.0,,8.0,,,,,,,,,,,,,,0.0,,1.0,,,,,,,,,,,,,,,,9305237.0,,,,,,,,,,,0.0,7.244150161743164,297.5,,,,,,,,,,,,""
7037780456,"25 apr 2022, 07:07:59",Giro mattutino,Ciclismo,,12067,"74,22",,,false,,Scott Solace,activities/7491067664.fit.gz,,8.0,12067.0,10756.0,74222.5625,18.454687118530273,6.900572776794434,1112.0,1202.0,201.1999969482422,1085.800048828125,30.434099197387695,-0.13580776751041412,,,,,,,,,3607.0,,15.0,,,,,,,,,,,,,,0.0,,1.0,,,,,,,,,,,,,,,,9305237.0,,,,,,,,,,,0.0,6.150871276855469,0.0,,,,,,,,,,,,""
7045892717,"26 apr 2022, 17:21:22",Corsa serale,Corsa,,3104,"7,13",177.0,36,false,,Ghost ,activities/7499803512.fit.gz,,,3104.0,2055.0,7130.77978515625,5.285937309265137,3.469965934753418,43.0,39.0,188.0,207.1999969482422,10.335894584655762,-0.030852336436510086,,,78.0,73.48993682861328,,145.51385498046875,,,449.0,,16.0,36.0,,,,,,,,,,,,,0.0,,1.0,7213.10009765625,,,,,,,,,,,,,,,,8620131.0,,,,,,,,,,0.0,2.2972872257232666,3758.300048828125,,,,,,,,,,,,""
7045892969,"26 apr 2022, 19:03:50",Nuotata notturna,Nuotata,,1988,1.525,,,false,,,activities/7499803966.fit.gz,,,1988.0,1463.0,1525.0,4.848545551300049,1.0423786640167236,0.0,,,,0.0,0.0,,,33.0,29.150081634521484,,,,,381.0,,25.0,,,,,,,,,,,,,,0.0,,1.0,,,,,,,,,,,,,,,,,,,,,,,,,,,0.0,0.7671025991439819,0.0,,,,,,,,,,,,""
7063456428,"30 apr 2022, 07:04:36",Nuotata mattutina,Nuotata,,877,823,,,false,,,activities/7518804606.fit.gz,,,877.0,877.0,823.0900268554688,1.2407407760620117,0.9385291337966919,0.0,0.0,179.39999389648438,179.39999389648438,0.0,0.0,,,36.0,35.3317756652832,,,,,241.0,,12.0,,,,,,,,,,,,,,0.0,,1.0,,,,,,,,,,,,,,,,,,,,,,,,,,,0.0,0.9385291337966919,0.0,,,,,,,,,,,,""
7063458247,"30 apr 2022, 07:34:10",Giro mattutino,Ciclismo,,4323,"30,39",155.0,20,false,,Scott Solace,activities/7518806465.fit.gz,,8.0,4323.0,3968.0,30393.83984375,15.4921875,7.659738063812256,491.0,452.0,185.1999969482422,610.4000244140625,24.157678604125977,0.11318085342645645,,,,,,123.93838500976562,,,536.0,,17.0,20.0,,,,,,,,,,,,,0.0,,1.0,,,,,,,,,,,,,,,,9305237.0,,,,,,,,,,,0.0,7.030728816986084,78.0999984741211,,,,,,,,,,,,""
7063458841,"30 apr 2022, 08:51:31",Corsa mattutina,Corsa,,1706,"6,32",154.0,26,false,,Ghost ,activities/7518807213.fit.gz,,,1706.0,1706.0,6320.41015625,5.495995998382568,3.704812526702881,37.0,29.0,185.1999969482422,200.39999389648438,9.767984390258789,0.06012272834777832,,,79.0,76.39646911621094,,144.12705993652344,,,367.0,,18.0,26.0,,,,,,,,,,,,,0.0,,1.0,6391.5,,,,,,,,,,,,,,,,8620131.0,,,,,,,,,,0.0,3.704812526702881,462.3999938964844,,,,,,,,,,,,""
7068922810,"01 mag 2022, 07:26:16",Giro mattutino,Ciclismo,,8064,"57,56",,,false,,Scott Solace,activities/7524759796.fit.gz,,8.0,8064.0,7524.0,57567.56640625,15.603955268859863,7.6511921882629395,882.0,895.0,273.20001220703125,1029.4000244140625,20.3405818939209,-0.002431861124932766,,,,,,,,,2691.0,,13.0,,,,,,,,,,,,,,0.0,,1.0,,,,,,,,,,,,,,,,9305237.0,,,,,,,,,,,0.0,7.138835430145264,0.0,,,,,,,,,,,,""
7083355155,"03 mag 2022, 17:23:55",Corsa serale,Corsa,,3126,"6,88",175.0,43,false,,Ghost ,activities/7540466520.fit.gz,,,3126.0,2056.0,6887.4599609375,5.455956935882568,3.3499319553375244,50.0,36.0,175.60000610351562,187.39999389648438,13.194071769714355,0.07259570062160492,,,82.0,73.01173400878906,,149.33462524414062,,,466.0,,21.0,43.0,,,,,,,,,,,,,0.0,,1.0,6978.10009765625,,,,,,,,,,,,,,,,8620131.0,,,,,,,,,,0.0,2.203282117843628,5000.7998046875,,,,,,,,,,,,""
7083355415,"03 mag 2022, 19:01:16",Nuotata notturna,Nuotata,,2165,1.325,,,false,,,activities/7540466821.fit.gz,,,2165.0,1280.0,1325.0,2.6578779220581055,1.03515625,0.0,,,,0.0,0.0,,,33.0,27.81858253479004,,,,,332.0,,25.0,,,,,,,,,,,,,,0.0,,1.0,,,,,,,,,,,,,,,,,,,,,,,,,,,0.0,0.6120092272758484,0.0,,,,,,,,,,,,""
7088458483,"04 mag 2022, 18:11:03",Corsa serale,Corsa,,2099,"8,06",168.0,38,false,,Ghost ,activities/7545974135.fit.gz,,,2099.0,2092.0,8061.14990234375,5.259961128234863,3.8533220291137695,21.0,21.0,132.39999389648438,145.8000030517578,15.49056625366211,-0.009924179874360561,,,104.0,74.3183364868164,,146.6595001220703,,,466.0,,19.0,38.0,,,,,,,,,,,,,0.0,,1.0,8097.89990234375,,,,,,,,,,,,,,,,8620131.0,,,,,,,,,,0.0,3.8404715061187744,345.0,,,,,,,,,,,,""
7103967263,"07 mag 2022, 15:51:15",Nuotata pomeridiana,Nuotata,,3551,2.800,,,false,,,activities/7562843630.fit.gz,,,3551.0,2934.0,2800.0,5.102040767669678,0.9543285369873047,0.0,,,,0.0,0.0,,,33.0,29.395631790161133,,,,,684.0,,27.0,,,,,,,,,,,,,,0.0,,1.0,,,,,,,,,,,,,,,,,,,,,,,,,,,0.0,0.788510262966156,0.0,,,,,,,,,,,,""
7107195521,"08 mag 2022, 08:54:20",Giro mattutino,Ciclismo,🌧🌧🌧,6215,"35,77",,,false,,Scott Solace,activities/7566401845.fit.gz,,8.0,6215.0,5668.0,35770.0390625,14.743945121765137,6.310874938964844,812.0,837.0,324.79998779296875,1063.199951171875,32.98734664916992,-0.008386907167732716,,,,,,,,,1820.0,,11.0,,,,,,,,,,,,0.0,,0.0,,1.0,,,,,,,,,,,,,,,,9305237.0,,,,,,,,,,,0.0,5.755436897277832,0.0,,,,,,,,,,,,media/BBC9119B-5365-4820-8088-6D0FD48A73AD.jpg
7115066469,"09 mag 2022, 17:37:35",Corsa serale,Corsa,,3123,"11,25",186.0,78,false,,Ghost ,activities/7575003962.fit.gz,,,3123.0,2950.0,11257.3203125,5.175976753234863,3.8160407543182373,31.0,26.0,129.60000610351562,146.60000610351562,8.67368221282959,0.008883108384907246,,,79.0,74.36906433105469,,155.15966796875,,,722.0,,21.0,78.0,,,,,,,,,,,,,0.0,,1.0,11300.2001953125,,,,,,,,,,,,,,,,8620131.0,,,,,,,,,,0.0,3.604649543762207,736.5,,,,,,,,,,,,""
7121284020,"10 mag 2022, 17:20:20",Corsa serale,Corsa,Piano piano si ritorna 😎,3040,"6,97",176.0,24,false,,Ghost ,activities/7581712616.fit.gz,,,3040.0,1944.0,6972.68017578125,5.351644039154053,3.5867695808410645,48.0,39.0,171.8000030517578,187.1999969482422,20.846853256225586,-0.0745767280459404,,,82.0,73.78375244140625,,138.9562530517578,,,393.0,,22.0,24.0,,,,,,,,,,,0.0,,0.0,,1.0,7080.0,,,,,,,,,,,,,,,,8620131.0,,,,,,,,,,0.0,2.293644905090332,6039.39990234375,,,,,,,,,,,,media/F0D4F938-0010-4AF8-8099-F2F5480A76D1.jpg
7121284151,"10 mag 2022, 18:58:45",Nuotata serale,Nuotata,,2221,1.450,,,false,,,activities/7581712798.fit.gz,,,2221.0,1457.0,1450.0,7.5,0.9951956272125244,0.0,,,,0.0,0.0,,,32.0,27.41918182373047,,,,,354.0,,26.0,,,,,,,,,,,,,,0.0,,1.0,,,,,,,,,,,,,,,,,,,,,,,,,,,0.0,0.652859091758728,0.0,,,,,,,,,,,,""
7136411951,"13 mag 2022, 16:07:58",Corsa serale,Corsa,,2819,"9,99",176.0,92,false,,Ghost ,activities/7598130301.fit.gz,,,2819.0,2819.0,9989.669921875,5.563333988189697,3.5436928272247314,174.0,170.0,1000.4000244140625,1082.800048828125,14.654929161071777,0.08208491653203964,,,77.0,74.48137664794922,,160.32102966308594,,,729.0,,21.0,92.0,,,,,,,,,,,,,0.0,,1.0,10371.7001953125,,,,,,,,,,,,,,,,8620131.0,,,,,,,,,,0.0,3.5436928272247314,45.400001525878906,,,,,,,,,,,,""
7147497317,"15 mag 2022, 06:15:44",Ma pensa te ,Escursione,"",20278,"18,48",174.0,155,false,,Ghost ,activities/7610231207.fit.gz,,,20278.0,17915.0,18486.44921875,3.3098957538604736,1.031897783279419,1535.0,1524.0,1075.5999755859375,1974.5999755859375,49.93058395385742,0.06166626140475273,,,121.0,50.70539474487305,,127.44541931152344,,,2488.0,,22.0,155.0,,,,,,,,,,,0.0,,0.0,,1.0,,,,,,,,,,,,,,,,,8620131.0,,,,,,,,,,0.0,0.911650538444519,17694.0,,,,,,,,,,,,media/678A93C4-F01D-46BC-95F4-98192F87A26C.jpg|media/891C3FF4-7156-4D22-BCD8-3A3BCE9B8073.jpg
7159649470,"17 mag 2022, 17:22:21",Corsa serale,Corsa,,3194,"7,55",175.0,38,false,,Ghost ,activities/7623471209.fit.gz,,,3194.0,2142.0,7555.94970703125,5.951381206512451,3.5275208950042725,53.0,42.0,171.0,186.39999389648438,15.228142738342285,-0.0026468802243471146,,,119.0,74.1386947631836,,146.37933349609375,,,458.0,,25.0,38.0,,,,,,,,,,,,,0.0,,1.0,7671.5,,,,,,,,,,,,,,,,8620131.0,,,,,,,,,,0.0,2.3656699657440186,5699.2001953125,,,,,,,,,,,,""
7159649735,"17 mag 2022, 18:59:15",Nuotata serale,Nuotata,,2377,1.450,,,false,,,activities/7623471405.fit.gz,,,2377.0,1457.0,1450.0,4.838709831237793,0.9951956272125244,0.0,,,,0.0,0.0,,,32.0,28.609233856201172,,,,,358.0,,26.0,,,,,,,,,,,,,,0.0,,1.0,,,,,,,,,,,,,,,,,,,,,,,,,,,0.0,0.6100126504898071,0.0,,,,,,,,,,,,""
7174848349,"20 mag 2022, 15:38:50",Nuotata pomeridiana,Nuotata,,3115,2.575,,,false,,,activities/7639962842.fit.gz,,,3115.0,2591.0,2575.0,2.052238702774048,0.9938247799873352,0.0,,,,0.0,0.0,,,33.0,29.079687118530273,,,,,638.0,,26.0,,,,,,,,,,,,,,0.0,,1.0,,,,,,,,,,,,,,,,,,,,,,,,,,,0.0,0.8266452550888062,0.0,,,,,,,,,,,,""
7177246481,"21 mag 2022, 07:05:06",Giro mattutino,Ciclismo,,5748,"38,16",,,false,,Scott Solace,activities/7642576590.fit.gz,,8.0,5748.0,5587.0,38168.05078125,15.195996284484863,6.831582069396973,840.0,837.0,352.0,1031.0,13.146183013916016,0.017292045056819916,,,,,,,,,1876.0,,18.0,,,,,,,,,,,,,,0.0,,1.0,,,,,,,,,,,,,,,,9305237.0,,,,,,,,,,,0.0,6.640231609344482,0.0,,,,,,,,,,,,""
7177572929,"21 mag 2022, 08:54:12",Corsa mattutina,Corsa,,2154,"7,08",185.0,97,false,,Ghost ,activities/7642927017.fit.gz,,,2154.0,1965.0,7079.990234375,6.863989353179932,3.60304856300354,125.0,126.0,998.5999755859375,1058.800048828125,23.700843811035156,0.0847458764910698,,,78.0,75.41465759277344,,170.3951873779297,,,556.0,,24.0,97.0,,,,,,,,,,,,,0.0,,1.0,7364.5,,,,,,,,,,,,,,,,8620131.0,,,,,,,,,,0.0,3.2869036197662354,0.0,,,,,,,,,,,,""
7183571543,"22 mag 2022, 05:10:51",Giro mattutino,Ciclismo,,18892,"99,94",,,false,,Scott Solace,activities/7649482463.fit.gz,,8.0,18892.0,15896.0,99945.890625,16.289844512939453,6.287487030029297,2062.0,2016.0,340.6000061035156,1262.199951171875,16.1082706451416,0.0044024065136909485,,,,,,,,,4830.0,,21.0,,,,,,,,,,,,,,0.0,,1.0,,,,,,,,,,,,,,,,9305237.0,,,,,,,,,,,0.0,5.29038143157959,0.0,,,,,,,,,,,,""
7191136916,"23 mag 2022, 17:17:07",Corsa serale,Corsa,,2441,"8,01",173.0,57,false,,Ghost ,activities/7657775793.fit.gz,,,2441.0,2190.0,8010.68017578125,5.315022945404053,3.6578447818756104,24.0,20.0,126.5999984741211,141.39999389648438,6.025921821594238,0.057423319667577744,,,77.0,73.93174743652344,,155.0584259033203,,,540.0,,24.0,57.0,,,,,,,,,,,,,0.0,,1.0,8049.39990234375,,,,,,,,,,,,,,,,8620131.0,,,,,,,,,,0.0,3.2817206382751465,369.6000061035156,,,,,,,,,,,,""
7197049624,"24 mag 2022, 17:19:57",Corsa serale,Corsa,,3421,"7,86",162.0,25,false,,Ghost ,activities/7664153765.fit.gz,,,3421.0,2239.0,7863.48974609375,4.967968940734863,3.512054443359375,55.0,40.0,173.8000030517578,187.8000030517578,24.835819244384766,0.04069435968995094,,,79.0,74.17086029052734,,140.33660888671875,,,431.0,,22.0,25.0,,,,,,,,,,,,,0.0,,1.0,7991.7001953125,,,,,,,,,,,,,,,,8620131.0,,,,,,,,,,0.0,2.2985939979553223,5976.5,,,,,,,,,,,,""
7197049788,"24 mag 2022, 19:03:32",Nuotata notturna,Nuotata,,2394,1.450,,,false,,,activities/7664153934.fit.gz,,,2394.0,1502.0,1450.0,5.0,0.9653794765472412,0.0,,,,0.0,0.0,,,32.0,28.658645629882812,,,,,362.0,,26.0,,,,,,,,,,,,,,0.0,,1.0,,,,,,,,,,,,,,,,,,,,,,,,,,,0.0,0.6056808829307556,0.0,,,,,,,,,,,,""
7222381771,"29 mag 2022, 14:23:35",Corsa pomeridiana,Corsa,,2588,"8,70",168.0,47,false,,Ghost ,activities/7691801222.fit.gz,,,2588.0,2588.0,8701.83984375,6.254000663757324,3.362380266189575,141.0,130.0,917.2000122070312,986.2000122070312,23.4034366607666,0.1631840169429779,,,79.0,73.66498565673828,,144.7734832763672,,,556.0,,17.0,47.0,,,,,,,,,,,,,0.0,,1.0,9112.400390625,,,,,,,,,,,,,,,,8620131.0,,,,,,,,,,0.0,3.362380266189575,392.8999938964844,,,,,,,,,,,,""
7228124883,"30 mag 2022, 17:33:38",Corsa serale,Corsa,,2062,"8,18",144.0,10,false,,Ghost ,activities/7698115877.fit.gz,,,2062.0,2044.0,8188.72998046875,5.537988185882568,4.006227970123291,23.0,18.0,132.60000610351562,150.39999389648438,5.270081520080566,0.002442343859001994,,,80.0,76.16707611083984,,132.7113494873047,,,356.0,,21.0,10.0,,,,,,,,,,,,,0.0,,1.0,8214.400390625,,,,,,,,,,,,,,,,8620131.0,,,,,,,,,,0.0,3.9712560176849365,749.4000244140625,,,,,,,,,,,,""
7234013491,"31 mag 2022, 17:18:00",Corsa serale,Corsa,,3183,"8,85",178.0,60,false,,Ghost ,activities/7704543359.fit.gz,,,3183.0,2903.0,8857.3701171875,4.140067100524902,3.0511093139648438,45.0,38.0,175.0,206.0,13.513473510742188,0.056450165808200836,,,75.0,71.80901336669922,,148.87901306152344,,,654.0,,23.0,60.0,,,,,,,,,,,,,0.0,,1.0,8947.900390625,,,,,,,,,,,,,,,,8620131.0,,,,,,,,,,0.0,2.7827112674713135,4799.5,,,,,,,,,,,,""
7234013555,"31 mag 2022, 18:57:57",Nuotata serale,Nuotata,,2169,1.500,,,false,,,activities/7704543475.fit.gz,,,2169.0,1488.0,1500.0,4.166666507720947,1.0080645084381104,0.0,,,,0.0,0.0,,,33.0,28.576797485351562,,,,,370.0,,25.0,,,,,,,,,,,,,,0.0,,1.0,,,,,,,,,,,,,,,,,,,,,,,,,,,0.0,0.6915629506111145,0.0,,,,,,,,,,,,""
7244677845,"02 giu 2022, 14:26:51",Nuotata pomeridiana,Nuotata,,2325,1.502,,,false,,,activities/7716136462.fit.gz,,,2325.0,1687.0,1502.050048828125,1.1125273704528809,0.8903675675392151,0.0,1.100000023841858,334.79998779296875,336.8999938964844,0.7033993601799011,-0.07323324680328369,,,41.0,33.38541030883789,,,,,345.0,,22.0,,,,,,,,,,,,,,0.0,,1.0,,,,,,,,,,,,,,,,,,,,,,,,,,,0.0,0.6460430026054382,0.0,,,,,,,,,,,,""
7244680653,"02 giu 2022, 15:38:23",Giro pomeridiano,Ciclismo,,7803,"38,25",179.0,112,false,,Scott Solace,activities/7716139441.fit.gz,,8.0,7803.0,5501.0,38251.66015625,18.530078887939453,6.953583240509033,742.0,684.0,337.20001220703125,756.5999755859375,35.54805374145508,0.0658794417977333,,,,,,145.3468475341797,,,1053.0,,26.0,112.0,,,,,,,,,,,,,0.0,,1.0,,,,,,,,,,,,,,,,9305237.0,,,,,,,,,,,0.0,4.9021735191345215,0.0,,,,,,,,,,,,""
7244681456,"02 giu 2022, 17:59:21",Corsa serale,Corsa,,2440,"8,02",168.0,56,false,,Ghost ,activities/7716140362.fit.gz,,,2440.0,2203.0,8025.7001953125,5.0633544921875,3.6430776119232178,31.0,27.0,335.3999938964844,346.0,11.248575210571289,0.024919943884015083,,,78.0,75.840087890625,,153.31398010253906,,,522.0,,23.0,56.0,,,,,,,,,,,,,0.0,,1.0,8086.89990234375,,,,,,,,,,,,,,,,8620131.0,,,,,,,,,,0.0,3.2892212867736816,4731.0,,,,,,,,,,,,""
7253756814,"04 giu 2022, 13:27:53",Nuotata pomeridiana,Nuotata,Tra onde e gin tonic questi sono i risultati..,2848,1.738,,,false,,,activities/7726008452.fit.gz,,,2848.0,2194.0,1738.1500244140625,0.9753406047821045,0.7922288179397583,0.0,0.30000001192092896,66.5999984741211,67.4000015258789,0.3535026013851166,-0.017259730026125908,,,34.0,31.141510009765625,,,,,396.0,,23.0,,,,,,,,,,,,0.0,,0.0,,1.0,,,,,,,,,,,,,,,,,,,,,,,,,,,0.0,0.6103054881095886,0.0,,,,,,,,,,,,""
7265897631,"06 giu 2022, 17:30:06",Corsa serale,Corsa,,2286,"8,01",178.0,65,false,,Ghost ,activities/7739358405.fit.gz,,,2286.0,2029.0,8009.4501953125,5.012904644012451,3.947486639022827,23.0,18.0,132.60000610351562,147.1999969482422,6.289296627044678,0.032461538910865784,,,87.0,75.57135772705078,,158.92405700683594,,,521.0,,28.0,65.0,,,,,,,,,,,,,0.0,,1.0,8043.2001953125,,,,,,,,,,,,,,,,8620131.0,,,,,,,,,,0.0,3.5036964416503906,402.8999938964844,,,,,,,,,,,,""
7271846168,"07 giu 2022, 17:19:58",Corsa serale,Corsa,,3179,"7,22",181.0,59,false,,Ghost ,activities/7745780473.fit.gz,,,3179.0,1952.0,7228.93994140625,6.916015625,3.703350305557251,50.0,34.0,175.1999969482422,190.8000030517578,12.13044548034668,0.09406639635562897,,,84.0,75.59004974365234,,157.70851135253906,,,491.0,,22.0,59.0,,,,,,,,,,,,,0.0,,1.0,7339.39990234375,,,,,,,,,,,,,,,,8620131.0,,,,,,,,,,0.0,2.2739665508270264,5771.2001953125,,,,,,,,,,,,""
7271846358,"07 giu 2022, 19:02:40",Nuotata notturna,Nuotata,,2095,1.550,,,false,,,activities/7745780628.fit.gz,,,2095.0,1597.0,1550.0,2.3809523582458496,0.9705697894096375,0.0,,,,0.0,0.0,,,33.0,26.037282943725586,,,,,395.0,,26.0,,,,,,,,,,,,,,0.0,,1.0,,,,,,,,,,,,,,,,,,,,,,,,,,,0.0,0.7398567795753479,0.0,,,,,,,,,,,,""
7291387783,"11 giu 2022, 10:44:03",Nuotata dell'ora di pranzo,Nuotata,,1658,1.507,72.0,1,false,,,activities/7767021711.fit.gz,,,1658.0,1658.0,1506.6500244140625,1.1959997415542603,0.9087153077125549,0.0,0.0,12.800000190734863,12.800000190734863,0.0,0.0,,,40.0,32.08317947387695,,72.0,,,346.0,,20.0,1.0,,,,,,,,,,,,,0.0,,1.0,,,,,,,,,,,,,,,,,,,,,,,,,,,0.0,0.9087153077125549,0.0,,,,,,,,,,,,""
7291387804,"11 giu 2022, 11:11:41",Allenamento pomeridiano,Allenamento generico,,190,"0,35",137.0,0,false,,,activities/7767021899.fit.gz,,,190.0,190.0,356.47998046875,4.534008979797363,1.8762104511260986,17.799999237060547,5.0,12.800000190734863,25.0,49.067996978759766,2.5807900428771973,,,83.0,79.02751922607422,,117.2967758178711,,,28.0,,21.0,0.0,,,,,,,,,,,,,0.0,,1.0,,,,,,,,,,,,,,,,,,,,,,,,,,,0.0,1.8762104511260986,0.0,,,,,,,,,,,,""
7291387839,"11 giu 2022, 12:25:32",Allenamento pomeridiano,Allenamento generico,,53,"0,06",139.0,0,false,,,activities/7767021937.fit.gz,,,53.0,27.0,64.9375,4.0,2.405092477798462,0.0,2.0,45.400001525878906,47.0,0.4785868227481842,-2.155921459197998,,,78.0,76.88888549804688,,126.42308044433594,,,5.0,,29.0,0.0,,,,,,,,,,,,,0.0,,1.0,,,,,,,,,,,,,,,,,,,,,,,,,,,0.0,1.2252358198165894,0.0,,,,,,,,,,,,""
7291387899,"11 giu 2022, 11:14:52",Giro pomeridiano,Ciclismo,,4238,"39,18",172.0,28,false,,Scott Solace,activities/7767021913.fit.gz,,8.0,4238.0,4238.0,39186.9296875,17.626171112060547,9.246562004089355,420.4000244140625,353.0,18.600000381469727,237.8000030517578,15.44296646118164,0.06890052556991577,,,,,,127.33317565917969,,,606.0,,27.0,28.0,,,,,,,,,,,,,0.0,,1.0,,,,,,,,,,,,,,,,9305237.0,,,,,,,,,,,0.0,9.246562004089355,641.2999877929688,,,,,,,,,,,,""
7291387918,"11 giu 2022, 12:26:26",Corsa pomeridiana,Corsa,,2892,"10,03",182.0,112,false,,Ghost ,activities/7767021962.fit.gz,,,2892.0,2892.0,10029.45703125,5.50390625,3.4680004119873047,28.39999771118164,19.0,45.400001525878906,55.400001525878906,10.739397048950195,0.05982377752661705,,,81.0,75.53633117675781,,164.06919860839844,,,738.0,,26.0,112.0,,,,,,,,,,,,,0.0,,1.0,10099.400390625,,,,,,,,,,,,,,,,8620131.0,,,,,,,,,,0.0,3.4680004119873047,3806.39990234375,,,,,,,,,,,,""
7303406871,"13 giu 2022, 16:35:19",Giro serale,Ciclismo,,7597,"54,99",,,false,,Scott Solace,activities/7780228087.fit.gz,,8.0,7597.0,7107.0,54990.01171875,14.337890625,7.737443447113037,481.0,513.0,126.80000305175781,499.6000061035156,26.695650100708008,-0.013457005843520164,,,,,,,,,2321.0,,24.0,,,,,,,,,,,,,,0.0,,1.0,,1655136000.0,2.0,28.860000610351562,29.34000015258789,17.020000457763672,0.49000000953674316,1013.7000122070312,1.840000033378601,1.8799999952316284,128.0,0.15479999780654907,1655090816.0,1655147136.0,0.4699999988079071,9305237.0,,0.029999999329447746,5.0,0.75,16093.0,2.0,316.8999938964844,,,,0.0,7.238385200500488,6636.7998046875,,,,,,,,,,,,""
7309413354,"14 giu 2022, 17:21:54",Corsa serale,Corsa,,2781,"6,21",187.0,58,false,,Ghost ,activities/7786726015.fit.gz,,,2781.0,1736.0,6217.3701171875,6.545996189117432,3.581434488296509,40.0,32.0,176.0,189.39999389648438,12.519580841064453,0.028951195999979973,,,84.0,75.60892486572266,,158.83343505859375,,,440.0,,26.0,58.0,,,,,,,,,,,,,0.0,,1.0,6316.2001953125,1655225984.0,2.0,25.739999771118164,25.84000015258789,16.3700008392334,0.5600000023841858,1017.5999755859375,1.7200000286102295,1.909999966621399,142.0,0.0,1655177216.0,1655233664.0,0.5099999904632568,,8620131.0,0.0,,0.47999998927116394,16093.0,1.0,328.5,,,,0.0,2.2356598377227783,5254.7001953125,,,,,,,,,,,,""
7309413562,"14 giu 2022, 19:01:33",Nuotata notturna,Nuotata,,2353,1.600,,,false,,,activities/7786726230.fit.gz,,,2353.0,1806.0,1600.0,4.166666507720947,0.8859357833862305,0.0,,,,0.0,0.0,,,33.0,30.956443786621094,,,,,392.0,,25.0,,,,,,,,,,,,,,0.0,,1.0,,,,,,,,,,,,,,,,,,,,,,,,,,,0.0,0.6799830198287964,0.0,,,,,,,,,,,,""
7320118676,"16 giu 2022, 17:20:02",Giro serale,Ciclismo,,4625,"25,31",183.0,196,false,,Scott Solace,activities/7798400688.fit.gz,,8.0,4625.0,4419.0,25310.060546875,13.850000381469727,5.727553844451904,789.0,61.0,232.8000030517578,965.0,23.657699584960938,2.8897600173950195,,,,,,165.90673828125,,,1140.0,,27.0,196.0,,,,,,,,,,,,,0.0,,1.0,,1655398784.0,2.0,30.219999313354492,32.040000915527344,19.829999923706055,0.5400000214576721,1014.0,1.3600000143051147,1.6299999952316284,234.0,0.0333000011742115,1655350272.0,1655406848.0,0.5899999737739563,9305237.0,,0.009999999776482582,5.0,0.4300000071525574,16093.0,1.0,308.6000061035156,,,,0.0,5.472445487976074,0.0,,,,,,,,,,,,""
7341403120,"20 giu 2022, 16:33:40",Giro serale,Ciclismo,,9157,"63,71",,,false,,Scott Solace,activities/7821804618.fit.gz,,8.0,9157.0,8665.0,63716.96875,15.4296875,7.353372097015381,793.0,727.0,114.5999984741211,598.5999755859375,15.571243286132812,-0.02793603576719761,,,,,,,,,2814.0,,28.0,,,,,,,,,,,,,,0.0,,1.0,,1655740800.0,1.0,31.959999084472656,33.060001373291016,18.350000381469727,0.4399999976158142,1009.0999755859375,2.630000114440918,3.9800000190734863,209.0,0.026100000366568565,1655695616.0,1655752192.0,0.7400000095367432,9305237.0,,0.019999999552965164,5.0,0.2199999988079071,16093.0,2.0,310.1000061035156,,,,0.0,6.958279609680176,89.80000305175781,,,,,,,,,,,,""
7346876490,"21 giu 2022, 18:56:15",Nuotata serale,Nuotata,,1783,1.050,,,false,,,activities/7827760168.fit.gz,,,1783.0,1035.0,1050.0,1.1131725311279297,1.0144927501678467,0.0,,,,0.0,0.0,,,35.0,20.085378646850586,,,,,250.0,,26.0,,,,,,,,,,,,,,0.0,,1.0,,,,,,,,,,,,,,,,,,,,,,,,,,,0.0,0.5888951420783997,0.0,,,,,,,,,,,,""
7346876534,"21 giu 2022, 17:19:10",Corsa serale,Corsa,,3029,"7,53",181.0,74,false,,Ghost ,activities/7827760165.fit.gz,,,3029.0,2604.0,7536.72021484375,5.086669921875,2.8942856788635254,74.0,73.0,194.0,243.1999969482422,48.460933685302734,-0.005307469982653856,,,76.0,71.93579864501953,,156.67315673828125,,,636.0,,28.0,74.0,,,,,,,,,,,,,0.0,,1.0,7755.10009765625,1655830784.0,3.0,31.309999465942383,34.27000045776367,21.209999084472656,0.550000011920929,1010.7999877929688,1.7300000190734863,2.619999885559082,154.0,0.07500000298023224,1655782016.0,1655838592.0,0.7699999809265137,,8620131.0,0.029999999329447746,5.0,0.8899999856948853,16093.0,1.0,305.8999938964844,,,,0.0,2.488187551498413,2198.800048828125,,,,,,,,,,,,""
7352329505,"22 giu 2022, 17:54:07",Corsa serale,Corsa,,3701,"11,00",190.0,91,false,,Ghost ,activities/7833697110.fit.gz,,,3701.0,2767.0,11008.8603515625,5.232840538024902,3.9786267280578613,35.0,14.0,131.1999969482422,145.8000030517578,5.053878307342529,0.01816718466579914,,,102.0,76.63365936279297,,159.4000701904297,,,683.0,,26.0,91.0,,,,,,,,,,,,,0.0,,1.0,11084.400390625,1655917184.0,3.0,27.600000381469727,28.219999313354492,17.040000915527344,0.5299999713897705,1010.5999755859375,1.8600000143051147,2.4200000762939453,221.0,0.05649999901652336,1655868416.0,1655924992.0,0.800000011920929,,8620131.0,0.03999999910593033,5.0,0.9800000190734863,16093.0,1.0,316.79998779296875,,,,0.0,2.9745635986328125,500.29998779296875,,,,,,,,,,,,""
7361881615,"24 giu 2022, 16:05:02",Nuotata serale,Nuotata,,2461,1.500,,,false,,,activities/7844152302.fit.gz,,,2461.0,1492.0,1500.0,6.666666507720947,1.0053619146347046,0.0,,,,0.0,0.0,,,33.0,30.320247650146484,,,,,360.0,,26.0,,,,,,,,,,,,,,0.0,,1.0,,,,,,,,,,,,,,,,,,,,,,,,,,,0.0,0.6095083355903625,0.0,,,,,,,,,,,,""
7365751786,"25 giu 2022, 04:43:14",Giro mattutino,Ciclismo,,20638,"114,78",,,false,,Scott Solace,activities/7848397998.fit.gz,,8.0,20638.0,17916.0,114786.578125,18.892187118530273,6.406930923461914,2345.0,3057.0,337.79998779296875,1959.0,49.610565185546875,-0.05645258352160454,,,,,,,,,5678.0,,16.0,,,,,,,,,,,,,,0.0,,1.0,,1656129536.0,1.0,13.010000228881836,13.010000228881836,12.359999656677246,0.9599999785423279,1012.4000244140625,1.9800000190734863,2.0999999046325684,21.0,0.0,1656128000.0,1656184576.0,0.8999999761581421,9305237.0,,0.0,,0.0,16093.0,0.0,324.70001220703125,,,,0.0,5.561903953552246,0.0,,,,,,,,,,,,""
7371233163,"26 giu 2022, 08:38:38",Nuotata mattutina,Nuotata,,2722,1.500,,,false,,,activities/7854439164.fit.gz,,,2722.0,1585.0,1500.0,2.97029709815979,0.9463722109794617,0.0,,,,0.0,0.0,,,31.0,28.617111206054688,,,,,366.0,,26.0,,,,,,,,,,,,,,0.0,,1.0,,,,,,,,,,,,,,,,,,,,,,,,,,,0.0,0.5510653853416443,0.0,,,,,,,,,,,,""
7371234291,"26 giu 2022, 09:46:13",Giro dell'ora di pranzo,Ciclismo,,5415,"26,17",180.0,40,false,,Scott Solace,activities/7854440403.fit.gz,,8.0,5415.0,4579.0,26171.759765625,19.009960174560547,5.715606212615967,629.0,578.0,445.0,1005.7999877929688,28.305435180664062,0.19257406890392303,,,,,,126.08226013183594,,,685.0,,25.0,40.0,,,,,,,,,,,,,0.0,,1.0,,1656233984.0,1.0,20.68000030517578,20.68000030517578,11.420000076293945,0.550000011920929,1015.7000122070312,1.590000033378601,1.6399999856948853,183.0,0.04670000076293945,1656214400.0,1656270976.0,0.9300000071525574,9305237.0,,0.029999999329447746,5.0,0.25,16093.0,6.0,319.70001220703125,,,,0.0,4.833196640014648,0.0,,,,,,,,,,,,""
7371234512,"26 giu 2022, 11:25:44",Corsa pomeridiana,Corsa,"",1617,"5,60",162.0,24,false,,Ghost ,activities/7854440624.fit.gz,,,1617.0,1593.0,5602.2197265625,6.814013481140137,3.516773223876953,48.0,44.0,926.7999877929688,948.4000244140625,13.462890625,-0.04283950850367546,,,79.0,76.27153015136719,,144.38592529296875,,,344.0,,25.0,24.0,,,,,,,,,,,0.0,,0.0,,1.0,5680.2998046875,1656241152.0,1.0,22.639999389648438,22.639999389648438,10.390000343322754,0.46000000834465027,1015.0999755859375,1.649999976158142,1.809999942779541,187.0,0.028200000524520874,1656214400.0,1656270976.0,0.9300000071525574,,8620131.0,0.019999999552965164,5.0,0.23999999463558197,16093.0,8.0,318.1000061035156,,,,0.0,3.464576244354248,233.5,,,,,,,,,,,,media/92F7FC69-EDDA-4F7D-A7F8-861A860C2E01.jpg
7383549815,"28 giu 2022, 16:33:37",Giro serale,Ciclismo,"",7537,"45,42",,,false,,Scott Solace,activities/7867941594.fit.gz,,8.0,7537.0,6657.0,45428.2109375,14.940234184265137,6.824126720428467,861.0,778.0,201.0,893.0,24.6419620513916,0.027295799925923347,,,,,,,,,2182.0,,21.0,,,,,,,,,,,,0.0,,0.0,,1.0,,1656432000.0,3.0,28.270000457763672,28.940000534057617,17.440000534057617,0.5199999809265137,1013.7999877929688,2.0,2.359999895095825,35.0,0.1177000030875206,1656386816.0,1656443392.0,0.9900000095367432,9305237.0,,0.07999999821186066,5.0,0.8899999856948853,16093.0,2.0,326.5,,,,0.0,6.027359962463379,568.5999755859375,,,,,,,,,,,,media/A3E2EDA6-3AC4-40A9-B506-0550473010D6.mp4|media/81B7734C-75AE-4F2D-B7D4-2504D589E150.jpg
7388809728,"29 giu 2022, 16:42:10",Corsa serale,Corsa,,3032,"10,18",181.0,98,false,,Ghost ,activities/7873687208.fit.gz,,,3032.0,2777.0,10186.669921875,6.289998531341553,3.6682281494140625,50.0,48.0,169.60000610351562,207.39999389648438,17.344202041625977,0.007853430695831776,,,96.0,75.52040100097656,,161.27984619140625,,,723.0,,27.0,98.0,,,,,,,,,,,,,0.0,,1.0,10272.400390625,1656518400.0,2.0,29.299999237060547,30.649999618530273,19.110000610351562,0.5400000214576721,1011.0999755859375,1.1399999856948853,2.700000047683716,170.0,0.2460000067949295,1656473344.0,1656529792.0,0.019999999552965164,,8620131.0,0.10000000149011612,5.0,0.6899999976158142,16093.0,2.0,323.20001220703125,,,,0.0,3.3597195148468018,3913.300048828125,,,,,,,,,,,,""
7398759382,"01 lug 2022, 17:01:27",Giro serale,Ciclismo,,1237,"11,81",,,false,,Scott Solace,activities/7884552194.fit.gz,,8.0,1237.0,1165.0,11811.6796875,16.752002716064453,10.138781547546387,15.0,588.0,332.6000061035156,918.0,39.184810638427734,-4.79863977432251,,,,,,,,,346.0,,21.0,,,,,,,,,,,,,,0.0,,1.0,,1656694784.0,1.0,24.510000228881836,24.510000228881836,14.329999923706055,0.5299999713897705,1013.2000122070312,0.6800000071525574,0.9200000166893005,253.0,0.03669999912381172,1656646528.0,1656702976.0,0.07999999821186066,9305237.0,,0.019999999552965164,5.0,0.05999999865889549,16093.0,1.0,325.3999938964844,,,,0.0,9.548649787902832,0.0,,,,,,,,,,,,""
7398965621,"01 lug 2022, 17:34:23",Giro serale,Ciclismo,,2050,"9,69",,,false,,Scott Solace,activities/7884776935.fit.gz,,8.0,2050.0,2050.0,9690.7392578125,7.640002250671387,4.727190017700195,533.0,0.0,365.3999938964844,900.2000122070312,11.586762428283691,5.518670558929443,,,,,,,,,732.0,,20.0,,,,,,,,,,,,,,0.0,,1.0,,1656694784.0,1.0,27.559999465942383,28.079999923706055,16.6299991607666,0.5099999904632568,1013.0,0.6700000166893005,0.9300000071525574,272.0,0.03519999980926514,1656646528.0,1656702848.0,0.07999999821186066,9305237.0,,0.019999999552965164,5.0,0.029999999329447746,16093.0,1.0,325.79998779296875,,,,0.0,4.727190017700195,0.0,,,,,,,,,,,,""
7399135039,"01 lug 2022, 16:03:33",Nuotata serale,Nuotata,,1850,1.500,,,false,,,activities/7884962539.fit.gz,,,1850.0,1560.0,1500.0,2.96052622795105,0.9615384340286255,0.0,,,,0.0,0.0,,,31.0,28.596111297607422,,,,,367.0,,26.0,,,,,,,,,,,,,,0.0,,1.0,,,,,,,,,,,,,,,,,,,,,,,,,,,0.0,0.8108108043670654,0.0,,,,,,,,,,,,""
7404412204,"02 lug 2022, 13:00:37",Giro pomeridiano,Ciclismo,Riparazione tubi sulla vetta dei colli,18372,"92,03",,,false,,Scott Solace,activities/7890741475.fit.gz,,8.0,18372.0,15330.0,92031.0546875,15.638280868530273,6.003330230712891,2084.0,2175.0,221.0,1149.199951171875,47.34501647949219,0.0028251069597899914,,,,,,,,,4794.0,,28.0,,,,,,,,,,,,0.0,,0.0,,1.0,,1656766848.0,2.0,25.489999771118164,25.489999771118164,10.569999694824219,0.38999998569488525,1019.4000244140625,1.690000057220459,3.140000104904175,189.0,0.0,1656733056.0,1656789376.0,0.10999999940395355,9305237.0,,0.0,,0.38999998569488525,16093.0,7.0,316.79998779296875,,,,0.0,5.009310245513916,409.8999938964844,,,,,,,,,,,,media/DE42467B-849A-401E-BACF-A46900DE7C09.jpg|media/EF9C374E-8C74-45A6-94B9-72FE895F2710.jpg
7409944851,"03 lug 2022, 15:31:16",Nuotata pomeridiana,Nuotata,,4653,3.000,,,false,,,activities/7896842722.fit.gz,,,4653.0,3065.0,3000.0,1.8382352590560913,0.9787928462028503,0.0,,,,0.0,0.0,,,34.0,30.192644119262695,,,,,731.0,,26.0,,,,,,,,,,,,,,0.0,,1.0,,,,,,,,,,,,,,,,,,,,,,,,,,,0.0,0.6447453498840332,0.0,,,,,,,,,,,,""
7420511005,"05 lug 2022, 16:42:15",Giro serale,Ciclismo,,5844,"34,27",,,false,,Scott Solace,activities/7908446399.fit.gz,,8.0,5844.0,5368.0,34271.1875,14.260156631469727,6.384349822998047,727.0,840.0,188.0,876.5999755859375,29.66469383239746,-0.028011884540319443,,,,,,,,,1813.0,,22.0,,,,,,,,,,,,,,0.0,,1.0,,1657036800.0,2.0,30.610000610351562,32.869998931884766,20.43000030517578,0.550000011920929,1013.7000122070312,1.7999999523162842,2.380000114440918,78.0,0.03009999915957451,1656991872.0,1657048064.0,0.20999999344348907,9305237.0,,0.019999999552965164,5.0,0.5,16093.0,2.0,314.79998779296875,,,,0.0,5.86433744430542,701.0,,,,,,,,,,,,""
7426321590,"06 lug 2022, 16:35:13",Corsa serale,Corsa,"",3011,"10,46",179.0,102,false,,Ghost ,activities/7914805501.fit.gz,,,3011.0,2861.0,10462.0400390625,8.697509765625,3.6567773818969727,55.0,53.0,167.1999969482422,205.60000610351562,15.584474563598633,0.009558365680277348,,,80.0,76.03855895996094,,161.87123107910156,,,747.0,,28.0,102.0,,,,,,,,,,,0.0,,0.0,,1.0,10565.900390625,1657123200.0,2.0,28.100000381469727,29.520000457763672,19.420000076293945,0.5899999737739563,1017.2000122070312,1.2000000476837158,1.5099999904632568,136.0,0.10719999670982361,1657078400.0,1657134464.0,0.23999999463558197,,8620131.0,0.03999999910593033,5.0,0.5699999928474426,16093.0,2.0,323.5,,,,0.0,3.474606513977051,4875.89990234375,,,,,,,,,,,,media/5D3E8E99-E21C-4FD4-9916-301D131115A0.jpg
7435997412,"08 lug 2022, 14:58:51",Giro pomeridiano,Ciclismo,Un dopo lavoro in solitaria prima di una cena “pericolosa”,6303,"48,43",,,false,,Scott Solace,activities/7925378666.fit.gz,,8.0,6303.0,6203.0,48431.73828125,14.774218559265137,7.807792663574219,743.0,747.0,257.6000061035156,826.7999877929688,48.71550750732422,-0.00041291455272585154,,,,,,,,,2261.0,,25.0,,,,,,,,,,,,0.0,,0.0,,1.0,,1657288832.0,1.0,28.889999389648438,28.889999389648438,9.079999923706055,0.28999999165534973,1019.7999877929688,1.850000023841858,3.2100000381469727,189.0,0.0,1657251712.0,1657307648.0,0.3100000023841858,9305237.0,,0.0,,0.12999999523162842,16093.0,6.0,316.5,,,,0.0,7.683918476104736,0.0,,,,,,,,,,,,""
7444613219,"09 lug 2022, 08:17:43",Nuotata mattutina,Nuotata,,2761,1.850,,,false,,,activities/7934870780.fit.gz,,,2761.0,1901.0,1850.0,3.846153736114502,0.9731720089912415,0.0,,,,0.0,0.0,,,32.0,30.02156639099121,,,,,444.0,,26.0,,,,,,,,,,,,,,0.0,,1.0,,,,,,,,,,,,,,,,,,,,,,,,,,,0.0,0.6700471043586731,0.0,,,,,,,,,,,,""
7444613555,"10 lug 2022, 05:35:35",Giro mattutino,Ciclismo,,9207,"62,13",,,false,,Scott Solace,activities/7934869520.fit.gz,,8.0,9207.0,7754.0,62137.01171875,13.763671875,8.013543128967285,479.0,1706.0,313.79998779296875,1586.800048828125,38.64091873168945,0.029933860525488853,,,,,,,,,3745.0,,16.0,,,,,,,,,,,,,,0.0,,1.0,,1657429248.0,1.0,17.530000686645508,17.530000686645508,11.25,0.6700000166893005,1019.2999877929688,1.4900000095367432,2.0299999713897705,13.0,0.0,1657424640.0,1657480320.0,0.3799999952316284,9305237.0,,0.0,,0.20000000298023224,16093.0,0.0,323.1000061035156,,,,0.0,6.74888801574707,0.0,,,,,,,,,,,,""
7444615087,"10 lug 2022, 08:24:24",Corsa mattutina,Corsa,,4403,"14,00",183.0,138,false,,Ghost ,activities/7934873135.fit.gz,,,4403.0,3813.0,14006.98046875,7.490002632141113,3.673480272293091,90.0,73.0,334.3999938964844,403.79998779296875,16.190446853637695,0.05854232609272003,,,80.0,76.63650512695312,,162.03359985351562,,,998.0,,25.0,138.0,,,,,,,,,,,,,0.0,,1.0,14153.2001953125,1657440000.0,1.0,23.350000381469727,23.350000381469727,11.850000381469727,0.47999998927116394,1018.4000244140625,1.3600000143051147,1.5499999523162842,177.0,0.0,1657424640.0,1657480320.0,0.3799999952316284,,8620131.0,0.0,,0.07999999821186066,16093.0,4.0,320.0,,,,0.0,3.1812355518341064,0.0,,,,,,,,,,,,""
7463738876,"13 lug 2022, 16:29:09",Giro serale,Ciclismo,,7595,"53,67",,,false,,Scott Solace,activities/7955846117.fit.gz,,8.0,7595.0,7389.0,53670.40234375,16.451953887939453,7.263554096221924,827.0,801.0,102.5999984741211,845.0,37.8787956237793,-0.0037264488637447357,,,,,,,,,2576.0,,23.0,,,,,,,,,,,,,,0.0,,1.0,,,,,,,,,,,,,,,,9305237.0,,,,,,,,,,,0.0,7.066544055938721,3469.0,,,,,,,,,,,,""
7469117180,"14 lug 2022, 17:01:51",Corsa serale,Corsa,,2901,"9,09",179.0,58,false,,Ghost ,activities/7961742726.fit.gz,,,2901.0,2490.0,9093.6904296875,5.783984184265137,3.6520843505859375,45.0,40.0,300.3999938964844,311.79998779296875,16.259868621826172,0.041787419468164444,,,103.0,75.11856079101562,,152.59512329101562,,,582.0,,29.0,58.0,,,,,,,,,,,,,0.0,,1.0,9182.7001953125,,,,,,,,,,,,,,,,8620131.0,,,,,,,,,,0.0,3.134674310684204,2310.300048828125,,,,,,,,,,,,""
7474282259,"15 lug 2022, 16:48:52",Giro serale,Ciclismo,,5145,"28,09",,,false,,Scott Solace,activities/7967469762.fit.gz,,8.0,5145.0,4272.0,28089.169921875,16.779003143310547,6.5751800537109375,677.0,572.0,392.0,1084.800048828125,26.724708557128906,0.44999557733535767,,,,,,,,,1445.0,,26.0,,,,,,,,,,,,,,0.0,,1.0,,,,,,,,,,,,,,,,9305237.0,,,,,,,,,,,0.0,5.459508419036865,0.0,,,,,,,,,,,,""
7476569975,"16 lug 2022, 06:04:50",Giro mattutino,Ciclismo,,8883,"71,79",,,false,,Scott Solace,activities/7970003054.fit.gz,,8.0,8883.0,8404.0,71795.9765625,17.097097396850586,8.543071746826172,405.0,421.0,258.20001220703125,429.79998779296875,12.484760284423828,-0.004735632799565792,,,,,,,,,3011.0,,24.0,,,,,,,,,,,,,,0.0,,1.0,,,,,,,,,,,,,,,,9305237.0,,,,,,,,,,,0.0,8.082402229309082,108.5,,,,,,,,,,,,""
7477409056,"16 lug 2022, 08:48:05",Corsa mattutina,Corsa,Purtroppo esistono anche le giornate no 🤷🏻‍♂️,4907,"13,00",184.0,144,false,,Ghost ,activities/7970913496.fit.gz,,,4907.0,3765.0,13008.4599609375,5.613321781158447,3.4551022052764893,73.0,43.0,279.79998779296875,342.0,6.653021812438965,0.12914663553237915,,,100.0,76.79206848144531,,162.86404418945312,,,979.0,,27.0,144.0,,,,,,,,,,,0.0,,0.0,,1.0,13119.2998046875,,,,,,,,,,,,,,,,8620131.0,,,,,,,,,,0.0,2.651000499725342,12681.2998046875,,,,,,,,,,,,""
7490420837,"18 lug 2022, 17:48:58",Corsa serale,Corsa,,4068,"12,64",210.0,175,false,,Ghost ,activities/7985349685.fit.gz,,,4068.0,3558.0,12642.23046875,5.039990425109863,3.5531845092773438,59.0,55.0,160.1999969482422,205.0,15.600837707519531,-0.011073946952819824,,,79.0,74.98956298828125,,172.041015625,,,1000.0,,27.0,175.0,,,,,,,,,,,,,0.0,,1.0,12728.599609375,,,,,,,,,,,,,,,,8620131.0,,,,,,,,,,0.0,3.1077263355255127,5314.0,,,,,,,,,,,,""
7500910918,"20 lug 2022, 16:22:55",Giro serale,Ciclismo,"",7341,"44,24",,,false,,Scott Solace,activities/7996839512.fit.gz,,8.0,7341.0,6860.0,44243.26953125,22.92578125,6.449456214904785,1007.0,986.0,190.39999389648438,1160.0,26.62235450744629,0.0013561522355303168,,,,,,,,,2200.0,,22.0,,,,,,,,,,,,0.0,,0.0,,1.0,,,,,,,,,,,,,,,,9305237.0,,,,,,,,,,,0.0,6.026872158050537,803.7000122070312,,,,,,,,,,,,media/8637AB33-6FA7-4A0C-A4B2-B5436554EB3F.jpg
7511323331,"22 lug 2022, 16:43:27",Giro serale,Ciclismo,,6383,"48,72",,,false,,Scott Solace,activities/8008326232.fit.gz,,8.0,6383.0,6179.0,48727.58984375,20.1767578125,7.88599967956543,723.0,735.0,333.20001220703125,889.7999877929688,28.13368034362793,-0.019290968775749207,,,,,,,,,2167.0,,26.0,,,,,,,,,,,,,,0.0,,1.0,,,,,,,,,,,,,,,,9305237.0,,,,,,,,,,,0.0,7.6339640617370605,0.0,,,,,,,,,,,,""
7522147596,"24 lug 2022, 14:45:38",Nuotata pomeridiana,Nuotata,,5448,3.400,,,false,,,activities/8020399620.fit.gz,,,5448.0,3679.0,3400.0,1.7730495929718018,0.9241641759872437,0.0,,,,0.0,0.0,,,33.0,30.013870239257812,,,,,828.0,,25.0,,,,,,,,,,,,,,0.0,,1.0,,,,,,,,,,,,,,,,,,,,,,,,,,,0.0,0.6240822076797485,0.0,,,,,,,,,,,,""
7535100470,"25 lug 2022, 16:52:48",Corsa serale,Corsa,,2885,"7,07",172.0,56,false,,Ghost ,activities/8034826825.fit.gz,,,2885.0,2293.0,7069.1201171875,7.012504577636719,3.0829131603240967,39.0,41.0,157.8000030517578,187.0,41.812984466552734,0.031121443957090378,,,79.0,71.95156860351562,,153.04273986816406,,,543.0,,31.0,56.0,,,,,,,,,,,,,0.0,,1.0,7172.89990234375,,,,,,,,,,,,,,,,8620131.0,,,,,,,,,,0.0,2.4503016471862793,4799.2001953125,,,,,,,,,,,,""
7535100843,"27 lug 2022, 03:39:36",Corsa mattutina,Corsa,,3078,"11,25",186.0,134,false,,Ghost ,activities/8034827233.fit.gz,,,3078.0,3078.0,11256.48046875,5.239990234375,3.657076120376587,54.0,59.0,148.1999969482422,184.60000610351562,16.194364547729492,-0.03908853977918625,,,104.0,76.1716537475586,,166.01885986328125,,,836.0,,24.0,134.0,,,,,,,,,,,,,0.0,,1.0,11329.400390625,,,,,,,,,,,,,,,,8620131.0,,,,,,,,,,0.0,3.657076120376587,6394.10009765625,,,,,,,,,,,,""
7538735824,"27 lug 2022, 16:54:20",Corsa serale,Corsa,Jessica gelati,2427,"8,64",172.0,70,false,,Ghost ,activities/8038830971.fit.gz,,,2427.0,2427.0,8644.509765625,6.4539794921875,3.5618088245391846,36.0,38.0,151.60000610351562,184.8000030517578,12.315340042114258,-0.06246732547879219,,,78.0,75.01773071289062,,157.08741760253906,,,609.0,,28.0,70.0,,,,,,,,,,,0.0,,0.0,,1.0,8688.5,,,,,,,,,,,,,,,,8620131.0,,,,,,,,,,0.0,3.5618088245391846,4749.60009765625,,,,,,,,,,,,media/1BD3EF64-5ACF-49DA-91A3-03F97E216C64.jpg
7552604683,"30 lug 2022, 09:31:39",Nuotata dell'ora di pranzo,Nuotata,,3159,2.525,,,false,,,activities/8054211792.fit.gz,,,3159.0,2591.0,2525.0,1.71875,0.9745271801948547,0.0,,,,0.0,0.0,,,33.0,31.268768310546875,,,,,618.0,,25.0,,,,,,,,,,,,,,0.0,,1.0,,,,,,,,,,,,,,,,,,,,,,,,,,,0.0,0.7993035912513733,0.0,,,,,,,,,,,,""
7555020749,"30 lug 2022, 15:47:25",Giro pomeridiano,Ciclismo,,7707,"58,12",,,false,,Scott Solace,activities/8056888753.fit.gz,,8.0,7707.0,6869.0,58120.62109375,13.1796875,8.46129322052002,234.0,239.0,196.1999969482422,264.6000061035156,26.209945678710938,-0.008258718065917492,,,,,,,,,2423.0,,27.0,,,,,,,,,,,,,,0.0,,1.0,,,,,,,,,,,,,,,,9305237.0,,,,,,,,,,,0.0,7.541276931762695,543.7999877929688,,,,,,,,,,,,""
7555501764,"30 lug 2022, 18:17:10",Corsa serale,Corsa,,5040,"16,00",180.0,145,false,,Ghost ,activities/8057431308.fit.gz,,,5040.0,4456.0,16007.900390625,9.127144813537598,3.592437267303467,121.0,121.0,260.79998779296875,343.3999938964844,23.699934005737305,-0.023738393560051918,,,88.0,77.15005493164062,,159.9425048828125,,,1096.0,,24.0,145.0,,,,,,,,,,,,,0.0,,1.0,16319.400390625,,,,,,,,,,,,,,,,8620131.0,,,,,,,,,,0.0,3.176170825958252,348.70001220703125,,,,,,,,,,,,""
7558880062,"31 lug 2022, 07:37:08",Escursione mattutina,Escursione,,18483,"12,89",175.0,117,false,,Ghost ,activities/8061221747.fit.gz,,,18483.0,14176.0,12889.7900390625,2.6749675273895264,0.9092684388160706,1136.0,1158.0,1093.800048828125,2250.800048828125,49.85151672363281,-0.18464170396327972,,,103.0,52.20453643798828,,123.50556182861328,,,1889.0,,25.0,117.0,,,,,,,,,,,,,0.0,,1.0,,,,,,,,,,,,,,,,,8620131.0,,,,,,,,,,0.0,0.6973862051963806,11902.2001953125,,,,,,,,,,,,""
7571246502,"02 ago 2022, 16:35:11",Corsa serale,Corsa,,2712,"9,03",170.0,51,false,,Ghost ,activities/8074962846.fit.gz,,,2712.0,2509.0,9033.7099609375,4.97998046875,3.600522041320801,43.0,43.0,150.60000610351562,184.39999389648438,16.503219604492188,-0.04649249091744423,,,78.0,75.00958251953125,,149.00877380371094,,,572.0,,29.0,51.0,,,,,,,,,,,,,0.0,,1.0,9090.599609375,,,,,,,,,,,,,,,,8620131.0,,,,,,,,,,0.0,3.3310139179229736,4405.7998046875,,,,,,,,,,,,""
7577139102,"03 ago 2022, 16:40:26",Corsa serale,Corsa,,3510,"9,90",185.0,71,false,,Ghost ,activities/8081476750.fit.gz,,,3510.0,2554.0,9901.3603515625,4.840006351470947,3.876805067062378,74.0,62.0,173.39999389648438,188.0,10.188103675842285,0.012119670398533344,,,101.0,77.25235748291016,,154.815185546875,,,602.0,,28.0,71.0,,,,,,,,,,,,,0.0,,1.0,10045.7998046875,,,,,,,,,,,,,,,,8620131.0,,,,,,,,,,0.0,2.8209004402160645,8508.599609375,,,,,,,,,,,,""
7597749462,"07 ago 2022, 06:30:47",Giro mattutino,Ciclismo,,23341,"131,41",,,false,,Scott Solace,activities/8104469718.fit.gz,,8.0,23341.0,15863.0,131411.6875,19.364063262939453,8.284163475036621,1524.0,1691.0,1509.4000244140625,2316.199951171875,45.2072639465332,0.018110966309905052,,,,,,,,,5834.0,,17.0,,,,,,,,,,,,,,0.0,,1.0,,,,,,,,,,,,,,,,9305237.0,,,,,,,,,,,0.0,5.630079746246338,29.600000381469727,,,,,,,,,,,,""
7602780027,"08 ago 2022, 06:39:09",Giro mattutino,Ciclismo,"",17481,"100,30",,,false,,Scott Solace,activities/7602780027.fit,,8.0,17481.0,14923.0,100299.6796875,21.491796493530273,6.721147060394287,2610.0,2594.0,1340.4000244140625,2285.0,30.0425968170166,0.0015951951500028372,,,,,,,,,,,19.0,,,,,,,,,,,,0.0,,0.0,,1.0,,,,,,,,,,,,,,,,9305237.0,,,,,,,,,,,0.0,5.737639904022217,10817.400390625,,,,,,,,,,,,media/EE64537A-76BE-44D7-9DB5-D81C4F09027A.jpg
7604297501,"08 ago 2022, 16:11:18",Corsa serale,Corsa,,3536,"8,38",177.0,68,false,,Ghost ,activities/8111863058.fit.gz,,,3536.0,2401.0,8381.080078125,4.7349853515625,3.4906623363494873,25.0,50.0,1783.800048828125,1832.5999755859375,36.807289123535156,-0.3746536672115326,,,80.0,75.56273651123047,,155.3945770263672,,,589.0,,23.0,68.0,,,,,,,,,,,,,0.0,,1.0,8450.0,,,,,,,,,,,,,,,,8620131.0,,,,,,,,,,0.0,2.3702149391174316,2038.5999755859375,,,,,,,,,,,,""
7608569377,"09 ago 2022, 08:24:02",Giro mattutino,Ciclismo,"",15322,"43,90",,,false,,Scott Solace,activities/8116570397.fit.gz,,8.0,15322.0,8902.0,43901.16796875,17.782032012939453,4.931607246398926,1500.0,1600.0,1199.4000244140625,2783.39990234375,48.523048400878906,0.04009027034044266,,,,,,,,,2601.0,,21.0,,,,,,,,,,,,0.0,,0.0,,1.0,,,,,,,,,,,,,,,,9305237.0,,,,,,,,,,,0.0,2.8652374744415283,0.0,,,,,,,,,,,,media/D5C75CC5-9170-4677-A638-29DDC2DAD816.jpg|media/5F455B7B-1CA0-4A72-8B35-EAF18DF8A405.jpg
7613497659,"10 ago 2022, 07:52:18",Corsa mattutina,Corsa,,2885,"10,46",185.0,143,false,,Ghost ,activities/8122008227.fit.gz,,,2885.0,2885.0,10460.150390625,5.179980278015137,3.625701904296875,37.0,40.0,1823.0,1843.5999755859375,12.718812942504883,-0.009560092352330685,,,80.0,76.25926971435547,,170.29220581054688,,,820.0,,19.0,143.0,,,,,,,,,,,,,0.0,,1.0,10509.7001953125,,,,,,,,,,,,,,,,8620131.0,,,,,,,,,,0.0,3.625701904296875,4945.7998046875,,,,,,,,,,,,""
7615582233,"10 ago 2022, 11:59:13",Giro pomeridiano,Ciclismo,,14570,"34,58",167.0,53,false,,Scott Solace,activities/8124315168.fit.gz,,8.0,14570.0,6800.0,34579.671875,14.616015434265137,5.0852460861206055,1108.0,756.0,1803.0,2697.199951171875,44.16974639892578,0.05089688301086426,,,,,,128.97598266601562,,,1076.0,,23.0,53.0,,,,,,,,,,,,,0.0,,1.0,,,,,,,,,,,,,,,,9305237.0,,,,,,,,,,,0.0,2.373347520828247,26104.900390625,,,,,,,,,,,,""
7619746683,"11 ago 2022, 10:37:22",Nuotata dell'ora di pranzo,Nuotata,,2928,2.400,,,false,,,activities/8128935836.fit.gz,,,2928.0,2541.0,2400.0,1.5151515007019043,0.9445100426673889,0.0,,,,0.0,0.0,,,31.0,27.7011775970459,,,,,587.0,,25.0,,,,,,,,,,,,,,0.0,,1.0,,,,,,,,,,,,,,,,,,,,,,,,,,,0.0,0.8196721076965332,0.0,,,,,,,,,,,,""
7625247628,"12 ago 2022, 06:50:23",Giro mattutino,Ciclismo,"",17304,"98,75",,,false,,Scott Solace,activities/8135035267.fit.gz,,8.0,17304.0,14509.0,98752.1015625,19.7958984375,6.806265354156494,1874.0,2484.0,1725.4000244140625,2392.800048828125,28.04302406311035,0.021265370771288872,,,,,,,,,4626.0,,17.0,,,,,,,,,,,,0.0,,0.0,,1.0,,,,,,,,,,,,,,,,9305237.0,,,,,,,,,,,0.0,5.706894397735596,1150.800048828125,,,,,,,,,,,,media/8C0B912F-0990-4E7B-A84F-03DB325B8F76.jpg|media/51F8FB39-B2E1-4524-AD59-4B9F75E2AA68.jpg
7638502699,"14 ago 2022, 14:37:50",Giro pomeridiano,Ciclismo,,13927,"91,63",189.0,343,false,,Scott Solace,activities/8149864083.fit.gz,,8.0,13927.0,13337.0,91630.3984375,21.99837303161621,6.87039041519165,1756.0,1756.0,334.79998779296875,1065.4000244140625,20.742952346801758,-0.00938557181507349,,,,,,151.6876983642578,,,2426.0,,23.0,343.0,,,,,,,,,,,,,0.0,,1.0,,,,,,,,,,,,,,,,9305237.0,,,,,,,,,,,0.0,6.5793352127075195,0.0,,,,,,,,,,,,""
7640987941,"15 ago 2022, 05:35:39",Corsa mattutina,Corsa,,4961,"10,32",180.0,41,false,,Ghost ,activities/8152675416.fit.gz,,,4961.0,3609.0,10322.3701171875,6.1114325523376465,2.8601746559143066,51.0,39.0,300.0,322.79998779296875,11.707436561584473,0.0387507900595665,,,87.0,78.08155059814453,,144.2391815185547,,,607.0,,22.0,41.0,,,,,,,,,,,,,0.0,,1.0,10471.900390625,,,,,,,,,,,,,,,,8620131.0,,,,,,,,,,0.0,2.0807034969329834,3167.699951171875,,,,,,,,,,,,""
7647966169,"16 ago 2022, 13:21:52",Nuotata pomeridiana,Nuotata,,3866,2.900,,,false,,,activities/8160427840.fit.gz,,,3866.0,3009.0,2900.0,1.5243902206420898,0.9637753367424011,0.0,,,,0.0,0.0,,,33.0,29.82748794555664,,,,,707.0,,25.0,,,,,,,,,,,,,,0.0,,1.0,,,,,,,,,,,,,,,,,,,,,,,,,,,0.0,0.7501293420791626,0.0,,,,,,,,,,,,""
7652386701,"17 ago 2022, 08:52:27",Corsa mattutina,Corsa,,4265,"11,16",183.0,97,false,,Ghost ,activities/8165331990.fit.gz,,,4265.0,3348.0,11160.4697265625,4.786035060882568,3.3334736824035645,243.0,222.0,996.2000122070312,1130.5999755859375,22.770545959472656,-0.01971254125237465,,,80.0,76.0755844116211,,156.21356201171875,,,782.0,,24.0,97.0,,,,,,,,,,,,,0.0,,1.0,11839.0,,,,,,,,,,,,,,,,8620131.0,,,,,,,,,,0.0,2.6167571544647217,1621.0999755859375,,,,,,,,,,,,""
7657350948,"17 ago 2022, 15:47:03",Nuotata pomeridiana,Nuotata,,2781,1.225,,,false,,,activities/8170833885.fit.gz,,,2781.0,1195.0,1225.0,1.6472867727279663,1.0251046419143677,0.0,,,,0.0,0.0,,,34.0,30.18280792236328,,,,,319.0,,25.0,,,,,,,,,,,,,,0.0,,1.0,,,,,,,,,,,,,,,,,,,,,,,,,,,0.0,0.4404890239238739,0.0,,,,,,,,,,,,""
7660482805,"18 ago 2022, 11:22:25",Nuotata pomeridiana,Nuotata,,4640,1.875,,,false,,,activities/8174341883.fit.gz,,,4640.0,1732.0,1875.0,0.9124087691307068,1.0825635194778442,0.0,,,,0.0,0.0,,,35.0,31.439260482788086,,,,,452.0,,25.0,,,,,,,,,,,,,,0.0,,1.0,,,,,,,,,,,,,,,,,,,,,,,,,,,0.0,0.4040948152542114,0.0,,,,,,,,,,,,""
7660486507,"18 ago 2022, 14:25:28",Giro pomeridiano,Ciclismo,Solo con 🌧😢,6463,"48,87",164.0,55,false,,Scott Solace,activities/8174345702.fit.gz,,8.0,6463.0,5887.0,48877.08984375,19.712108612060547,8.302546501159668,362.0,352.0,251.1999969482422,474.3999938964844,15.303970336914062,0.014730853028595448,,,,,,133.5232696533203,,,913.0,,21.0,55.0,,,,,,,,,,,0.0,,0.0,,1.0,,,,,,,,,,,,,,,,9305237.0,,,,,,,,,,,0.0,7.562601089477539,18.700000762939453,,,,,,,,,,,,""
7660489379,"18 ago 2022, 16:38:10",Corsa serale,Corsa,,5740,"18,01",177.0,165,false,,Ghost ,activities/8174349020.fit.gz,,,5740.0,4957.0,18009.380859375,4.909981727600098,3.6331207752227783,59.0,47.0,245.39999389648438,281.0,11.154684066772461,0.037758033722639084,,,79.0,75.75631713867188,,160.42393493652344,,,1201.0,,21.0,165.0,,,,,,,,,,,,,0.0,,1.0,18096.80078125,,,,,,,,,,,,,,,,8620131.0,,,,,,,,,,0.0,3.1375226974487305,5947.7001953125,,,,,,,,,,,,""
7665727025,"19 ago 2022, 15:45:20",Giro pomeridiano,Ciclismo,,5326,"42,89",163.0,38,false,,Scott Solace,activities/8180228701.fit.gz,,8.0,5326.0,4820.0,42889.9296875,20.2265625,8.89832592010498,143.0,832.0,283.0,1019.2000122070312,23.555496215820312,-1.6306859254837036,,,,,,127.24566650390625,,,780.0,,24.0,38.0,,,,,,,,,,,,,0.0,,1.0,,,,,,,,,,,,,,,,9305237.0,,,,,,,,,,,0.0,8.052934646606445,0.0,,,,,,,,,,,,""
7670518265,"20 ago 2022, 06:56:39",Escursione mattutina,Escursione,"",27124,"20,01",166.0,122,false,,Ghost ,activities/8185620625.fit.gz,,,27124.0,18959.0,20010.580078125,3.211718797683716,1.0554660558700562,1433.0,1426.0,1204.800048828125,2632.60009765625,49.95121765136719,0.10394464433193207,,,102.0,48.337303161621094,,117.48631286621094,,,2403.0,,25.0,122.0,,,,,,,,,,,0.0,,0.0,,1.0,,,,,,,,,,,,,,,,,8620131.0,,,,,,,,,,0.0,0.7377444505691528,19699.80078125,,,,,,,,,,,,media/CE930C9E-9B4E-498A-84AF-E1CA15C9FFDC.jpg|media/B0BDAA08-C619-4A80-A05E-9E3D27623A90.jpg|media/EF5DD7B7-8364-458D-8518-84DF022801FF.jpg
7675864798,"21 ago 2022, 12:54:17",Nuotata pomeridiana,Nuotata,,3144,1.900,,,false,,,activities/8191716996.fit.gz,,,3144.0,1865.0,1900.0,1.5625,1.0187667608261108,0.0,,,,0.0,0.0,,,33.0,27.17060661315918,,,,,468.0,,25.0,,,,,,,,,,,,,,0.0,,1.0,,,,,,,,,,,,,,,,,,,,,,,,,,,0.0,0.6043257117271423,0.0,,,,,,,,,,,,""
7688098018,"23 ago 2022, 16:48:15",Corsa serale,Corsa,,2740,"9,58",174.0,77,false,,Ghost ,activities/8205495471.fit.gz,,,2740.0,2619.0,9587.080078125,12.656657218933105,3.660588026046753,42.0,35.0,179.60000610351562,207.60000610351562,5.776256561279297,-0.0062583270482718945,,,78.0,74.39015197753906,,157.37356567382812,,,656.0,,26.0,77.0,,,,,,,,,,,,,0.0,,1.0,9624.099609375,,,,,,,,,,,,,,,,8620131.0,,,,,,,,,,0.0,3.498934268951416,610.7999877929688,,,,,,,,,,,,""
7694074872,"24 ago 2022, 17:19:01",Corsa serale,Corsa,,3291,"11,36",180.0,118,false,,Ghost ,activities/8212163860.fit.gz,,,3291.0,3064.0,11362.919921875,5.697851657867432,3.708524703979492,37.0,32.0,138.39999389648438,159.39999389648438,6.932567596435547,0.0035203024744987488,,,104.0,75.92269897460938,,163.8974151611328,,,826.0,,26.0,118.0,,,,,,,,,,,,,0.0,,1.0,11405.099609375,,,,,,,,,,,,,,,,8620131.0,,,,,,,,,,0.0,3.452725648880005,161.89999389648438,,,,,,,,,,,,""
7704347751,"26 ago 2022, 15:45:43",Nuotata pomeridiana,Nuotata,,3604,2.375,,,false,,,activities/8223918768.fit.gz,,,3604.0,2394.0,2375.0,1.9642857313156128,0.9920634627342224,0.0,,,,0.0,0.0,,,33.0,29.590412139892578,,,,,581.0,,25.0,,,,,,,,,,,,,,0.0,,1.0,,,,,,,,,,,,,,,,,,,,,,,,,,,0.0,0.6589900255203247,0.0,,,,,,,,,,,,""
7710376945,"27 ago 2022, 12:50:10",Giro pomeridiano,Ciclismo,,10452,"85,12",194.0,293,false,,Scott Solace,activities/8230685162.fit.gz,,8.0,10452.0,9411.0,85122.5234375,16.927734375,9.045002937316895,494.0,457.0,272.0,385.0,10.877440452575684,0.015976976603269577,,,,,,157.32647705078125,,,2015.0,,26.0,293.0,,,,,,,,,,,,,0.0,,1.0,,,,,,,,,,,,,,,,9305237.0,,,,,,,,,,,0.0,8.144137382507324,1543.800048828125,,,,,,,,,,,,""
7710378396,"27 ago 2022, 16:02:35",Corsa serale,Corsa,,5852,"18,00",179.0,172,false,,Ghost ,activities/8230686995.fit.gz,,,5852.0,5102.0,18008.740234375,5.4637451171875,3.5297412872314453,85.0,69.0,302.20001220703125,372.0,17.021276473999023,0.027764296159148216,,,80.0,77.39611053466797,,160.0846710205078,,,1239.0,,23.0,172.0,,,,,,,,,,,,,0.0,,1.0,18136.80078125,,,,,,,,,,,,,,,,8620131.0,,,,,,,,,,0.0,3.0773651599884033,15581.2001953125,,,,,,,,,,,,""
7732534416,"31 ago 2022, 16:44:13",Corsa serale,Corsa,,3953,"12,07",190.0,84,false,,Ghost ,activities/8255655183.fit.gz,,,3953.0,3064.0,12070.140625,5.664876461029053,3.939340829849243,36.0,41.0,141.39999389648438,169.8000030517578,16.559558868408203,-0.057994354516267776,,,80.0,76.53588104248047,,155.71475219726562,,,750.0,,22.0,84.0,,,,,,,,,,,,,0.0,,1.0,12118.5,,,,,,,,,,,,,,,,8620131.0,,,,,,,,,,0.0,3.053412675857544,307.8999938964844,,,,,,,,,,,,""
7747405791,"03 set 2022, 11:10:14",Nuotata pomeridiana,Nuotata,,1574,1.538,,,false,,,activities/8272480519.fit.gz,,,1574.0,1574.0,1538.469970703125,1.57444429397583,0.9774269461631775,0.0,0.0,9.600000381469727,9.600000381469727,0.0,0.0,,,38.0,33.25981521606445,,,,,356.0,,22.0,,,,,,,,,,,,,,0.0,,1.0,,,,,,,,,,,,,,,,,,,,,,,,,,,0.0,0.9774269461631775,0.0,,,,,,,,,,,,""
7747405803,"03 set 2022, 11:36:28",Allenamento pomeridiano,Allenamento generico,,214,"0,71",150.0,1,false,,,activities/8272480749.fit.gz,,,214.0,186.0,710.3900146484375,8.147997856140137,3.819301128387451,4.0,12.0,9.600000381469727,13.600000381469727,30.03547477722168,0.3659960627555847,,,80.0,78.22522735595703,,126.63934326171875,,,54.0,,22.0,1.0,,,,,,,,,,,,,0.0,,1.0,,,,,,,,,,,,,,,,,,,,,,,,,,,0.0,3.319579601287842,0.0,,,,,,,,,,,,""
7747405838,"03 set 2022, 12:42:16",Allenamento pomeridiano,Allenamento generico,,125,"0,23",159.0,1,false,,,activities/8272480788.fit.gz,,,125.0,93.0,229.05078125,4.16015625,2.462911605834961,0.0,5.0,17.200000762939453,21.600000381469727,4.581651210784912,-1.4843868017196655,,,82.0,78.48213958740234,,146.47999572753906,,,18.0,,28.0,1.0,,,,,,,,,,,,,0.0,,1.0,,,,,,,,,,,,,,,,,,,,,,,,,,,0.0,1.8324062824249268,0.0,,,,,,,,,,,,""
7747405845,"03 set 2022, 11:40:03",Giro pomeridiano,Ciclismo,"",3728,"37,34",180.0,157,false,,Scott Solace,activities/8272480771.fit.gz,,8.0,3728.0,3728.0,37344.47265625,11.654948234558105,10.017293930053711,111.0,74.0,7.400000095367432,26.399999618530273,9.421058654785156,0.02517106384038925,,,,,,165.5643768310547,,,993.0,,26.0,157.0,,,,,,,,,,,0.0,,0.0,,1.0,,,,,,,,,,,,,,,,9305237.0,,,,,,,,,,,0.0,10.017293930053711,0.0,,,,,,,,,,,,""
7747405890,"03 set 2022, 12:44:23",Corsa pomeridiana,Corsa,"",2575,"10,17",191.0,166,false,,Ghost ,activities/8272480806.fit.gz,,,2575.0,2571.0,10171.7890625,6.043749809265137,3.956355094909668,12.000001907348633,7.0,17.799999237060547,25.0,7.66148567199707,0.05898667499423027,,,81.0,77.84429931640625,,179.01438903808594,,,757.0,,27.0,166.0,,,,,,,,,,,0.0,,0.0,,1.0,10196.599609375,,,,,,,,,,,,,,,,8620131.0,,,,,,,,,,0.0,3.950209379196167,96.5999984741211,,,,,,,,,,,,""
7752190712,"04 set 2022, 08:35:44",Giro mattutino,Ciclismo,,4233,"34,19",162.0,51,false,,Scott Solace,activities/8277922514.fit.gz,,8.0,4233.0,4004.0,34196.3203125,12.006510734558105,8.540538787841797,31.0,32.0,-23.200000762939453,-10.800000190734863,3.8976125717163086,-0.006433443166315556,,,,,,137.95094299316406,,,728.0,,26.0,51.0,,,,,,,,,,,,,0.0,,1.0,,,,,,,,,,,,,,,,9305237.0,,,,,,,,,,,0.0,8.078506469726562,0.0,,,,,,,,,,,,""
7765875437,"06 set 2022, 17:15:37",Corsa serale,Corsa,"",3272,"10,41",180.0,83,false,,Ghost ,activities/8293375349.fit.gz,,,3272.0,2894.0,10411.9599609375,5.769979000091553,3.5977747440338135,34.0,32.0,133.1999969482422,156.0,33.67036437988281,0.053784359246492386,,,79.0,75.1648178100586,,156.7507781982422,,,736.0,,26.0,83.0,,,,,,,,,,,0.0,,0.0,,1.0,10514.2998046875,,,,,,,,,,,,,,,,8620131.0,,,,,,,,,,0.0,3.1821393966674805,1196.5999755859375,,,,,,,,,,,,media/CD905D2A-DBA2-49CA-846D-5A81A3A5C948.jpg
7776485974,"08 set 2022, 17:15:31",Corsa serale,Corsa,,3306,"11,53",174.0,92,false,,Ghost ,activities/8305323050.fit.gz,,,3306.0,3265.0,11535.98046875,4.5474853515625,3.5332252979278564,50.0,53.0,270.20001220703125,311.79998779296875,8.830090522766113,-0.03814148157835007,,,78.0,75.02455139160156,,156.2337646484375,,,790.0,,23.0,92.0,,,,,,,,,,,,,0.0,,1.0,11605.400390625,,,,,,,,,,,,,,,,8620131.0,,,,,,,,,,0.0,3.4894073009490967,9942.099609375,,,,,,,,,,,,""
7785014169,"10 set 2022, 06:19:39",Giro mattutino,Ciclismo,,13841,"88,39",187.0,351,false,,Scott Solace,activities/8314987627.fit.gz,,8.0,13841.0,12617.0,88393.6796875,18.120019912719727,7.005918979644775,1561.0,1617.0,255.60000610351562,1014.2000122070312,16.814376831054688,-0.09412439167499542,,,,,,153.15760803222656,,,2585.0,,20.0,351.0,,,,,,,,,,,,,0.0,,1.0,,,,,,,,,,,,,,,,9305237.0,,,,,,,,,,,0.0,6.386364936828613,25.5,,,,,,,,,,,,""
7797399720,"12 set 2022, 16:46:16",Corsa serale,Corsa,,3160,"10,59",183.0,86,false,,Ghost ,activities/8329065274.fit.gz,,,3160.0,3160.0,10590.2900390625,4.345703125,3.3513574600219727,148.0,148.0,900.0,951.4000244140625,15.415833473205566,0.011331249959766865,,,108.0,74.61044311523438,,155.02879333496094,,,761.0,,19.0,86.0,,,,,,,,,,,,,0.0,,1.0,10924.7998046875,,,,,,,,,,,,,,,,8620131.0,,,,,,,,,,0.0,3.3513574600219727,645.2000122070312,,,,,,,,,,,,""
7818744074,"16 set 2022, 15:54:30",Corsa pomeridiana,Corsa,,2411,"8,10",178.0,51,false,,Ghost ,activities/8352943127.fit.gz,,,2411.0,2323.0,8100.2099609375,5.091992378234863,3.4869608879089355,11.0,5.0,-26.799999237060547,-18.600000381469727,8.250823020935059,0.07160307466983795,,,79.0,75.1689682006836,,150.84201049804688,,,560.0,,27.0,51.0,,,,,,,,,,,,,0.0,,1.0,8140.5,,,,,,,,,,,,,,,,8620131.0,,,,,,,,,,0.0,3.3596889972686768,783.9000244140625,,,,,,,,,,,,""
7818744260,"16 set 2022, 16:52:56",Giro serale,Ciclismo,,868,"5,72",155.0,5,false,,Scott Solace,activities/8352943364.fit.gz,,8.0,868.0,868.0,5720.85009765625,12.858007431030273,6.590841293334961,16.0,10.0,-26.799999237060547,-17.799999237060547,7.765424728393555,0.07691164314746857,,,,,,125.33525848388672,,,149.0,,26.0,5.0,,,,,,,,,,,,,0.0,,1.0,,,,,,,,,,,,,,,,9305237.0,,,,,,,,,,,0.0,6.590841293334961,243.3000030517578,,,,,,,,,,,,""
7828526565,"18 set 2022, 08:33:01",I.M. Parte nuoto 🏊🏼‍♂️ ,Nuotata,"",1704,1.754,,,false,,,activities/8363992719.fit.gz,,,1704.0,1704.0,1753.699951171875,1.5693334341049194,1.029166579246521,0.0,0.6000000238418579,0.0,0.6000000238418579,0.0,-0.03421337902545929,,,41.0,33.11992263793945,,,,,409.0,,20.0,,,,,,,,,,,,0.0,,0.0,,1.0,,,,,,,,,,,,,,,,,,,,,,,,,,,0.0,1.029166579246521,0.0,,,,,,,,,,,,media/89202F9A-A9C3-4431-A512-B36F755DA003.jpg
7828526717,"18 set 2022, 11:44:27",Allenamento pomeridiano,Allenamento generico,,615,"1,33",175.0,16,false,,,activities/8363993118.fit.gz,,,615.0,523.0,1335.875,4.315625190734863,2.5542542934417725,4.599998474121094,6.0,-88.5999984741211,-84.0,5.4782795906066895,0.05988607183098793,,,80.0,77.9127197265625,,158.08921813964844,,,109.0,,24.0,16.0,,,,,,,,,,,,,0.0,,1.0,,,,,,,,,,,,,,,,,,,,,,,,,,,0.0,2.172154426574707,0.0,,,,,,,,,,,,""
7828526776,"18 set 2022, 09:01:25",Allenamento all’ora di pranzo,Allenamento generico,,450,"1,06",176.0,6,false,,,activities/8363993034.fit.gz,,,450.0,422.0,1060.2900390625,5.760009765625,2.512535572052002,11.400009155273438,8.0,-108.4000015258789,-99.19999694824219,17.051210403442383,-0.22635258734226227,,,82.0,78.22222137451172,,140.9442901611328,,,90.0,,20.0,6.0,,,,,,,,,,,,,0.0,,1.0,,,,,,,,,,,,,,,,,,,,,,,,,,,0.0,2.3561999797821045,0.0,,,,,,,,,,,,""
7828526852,"18 set 2022, 09:08:56",I.M. Bike,Ciclismo,"",9328,"89,23",185.0,252,false,,Scott Solace,activities/8363993069.fit.gz,,8.0,9328.0,9328.0,89237.4375,14.422656059265137,9.566620826721191,370.6000061035156,295.0,-111.80000305175781,87.19999694824219,17.44582176208496,0.023084480315446854,,,,,,153.403564453125,,,1726.0,,23.0,252.0,,,,,,,,,,,0.0,,0.0,,1.0,,,,,,,,,,,,,,,,9305237.0,,,,,,,,,,,0.0,9.566620826721191,0.0,,,,,,,,,,,,""
7828526857,"18 set 2022, 11:54:45",I.M. Run ,Corsa,"",5715,"20,65",179.0,228,false,,Ghost ,activities/8363993135.fit.gz,,,5715.0,5678.0,20652.1171875,6.535937309265137,3.637216806411743,43.79999542236328,26.0,-86.80000305175781,-78.80000305175781,9.677545547485352,0.020336883142590523,,,114.0,77.85283660888672,,164.5402069091797,,,1092.0,,24.0,228.0,,,,,,,,,,,0.0,,0.0,,1.0,20722.19921875,,,,,,,,,,,,,,,,8620131.0,,,,,,,,,,0.0,3.61366868019104,573.0999755859375,,,,,,,,,,,,media/19756AAE-711F-413A-BD6F-8AE9E8E05FE7.mp4
7845297831,"21 set 2022, 16:47:27",Ancora riesco a perdermi 🤷🏻‍♂️,Corsa,"",3528,"12,08",179.0,114,false,,Ghost ,activities/8382880301.fit.gz,,,3528.0,3336.0,12083.83984375,5.054101467132568,3.6222541332244873,49.0,42.0,130.39999389648438,158.39999389648438,9.671097755432129,0.061238761991262436,,,99.0,74.7283935546875,,160.93605041503906,,,873.0,,18.0,114.0,,,,,,,,,,,0.0,,0.0,,1.0,12150.7998046875,,,,,,,,,,,,,,,,8620131.0,,,,,,,,,,0.0,3.4251246452331543,1163.300048828125,,,,,,,,,,,,""
7857734867,"22 set 2022, 16:24:48",Corsa serale,Corsa,,989,"3,60",174.0,15,false,,Ghost ,activities/8396853148.fit.gz,,,989.0,989.0,3602.1298828125,4.492214679718018,3.6421940326690674,12.0,8.0,152.39999389648438,163.1999969482422,5.010769844055176,0.15546374022960663,,,102.0,74.83468627929688,,145.29827880859375,,,229.0,,21.0,15.0,,,,,,,,,,,,,0.0,,1.0,3628.800048828125,,,,,,,,,,,,,,,,8620131.0,,,,,,,,,,0.0,3.6421940326690674,0.0,,,,,,,,,,,,""
7857739663,"24 set 2022, 06:08:39",Corsa mattutina,Corsa,,8331,"28,23",185.0,343,false,,Ghost ,activities/8396858254.fit.gz,,,8331.0,7576.0,28237.630859375,7.695529460906982,3.727247953414917,155.0,139.0,231.8000030517578,282.79998779296875,14.00768756866455,0.0014165277825668454,,,109.0,77.8696517944336,,167.96315002441406,,,1917.0,,17.0,343.0,,,,,,,,,,,,,0.0,,1.0,28541.80078125,,,,,,,,,,,,,,,,8620131.0,,,,,,,,,,0.0,3.389464855194092,6061.60009765625,,,,,,,,,,,,""
7876653638,"27 set 2022, 17:01:20",Corsa serale,Corsa,,2312,"7,69",171.0,42,false,,Ghost ,activities/8418287315.fit.gz,,,2312.0,2206.0,7689.0,5.402050971984863,3.4854941368103027,28.0,30.0,135.8000030517578,158.8000030517578,5.056926250457764,-0.023409906774759293,,,105.0,74.45417785644531,,147.17942810058594,,,507.0,,19.0,42.0,,,,,,,,,,,,,0.0,,1.0,7718.7001953125,,,,,,,,,,,,,,,,8620131.0,,,,,,,,,,0.0,3.3256919384002686,1190.5999755859375,,,,,,,,,,,,""
7893584585,"01 ott 2022, 07:49:16",Corsa mattutina,Corsa,"10 km al 4 45 + 8km variati(1km al 4 05/1 km al 435) + 8 km al 4 45 + 4 km ancora variati.
Finale con tennent’s ❤️",9237,"30,37",184.0,369,false,,Ghost ,activities/8437246059.fit.gz,,,9237.0,8263.0,30370.978515625,5.77001953125,3.675539016723633,82.0,66.0,248.60000610351562,265.6000061035156,10.643080711364746,0.009877851232886314,,,81.0,77.03502655029297,,167.6473846435547,,,2103.0,,18.0,369.0,,,,,,,,,,,0.0,,0.0,,1.0,30521.19921875,,,,,,,,,,,,,,,,8620131.0,,,,,,,,,,0.0,3.2879700660705566,3782.39990234375,,,,,,,,,,,,media/4C615BA3-E179-44DC-8FFD-BB18A56C4005.jpg|media/B47DFC20-5A93-45E0-8AAA-AEECAAAB1DC0.jpg
7911338777,"04 ott 2022, 16:32:48",Corsa serale,Corsa,,3803,"12,05",168.0,34,false,,Ghost ,activities/8457302620.fit.gz,,,3803.0,3803.0,12058.900390625,4.74609375,3.170891523361206,143.0,152.0,870.4000244140625,917.2000122070312,32.5355110168457,-0.051414407789707184,,,76.0,72.59021759033203,,133.87796020507812,,,683.0,,16.0,34.0,,,,,,,,,,,,,0.0,,1.0,12423.099609375,,,,,,,,,,,,,,,,8620131.0,,,,,,,,,,0.0,3.170891523361206,399.0,,,,,,,,,,,,""
7916766578,"05 ott 2022, 16:34:44",Corsa serale,Corsa,,3673,"11,43",161.0,49,false,,,activities/8463368591.fit.gz,,,3673.0,2806.0,11432.44921875,5.803906440734863,4.074286937713623,51.0,44.0,279.79998779296875,299.6000061035156,8.047048568725586,-0.055980950593948364,,,84.0,76.83744812011719,,145.66168212890625,,,597.0,,19.0,49.0,,,,,,,,,,,,,0.0,,1.0,11532.7998046875,,,,,,,,,,,,,,,,11695689.0,,,,,,,,,,0.0,3.1125645637512207,2636.60009765625,,,,,,,,,,,,""
7929415356,"08 ott 2022, 06:48:55",Corsa mattutina,Corsa,"",10345,"31,89",187.0,372,false,"",,activities/8477680995.fit.gz,,,10345.0,8677.0,31896.939453125,6.071875095367432,3.6760330200195312,167.0,153.0,247.39999389648438,302.0,11.998225212097168,-0.015048427507281303,,,105.0,76.655517578125,,166.5001678466797,,,2187.0,,19.0,372.0,,,,,,,,,,,,,0.0,,1.0,32166.900390625,,,,,,,,,,,,,,,,11695689.0,,,,,,,,,,0.0,3.0833194255828857,1554.5,,,,,,,,,,,,media/25fc151c-be8c-4585-97a9-340d001040ea.jpg
7947963406,"11 ott 2022, 17:00:19",Corsa serale,Corsa,,3955,"13,19",198.0,130,false,,,activities/8498720880.fit.gz,,,3955.0,3331.0,13198.5400390625,5.155726909637451,3.9623355865478516,48.0,39.0,126.19999694824219,151.1999969482422,5.963022232055664,-0.024245083332061768,,,98.0,75.58924102783203,,164.44595336914062,,,901.0,,19.0,130.0,,,,,,,,,,,,,0.0,,1.0,13291.5,,,,,,,,,,,,,,,,11695689.0,,,,,,,,,,0.0,3.3371782302856445,0.0,,,,,,,,,,,,""
7971518662,"16 ott 2022, 09:38:21",Corsa dell'ora di pranzo,Corsa,,6505,"19,48",189.0,256,false,,,activities/8525858130.fit.gz,,,6505.0,5778.0,19483.380859375,5.328027248382568,3.3719940185546875,372.0,364.0,901.7999877929688,1075.199951171875,20.109909057617188,0.010265158489346504,,,79.0,76.6346435546875,,167.48355102539062,,,1468.0,,22.0,256.0,,,,,,,,,,,,,0.0,,1.0,20454.400390625,,,,,,,,,,,,,,,,11695689.0,,,,,,,,,,0.0,2.9951393604278564,610.4000244140625,,,,,,,,,,,,""
7978242071,"17 ott 2022, 16:45:07",Corsa serale,Corsa,,2558,"9,31",187.0,99,false,,,activities/8533922089.fit.gz,,,2558.0,2551.0,9309.0400390625,5.390067100524902,3.649172782897949,27.0,31.0,126.19999694824219,141.60000610351562,11.859097480773926,-0.0021485802717506886,,,78.0,74.2712631225586,,164.12269592285156,,,690.0,,20.0,99.0,,,,,,,,,,,,,0.0,,1.0,9351.2001953125,,,,,,,,,,,,,,,,11695689.0,,,,,,,,,,0.0,3.6391868591308594,0.0,,,,,,,,,,,,""
7988855122,"19 ott 2022, 16:50:16",Corsa serale,Corsa,,3886,"13,96",178.0,56,false,,,activities/8545869515.fit.gz,,,3886.0,3771.0,13960.3701171875,5.174246788024902,3.702033758163452,43.0,48.0,129.8000030517578,147.1999969482422,7.262161731719971,-0.032950352877378464,,,81.0,76.461669921875,,146.63644409179688,,,802.0,,21.0,56.0,,,,,,,,,,,,,0.0,,1.0,14053.5,,,,,,,,,,,,,,,,11695689.0,,,,,,,,,,0.0,3.592478036880493,0.0,,,,,,,,,,,,""
8002156670,"22 ott 2022, 12:49:07",Corsa pomeridiana,Corsa,,3413,"10,81",176.0,110,false,,,activities/8560842662.fit.gz,,,3413.0,3413.0,10816.7197265625,5.106668949127197,3.1692702770233154,602.0,0.0,344.3999938964844,946.2000122070312,14.763326644897461,5.55621337890625,,,83.0,77.2459716796875,,160.01699829101562,,,898.0,,22.0,110.0,,,,,,,,,,,,,0.0,,1.0,13126.0,,,,,,,,,,,,,,,,11695689.0,,,,,,,,,,0.0,3.1692702770233154,0.0,,,,,,,,,,,,""
8013303806,"24 ott 2022, 16:51:07",Corsa serale,Corsa,,4335,"15,36",183.0,159,false,,,activities/8573628449.fit.gz,,,4335.0,4160.0,15362.720703125,4.67784309387207,3.6929616928100586,51.0,54.0,116.4000015258789,140.0,5.116936683654785,-0.042961180210113525,,,79.0,75.03728485107422,,163.77114868164062,,,1081.0,,21.0,159.0,,,,,,,,,,,,,0.0,,1.0,15407.599609375,,,,,,,,,,,,,,,,11695689.0,,,,,,,,,,0.0,3.5438802242279053,0.0,,,,,,,,,,,,""
8018926549,"25 ott 2022, 17:23:45",Corsa serale,Corsa,,2847,"4,93",168.0,33,false,,,activities/8579939288.fit.gz,,,2847.0,1493.0,4934.39990234375,5.443994045257568,3.305023431777954,36.0,30.0,172.8000030517578,187.1999969482422,14.790291786193848,-0.03647866100072861,,,82.0,74.15057373046875,,150.16822814941406,,,344.0,,17.0,33.0,,,,,,,,,,,,,0.0,,1.0,4999.5,,,,,,,,,,,,,,,,11695689.0,,,,,,,,,,0.0,1.7331929206848145,3940.800048828125,,,,,,,,,,,,""
8018926732,"25 ott 2022, 19:01:32",Nuotata notturna,Nuotata,,2120,1.350,,,false,,,activities/8579939510.fit.gz,,,2120.0,1449.0,1350.0,4.545454502105713,0.9316770434379578,0.0,,,,0.0,0.0,,,33.0,29.2496280670166,,,,,330.0,,25.0,,,,,,,,,,,,,,0.0,,1.0,,,,,,,,,,,,,,,,,,,,,,,,,,,0.0,0.6367924809455872,0.0,,,,,,,,,,,,""
8035956207,"29 ott 2022, 07:23:06",Corsa mattutina,Corsa,,9703,"31,24",187.0,341,false,,,activities/8599168082.fit.gz,,,9703.0,8616.0,31242.390625,7.0128350257873535,3.6260898113250732,147.0,131.0,222.1999969482422,292.20001220703125,13.26891803741455,-0.007041753735393286,,,105.0,77.00116729736328,,164.1461181640625,,,2074.0,,20.0,341.0,,,,,,,,,,,,,0.0,,1.0,31494.0,,,,,,,,,,,,,,,,11695689.0,,,,,,,,,,0.0,3.2198691368103027,11094.0,,,,,,,,,,,,""
8043276505,"30 ott 2022, 08:49:15",Escursione mattutina,Escursione,"",8518,"6,26",160.0,41,false,,,activities/8607561609.fit.gz,,,8518.0,6728.0,6262.08984375,2.1183269023895264,0.9307505488395691,546.0,465.0,1687.5999755859375,2178.800048828125,49.99882507324219,1.188102126121521,,,80.0,50.944156646728516,,120.31037139892578,,,893.0,,25.0,41.0,,,,,,,,,,,0.0,,0.0,,1.0,,,,,,,,,,,,,,,,,11695689.0,,,,,,,,,,0.0,0.7351596355438232,6262.10009765625,,,,,,,,,,,,media/D8DCE4E0-AA46-46DB-9E2E-5D2CE9816179.jpg
8046585190,"31 ott 2022, 08:01:24",Corsa mattutina,Corsa,,6394,"17,44",196.0,135,false,,,activities/8611439625.fit.gz,,,6394.0,4149.0,17445.990234375,6.230078220367432,4.204866409301758,110.0,67.0,297.3999938964844,317.0,9.190155982971191,0.06993018090724945,,,85.0,79.07791137695312,,158.7696075439453,,,986.0,,19.0,135.0,,,,,,,,,,,,,0.0,,1.0,17716.19921875,,,,,,,,,,,,,,,,11695689.0,,,,,,,,,,0.0,2.7284939289093018,2664.39990234375,,,,,,,,,,,,""
8059493003,"02 nov 2022, 18:03:30",Corsa serale,Corsa,Burrata & nduja,2258,"8,29",186.0,67,false,,,activities/8626032742.fit.gz,,,2258.0,2258.0,8298.9599609375,5.542004585266113,3.675358772277832,26.0,28.0,131.39999389648438,146.8000030517578,5.5400848388671875,-0.04337881878018379,,,107.0,74.94964599609375,,157.23910522460938,,,584.0,,17.0,67.0,,,,,,,,,,,0.0,,0.0,,1.0,8320.099609375,,,,,,,,,,,,,,,,11695689.0,,,,,,,,,,0.0,3.675358772277832,0.0,,,,,,,,,,,,media/80CC3BB2-38DD-48D8-B6E1-1C3286818F76.jpg
8072637347,"05 nov 2022, 14:34:24",Corsa pomeridiana,Corsa,"Ginocchio in fiamme 🤷🏻‍♂️
Ritirata 🙈",2329,"6,02",170.0,38,false,,,activities/8640860887.fit.gz,,,2329.0,1726.0,6024.9501953125,5.518351078033447,3.490701198577881,129.0,155.0,901.0,1030.0,38.59090805053711,-0.3053971230983734,,,83.0,76.30702209472656,,150.16453552246094,,,408.0,,16.0,38.0,,,,,,,,,,,0.0,,0.0,,1.0,6492.5,,,,,,,,,,,,,,,,11695689.0,,,,,,,,,,0.0,2.586925745010376,406.70001220703125,,,,,,,,,,,,""
8089316633,"08 nov 2022, 18:23:13",Corsa serale,Corsa,,2686,"6,80",176.0,59,false,,,activities/8659808825.fit.gz,,,2686.0,2338.0,6800.94970703125,6.001953125,2.908874988555908,90.0,41.0,194.60000610351562,259.20001220703125,48.52661895751953,0.26466891169548035,,,106.0,72.93801879882812,,154.44410705566406,,,583.0,,14.0,59.0,,,,,,,,,,,,,0.0,,1.0,7141.89990234375,,,,,,,,,,,,,,,,11695689.0,,,,,,,,,,0.0,2.531999111175537,2208.5,,,,,,,,,,,,""
8089316924,"08 nov 2022, 19:58:14",Nuotata serale,Nuotata,,3212,1.350,,,false,,,activities/8659809164.fit.gz,,,3212.0,1555.0,1350.0,2.040816307067871,0.8681672215461731,0.0,,,,0.0,0.0,,,35.0,28.706146240234375,,,,,344.0,,25.0,,,,,,,,,,,,,,0.0,,1.0,,,,,,,,,,,,,,,,,,,,,,,,,,,0.0,0.42029887437820435,0.0,,,,,,,,,,,,""
8123506928,"15 nov 2022, 18:25:29",Corsa serale,Corsa,"Un’ autonomia da 5 km 🤷🏻‍♂️
Ci consoliamo con un asiago e porchetta",1605,"4,55",172.0,41,false,,,activities/8698545354.fit.gz,,,1605.0,1413.0,4558.14013671875,5.008571147918701,3.2258598804473877,28.0,22.0,361.20001220703125,373.6000061035156,5.076174259185791,-0.09653046727180481,,,78.0,72.09357452392578,,156.30227661132812,,,362.0,,14.0,41.0,,,,,,,,,,,0.0,,0.0,,1.0,4603.39990234375,,,,,,,,,,,,,,,,11695689.0,,,,,,,,,,0.0,2.8399624824523926,3593.199951171875,,,,,,,,,,,,media/546CC27A-95EE-465C-B0B1-906733E25C2D.jpg
8123507234,"15 nov 2022, 19:58:26",Nuotata serale,Nuotata,,2609,1.350,,,false,,,activities/8698545692.fit.gz,,,2609.0,1619.0,1350.0,2.4815127849578857,0.8338480591773987,0.0,,,,0.0,0.0,,,40.0,28.71455955505371,,,,,332.0,,25.0,,,,,,,,,,,,,,0.0,,1.0,,,,,,,,,,,,,,,,,,,,,,,,,,,0.0,0.517439603805542,0.0,,,,,,,,,,,,""
8139136333,"19 nov 2022, 08:24:15",Giro mattutino,Ciclismo,"",12596,"76,18",183.0,162,false,,Scott Solace,activities/8716111780.fit.gz,,8.0,12596.0,11706.0,76182.984375,18.567968368530273,6.508028507232666,1455.0,1514.0,595.5999755859375,1361.800048828125,20.8192138671875,-0.10763558745384216,,,,,,137.5962371826172,,,1944.0,,14.0,162.0,,,,,,,,,,,0.0,,0.0,,1.0,,,,,,,,,,,,,,,,9305237.0,,,,,,,,,,,0.0,6.04818868637085,0.0,,,,,,,,,,,,""
8154991623,"22 nov 2022, 18:18:53",Corsa serale,Corsa,"",1209,"3,64",185.0,43,false,,,activities/8734131427.fit.gz,,,1209.0,1095.0,3645.47998046875,4.130029201507568,3.3292055130004883,27.0,16.0,174.8000030517578,193.1999969482422,13.487569808959961,0.18653203547000885,,,77.0,73.05422973632812,,163.32176208496094,,,298.0,,17.0,43.0,,,,,,,,,,,0.0,,0.0,,1.0,3732.39990234375,,,,,,,,,,,,,,,,11695689.0,,,,,,,,,,0.0,3.0152852535247803,3010.60009765625,,,,,,,,,,,,""
8154991810,"22 nov 2022, 19:56:37",Nuotata serale,Nuotata,"",2274,1.625,,,false,,,activities/8734131617.fit.gz,,,2274.0,1680.0,1625.0,1.4322916269302368,0.9672619104385376,0.0,,,,0.0,0.0,,,34.0,27.944494247436523,,,,,404.0,,25.0,,,,,,,,,,,,0.0,,0.0,,1.0,,,,,,,,,,,,,,,,,,,,,,,,,,,0.0,0.7145998477935791,0.0,,,,,,,,,,,,""
8186719346,"29 nov 2022, 19:58:35",Nuotata serale,Nuotata,"",2898,1.600,,,false,,,activities/8769865238.fit.gz,,,2898.0,1597.0,1600.0,3.3068253993988037,1.0018784999847412,0.0,,,,0.0,0.0,,,29.0,25.992464065551758,,,,,399.0,,24.0,,,,,,,,,,,,0.0,,0.0,,1.0,,,,,,,,,,,,,,,,,,,,,,,,,,,0.0,0.5521048903465271,0.0,,,,,,,,,,,,""
8186720283,"29 nov 2022, 18:23:36",Corsa serale,Corsa,"",2490,"5,12",178.0,41,false,,,activities/8769866252.fit.gz,,,2490.0,1592.0,5122.8701171875,6.515966892242432,3.2178831100463867,45.0,24.0,177.0,193.0,33.83576202392578,0.13664215803146362,,,89.0,73.20569610595703,,154.35134887695312,,,385.0,,11.0,41.0,,,,,,,,,,,0.0,,0.0,,1.0,5253.2998046875,,,,,,,,,,,,,,,,11695689.0,,,,,,,,,,0.0,2.057377576828003,4197.2998046875,,,,,,,,,,,,""
8242391871,"06 dic 2022, 18:22:31",Corsa serale,Corsa,,2280,"3,97",171.0,18,false,,,activities/8833086245.fit.gz,,,2280.0,1149.0,3972.840087890625,5.258008003234863,3.4576501846313477,37.0,18.0,177.8000030517578,202.8000030517578,12.455608367919922,0.4983840882778168,,,82.0,73.92749786376953,,145.76768493652344,,,256.0,,12.0,18.0,,,,,,,,,,,,,0.0,,1.0,4069.300048828125,,,,,,,,,,,,,,,,11695689.0,,,,,,,,,,0.0,1.7424737215042114,3038.89990234375,,,,,,,,,,,,""
8242391905,"06 dic 2022, 20:07:28",Nuotata notturna,Nuotata,,2096,1.250,,,false,,,activities/8833086265.fit.gz,,,2096.0,1270.0,1250.0,0.9259259104728699,0.9842519760131836,0.0,,,,0.0,0.0,,,33.0,29.500518798828125,,,,,311.0,,25.0,,,,,,,,,,,,,,0.0,,1.0,,,,,,,,,,,,,,,,,,,,,,,,,,,0.0,0.5963740348815918,0.0,,,,,,,,,,,,""
8245279458,"13 dic 2022, 19:59:14",Nuotata serale,Nuotata,"",2617,1.525,,,false,,,activities/8836297494.fit.gz,,,2617.0,1613.0,1525.0,1.8145161867141724,0.9454432725906372,0.0,,,,0.0,0.0,,,29.0,26.811147689819336,,,,,380.0,,25.0,,,,,,,,,,,,0.0,,0.0,,1.0,,,,,,,,,,,,,,,,,,,,,,,,,,,0.0,0.5827283263206482,0.0,,,,,,,,,,,,""
8245279591,"13 dic 2022, 18:23:39",Corsa serale,Corsa,"",2731,"5,95",187.0,65,false,,,activities/8836297618.fit.gz,,,2731.0,1729.0,5951.39990234375,5.599999904632568,3.442105293273926,57.0,27.0,177.8000030517578,203.8000030517578,15.999958992004395,0.3293341398239136,,,79.0,74.29336547851562,,161.91209411621094,,,454.0,,11.0,65.0,,,,,,,,,,,0.0,,0.0,,1.0,6117.7001953125,,,,,,,,,,,,,,,,11695689.0,,,,,,,,,,0.0,2.179201602935791,4970.2001953125,,,,,,,,,,,,media/D64FD8A4-0806-4217-A0E5-BB6F88E871D4.jpg
8268084676,"16 dic 2022, 16:30:04",Nuotata pomeridiana,Nuotata,,3478,2.500,,,false,,,activities/8862042311.fit.gz,,,3478.0,2490.0,2500.0,1.6949152946472168,1.0040160417556763,0.0,,,,0.0,0.0,,,32.0,29.115562438964844,,,,,610.0,,24.0,,,,,,,,,,,,,,0.0,,1.0,,,,,,,,,,,,,,,,,,,,,,,,,,,0.0,0.718803882598877,0.0,,,,,,,,,,,,""
8268084948,"19 dic 2022, 16:31:59",Nuotata pomeridiana,Nuotata,,3255,2.500,,,false,,,activities/8862042590.fit.gz,,,3255.0,2491.0,2500.0,1.5822784900665283,1.003612995147705,0.0,,,,0.0,0.0,,,34.0,30.021684646606445,,,,,612.0,,25.0,,,,,,,,,,,,,,0.0,,1.0,,,,,,,,,,,,,,,,,,,,,,,,,,,0.0,0.7680491805076599,0.0,,,,,,,,,,,,""
8372875170,"20 dic 2022, 19:59:01",Nuotata serale,Nuotata,,2210,825,,,false,,,activities/8980281248.fit.gz,,,2210.0,821.0,825.0,1.1834319829940796,1.0048720836639404,0.0,,,,0.0,0.0,,,33.0,26.32083511352539,,,,,209.0,,25.0,,,,,,,,,,,,,,0.0,,1.0,,,,,,,,,,,,,,,,,,,,,,,,,,,0.0,0.3733031749725342,0.0,,,,,,,,,,,,""
8372875293,"10 gen 2023, 19:59:18",Nuotata serale,Nuotata,"",2452,1.425,,,false,,,activities/8980281385.fit.gz,,,2452.0,1532.0,1425.0,2.8985507488250732,0.9301566481590271,0.0,,,,0.0,0.0,,,31.0,26.462976455688477,,,,,367.0,,26.0,,,,,,,,,,,,0.0,,0.0,,1.0,,,,,,,,,,,,,,,,,,,,,,,,,,,0.0,0.5811582207679749,0.0,,,,,,,,,,,,""
8408730533,"17 gen 2023, 18:19:30",Corsa serale,Corsa,"",2609,"7,80",184.0,79,false,,,activities/9020088839.fit.gz,,,2609.0,2426.0,7804.43017578125,4.383382320404053,3.2169952392578125,62.0,38.0,177.1999969482422,197.60000610351562,16.3265438079834,0.09225525707006454,,,99.0,72.79652404785156,,158.7411346435547,,,615.0,,11.0,79.0,,,,,,,,,,,0.0,,0.0,,1.0,7938.39990234375,,,,,,,,,,,,,,,,11695689.0,,,,,,,,,,0.0,2.991349220275879,2989.60009765625,,,,5902.0,,,,,,,,""
8408730722,"17 gen 2023, 19:59:50",Nuotata serale,Nuotata,"",2295,1.525,,,false,,,activities/9020089050.fit.gz,,,2295.0,1641.0,1525.0,1.8518518209457397,0.9293113946914673,0.0,,,,0.0,0.0,,,32.0,28.059825897216797,,,,,385.0,,25.0,,,,,,,,,,,,0.0,,0.0,,1.0,,,,,,,,,,,,,,,,,,,,,,,,,,,0.0,0.6644880175590515,0.0,,,,,,,,,,,,""
8423615648,"20 gen 2023, 16:29:09",Nuotata pomeridiana,Nuotata,"",3271,2.350,,,false,,,activities/9036524031.fit.gz,,,3271.0,2376.0,2350.0,2.5362319946289062,0.9890572428703308,0.0,,,,0.0,0.0,,,33.0,27.546457290649414,,,,,586.0,,25.0,,,,,,,,,,,,0.0,,0.0,,1.0,,,,,,,,,,,,,,,,,,,,,,,,,,,0.0,0.718434751033783,0.0,,,,,,,,,,,,""
8446340261,"24 gen 2023, 18:23:42",Corsa serale,Corsa,Zucca,1982,"5,06",172.0,44,false,,,activities/9061766892.fit.gz,,,1982.0,1631.0,5061.25,6.220019340515137,3.1031577587127686,69.0,48.0,174.0,202.60000610351562,26.694055557250977,0.059273891150951385,,,100.0,72.85687255859375,,154.42092895507812,,,393.0,,13.0,44.0,,,,,,,,,,,0.0,,0.0,,1.0,5311.5,,,,,,,,,,,,,,,,11695689.0,,,,,,,,,,0.0,2.55360746383667,1878.0,,,,3938.0,,,,,,,,media/7787DC70-B897-4C03-B8E7-107846BAFEF9.jpg
8446340522,"24 gen 2023, 19:57:29",Nuotata serale,Nuotata,"",2570,1.525,,,false,,,activities/9061767177.fit.gz,,,2570.0,1588.0,1525.0,6.9003586769104,0.9603274464607239,0.0,,,,0.0,0.0,,,35.0,29.537948608398438,,,,,384.0,,24.0,,,,,,,,,,,,0.0,,0.0,,1.0,,,,,,,,,,,,,,,,,,,,,,,,,,,0.0,0.5933852195739746,0.0,,,,,,,,,,,,""
8484291513,"27 gen 2023, 16:25:05",Nuotata pomeridiana,Nuotata,,1869,1.550,,,false,,,activities/9103862767.fit.gz,,,1869.0,1582.0,1550.0,2.160493850708008,0.9797724485397339,0.0,,,,0.0,0.0,,,32.0,27.95226287841797,,,,,386.0,,25.0,,,,,,,,,,,,,,0.0,,1.0,,,,,,,,,,,,,,,,,,,,,,,,,,,0.0,0.82932049036026,0.0,,,,,,,,,,,,""
8484292199,"31 gen 2023, 18:27:35",Corsa serale,Corsa,"",2207,"5,95",178.0,61,false,,,activities/9103863517.fit.gz,,,2207.0,1823.0,5958.77001953125,6.547997951507568,3.2686614990234375,0.0,0.0,1168.4000244140625,1168.5999755859375,0.8307067155838013,0.0033555778209120035,,,119.0,74.61188507080078,,160.84292602539062,,,465.0,,26.0,61.0,,,,,,,,,,,0.0,,0.0,,1.0,5959.0,,,,,,,,,,,,,,,,11695689.0,,,,,,,,,,0.0,2.6999411582946777,2667.0,,,,4418.0,,,,,,,,""
8484292538,"31 gen 2023, 19:57:21",Nuotata serale,Nuotata,"",2255,1.250,,,false,,,activities/9103863878.fit.gz,,,2255.0,1236.0,1250.0,1.2886598110198975,1.0113269090652466,0.0,,,,0.0,0.0,,,32.0,27.930864334106445,,,,,311.0,,26.0,,,,,,,,,,,,0.0,,0.0,,1.0,,,,,,,,,,,,,,,,,,,,,,,,,,,0.0,0.5543237328529358,0.0,,,,,,,,,,,,""
8519627602,"03 feb 2023, 18:43:24",Escursione serale,Escursione,"",3049,"2,12",162.0,24,false,,,activities/9144360823.fit.gz,,,3049.0,2670.0,2127.0,1.682861328125,0.7966291904449463,423.0,3.0,1206.0,1646.5999755859375,49.815879821777344,20.62999725341797,,,79.0,45.212276458740234,,128.94293212890625,,,418.0,,15.0,24.0,,,,,,,,,,,0.0,,0.0,,1.0,,,,,,,,,,,,,,,,,11695689.0,,,,,,,,,,0.0,0.6976057887077332,1179.699951171875,,,,,,,,,,,,""
8519627735,"06 feb 2023, 18:20:00",Corsa serale,Corsa,"",2379,"8,24",175.0,59,false,,,activities/9144361026.fit.gz,,,2379.0,2253.0,8239.1103515625,4.920003414154053,3.6569507122039795,37.0,19.0,131.60000610351562,152.1999969482422,6.973495006561279,0.20147795975208282,,,103.0,74.81580352783203,,153.86062622070312,,,548.0,,8.0,59.0,,,,,,,,,,,0.0,,0.0,,1.0,8311.599609375,,,,,,,,,,,,,,,,11695689.0,,,,,,,,,,0.0,3.463266134262085,159.1999969482422,,,,5622.0,,,,,,,,""
8523105218,"07 feb 2023, 18:19:44",Corsa serale,Corsa,"",2723,"7,58",174.0,69,false,,,activities/9148177781.fit.gz,,,2723.0,2243.0,7588.25,5.420003414154053,3.3830807209014893,84.0,33.0,194.60000610351562,221.8000030517578,12.968345642089844,0.19503821432590485,,,79.0,74.24674987792969,,158.47837829589844,,,560.0,,9.0,69.0,,,,,,,,,,,0.0,,0.0,,1.0,7787.7001953125,,,,,,,,,,,,,,,,11695689.0,,,,,,,,,,0.0,2.786724090576172,3212.60009765625,,,,5544.0,,,,,,,,""
8523105340,"07 feb 2023, 19:59:53",Nuotata serale,Nuotata,"",2352,1.575,,,false,,,activities/9148177933.fit.gz,,,2352.0,1623.0,1575.0,1.8348623514175415,0.9704251289367676,0.0,,,,0.0,0.0,,,33.0,27.925275802612305,,,,,399.0,,25.0,,,,,,,,,,,,0.0,,0.0,,1.0,,,,,,,,,,,,,,,,,,,,,,,,,,,0.0,0.6696428656578064,0.0,,,,,,,,,,,,""
8555814673,"10 feb 2023, 16:47:19",Nuotata pomeridiana,Nuotata,,1335,1.100,,,false,,,activities/9184616084.fit.gz,,,1335.0,1137.0,1100.0,1.8382352590560913,0.9674582481384277,0.0,,,,0.0,0.0,,,33.0,28.026521682739258,,,,,280.0,,25.0,,,,,,,,,,,,,,0.0,,1.0,,,,,,,,,,,,,,,,,,,,,,,,,,,0.0,0.8239700198173523,0.0,,,,,,,,,,,,""
8555815923,"13 feb 2023, 17:48:27",Corsa serale,Corsa,"",2929,"10,42",181.0,96,false,,,activities/9184617518.fit.gz,,,2929.0,2825.0,10420.83984375,6.550000190734863,3.6887929439544678,42.0,40.0,135.1999969482422,154.39999389648438,4.9170379638671875,0.0019193482585251331,,,78.0,74.78561401367188,,160.9033660888672,,,728.0,,15.0,96.0,,,,,,,,,,,0.0,,0.0,,1.0,10462.099609375,,,,,,,,,,,,,,,,11695689.0,,,,,,,,,,0.0,3.557814836502075,325.0,,,,7056.0,,,,,,,,""
8562032949,"14 feb 2023, 18:18:03",Corsa serale,Corsa,"",3060,"8,26",176.0,70,false,,,activities/9191501796.fit.gz,,,3060.0,2631.0,8266.7001953125,6.700048923492432,3.1420371532440186,65.0,41.0,194.60000610351562,226.60000610351562,12.173859596252441,0.09435431659221649,,,88.0,72.42403411865234,,155.29660034179688,,,635.0,,12.0,70.0,,,,,,,,,,,0.0,,0.0,,1.0,8424.5,,,,,,,,,,,,,,,,11695689.0,,,,,,,,,,0.0,2.701535940170288,2161.39990234375,,,,6350.0,,,,,,,,""
8562033396,"14 feb 2023, 19:58:52",Nuotata serale,Nuotata,"",2198,1.400,,,false,,,activities/9191502301.fit.gz,,,2198.0,1355.0,1400.0,1.1538461446762085,1.033210277557373,0.0,,,,0.0,0.0,,,34.0,28.28282928466797,,,,,349.0,,24.0,,,,,,,,,,,,0.0,,0.0,,1.0,,,,,,,,,,,,,,,,,,,,,,,,,,,0.0,0.6369426846504211,0.0,,,,,,,,,,,,""
8594684452,"20 feb 2023, 19:13:52",Corsa serale,Corsa,,2689,"9,03",174.0,77,false,,,activities/9227052981.fit.gz,,,2689.0,2581.0,9030.400390625,6.199999809265137,3.4987990856170654,118.0,109.0,993.5999755859375,1021.5999755859375,13.829968452453613,0.07751594483852386,,,77.0,74.0980224609375,,157.58132934570312,,,642.0,,9.0,77.0,,,,,,,,,,,,,0.0,,1.0,9292.599609375,,,,,,,,,,,,,,,,11695689.0,,,,,,,,,,0.0,3.3582746982574463,0.0,,,,6394.0,,,,,,,,""
8599737184,"21 feb 2023, 17:33:14",Corsa serale,Corsa,,1542,"5,39",175.0,23,false,,,activities/9232398171.fit.gz,,,1542.0,1515.0,5390.81005859375,5.1400146484375,3.558290481567383,72.0,83.0,1003.5999755859375,1027.800048828125,10.41202163696289,-0.18179063498973846,,,79.0,74.75511932373047,,144.27920532226562,,,332.0,,12.0,23.0,,,,,,,,,,,,,0.0,,1.0,5504.89990234375,,,,,,,,,,,,,,,,11695689.0,,,,,,,,,,0.0,3.495985746383667,0.0,,,,3788.0,,,,,,,,""
8610716554,"23 feb 2023, 16:49:30",Nuotata pomeridiana,Nuotata,"",2824,2.225,,,false,,,activities/9243952915.fit.gz,,,2824.0,2244.0,2225.0,4.629629611968994,0.9915329813957214,0.0,,,,0.0,0.0,,,32.0,29.48383903503418,,,,,543.0,,25.0,,,,,,,,,,,,0.0,,0.0,,1.0,,,,,,,,,,,,,,,,,,,,,,,,,,,0.0,0.7878895401954651,0.0,,,,,,,,,,,,""
8632636189,"27 feb 2023, 18:12:59",Sessione di sci nordico serale,Sci nordico,"",6022,"5,72",164.0,22,false,,,activities/9267090629.fit.gz,,,6022.0,3819.0,5726.5498046875,9.666015625,1.4994893074035645,764.0,671.0,970.4000244140625,1132.0,49.75100326538086,0.0,,,98.0,65.7223892211914,,115.47124481201172,,,466.0,,14.0,22.0,,,,,,,,,,,0.0,,0.0,,1.0,,,,,,,,,,,,,,,,,,,,,,,,,,,0.0,0.9509381651878357,0.0,,,,,,,,,,,,""
8643200579,"01 mar 2023, 17:22:55",Corsa serale,Corsa,,2773,"9,00",181.0,88,false,,,activities/9278132927.fit.gz,,,2773.0,2486.0,9007.9501953125,6.277929782867432,3.62347149848938,124.0,119.0,1002.0,1042.0,12.810062408447266,-0.051066409796476364,,,78.0,75.34854888916016,,161.57447814941406,,,646.0,,5.0,88.0,,,,,,,,,,,,,0.0,,1.0,9274.599609375,,,,,,,,,,,,,,,,11695689.0,,,,,,,,,,0.0,3.2484493255615234,0.0,,,,6248.0,,,,,,,,""
8654564644,"03 mar 2023, 17:04:14",Nuotata serale,Nuotata,"",2773,2.450,,,false,,,activities/9290011744.fit.gz,,,2773.0,2405.0,2450.0,2.934567451477051,1.018710970878601,0.0,,,,0.0,0.0,,,31.0,28.502456665039062,,,,,597.0,,25.0,,,,,,,,,,,,0.0,,0.0,,1.0,,,,,,,,,,,,,,,,,,,,,,,,,,,0.0,0.8835196495056152,0.0,,,,,,,,,,,,""
8671295293,"06 mar 2023, 17:24:59",Corsa serale,Corsa,"",3088,"10,03",179.0,110,false,,,activities/9308154149.fit.gz,,,3088.0,3017.0,10037.25,5.170003414154053,3.326897621154785,188.0,189.0,987.7999877929688,1078.199951171875,12.352295875549316,-0.07173291593790054,,,78.0,74.20099639892578,,162.5006561279297,,,782.0,,8.0,110.0,,,,,,,,,,,0.0,,0.0,,1.0,10457.7001953125,,,,,,,,,,,,,,,,11695689.0,,,,,,,,,,0.0,3.2504048347473145,38.099998474121094,,,,7484.0,,,,,,,,""
8687283298,"08 mar 2023, 17:03:36",Nuotata serale,Nuotata,,2031,1.600,,,false,,,activities/9324856952.fit.gz,,,2031.0,1599.0,1600.0,2.09424090385437,1.0006253719329834,0.0,,,,0.0,0.0,,,33.0,26.524202346801758,,,,,399.0,,25.0,,,,,,,,,,,,,,0.0,,1.0,,,,,,,,,,,,,,,,,,,,,,,,,,,0.0,0.7877892851829529,0.0,,,,,,,,,,,,""
8687283605,"09 mar 2023, 17:30:59",Corsa serale,Corsa,,3138,"9,81",181.0,93,false,,,activities/9324857206.fit.gz,,,3138.0,2802.0,9817.400390625,6.642041206359863,3.503711700439453,171.0,182.0,983.5999755859375,1070.4000244140625,19.15998077392578,-0.1751992553472519,,,97.0,75.5798110961914,,160.1999969482422,,,707.0,,15.0,93.0,,,,,,,,,,,,,0.0,,1.0,10180.599609375,,,,,,,,,,,,,,,,11695689.0,,,,,,,,,,0.0,3.1285533905029297,56.5,,,,7050.0,,,,,,,,""
8692132669,"10 mar 2023, 16:33:59",Nuotata pomeridiana,Nuotata,"",3195,2.425,,,false,,,activities/9329920303.fit.gz,,,3195.0,2307.0,2425.0,7.6086955070495605,1.0511486530303955,0.0,,,,0.0,0.0,,,35.0,27.519561767578125,,,,,596.0,,25.0,,,,,,,,,,,,0.0,,0.0,,1.0,,,,,,,,,,,,,,,,,,,,,,,,,,,0.0,0.758998453617096,0.0,,,,,,,,,,,,""
8702893618,"12 mar 2023, 12:52:05",Escursione pomeridiana,Escursione,,7003,"8,41",178.0,103,false,,,activities/9341226743.fit.gz,,,7003.0,6906.0,8412.0,2.610058546066284,1.2180712223052979,703.0,695.0,1000.5999755859375,1517.800048828125,49.740684509277344,0.023775558918714523,,,118.0,51.47291946411133,,141.30860900878906,,,1086.0,,19.0,103.0,,,,,,,,,,,,,0.0,,1.0,,,,,,,,,,,,,,,,,11695689.0,,,,,,,,,,0.0,1.2011995315551758,6641.89990234375,,,,,,,,,,,,""
8719976449,"13 mar 2023, 17:48:41",Corsa serale,Corsa,,2914,"8,51",174.0,71,false,,,activities/9359371053.fit.gz,,,2914.0,2722.0,8515.8701171875,5.690011024475098,3.1285340785980225,192.0,184.0,906.2000122070312,1035.4000244140625,32.94723129272461,0.018788164481520653,,,78.0,70.97743225097656,,154.8585205078125,,,630.0,,13.0,71.0,,,,,,,,,,,,,0.0,,1.0,9105.400390625,,,,,,,,,,,,,,,,11695689.0,,,,,,,,,,0.0,2.922398805618286,381.5,,,,6440.0,,,,,,,,""
8719976637,"15 mar 2023, 17:46:17",Corsa serale,Corsa,,2823,"9,69",175.0,81,false,,,activities/9359371357.fit.gz,,,2823.0,2761.0,9694.150390625,6.503336429595947,3.511101245880127,191.0,185.0,1003.0,1091.0,17.745285034179688,0.07220786064863205,,,107.0,76.38182830810547,,157.0470428466797,,,666.0,,8.0,81.0,,,,,,,,,,,,,0.0,,1.0,10144.7001953125,,,,,,,,,,,,,,,,11695689.0,,,,,,,,,,0.0,3.4339888095855713,49.400001525878906,,,,7014.0,,,,,,,,""
8730914171,"17 mar 2023, 17:29:50",Nuotata serale,Nuotata,"",2346,2.000,,,false,,,activities/9370882815.fit.gz,,,2346.0,1969.0,2000.0,2.5,1.0157440900802612,0.0,,,,0.0,0.0,,,31.0,27.085044860839844,,,,,494.0,,25.0,,,,,,,,,,,,0.0,,0.0,,1.0,,,,,,,,,,,,,,,,,,,,,,,,,,,0.0,0.852514922618866,0.0,,,,,,,,,,,,""
8734641724,"18 mar 2023, 09:35:35",Prima uscita ,Ciclismo,Turista per Berghem de süra,11454,"68,04",168.0,79,false,,Scott Solace,activities/9374819965.fit.gz,,8.0,11454.0,10084.0,68039.9609375,18.589941024780273,6.747318744659424,1047.0,1039.0,231.1999969482422,1007.2000122070312,31.063749313354492,0.009406273253262043,,,,,,128.19894409179688,,,1366.0,,15.0,79.0,,,,,,,,,,,0.0,,0.0,,1.0,,,,,,,,,,,,,,,,9305237.0,,,,,,,,,,,0.0,5.940279483795166,543.5,,,,,,,,,,,,""
8743008051,"19 mar 2023, 14:29:18",Escursione pomeridiana,Escursione,,8923,"11,19",170.0,115,false,,,activities/9383656339.fit.gz,,,8923.0,8867.0,11191.669921875,3.8800292015075684,1.2621710300445557,888.0,880.0,1000.5999755859375,1524.4000244140625,49.88789367675781,0.07326888293027878,,,121.0,52.15729522705078,,134.89315795898438,,,1324.0,,13.0,115.0,,,,,,,,,,,,,0.0,,1.0,,,,,,,,,,,,,,,,,11695689.0,,,,,,,,,,0.0,1.2542496919631958,9263.099609375,,,,,,,,,,,,""
8753871105,"21 mar 2023, 17:33:24",Corsa serale,Corsa,,2854,"9,86",179.0,80,false,,,activities/9395077977.fit.gz,,,2854.0,2854.0,9865.2802734375,5.840039253234863,3.4566502571105957,175.0,182.0,971.7999877929688,1056.800048828125,13.582008361816406,-0.05473705008625984,,,79.0,75.41485595703125,,156.06446838378906,,,697.0,,15.0,80.0,,,,,,,,,,,,,0.0,,1.0,10251.599609375,,,,,,,,,,,,,,,,11695689.0,,,,,,,,,,0.0,3.4566502571105957,42.5,,,,7174.0,,,,,,,,""
8760755661,"22 mar 2023, 19:43:53",Corsa serale,Corsa,"",5832,"10,23",175.0,65,false,,,activities/9402269804.fit.gz,,,5832.0,3129.0,10229.91015625,7.411661624908447,3.2693865299224854,183.0,159.0,224.0,380.79998779296875,47.059505462646484,0.021505534648895264,,,101.0,74.49886322021484,,148.73170471191406,,,676.0,,17.0,65.0,,,,,,,,,,,0.0,,0.0,,1.0,10920.0,,,,,,,,,,,,,,,,11695689.0,,,,,,,,,,0.0,1.7540998458862305,2025.300048828125,,,,7770.0,,,,,,,,""
8804222956,"30 mar 2023, 16:50:20",Corsa serale,Corsa,,1334,"4,62",174.0,34,false,,,activities/9448093724.fit.gz,,,1334.0,1330.0,4623.509765625,5.613321781158447,3.476323127746582,113.0,59.0,1034.5999755859375,1120.199951171875,21.108177185058594,1.1765958070755005,,,78.0,74.4324722290039,,154.58810424804688,,,330.0,,12.0,34.0,,,,,,,,,,,,,0.0,,1.0,4988.60009765625,,,,,,,,,,,,,,,,11695689.0,,,,,,,,,,0.0,3.4658994674682617,0.0,,,,3306.0,,,,,,,,""
8804222978,"26 mar 2023, 16:26:11",Escursione serale,Escursione,,6100,"7,34",165.0,53,false,,,activities/9448093644.fit.gz,,,6100.0,5605.0,7342.51025390625,3.5580077171325684,1.3099929094314575,482.0,470.0,1000.5999755859375,1345.0,49.659706115722656,0.2124619036912918,,,120.0,50.99337387084961,,128.40377807617188,,,790.0,,14.0,53.0,,,,,,,,,,,,,0.0,,1.0,,,,,,,,,,,,,,,,,11695689.0,,,,,,,,,,0.0,1.2036901712417603,4376.5,,,,,,,,,,,,""
8826239186,"03 apr 2023, 16:44:37",Escursione serale,Escursione,,3520,"5,23",170.0,44,false,,,activities/9471305063.fit.gz,,,3520.0,3520.0,5233.22021484375,3.173999071121216,1.4867103099822998,312.0,305.0,1039.5999755859375,1330.0,46.78469467163086,0.1184752956032753,,,99.0,51.44354248046875,,134.26571655273438,,,561.0,,13.0,44.0,,,,,,,,,,,,,0.0,,1.0,,,,,,,,,,,,,,,,,11695689.0,,,,,,,,,,0.0,1.4867103099822998,3212.5,,,,,,,,,,,,""
8843724525,"06 apr 2023, 16:13:45",Nuotata serale,Nuotata,"",2925,2.450,,,false,,,activities/9489672945.fit.gz,,,2925.0,2522.0,2450.0,2.9679460525512695,0.9714512228965759,0.0,,,,0.0,0.0,,,32.0,28.94375991821289,,,,,602.0,,25.0,,,,,,,,,,,,0.0,,0.0,,1.0,,,,,,,,,,,,,,,,,,,,,,,,,,,0.0,0.8376068472862244,0.0,,,,,,,,,,,,""
8852553131,"08 apr 2023, 07:24:02",Che calvario !,Ciclismo,Al massimo della fuori forma,9298,"51,78",173.0,65,false,,Scott Solace,activities/9498937446.fit.gz,,8.0,9298.0,8471.0,51781.16015625,16.827930450439453,6.112756252288818,1071.0,1055.0,358.20001220703125,1095.199951171875,27.161685943603516,0.020857101306319237,,,,,,128.83290100097656,,,1214.0,,16.0,65.0,,,,,,,,,,,0.0,,0.0,,1.0,,,,,,,,,,,,,,,,9305237.0,,,,,,,,,,,0.0,5.569064140319824,0.0,,,,,,,,,,,,""
8864776388,"10 apr 2023, 07:41:13",Giro mattutino,Ciclismo,,10712,"63,16",,,false,,Scott Solace,activities/9511931624.fit.gz,,8.0,10712.0,10434.0,63166.7890625,14.712109565734863,6.053937911987305,1351.0,1363.0,255.1999969482422,1125.199951171875,46.922916412353516,0.003482765518128872,,,,,,,,,3092.0,,10.0,,,,,,,,,,,,,,0.0,,1.0,,,,,,,,,,,,,,,,9305237.0,,,,,,,,,,,0.0,5.896824836730957,0.0,,,,,,,,,,,,""
8890214695,"12 apr 2023, 16:38:08",Escursione serale,Escursione,,4193,"5,77",180.0,53,false,,,activities/9539368324.fit.gz,,,4193.0,4149.0,5773.93017578125,4.128003120422363,1.391643762588501,422.0,408.0,1039.5999755859375,1334.0,49.212432861328125,0.2043677121400833,,,108.0,51.82256317138672,,135.24362182617188,,,659.0,,13.0,53.0,,,,,,,,,,,,,0.0,,1.0,,,,,,,,,,,,,,,,,11695689.0,,,,,,,,,,0.0,1.3770403861999512,3993.800048828125,,,,,,,,,,,,""
8890215086,"14 apr 2023, 15:58:57",Escursione pomeridiana,Escursione,,4136,"5,77",177.0,46,false,,,activities/9539368988.fit.gz,,,4136.0,4100.0,5776.52978515625,4.35400390625,1.4089096784591675,403.0,397.0,1039.4000244140625,1320.4000244140625,49.90010070800781,0.02077498659491539,,,121.0,52.99749755859375,,133.20716857910156,,,606.0,,17.0,46.0,,,,,,,,,,,,,0.0,,1.0,,,,,,,,,,,,,,,,,11695689.0,,,,,,,,,,0.0,1.396646499633789,4017.800048828125,,,,,,,,,,,,""
8899392397,"16 apr 2023, 07:29:36",Escursione mattutina,Escursione,,6816,"8,48",187.0,126,false,,,activities/9549111778.fit.gz,,,6816.0,6541.0,8480.25,3.6820311546325684,1.296476125717163,691.0,690.0,1028.0,1551.0,49.886512756347656,-0.13678812980651855,,,121.0,52.90240478515625,,146.00604248046875,,,1080.0,,19.0,126.0,,,,,,,,,,,,,0.0,,1.0,,,,,,,,,,,,,,,,,11695689.0,,,,,,,,,,0.0,1.2441681623458862,6634.7001953125,,,,,,,,,,,,""
8908287238,"17 apr 2023, 16:42:06",Giro serale,Ciclismo,,4650,"30,08",,,false,,Scott Solace,activities/9558609877.fit.gz,,8.0,4650.0,4650.0,30087.640625,17.99918556213379,6.470460414886475,759.0,750.0,449.79998779296875,1039.199951171875,44.5572624206543,0.041212815791368484,,,,,,,,,1506.0,,5.0,,,,,,,,,,,,,,0.0,,1.0,,,,,,,,,,,,,,,,9305237.0,,,,,,,,,,,0.0,6.470460414886475,0.0,,,,,,,,,,,,""
8920436435,"19 apr 2023, 16:33:44",Giro serale,Ciclismo,,4571,"30,14",,,false,,Scott Solace,activities/9571403206.fit.gz,,8.0,4571.0,4571.0,30139.16015625,19.949951171875,6.593559265136719,751.0,757.0,474.0,1061.4000244140625,29.257305145263672,-0.002654111012816429,,,,,,,,,1472.0,,8.0,,,,,,,,,,,,,,0.0,,1.0,,,,,,,,,,,,,,,,9305237.0,,,,,,,,,,,0.0,6.593559265136719,0.0,,,,,,,,,,,,""
8937361237,"22 apr 2023, 12:13:53",Giro pomeridiano,Ciclismo,,12337,"57,52",,,false,,Scott Solace,activities/9589260074.fit.gz,,8.0,12337.0,9059.0,57526.98828125,16.698047637939453,6.3502583503723145,1296.0,1335.0,329.0,1074.0,27.026668548583984,0.012168201617896557,,,,,,,,,2861.0,,17.0,,,,,,,,,,,,,,0.0,,1.0,,,,,,,,,,,,,,,,9305237.0,,,,,,,,,,,0.0,4.662964344024658,515.9000244140625,,,,,,,,,,,,""
8943589891,"23 apr 2023, 12:37:59",Escursione pomeridiana,Escursione,"",7843,"11,21",174.0,123,false,,,activities/9595958587.fit.gz,,,7843.0,7655.0,11210.98046875,5.989990234375,1.464530348777771,863.0,849.0,971.4000244140625,1487.199951171875,49.890655517578125,0.09990162402391434,,,122.0,54.83147048950195,,142.67506408691406,,,1234.0,,18.0,123.0,,,,,,,,,,,0.0,,0.0,,1.0,,,,,,,,,,,,,,,,,11695689.0,,,,,,,,,,0.0,1.4294250011444092,9386.5,,,,,,,,,,,,""
8943664817,"21 apr 2023, 16:03:06",Nuotata serale,Nuotata,,2517,2.300,,,false,,,activities/9595957314.fit.gz,,,2517.0,2373.0,2300.0,1.959938883781433,0.9692372679710388,0.0,,,,0.0,0.0,,,33.0,28.701539993286133,,,,,568.0,,25.0,,,,,,,,,,,,,,0.0,,1.0,,,,,,,,,,,,,,,,,,,,,,,,,,,0.0,0.9137862324714661,0.0,,,,,,,,,,,,""
8947492062,"24 apr 2023, 07:31:53",Ma non hai il casco ?,Ciclismo,"",10064,"51,22",,,false,,Scott Solace,activities/9600311241.fit.gz,,8.0,10064.0,9090.0,51220.58203125,15.600000381469727,5.634827613830566,1335.0,1429.0,321.79998779296875,1066.800048828125,40.9272575378418,-0.003514069365337491,,,,,,,,,2689.0,,14.0,,,,,,,,,,,,0.0,,0.0,,1.0,,,,,,,,,,,,,,,,9305237.0,,,,,,,,,,,0.0,5.0894856452941895,0.0,,,,,,,,,,,,""
8962179493,"26 apr 2023, 16:12:43",Giro serale,Ciclismo,,8195,"50,42",,,false,,Scott Solace,activities/9615866123.fit.gz,,8.0,8195.0,7693.0,50422.91015625,19.5380859375,6.554388523101807,1156.0,1177.0,282.20001220703125,1013.0,47.31502151489258,-0.008329571224749088,,,,,,,,,2501.0,,10.0,,,,,,,,,,,,,,0.0,,1.0,,,,,,,,,,,,,,,,9305237.0,,,,,,,,,,,0.0,6.152887344360352,0.0,,,,,,,,,,,,""
8969170264,"27 apr 2023, 16:07:47",Giro serale,Ciclismo,,7309,"43,14",161.0,60,false,,Scott Solace,activities/9623245819.fit.gz,,8.0,7309.0,6936.0,43139.5,18.439844131469727,6.219651222229004,1105.0,1108.0,338.6000061035156,1105.199951171875,36.32612228393555,0.0069541833363473415,,,,,,132.04832458496094,,,1019.0,,16.0,60.0,,,,,,,,,,,,,0.0,,1.0,,,,,,,,,,,,,,,,9305237.0,,,,,,,,,,,0.0,5.902243614196777,0.0,,,,,,,,,,,,""
8977081382,"29 apr 2023, 07:55:21",Giro mattutino,Ciclismo,"",13744,"86,70",,,false,,Scott Solace,activities/9631644154.fit.gz,,8.0,13744.0,12536.0,86707.4453125,17.271484375,6.916675567626953,1822.0,1816.0,300.20001220703125,1079.0,34.30263137817383,0.00023060438979882747,,,,,,,,,4220.0,,16.0,,,,,,,,,,,,0.0,,0.0,,1.0,,,,,,,,,,,,,,,,9305237.0,,,,,,,,,,,0.0,6.308748722076416,0.0,,,,,,,,,,,,""
8982507599,"30 apr 2023, 08:10:51",Giro mattutino,Ciclismo,,5850,"38,28",,,false,,Scott Solace,activities/9637419985.fit.gz,,8.0,5850.0,5479.0,38288.3203125,16.031982421875,6.988194942474365,846.0,868.0,335.79998779296875,1027.800048828125,40.0689811706543,-0.019327107816934586,,,,,,,,,1872.0,,12.0,,,,,,,,,,,,,,0.0,,1.0,,,,,,,,,,,,,,,,9305237.0,,,,,,,,,,,0.0,6.5450119972229,0.0,,,,,,,,,,,,""
8997941830,"02 mag 2023, 15:41:05",Giro pomeridiano,Ciclismo,,7887,"50,65",,,false,,Scott Solace,activities/9653837898.fit.gz,,8.0,7887.0,6962.0,50658.69921875,17.878026962280273,7.276457786560059,886.0,860.0,275.0,1019.2000122070312,46.24521255493164,-0.025267107412219048,,,,,,,,,2436.0,,11.0,,,,,,,,,,,,,,0.0,,1.0,,,,,,,,,,,,,,,,9305237.0,,,,,,,,,,,0.0,6.423063278198242,248.10000610351562,,,,,,,,,,,,""
9004600395,"03 mag 2023, 16:06:24",Giro serale,Ciclismo,,7965,"50,42",,,false,,Scott Solace,activities/9660868879.fit.gz,,8.0,7965.0,7404.0,50424.88671875,18.132030487060547,6.810492992401123,1140.0,1149.0,340.6000061035156,1066.800048828125,35.9131965637207,-0.0043629491701722145,,,,,,,,,2481.0,,11.0,,,,,,,,,,,,,,0.0,,1.0,,,,,,,,,,,,,,,,9305237.0,,,,,,,,,,,0.0,6.330808162689209,0.0,,,,,,,,,,,,""
9016651170,"05 mag 2023, 16:49:47",Giro serale,Ciclismo,"",4786,"30,18",,,false,,Scott Solace,activities/9673576876.fit.gz,,8.0,4786.0,4457.0,30183.009765625,17.217967987060547,6.772046089172363,736.0,737.0,450.79998779296875,1028.4000244140625,24.822526931762695,0.014577819034457207,,,,,,,,,1488.0,,13.0,,,,,,,,,,,,0.0,,0.0,,1.0,,,,,,,,,,,,,,,,9305237.0,,,,,,,,,,,0.0,6.306520938873291,0.0,,,,,,,,,,,,""
9020469232,"06 mag 2023, 06:25:31",Giro mattutino,Ciclismo,"“Giro qua a sinistra? Si!
Continuo dritto? Sisi va!”",19084,"102,48",,,false,,Scott Solace,activities/9677611738.fit.gz,,8.0,19084.0,15423.0,102483.109375,17.47135353088379,6.6448235511779785,1933.0,1963.0,215.60000610351562,1083.5999755859375,48.205989837646484,-0.0019515410531312227,,,,,,,,,4993.0,,21.0,,,,,,,,,,,,0.0,,0.0,,1.0,,,,,,,,,,,,,,,,9305237.0,,,,,,,,,,,0.0,5.3701066970825195,543.2999877929688,,,,,,,,,,,,""
9035036702,"08 mag 2023, 16:46:58",Corsa serale,Corsa,🤷🏻‍♂️,865,"2,76",162.0,11,false,,,activities/9693127144.fit.gz,,,865.0,796.0,2766.85009765625,9.715991020202637,3.475942373275757,42.0,37.0,1032.800048828125,1066.199951171875,12.203721046447754,0.13011538982391357,,,93.0,75.12833404541016,,143.3926239013672,,,174.0,,18.0,11.0,,,,,,,,,,,0.0,,0.0,,1.0,2876.60009765625,,,,,,,,,,,,,,,,11695689.0,,,,,,,,,,0.0,3.1986706256866455,0.0,,,,1988.0,,,,,,,,""
9040975431,"09 mag 2023, 16:12:30",Giro serale,Ciclismo,,5196,"32,72",,,false,,Scott Solace,activities/9699406399.fit.gz,,8.0,5196.0,5102.0,32726.16015625,17.681835174560547,6.414378643035889,889.0,895.0,342.6000061035156,1030.4000244140625,48.19612503051758,0.005500336177647114,,,,,,,,,1734.0,,11.0,,,,,,,,,,,,,,0.0,,1.0,,,,,,,,,,,,,,,,9305237.0,,,,,,,,,,,0.0,6.298337459564209,0.0,,,,,,,,,,,,""
9053246201,"11 mag 2023, 16:10:24",Giro serale,Ciclismo,,5777,"35,50",,,false,,Scott Solace,activities/9712427302.fit.gz,,8.0,5777.0,5404.0,35499.421875,19.83203125,6.569100856781006,923.0,1258.0,334.3999938964844,1031.800048828125,19.868526458740234,-0.03324011713266373,,,,,,,,,2139.0,,7.0,,,,,,,,,,,,,,0.0,,1.0,,,,,,,,,,,,,,,,9305237.0,,,,,,,,,,,0.0,6.144957542419434,0.0,,,,,,,,,,,,""
9058910637,"12 mag 2023, 16:13:22",Nuotata serale,Nuotata,"",2834,2.400,,,false,,,activities/9718403910.fit.gz,,,2834.0,2451.0,2400.0,2.030456781387329,0.9791921377182007,0.0,,,,0.0,0.0,,,31.0,28.666221618652344,,,,,588.0,,25.0,,,,,,,,,,,,0.0,,0.0,,1.0,,,,,,,,,,,,,,,,,,,,,,,,,,,0.0,0.8468595743179321,0.0,,,,,,,,,,,,""
9064337206,"13 mag 2023, 13:31:08",Giro pomeridiano,Ciclismo,,5954,"36,96",,,false,,Scott Solace,activities/9724127834.fit.gz,,8.0,5954.0,5456.0,36967.51171875,14.964014053344727,6.775570392608643,826.0,846.0,318.3999938964844,1060.5999755859375,36.89028549194336,-0.01082031149417162,,,,,,,,,1909.0,,12.0,,,,,,,,,,,,,,0.0,,1.0,,,,,,,,,,,,,,,,9305237.0,,,,,,,,,,,0.0,6.208853244781494,0.0,,,,,,,,,,,,""
9083300836,"16 mag 2023, 16:02:54",Giro serale,Ciclismo,"",7766,"54,07",,,false,,Scott Solace,activities/9744318863.fit.gz,,8.0,7766.0,7368.0,54076.203125,17.702001571655273,7.339332580566406,1154.0,1170.0,339.20001220703125,1068.4000244140625,26.646724700927734,-0.018122665584087372,,,,,,,,,2672.0,,10.0,,,,,,,,,,,,0.0,,0.0,,1.0,,,,,,,,,,,,,,,,9305237.0,,,,,,,,,,,0.0,6.963198661804199,75.5999984741211,,,,,,,,,,,,""
9089527309,"17 mag 2023, 16:30:56",Giro serale,Ciclismo,,6730,"39,93",,,false,,Scott Solace,activities/9750879527.fit.gz,,8.0,6730.0,6213.0,39935.6796875,15.542040824890137,6.427761554718018,1072.0,1095.0,339.6000061035156,1033.5999755859375,29.962966918945312,-0.03355386108160019,,,,,,,,,2118.0,,10.0,,,,,,,,,,,,,,0.0,,1.0,,,,,,,,,,,,,,,,9305237.0,,,,,,,,,,,0.0,5.933979511260986,36.79999923706055,,,,,,,,,,,,""
9095879235,"18 mag 2023, 16:26:08",Giro serale,Ciclismo,"",5657,"37,33",,,false,,Scott Solace,activities/9757593371.fit.gz,,8.0,5657.0,5360.0,37329.33984375,15.909960746765137,6.9644293785095215,813.0,847.0,330.79998779296875,1067.800048828125,28.048948287963867,-0.015001539140939713,,,,,,,,,1896.0,,11.0,,,,,,,,,,,,0.0,,0.0,,1.0,,,,,,,,,,,,,,,,9305237.0,,,,,,,,,,,0.0,6.598787307739258,0.0,,,,,,,,,,,,""
9105165675,"20 mag 2023, 05:58:39",Giro mattutino,Ciclismo,🌧️,16992,"112,82",,,false,,Scott Solace,activities/9767401577.fit.gz,,8.0,16992.0,14863.0,112821.3515625,15.380078315734863,7.590752124786377,1691.0,1710.0,191.60000610351562,1055.0,30.410430908203125,-0.008509060367941856,,,,,,,,,5504.0,,11.0,,,,,,,,,,,,0.0,,0.0,,1.0,,,,,,,,,,,,,,,,9305237.0,,,,,,,,,,,0.0,6.639674663543701,304.8999938964844,,,,,,,,,,,,media/0D590A32-54CE-4E57-9C38-E047C7ECD52A.jpg|media/00B5F9DB-7509-420D-85DA-0524BAED58E0.jpg
9107887700,"20 mag 2023, 15:21:34",Giro pomeridiano,Ciclismo,1000 Nembro-Selvino Padoan,6945,"29,38",,,false,,Scott Solace,activities/9770277187.fit.gz,,8.0,6945.0,5273.0,29379.119140625,16.280078887939453,5.571613788604736,732.0,765.0,325.0,1019.5999755859375,41.927120208740234,-0.023826446384191513,,,,,,,,,1457.0,,9.0,,,,,,,,,,,,0.0,,0.0,,1.0,,,,,,,,,,,,,,,,9305237.0,,,,,,,,,,,0.0,4.230254650115967,0.0,,,,,,,,,,,,media/B3B029FE-6EE8-4E4C-926E-0C3CAC9CDEB3.jpg|media/1582316C-3A4F-47A1-BA10-9F391CF97B1E.jpg|media/FFBF8C9E-9B34-4635-848A-C8B2C7340236.jpg|media/72F44B1F-5760-4768-A406-7C77808E5160.jpg
9127950761,"23 mag 2023, 16:17:12",Giro serale,Ciclismo,"",7451,"36,31",,,false,,Scott Solace,activities/9792156072.fit.gz,,8.0,7451.0,6913.0,36315.5078125,14.707812309265137,5.2532196044921875,1381.0,685.0,289.6000061035156,996.2000122070312,28.235580444335938,1.930304765701294,,,,,,,,,2277.0,,15.0,,,,,,,,,,,,0.0,,0.0,,1.0,,,,,,,,,,,,,,,,9305237.0,,,,,,,,,,,0.0,4.873910427093506,44.5,,,,,,,,,,,,""
9139914301,"25 mag 2023, 16:55:43",Giro serale,Ciclismo,"",5357,"37,46",,,false,,Scott Solace,activities/9806534228.fit.gz,,8.0,5357.0,5269.0,37465.87109375,18.190038681030273,7.110622406005859,812.0,835.0,337.20001220703125,1062.199951171875,26.97260093688965,-0.007473435718566179,,,,,,,,,1906.0,,14.0,,,,,,,,,,,,0.0,,0.0,,1.0,,,,,,,,,,,,,,,,9305237.0,,,,,,,,,,,0.0,6.9938154220581055,0.0,,,,,,,,,,,,""
9140475564,"24 mag 2023, 16:24:17",Nuotata serale,Nuotata,"",3258,2.550,,,false,,,activities/9807180676.fit.gz,,,3258.0,2557.0,2550.0,1.8939393758773804,0.9972624182701111,0.0,,,,0.0,0.0,,,33.0,29.115251541137695,,,,,633.0,,25.0,,,,,,,,,,,,0.0,,0.0,,1.0,,,,,,,,,,,,,,,,,,,,,,,,,,,0.0,0.7826887369155884,0.0,,,,,,,,,,,,""
9145572451,"26 mag 2023, 16:53:00",Giro serale,Ciclismo,"",4736,"26,79",,,false,,Scott Solace,activities/9812689411.fit.gz,,8.0,4736.0,3644.0,26796.490234375,15.991991996765137,7.353592395782471,527.0,612.0,478.0,1050.5999755859375,15.072988510131836,-0.29481473565101624,,,,,,,,,1277.0,,17.0,,,,,,,,,,,,0.0,,0.0,,1.0,,,,,,,,,,,,,,,,9305237.0,,,,,,,,,,,0.0,5.658042907714844,0.0,,,,,,,,,,,,""
9151007717,"27 mag 2023, 14:23:21",Giro pomeridiano,Ciclismo,,3594,"5,37",163.0,55,false,,Scott Solace,activities/9818499675.fit.gz,,8.0,3594.0,3594.0,5370.4501953125,4.02113151550293,1.4942822456359863,301.0,299.0,1018.5999755859375,1292.5999755859375,46.96720504760742,-0.007448619697242975,,,,,,140.84283447265625,,,672.0,,21.0,55.0,,,,,,,,,,,,,0.0,,1.0,,,,,,,,,,,,,,,,9305237.0,,,,,,,,,,,0.0,1.4942822456359863,3260.10009765625,,,,,,,,,,,,""
9155275086,"28 mag 2023, 08:03:00",Giro mattutino,Ciclismo,,7054,"39,99",,,false,,Scott Solace,activities/9823068598.fit.gz,,8.0,7054.0,5788.0,39996.75,15.644140243530273,6.910288333892822,877.0,860.0,353.3999938964844,1032.0,25.431846618652344,0.010500730946660042,,,,,,,,,1971.0,,19.0,,,,,,,,,,,,,,0.0,,1.0,,,,,,,,,,,,,,,,9305237.0,,,,,,,,,,,0.0,5.670080661773682,0.0,,,,,,,,,,,,""
9165042081,"29 mag 2023, 16:16:29",Giro serale,Ciclismo,Giro serale con GUERRO 🦵 💉,8195,"43,01",,,false,,Scott Solace,activities/9833502477.fit.gz,,8.0,8195.0,7883.0,43018.48046875,15.328125,5.457120418548584,1399.0,706.0,292.20001220703125,993.2000122070312,22.41486358642578,1.6262779235839844,,,,,,,,,2458.0,,14.0,,,,,,,,,,,,0.0,,0.0,,1.0,,,,,,,,,,,,,,,,9305237.0,,,,,,,,,,,0.0,5.249356746673584,0.0,,,,,,,,,,,,media/B19DC8BD-4AE1-4D3A-9899-1AF31E9E6259.jpg
9177425196,"31 mag 2023, 15:49:41",Giro pomeridiano,Ciclismo,,8618,"39,40",,,false,,Scott Solace,activities/9846554002.fit.gz,,8.0,8618.0,6241.0,39404.01953125,17.567968368530273,6.313735008239746,1019.0,5980.0,351.79998779296875,5138.60009765625,37.843040466308594,-0.018779871985316277,,,,,,,,,2786.0,,14.0,,,,,,,,,,,,,,0.0,,1.0,,,,,,,,,,,,,,,,9305237.0,,,,,,,,,,,0.0,4.572292804718018,0.0,,,,,,,,,,,,""
9183860766,"01 giu 2023, 05:16:29",Giro mattutino,Ciclismo,,47652,"63,74",,,false,,Scott Solace,activities/9853337969.fit.gz,,8.0,47652.0,9001.0,63748.6875,17.504688262939453,7.082400798797607,1171.0,1222.0,267.79998779296875,1045.0,49.04778289794922,0.011294369585812092,,,,,,,,,2986.0,,13.0,,,,,,,,,,,,,,0.0,,1.0,,,,,,,,,,,,,,,,9305237.0,,,,,,,,,,,0.0,1.337796688079834,0.0,,,,,,,,,,,,""
9213172387,"06 giu 2023, 11:34:40",Nuotata pomeridiana,Nuotata,Mare mosso,3432,2.016,,,false,,,activities/9884345066.fit.gz,,,3432.0,2355.0,2015.8599853515625,1.0880950689315796,0.8559914827346802,0.0,0.0,-0.10000000149011612,0.10000000149011612,4.424778938293457,0.0,,,32.0,30.78876304626465,,,,,469.0,,22.0,,,,,,,,,,,,0.0,,0.0,,1.0,,,,,,,,,,,,,,,,,,,,,,,,,,,0.0,0.5873717665672302,0.0,,,,,,,,,,,,""
9213174407,"05 giu 2023, 10:37:21",Nuotata dell'ora di pranzo,Nuotata,,3072,1.310,,,false,,,activities/9884344700.fit.gz,,,3072.0,2165.0,1309.8800048828125,7.0420002937316895,0.6050254106521606,0.0,-0.10000000149011612,-1.7000000476837158,0.20000000298023224,1.6335153579711914,0.007634287234395742,,,35.0,32.21946716308594,,,,,313.0,,22.0,,,,,,,,,,,,,,0.0,,1.0,,,,,,,,,,,,,,,,,,,,,,,,,,,0.0,0.4263932406902313,0.0,,,,,,,,,,,,""
9239180810,"10 giu 2023, 11:30:28",Giro pomeridiano,Ciclismo,Lenta ripresa,9538,"54,59",,,false,,Scott Solace,activities/9911737161.fit.gz,,8.0,9538.0,8098.0,54591.0703125,16.216014862060547,6.741302967071533,1145.0,1133.0,353.0,1072.199951171875,36.524993896484375,-0.004029873758554459,,,,,,,,,2643.0,,18.0,,,,,,,,,,,,0.0,,0.0,,1.0,,,,,,,,,,,,,,,,9305237.0,,,,,,,,,,,0.0,5.72353458404541,0.0,,,,,,,,,,,,""
9252826927,"12 giu 2023, 05:14:31",Giro mattutino,Ciclismo,Sempre e comunque 🚿,45015,"38,34",,,false,,Scott Solace,activities/9926217777.fit.gz,,8.0,45015.0,5332.0,38344.30859375,16.441650390625,7.1913557052612305,774.0,852.0,290.79998779296875,1029.4000244140625,19.17989158630371,-0.26861873269081116,,,,,,,,,1884.0,,16.0,,,,,,,,,,,,0.0,,0.0,,1.0,,,,,,,,,,,,,,,,9305237.0,,,,,,,,,,,0.0,0.8518118262290955,0.0,,,,,,,,,,,,media/FDB47074-FA22-4E00-B27A-408A817AEB5C.jpg
9277729821,"15 giu 2023, 05:24:32",Giro mattutino,Ciclismo,,47496,"64,95",,,false,,Scott Solace,activities/9952463363.fit.gz,,8.0,47496.0,9874.0,64955.109375,16.450000762939453,6.578398704528809,1414.0,1719.0,315.20001220703125,1227.0,46.125423431396484,-0.00030801771208643913,,,,,,,,,3491.0,,15.0,,,,,,,,,,,,,,0.0,,1.0,,,,,,,,,,,,,,,,9305237.0,,,,,,,,,,,0.0,1.367591142654419,0.0,,,,,,,,,,,,""
9277729834,"16 giu 2023, 05:10:15",Giro mattutino,Ciclismo,,45348,"63,50",,,false,,Scott Solace,activities/9952463403.fit.gz,,8.0,45348.0,9511.0,63505.0703125,16.842090606689453,6.677012920379639,1161.0,1200.0,291.20001220703125,1029.5999755859375,27.306249618530273,-0.05952288210391998,,,,,,,,,2909.0,,18.0,,,,,,,,,,,,,,0.0,,1.0,,,,,,,,,,,,,,,,9305237.0,,,,,,,,,,,0.0,1.400394082069397,0.0,,,,,,,,,,,,""
9281621564,"07 giu 2023, 13:07:20",Nuotata pomeridiana,Nuotata,,1305,528,,,false,,,activities/9956589111.fit.gz,,,1305.0,811.0,528.1799926757812,1.2744230031967163,0.6512700319290161,0.0,0.10000000149011612,-0.10000000149011612,0.10000000149011612,0.6531678438186646,-0.01893293857574463,,,36.0,30.706106185913086,,,,,154.0,,21.0,,,,,,,,,,,,,,0.0,,1.0,,,,,,,,,,,,,,,,,,,,,,,,,,,0.0,0.40473562479019165,0.0,,,,,,,,,,,,""
9287630475,"18 giu 2023, 05:46:03",In tempo per 🌾,Ciclismo,"[strava://athletes/49001597/13]Marzio Franco roito
[strava://athletes/64803612/12]diego franco sottone del fratello
[strava://athletes/94490031/16]Raffaele Carrara gamba di legno",15223,"76,94",,,false,,Scott Solace,activities/9962992894.fit.gz,,8.0,15223.0,10703.0,76946.2890625,16.383983612060547,7.189226150512695,1455.0,2783.0,330.0,2256.800048828125,41.7159423828125,-0.12112346291542053,,,,,,,,,4788.0,,18.0,,,,,,,,,,,,0.0,,0.0,,1.0,,,,,,,,,,,,,,,,9305237.0,,,,,,,,,,,0.0,5.054607391357422,0.0,,,,,,,,,,,,media/856BC61A-8488-4FBD-B975-B46F5384B883.jpg
9296141588,"19 giu 2023, 16:07:55",Nuotata serale,Nuotata,,2417,1.450,,,false,,,activities/9972016798.fit.gz,,,2417.0,1490.0,1450.0,2.4436089992523193,0.9731543660163879,0.0,,,,0.0,0.0,,,31.0,28.547710418701172,,,,,359.0,,25.0,,,,,,,,,,,,,,0.0,,1.0,,,,,,,,,,,,,,,,,,,,,,,,,,,0.0,0.5999172329902649,0.0,,,,,,,,,,,,""
9302699364,"20 giu 2023, 05:02:06",Giro mattutino,Ciclismo,"",44768,"42,88",,,false,,Scott Solace,activities/9979137603.fit.gz,,8.0,44768.0,6844.0,42880.2109375,18.586328506469727,6.2653727531433105,917.0,1030.0,293.6000061035156,1068.0,28.512413024902344,-0.29430827498435974,,,,,,,,,2093.0,,20.0,,,,,,,,,,,,0.0,,0.0,,1.0,,,,,,,,,,,,,,,,9305237.0,,,,,,,,,,,0.0,0.9578317403793335,0.0,,,,,,,,,,,,""
9309202169,"21 giu 2023, 05:10:19",Giro mattutino,Ciclismo,"",47248,"75,95",,,false,,Scott Solace,activities/9986022085.fit.gz,,8.0,47248.0,10519.0,75957.9296875,17.971874237060547,7.221022129058838,1410.0,1447.0,310.79998779296875,1031.4000244140625,39.9437141418457,-0.06213967874646187,,,,,,,,,3566.0,,20.0,,,,,,,,,,,,0.0,,0.0,,1.0,,,,,,,,,,,,,,,,9305237.0,,,,,,,,,,,0.0,1.6076432466506958,0.0,,,,,,,,,,,,""
9314755808,"22 giu 2023, 05:13:02",Giro mattutino,Ciclismo,,42241,"43,34",,,false,,Scott Solace,activities/9991873791.fit.gz,,8.0,42241.0,6140.0,43348.6171875,20.9541015625,7.060035705566406,767.0,787.0,330.0,1046.5999755859375,35.171600341796875,0.013379726558923721,,,,,,,,,1981.0,,22.0,,,,,,,,,,,,,,0.0,,1.0,,,,,,,,,,,,,,,,9305237.0,,,,,,,,,,,0.0,1.0262213945388794,0.0,,,,,,,,,,,,""
9324968418,"24 giu 2023, 07:39:56",Giro mattutino,Ciclismo,🌞,16197,"98,31",,,false,,Scott Solace,activities/10002656827.fit.gz,,8.0,16197.0,13203.0,98316.9140625,18.13834571838379,7.446558475494385,1731.0,2817.0,243.60000610351562,1193.199951171875,43.36858367919922,0.0022376743145287037,,,,,,,,,5217.0,,27.0,,,,,,,,,,,,0.0,,0.0,,1.0,,,,,,,,,,,,,,,,9305237.0,,,,,,,,,,,0.0,6.070069313049316,289.70001220703125,,,,,,,,,,,,media/DA684DDF-03A3-458F-AB17-88CCF9E6C6ED.jpg|media/AA87D737-43A2-41F3-93EA-766CA57C2996.jpg|media/370F8520-9D40-41FC-B0E5-18C078637933.mp4
9338871570,"26 giu 2023, 05:10:00",Giro mattutino,Ciclismo,,42977,"41,19",,,false,,Scott Solace,activities/10017419101.fit.gz,,8.0,42977.0,5821.0,41194.2421875,16.818065643310547,7.076832294464111,729.0,763.0,313.79998779296875,1038.199951171875,42.97995376586914,0.012623301707208157,,,,,,,,,1861.0,,21.0,,,,,,,,,,,,,,0.0,,1.0,,,,,,,,,,,,,,,,9305237.0,,,,,,,,,,,0.0,0.9585183262825012,59.29999923706055,,,,,,,,,,,,""
9345458063,"27 giu 2023, 05:08:10",Giro mattutino,Ciclismo,,45409,"48,86",,,false,,Scott Solace,activities/10024356087.fit.gz,,8.0,45409.0,7334.0,48865.5703125,17.552051544189453,6.662880897521973,1157.0,1149.0,323.6000061035156,1062.0,34.06678009033203,0.06630440056324005,,,,,,,,,2472.0,,21.0,,,,,,,,,,,,,,0.0,,1.0,,,,,,,,,,,,,,,,9305237.0,,,,,,,,,,,0.0,1.0761208534240723,52.0,,,,,,,,,,,,""
9358435177,"29 giu 2023, 05:21:40",Giro mattutino,Ciclismo,Rientro dopo 🧑‍💻 solo con salite morbide,48834,"66,37",,,false,,Scott Solace,activities/10038009688.fit.gz,,8.0,48834.0,10747.0,66376.0546875,16.469970703125,6.176239967346191,1827.0,1781.0,378.20001220703125,1112.800048828125,29.124004364013672,0.02229708805680275,,,,,,,,,3518.0,,18.0,,,,,,,,,,,,0.0,,0.0,,1.0,,,,,,,,,,,,,,,,9305237.0,,,,,,,,,,,0.0,1.3592180013656616,0.0,,,,,,,,,,,,""
9368322497,"01 lug 2023, 05:15:06",Vivione con 🐐 ,Ciclismo,"",31317,"193,73",,,false,,Scott Solace,activities/10048967824.fit.gz,,8.0,31317.0,26890.0,193733.84375,18.410938262939453,7.2046799659729,3335.0,3673.0,229.60000610351562,1913.5999755859375,24.22290802001953,0.0006193813169375062,,,,,,,,,9601.0,,18.0,,,,,,,,,,,,0.0,,0.0,,1.0,,,,,,,,,,,,,,,,9305237.0,,,,,,,,,,,0.0,6.186219692230225,641.0999755859375,,,,,,,,,,,,media/A5ACA28C-BE10-4FE0-8E85-06A2AD926138.mp4|media/7D275077-158D-47F4-9960-0D74B0D10ACE.jpg|media/A70C9DD2-F99B-499C-9BD6-F1AAEA790A4F.jpg
9381970210,"28 giu 2023, 16:58:56",Nuotata serale,Nuotata,,3129,475,,,false,,,activities/10063422055.fit.gz,,,3129.0,477.0,475.0,1.7080745697021484,0.9958071112632751,0.0,,,,0.0,0.0,,,37.0,35.023494720458984,,,,,125.0,,25.0,,,,,,,,,,,,,,0.0,,1.0,,,,,,,,,,,,,,,,,,,,,,,,,,,0.0,0.15180568397045135,0.0,,,,,,,,,,,,""
9381970443,"03 lug 2023, 16:36:36",Nuotata serale,Nuotata,"",2553,1.700,,,false,,,activities/10063422287.fit.gz,,,2553.0,1650.0,1700.0,11.0,1.0303030014038086,0.0,,,,0.0,0.0,,,33.0,28.973737716674805,,,,,422.0,,25.0,,,,,,,,,,,,0.0,,0.0,,1.0,,,,,,,,,,,,,,,,,,,,,,,,,,,0.0,0.6658833026885986,0.0,,,,,,,,,,,,media/23B0CDB3-D7DE-4258-A517-D33CD54AA304.mp4
9394715045,"05 lug 2023, 16:46:21",Giro serale,Ciclismo,,5017,"32,78",,,false,,Scott Solace,activities/10076828823.fit.gz,,8.0,5017.0,4904.0,32784.6796875,18.591991424560547,6.685293674468994,853.0,854.0,343.20001220703125,1011.0,48.2593879699707,-0.005490332376211882,,,,,,,,,1701.0,,17.0,,,,,,,,,,,,,,0.0,,1.0,,,,,,,,,,,,,,,,9305237.0,,,,,,,,,,,0.0,6.534717559814453,49.20000076293945,,,,,,,,,,,,""
9400841281,"06 lug 2023, 16:49:20",Nuotata serale,Nuotata,"",2610,2.000,,,false,,,activities/10083267518.fit.gz,,,2610.0,2048.0,2000.0,1.5337423086166382,0.9765625,0.0,,,,0.0,0.0,,,31.0,28.348674774169922,,,,,491.0,,25.0,,,,,,,,,,,,0.0,,0.0,,1.0,,,,,,,,,,,,,,,,,,,,,,,,,,,0.0,0.7662835121154785,0.0,,,,,,,,,,,,""
9407227335,"07 lug 2023, 05:08:52",Giro mattutino,Ciclismo,Ritorno con crono ⏱️,47745,"48,27",,,false,,Scott Solace,activities/10089984448.fit.gz,,8.0,47745.0,7343.0,48271.27734375,16.594532012939453,6.573781490325928,994.0,2203.0,282.6000061035156,2086.199951171875,47.89902114868164,0.10689593851566315,,,,,,,,,3450.0,,17.0,,,,,,,,,,,,0.0,,0.0,,1.0,,,,,,,,,,,,,,,,9305237.0,,,,,,,,,,,0.0,1.011022686958313,0.0,,,,,,,,,,,,""
9410763247,"08 lug 2023, 05:58:05",Giro mattutino,Ciclismo,"",15339,"87,49",,,false,,Scott Solace,activities/10093725186.fit.gz,,8.0,15339.0,13005.0,87497.640625,15.67578125,6.728000164031982,1534.0,1650.0,304.3999938964844,1055.199951171875,22.667829513549805,-0.10445991158485413,,,,,,,,,3927.0,,22.0,,,,,,,,,,,,0.0,,0.0,,1.0,,,,,,,,,,,,,,,,9305237.0,,,,,,,,,,,0.0,5.704259872436523,188.89999389648438,,,,,,,,,,,,""
9432076232,"11 lug 2023, 05:11:09",Giro mattutino,Ciclismo,"",44459,"45,55",,,false,,Scott Solace,activities/10116304324.fit.gz,,8.0,44459.0,5866.0,45554.40234375,16.0779972076416,7.7658371925354,722.0,673.0,307.0,1023.0,32.65920639038086,0.18219974637031555,,,,,,,,,2052.0,,22.0,,,,,,,,,,,,0.0,,0.0,,1.0,,1689051648.0,1.0,21.700000762939453,22.450000762939453,17.34000015258789,0.7599999904632568,1019.280029296875,1.3899999856948853,3.559999942779541,15.0,0.0,1689046912.0,1689102592.0,0.875,9305237.0,,0.5199999809265137,5.0,0.009999999776482582,18020.419921875,0.0,,,,,0.0,1.0246384143829346,0.0,,,,,,,,,,,,""
9445471445,"13 lug 2023, 05:21:56",Giro mattutino,Ciclismo,Serata fresca ma sfortunata 🏴‍☠️,48824,"81,97",,,false,,Scott Solace,activities/10130380027.fit.gz,,8.0,48824.0,10968.0,81975.25,24.03515625,7.474038124084473,1347.0,1368.0,286.79998779296875,940.7999877929688,43.590614318847656,0.009271061047911644,,,,,,,,,3651.0,,17.0,,,,,,,,,,,,0.0,,0.0,,1.0,,1689224448.0,5.0,15.050000190734863,14.949999809265137,13.279999732971191,0.8899999856948853,1014.1799926757812,1.4299999475479126,5.139999866485596,9.0,1.100000023841858,1689219840.0,1689275392.0,0.875,9305237.0,,0.8600000143051147,5.0,0.9100000262260437,15137.509765625,0.0,,,,,0.0,1.6789950132369995,0.0,,,,,,,,,,,,media/74D99329-B534-4F7B-807B-4611188BB813.mp4|media/930A970E-3DD3-48AA-80F9-7BDA4122C488.jpg|media/C89B0BEE-BB81-4594-9BD6-E93E70AF001A.jpg|media/FE636E32-13DC-42D7-A242-78280876222E.jpg
9450786571,"14 lug 2023, 05:22:32",Giro mattutino,Ciclismo,,42106,"41,00",,,false,,Scott Solace,activities/10135965534.fit.gz,,8.0,42106.0,5983.0,41007.5,18.6298828125,6.854002952575684,734.0,749.0,332.20001220703125,1052.0,37.007591247558594,0.01658245176076889,,,,,,,,,1906.0,,18.0,,,,,,,,,,,,,,0.0,,1.0,,1689310848.0,3.0,18.3799991607666,18.729999542236328,15.880000114440918,0.8500000238418579,1018.489990234375,1.190000057220459,2.819999933242798,24.0,0.20000000298023224,1689306240.0,1689361664.0,0.875,9305237.0,,0.36000001430511475,5.0,0.8299999833106995,25756.76953125,0.0,,,,,0.0,0.9739110469818115,53.099998474121094,,,,,,,,,,,,""
9462543920,"16 lug 2023, 04:29:14",Giro mattutino,Ciclismo,Oggi caldino 🌞,35962,"203,29",,,false,,Scott Solace,activities/10148443852.fit.gz,,8.0,35962.0,29639.0,203294.734375,17.97005271911621,6.859027862548828,4021.155517578125,3754.0,199.89999389648438,1958.9000244140625,42.42202377319336,-0.0013281211722642183,,,,,,,,,9416.0,,23.0,,,,,,,,,,,,0.0,,0.0,,1.0,,1689479936.0,1.0,18.559999465942383,18.799999237060547,15.300000190734863,0.8100000023841858,1015.8699951171875,1.5700000524520874,3.619999885559082,19.0,0.0,1689479168.0,1689534464.0,0.0,9305237.0,,0.0,1.0,0.15000000596046448,25940.94921875,0.0,,,,,0.0,5.653043270111084,5464.2001953125,,,,,,,,,,,,media/153A3986-DD13-4850-B7D6-9C0ADA68E5F0.mp4|media/3D5B8848-1039-4CFE-A445-3306D6831F7B.jpg|media/0B9D651E-A743-4F22-BDD3-4961D0911CE3.jpg
9475741323,"18 lug 2023, 05:12:10",Giro mattutino,Ciclismo,Incontrato casualmente [strava://athletes/25579445/13]Andrea Magoni e [strava://athletes/34490366/18]Leonardo Bertocchi con aria di sfida 😈,42594,"48,14",,,false,,Scott Solace,activities/10162369023.fit.gz,,8.0,42594.0,6401.0,48148.87890625,17.245996475219727,7.522087097167969,860.0,885.0,319.3999938964844,1046.199951171875,47.925899505615234,0.03572256118059158,,,,,,,,,2240.0,,23.0,,,,,,,,,,,,0.0,,0.0,,1.0,,1689656448.0,1.0,18.93000030517578,18.8799991607666,13.739999771118164,0.7200000286102295,1018.6500244140625,1.690000057220459,3.619999885559082,24.0,0.0,1689652096.0,1689707136.0,0.0,9305237.0,,0.44999998807907104,1.0,0.0,25697.80078125,0.0,,,,,0.0,1.130414605140686,0.0,,,,,,,,,,,,media/1818BEE9-A015-4989-8F0A-70381D4F5C60.jpg
9488961084,"20 lug 2023, 05:11:56",Giro mattutino,Ciclismo,"",43327,"42,12",,,false,,Scott Solace,activities/10176243087.fit.gz,,8.0,43327.0,5240.0,42125.51171875,17.2861328125,8.039219856262207,607.0,648.0,293.0,934.0,38.08185958862305,0.017566610127687454,,,,,,,,,1876.0,,21.0,,,,,,,,,,,,0.0,,0.0,,1.0,,1689829248.0,1.0,19.760000228881836,20.209999084472656,16.260000228881836,0.800000011920929,1011.3400268554688,1.2100000381469727,2.309999942779541,10.0,0.0,1689825024.0,1689879808.0,0.125,9305237.0,,0.5099999904632568,5.0,0.28999999165534973,19953.119140625,0.0,,,,,0.0,0.9722692370414734,10.5,,,,,,,,,,,,""
9495473147,"19 lug 2023, 17:16:24",Nuotata serale,Nuotata,,1235,900,,,false,,,activities/10183195962.fit.gz,,,1235.0,947.0,900.0,1.6736401319503784,0.9503695964813232,0.0,0.0,0.0,0.0,0.0,0.0,,,30.0,27.933393478393555,,,,,226.0,,25.0,,,,,,,,,,,,,,0.0,,1.0,,,,,,,,,,,,,,,,,,,,,,,,,,,0.0,0.7287449240684509,0.0,,,,,,,,,,,,""
9495473608,"21 lug 2023, 17:31:29",Giro serale,Ciclismo,"",927,"5,89",138.0,4,false,,Scott Solace,activities/10183196444.fit.gz,,8.0,927.0,927.0,5896.91015625,13.800000190734863,6.361283779144287,258.0,4.0,688.4000244140625,945.4000244140625,16.366455078125,4.337864875793457,,,,,,122.54800415039062,,,138.0,,22.0,4.0,,,,,,,,,,,0.0,,0.0,,1.0,,1689958784.0,2.0,21.8799991607666,22.6200008392334,17.280000686645508,0.75,1009.4099731445312,0.8399999737739563,3.240000009536743,268.0,0.0,1689911424.0,1689966208.0,0.125,9305237.0,,0.6899999976158142,5.0,0.4399999976158142,21874.83984375,1.0,,,,,0.0,6.361283779144287,0.0,,,,,,,,,,,,""
9495473686,"21 lug 2023, 17:51:59",Nuotata serale,Nuotata,"",256,250,,,false,,,activities/10183196573.fit.gz,,,256.0,232.0,250.0,11.802474021911621,1.0775861740112305,0.0,0.0,0.0,0.0,0.0,0.0,,,28.0,28.0,,,,,60.0,,25.0,,,,,,,,,,,,0.0,,0.0,,1.0,,,,,,,,,,,,,,,,,,,,,,,,,,,0.0,0.9765625,0.0,,,,,,,,,,,,""
9495474204,"21 lug 2023, 17:53:43",Corsa serale,Corsa,"",771,"2,93",154.0,5,false,,,activities/10183197051.fit.gz,,,771.0,771.0,2934.93017578125,5.189999580383301,3.8066537380218506,65.0,40.0,915.0,960.4000244140625,23.84722900390625,0.9199537634849548,,,87.0,78.36375427246094,,135.35926818847656,,,146.0,,21.0,5.0,,,,,,,,,,,0.0,,0.0,,1.0,3167.5,1689958784.0,2.0,21.8799991607666,22.6200008392334,17.280000686645508,0.75,1009.4099731445312,0.8399999737739563,3.240000009536743,268.0,0.0,1689911424.0,1689966208.0,0.125,,11695689.0,0.6899999976158142,5.0,0.4399999976158142,21874.83984375,1.0,,,,,0.0,3.8066537380218506,0.0,,,,2016.0,,,,,,,,""
9504912059,"23 lug 2023, 06:56:52",Giro mattutino,Ciclismo,"",11130,"73,41",,,false,,Scott Solace,activities/10193275974.fit.gz,,8.0,11130.0,10289.0,73409.6640625,18.251953125,7.134771347045898,1508.0,1517.0,358.6000061035156,1284.0,35.74753189086914,0.004359032493084669,,,,,,,,,3528.0,,17.0,,,,,,,,,,,,0.0,,0.0,,1.0,,1690092032.0,3.0,18.920000076293945,19.34000015258789,16.149999618530273,0.8399999737739563,1017.4099731445312,0.5400000214576721,2.549999952316284,21.0,0.5,1690084352.0,1690138880.0,0.125,9305237.0,,0.3499999940395355,5.0,0.6700000166893005,17513.240234375,1.0,,,,,0.0,6.595656871795654,0.0,,,,,,,,,,,,""
9520460881,"25 lug 2023, 16:43:21",Nuotata serale,Nuotata,"",3472,2.550,,,false,,,activities/10209656236.fit.gz,,,3472.0,2630.0,2550.0,2.830188751220703,0.9695817232131958,0.0,0.0,0.0,0.0,0.0,0.0,,,33.0,29.59563636779785,,,,,624.0,,25.0,,,,,,,,,,,,0.0,,0.0,,1.0,,,,,,,,,,,,,,,,,,,,,,,,,,,0.0,0.7344470024108887,0.0,,,,,,,,,,,,""
9532381431,"26 lug 2023, 05:24:32",Giro mattutino,Ciclismo,,40664,"42,49",,,false,,Scott Solace,activities/10222207602.fit.gz,,8.0,40664.0,6134.0,42491.9296875,17.967967987060547,6.927278995513916,933.0,1038.0,275.3999938964844,1057.4000244140625,23.34370231628418,-0.2532244920730591,,,,,,,,,2167.0,,18.0,,,,,,,,,,,,,,0.0,,1.0,,1690347648.0,1.0,14.59000015258789,13.989999771118164,9.1899995803833,0.699999988079071,1007.7899780273438,2.3499999046325684,5.769999980926514,7.0,0.0,1690343808.0,1690397824.0,0.375,9305237.0,,0.41999998688697815,5.0,0.10000000149011612,27799.7109375,0.0,,,,,0.0,1.0449520349502563,32.5,,,,,,,,,,,,""
9532381671,"27 lug 2023, 05:25:22",Giro mattutino,Ciclismo,"",39913,"41,11",,,false,,Scott Solace,activities/10222207833.fit.gz,,8.0,39913.0,5475.0,41110.6875,16.232030868530273,7.508801460266113,757.0,781.0,283.20001220703125,1025.800048828125,42.32295227050781,0.016540829092264175,,,,,,,,,1946.0,,16.0,,,,,,,,,,,,0.0,,0.0,,1.0,,1690434048.0,2.0,11.09000015258789,10.1899995803833,4.090000152587891,0.6200000047683716,1016.6500244140625,1.9299999475479126,3.5,13.0,0.0,1690430208.0,1690484224.0,0.375,9305237.0,,0.0,1.0,0.4300000071525574,27468.08984375,0.0,,,,,0.0,1.0300074815750122,57.900001525878906,,,,,,,,,,,,""
9538964748,"28 lug 2023, 17:35:35",Giro serale,Ciclismo,"",2006,"10,85",,,false,,Scott Solace,activities/10229150536.fit.gz,,8.0,2006.0,2006.0,10854.8291015625,17.583984375,5.411181449890137,577.0,50.0,470.79998779296875,1002.7999877929688,16.01825523376465,4.9010443687438965,,,,,,,,,813.0,,18.0,,,,,,,,,,,,0.0,,0.0,,1.0,,1690563584.0,3.0,23.110000610351562,23.469999313354492,15.640000343322754,0.6299999952316284,1012.5999755859375,1.5399999618530273,3.549999952316284,225.0,0.0,1690516736.0,1690570496.0,0.375,9305237.0,,0.0,1.0,0.8500000238418579,28197.029296875,1.0,,,,,0.0,5.411181449890137,0.0,,,,,,,,,,,,""
9550267753,"30 lug 2023, 08:26:35",Non fatelo andare davanti ,Escursione,"",20841,"12,88",141.0,39,false,,,activities/10241077572.fit.gz,,,20841.0,15188.0,12882.5,8.005045890808105,0.8482025265693665,1013.0,969.0,1203.4000244140625,2096.39990234375,49.88111877441406,0.04036445543169975,,,103.0,54.743194580078125,,100.9217758178711,,,1289.0,,25.0,39.0,,,,,,,,,,,0.0,,0.0,,1.0,,1690704000.0,1.0,18.989999771118164,18.68000030517578,12.100000381469727,0.6399999856948853,1014.3599853515625,0.5899999737739563,2.9800000190734863,230.0,0.0,1690689664.0,1690743168.0,0.375,,11695689.0,0.5400000214576721,5.0,0.23000000417232513,26522.7109375,4.0,,,,,0.0,0.6181325316429138,12882.5,,,,,,,,,,,,media/FE83A0FF-637B-4DFF-A169-777AA8138FF1.jpg|media/E5C5E39F-DC7E-4358-B99F-01971F99E241.jpg|media/B20DAA48-0763-4585-8D23-917C69A2E530.jpg
9563432734,"01 ago 2023, 15:46:30",Giro pomeridiano,Ciclismo,"",4441,"30,16",,,false,,Scott Solace,activities/10255097707.fit.gz,,8.0,4441.0,4002.0,30168.599609375,16.416015625,7.538381099700928,723.0,708.0,461.6000061035156,1029.5999755859375,29.354991912841797,0.013921800069510937,,,,,,,,,1507.0,,19.0,,,,,,,,,,,,0.0,,0.0,,1.0,,1690902016.0,3.0,21.850000381469727,22.579999923706055,17.25,0.75,1003.5,1.4600000381469727,3.8499999046325684,249.0,0.0,1690862592.0,1690915840.0,0.5,9305237.0,,0.6200000047683716,5.0,0.8700000047683716,23492.66015625,3.0,,,,,0.0,6.7932000160217285,0.0,,,,,,,,,,,,""
9587510671,"05 ago 2023, 04:26:15",Da casa a casa 🏠 💖 ,Ciclismo,"",32840,"182,71",,,false,,Scott Solace,activities/10280521888.fit.gz,,8.0,32840.0,27760.0,182716.296875,18.279687881469727,6.5819993019104,4006.628173828125,4623.0,230.6999969482422,2296.89990234375,43.48688888549805,0.46985408663749695,,,,,,,,,9780.0,,16.0,,,,,,,,,,,,0.0,,0.0,,1.0,,1691207936.0,3.0,14.649999618530273,14.380000114440918,12.09000015258789,0.8500000238418579,1006.9099731445312,0.9100000262260437,2.5,15.0,0.0,1691208448.0,1691261056.0,0.625,9305237.0,,0.7699999809265137,5.0,0.9700000286102295,20395.890625,0.0,,,,,0.0,5.563833713531494,29.200000762939453,,,,,,,,,,,,media/5D545DFE-0F2E-4EF8-8170-664E427A45EC.jpg|media/6C765EF4-1C84-4577-9CBD-EC6D7308BA8E.jpg|media/16516219-283B-495B-85D5-36877AEE3778.jpg|media/52975A94-8CD2-4E4B-ADC3-5BD420AD50CF.jpg|media/EAA340A2-3ADD-48EA-9569-E27AB99C2C51.jpg|media/A7CC6A82-AF39-4BF1-8524-43B33B209AF2.jpg|media/96C97685-F1D5-4919-A5D5-BCCCCF9C367F.mp4
9593291181,"06 ago 2023, 06:33:45",Julierpass a un passo dal congelamento ,Ciclismo,Con una bella nevicata alla forcola,18831,"111,06",,,false,,Scott Solace,activities/10286648878.fit.gz,,8.0,18831.0,15872.0,111060.609375,19.210155487060547,6.9972662925720215,2270.0,2748.0,1735.4000244140625,2344.199951171875,45.133445739746094,-0.011705320328474045,,,,,,,,,5830.0,,7.0,,,,,,,,,,,,0.0,,0.0,,1.0,,1691301632.0,3.0,2.2100000381469727,0.38999998569488525,-0.4000000059604645,0.8299999833106995,1010.4500122070312,1.7599999904632568,4.230000019073486,324.0,0.0,1691294720.0,1691347456.0,0.625,9305237.0,,0.5299999713897705,5.0,0.6499999761581421,12791.3701171875,1.0,,,,,0.0,5.897754192352295,956.5,,,,,,,,,,,,media/353A376B-F58B-4A6A-8DC6-5AABC8DF4417.jpg|media/248375E1-9E10-4768-B065-D459F9E8BC38.jpg|media/EDB4E80A-3B84-4906-BD07-5C270871C487.jpg|media/35321440-A9A3-409F-83E0-3A866EC283B0.jpg|media/ED18BB4E-BF6B-46A9-BD1D-CCFBAA1DB1ED.jpg|media/1277535D-54F7-4F29-BF23-5AF7393E3A17.jpg
9601186363,"07 ago 2023, 16:03:02",Nuotata serale,Nuotata,"",3239,2.100,,,false,,,activities/10295009034.fit.gz,,,3239.0,2327.0,2100.0,6.363636493682861,0.9024494886398315,0.0,0.0,0.0,0.0,0.0,0.0,,,31.0,29.937700271606445,,,,,523.0,,25.0,,,,,,,,,,,,0.0,,0.0,,1.0,,,,,,,,,,,,,,,,,,,,,,,,,,,0.0,0.6483482718467712,0.0,,,,,,,,,,,,""
9608183038,"08 ago 2023, 08:03:01",Escursione mattutina,Escursione,"",34085,"34,31",,,false,,,activities/9608183038.fit,,,34085.0,25805.0,34317.6015625,2.3993821144104004,1.3298819065093994,1227.80029296875,1550.0,1795.199951171875,2304.60009765625,49.10489273071289,-0.9388766288757324,,,,,,,,,,,,,,,,,,,,,,,0.0,,0.0,,1.0,,1691481600.0,2.0,5.159999847412109,4.150000095367432,-4.320000171661377,0.5,1019.47998046875,1.0,3.2200000286102295,201.0,0.0,1691467648.0,1691520128.0,0.875,,11695689.0,0.0,1.0,0.46000000834465027,23275.5703125,4.0,,,,,0.0,1.006824254989624,29768.30078125,,,,,,,,,,,,media/C50C510D-27FD-47C1-8120-ED01D2FB105F.jpg|media/53BE3159-ECFC-4241-BD96-D70D4BA0ABC2.jpg|media/D5C01A5B-A135-4AD3-917D-8242DD3BC8DB.jpg|media/300F4AF7-7AF2-416A-B46A-746CC0C5593E.jpg|media/FD771C7A-D61A-4208-96CD-DFCD6D30BFAB.jpg|media/141EE5EA-9C19-4F76-A5AB-359658334E7F.jpg|media/22F9D4FD-97AA-4EDA-B48D-070F7B71673B.jpg|media/BED215B1-8A11-4364-ABF7-7D3F2B67BEA8.jpg
9611699199,"09 ago 2023, 07:35:45",Giro mattutino,Ciclismo,☁️☁️,6677,"53,81",,,false,,Scott Solace,activities/10306066013.fit.gz,,8.0,6677.0,5953.0,53814.69921875,35.05263137817383,9.039929389953613,253.0,234.0,1855.800048828125,1946.5999755859375,10.8634033203125,0.0022297832183539867,,,,,,,,,1822.0,,7.0,,,,,,,,,,,,0.0,,0.0,,1.0,,1691564416.0,3.0,6.079999923706055,5.199999809265137,0.8799999952316284,0.6899999976158142,1019.4400024414062,1.1399999856948853,2.700000047683716,303.0,0.0,1691554176.0,1691606400.0,0.875,9305237.0,,0.0,1.0,0.9900000095367432,25898.91015625,2.0,,,,,2.0,8.059712409973145,250.39999389648438,,,,,,,,,,,,media/23E5696D-CBFF-4ABC-8591-28147B9F331E.jpg
9619642084,"10 ago 2023, 06:14:50",Giro mattutino,Ciclismo,Estivo open,23017,"103,99",,,false,,Scott Solace,activities/10314475226.fit.gz,,8.0,23017.0,16700.0,103988.5703125,21.83203125,6.226860523223877,2920.0,2774.0,1397.4000244140625,2796.39990234375,47.61117172241211,0.004423561971634626,,,,,,,,,5487.0,,17.0,,,,,,,,,,,,0.0,,0.0,,1.0,,1691647232.0,1.0,5.940000057220459,4.670000076293945,2.5299999713897705,0.7900000214576721,1023.0,1.7899999618530273,4.360000133514404,321.0,0.0,1691640704.0,1691692672.0,0.875,9305237.0,,0.0,1.0,0.30000001192092896,19127.169921875,1.0,,,,,0.0,4.517902851104736,248.60000610351562,,,,,,,,,,,,media/1F2F2BC1-AEBA-4776-9C3C-EBD34EF957F6.jpg|media/4A7106A6-4172-4421-B636-FA08049FB7A4.jpg|media/49CACC85-D94D-40AF-9B41-83C0CC6CCF42.jpg|media/B6E5D825-90E9-4F73-8F4E-33406C04BFC0.jpg|media/CEA3A678-08C4-4F10-B796-0D28F5FCCF68.jpg
9633412178,"12 ago 2023, 05:31:34",Da casa a casa 🏠❤️,Ciclismo,Ma dove sono le chiavi dell’appartamento?,34632,"222,27",,,false,,Scott Solace,activities/10329007372.fit.gz,,8.0,34632.0,29235.0,222273.1875,21.165624618530273,7.602982521057129,3047.0,3889.0,281.79998779296875,2323.199951171875,41.85805892944336,-0.3644164204597473,,,,,,,,,9740.0,,21.0,,,,,,,,,,,,0.0,,0.0,,1.0,,1691816448.0,2.0,7.900000095367432,7.150000095367432,4.820000171661377,0.8100000023841858,1025.27001953125,0.8700000047683716,2.25,219.0,0.0,1691813632.0,1691865344.0,0.875,9305237.0,,0.23000000417232513,5.0,0.49000000953674316,14645.48046875,0.0,,,,,0.0,6.418144702911377,359.0,,,,,,,,,,,,media/2EDD3294-8000-4079-AADE-2DD9A0B3D366.jpg|media/8D4A53A0-E4A2-4BBE-87EA-CC0C82FCE4B5.jpg|media/2DA66747-2F0B-42FC-A9FE-88B9F3644E45.jpg|media/CD4F13AA-7572-4A86-98F1-A51407329C3C.mp4|media/E523BE9E-956D-4C84-AF72-C832A902FC5A.jpg|media/B6003381-8048-4A8B-968D-CB88F3F81CD0.jpg
9646869774,"14 ago 2023, 14:50:05",Giro pomeridiano,Ciclismo,Ciclista chiuso,8456,"56,22",,,false,,Scott Solace,activities/10343233852.fit.gz,,8.0,8456.0,7690.0,56225.6796875,16.559764862060547,7.311532020568848,803.0,800.0,319.79998779296875,1026.800048828125,31.836366653442383,0.004980017896741629,,,,,,,,,2301.0,,24.0,,,,,,,,,,,,0.0,,0.0,,1.0,,1692021632.0,1.0,26.809999465942383,27.690000534057617,17.260000228881836,0.5600000023841858,1017.780029296875,1.690000057220459,4.789999961853027,198.0,0.0,1691986816.0,1692037888.0,0.0,9305237.0,,0.2199999988079071,5.0,0.2199999988079071,28410.970703125,5.0,,,,,0.0,6.649205207824707,433.6000061035156,,,,,,,,,,,,""
9650222442,"15 ago 2023, 05:29:21",15/08 = BERGAMO DESERTA,Ciclismo,"",7779,"58,95",,,false,,Scott Solace,activities/10346746392.fit.gz,,8.0,7779.0,7472.0,58958.23046875,25.5439453125,7.890555381774902,875.0,888.0,302.0,1033.800048828125,31.81371307373047,-0.005766835995018482,,,,,,,,,2652.0,,18.0,,,,,,,,,,,,0.0,,0.0,,1.0,,1692075648.0,1.0,18.6200008392334,18.709999084472656,14.510000228881836,0.7699999809265137,1019.22998046875,1.3700000047683716,3.130000114440918,13.0,0.0,1692073216.0,1692124160.0,0.0,9305237.0,,0.27000001072883606,5.0,0.10999999940395355,26300.7109375,0.0,,,,,0.0,7.579153060913086,0.0,,,,,,,,,,,,media/3E08A407-0367-43D3-B27C-74FC5B3AE0EB.jpg|media/656F915D-B009-4E6D-9EA1-E4898B4DD714.jpg|media/B4032444-3FF9-4A65-8FE1-291EE864F3EE.jpg
9673452286,"18 ago 2023, 14:59:07",Giro pomeridiano,Ciclismo,"",4946,"30,23",,,false,,Scott Solace,activities/10371200393.fit.gz,,8.0,4946.0,4252.0,30235.580078125,15.575976371765137,7.110908031463623,695.0,1307.0,500.0,1489.0,26.293434143066406,0.013229446485638618,,,,,,,,,1754.0,,23.0,,,,,,,,,,,,0.0,,0.0,,1.0,,1692367232.0,1.0,24.75,25.450000762939453,16.860000610351562,0.6200000047683716,1016.1300048828125,1.7899999618530273,3.7699999809265137,192.0,0.0,1692332672.0,1692383104.0,0.125,9305237.0,,0.36000001430511475,5.0,0.23999999463558197,27685.109375,5.0,,,,,0.0,6.113138198852539,0.0,,,,,,,,,,,,""
9706710801,"23 ago 2023, 15:59:25",Giro pomeridiano,Ciclismo,,4340,"30,59",,,false,,Scott Solace,activities/10406963794.fit.gz,,8.0,4340.0,4167.0,30592.2890625,18.80859375,7.341562271118164,668.0,678.0,325.20001220703125,973.5999755859375,46.34262466430664,-0.02092018537223339,,,,,,,,,1504.0,,25.0,,,,,,,,,,,,,,0.0,,1.0,,1692802816.0,1.0,31.860000610351562,34.13999938964844,20.149999618530273,0.5,1015.3699951171875,1.2999999523162842,2.9000000953674316,225.0,0.0,1692765056.0,1692814592.0,0.125,9305237.0,,0.5199999809265137,1.0,0.25999999046325684,29211.0,3.0,,,,,0.0,7.048914432525635,55.599998474121094,,,,,,,,,,,,""
9713159343,"24 ago 2023, 05:09:04",Giro mattutino,Ciclismo,,42945,"46,66",,,false,,Scott Solace,activities/10413789243.fit.gz,,8.0,42945.0,6624.0,46662.671875,20.731689453125,7.044485569000244,830.0,783.0,357.6000061035156,1078.199951171875,49.22156524658203,0.18473026156425476,,,,,,,,,2053.0,,23.0,,,,,,,,,,,,,,0.0,,1.0,,1692853248.0,1.0,20.760000228881836,20.940000534057617,14.90999984741211,0.6899999976158142,1017.6699829101562,2.0899999141693115,3.930000066757202,12.0,0.0,1692851456.0,1692900864.0,0.25,9305237.0,,0.2800000011920929,1.0,0.03999999910593033,26049.0,0.0,,,,,0.0,1.0865682363510132,62.29999923706055,,,,,,,,,,,,""
9719567967,"25 ago 2023, 05:15:14",Giro mattutino,Ciclismo,"Lavoro
Ciclista
Crono",46091,"51,17",,,false,,Scott Solace,activities/10420553490.fit.gz,,8.0,46091.0,6326.0,51171.44921875,19.103906631469727,8.089068412780762,685.0,1039.0,276.79998779296875,980.5999755859375,49.911380767822266,-0.11764363199472427,,,,,,,,,2253.0,,21.0,,,,,,,,,,,,0.0,,0.0,,1.0,,1692939648.0,1.0,18.979999542236328,18.709999084472656,12.390000343322754,0.6600000262260437,1014.780029296875,1.7699999809265137,3.6600000858306885,17.0,0.0,1692937984.0,1692987136.0,0.375,9305237.0,,0.0,1.0,0.009999999776482582,26148.0,0.0,,,,,0.0,1.1102265119552612,188.3000030517578,,,,,,,,,,,,""
9731356110,"16 ago 2023, 15:51:34",Nuotata pomeridiana,Nuotata,,780,700,,,false,,,activities/10433059047.fit.gz,,,780.0,405.0,700.0,4.854369163513184,1.7283951044082642,0.0,0.0,0.0,0.0,0.0,0.0,,,29.0,29.0,,,,,196.0,,25.0,,,,,,,,,,,,,,0.0,,1.0,,,,,,,,,,,,,,,,,,,,,,,,,,,0.0,0.8974359035491943,0.0,,,,,,,,,,,,""
9731356258,"27 ago 2023, 13:37:59",Nuotata pomeridiana,Nuotata,"",499,800,,,false,,,activities/10433059243.fit.gz,,,499.0,458.0,800.0,5.282526969909668,1.7467248439788818,0.0,0.0,0.0,0.0,0.0,0.0,,,29.0,26.756193161010742,,,,,213.0,,25.0,,,,,,,,,,,,0.0,,0.0,,1.0,,,,,,,,,,,,,,,,,,,,,,,,,,,0.0,1.6032063961029053,0.0,,,,,,,,,,,,""
9731356724,"27 ago 2023, 13:47:39",Nuotata pomeridiana,Nuotata,"",3209,2.400,,,false,,,activities/10433059602.fit.gz,,,3209.0,2555.0,2400.0,6.536802291870117,0.9393346309661865,0.0,0.0,0.0,0.0,0.0,0.0,,,32.0,29.336872100830078,,,,,576.0,,25.0,,,,,,,,,,,,0.0,,0.0,,1.0,,,,,,,,,,,,,,,,,,,,,,,,,,,0.0,0.7478965520858765,0.0,,,,,,,,,,,,""
9744332748,"29 ago 2023, 16:24:05",Giro serale,Ciclismo,"",4613,"33,54",,,false,,Scott Solace,activities/10446740756.fit.gz,,8.0,4613.0,4410.0,33543.94140625,16.879980087280273,7.606335639953613,736.0,756.0,344.0,1023.7999877929688,28.515399932861328,-0.0321965366601944,,,,,,,,,1660.0,,14.0,,,,,,,,,,,,0.0,,0.0,,1.0,,1693324800.0,3.0,19.43000030517578,19.34000015258789,13.460000038146973,0.6800000071525574,1003.0999755859375,0.7599999904632568,3.009999990463257,165.0,0.0,1693283840.0,1693332352.0,0.375,9305237.0,,0.8999999761581421,5.0,0.8399999737739563,24941.0,1.0,,,,,0.0,7.271610736846924,0.0,,,,,,,,,,,,""
9750581604,"30 ago 2023, 05:04:52",Giro mattutino,Ciclismo,"",43120,"42,56",,,false,,Scott Solace,activities/10453434587.fit.gz,,8.0,43120.0,5238.0,42567.78125,15.454004287719727,8.126724243164062,653.0,669.0,272.79998779296875,936.4000244140625,13.343649864196777,-0.05966959893703461,,,,,,,,,1902.0,,14.0,,,,,,,,,,,,0.0,,0.0,,1.0,,1693371648.0,3.0,13.470000267028809,12.779999732971191,7.940000057220459,0.6899999976158142,1006.010009765625,1.7799999713897705,3.819999933242798,14.0,0.0,1693370368.0,1693418624.0,0.5,9305237.0,,0.3100000023841858,5.0,0.7799999713897705,25946.0,0.0,,,,,0.0,0.9871934652328491,11.399999618530273,,,,,,,,,,,,""
9756692993,"31 ago 2023, 05:12:59",Giro mattutino,Ciclismo,,39991,"41,20",,,false,,Scott Solace,activities/10459929322.fit.gz,,8.0,39991.0,5867.0,41203.640625,21.37825584411621,7.022948741912842,747.0,763.0,257.0,996.4000244140625,49.55478286743164,-0.07572149485349655,,,,,,,,,1959.0,,14.0,,,,,,,,,,,,,,0.0,,1.0,,1693458048.0,3.0,12.520000457763672,11.960000038146973,9.15999984741211,0.800000011920929,1012.5599975585938,1.8600000143051147,3.6700000762939453,18.0,0.0,1693456768.0,1693504896.0,0.625,9305237.0,,0.0,1.0,0.7599999904632568,17786.0,0.0,,,,,0.0,1.030322790145874,65.69999694824219,,,,,,,,,,,,""
9769320507,"02 set 2023, 13:34:17",Calma e gesso,Ciclismo,"",7118,"40,03",,,false,,Scott Solace,activities/10473302396.fit.gz,,8.0,7118.0,5956.0,40031.26953125,17.5419921875,6.721166610717773,1032.0,1019.0,277.3999938964844,1024.0,39.06039810180664,-0.010491828434169292,,,,,,,,,2131.0,,21.0,,,,,,,,,,,,0.0,,0.0,,1.0,,1693659648.0,1.0,21.09000015258789,20.93000030517578,13.130000114440918,0.6000000238418579,1021.1400146484375,1.9900000095367432,5.289999961853027,209.0,0.0,1693629824.0,1693677440.0,0.625,9305237.0,,0.0,1.0,0.33000001311302185,29014.0,5.0,,,,,0.0,5.62394905090332,133.1999969482422,,,,,,,,,,,,""
9796631336,"06 set 2023, 16:01:30",Amo settembre 🌄,Ciclismo,"",5290,"38,52",,,false,,Scott Solace,activities/10502146318.fit.gz,,8.0,5290.0,5009.0,38522.94140625,17.03499412536621,7.690744876861572,831.0,838.0,394.20001220703125,1062.0,21.842071533203125,-0.009345334954559803,,,,,,,,,1862.0,,16.0,,,,,,,,,,,,0.0,,0.0,,1.0,,1694016000.0,1.0,21.06999969482422,20.940000534057617,13.3100004196167,0.6100000143051147,1020.0700073242188,1.1699999570846558,3.049999952316284,222.0,0.0,1693975680.0,1694022656.0,0.875,9305237.0,,0.0,1.0,0.03999999910593033,29026.0,1.0,,,,,0.0,7.282219409942627,0.0,,,,,,,,,,,,media/8A657F0F-3073-45B3-8CC7-347A26220517.jpg|media/2A0929D3-A8C5-4E36-BBD4-EA52B49A9F23.mp4
9809562951,"08 set 2023, 16:05:51",Giro serale,Ciclismo,"",5308,"35,72",,,false,,Scott Solace,activities/10515753008.fit.gz,,8.0,5308.0,5011.0,35728.98046875,17.306055068969727,7.130109786987305,778.0,783.0,365.3999938964844,1078.199951171875,26.512470245361328,0.034145813435316086,,,,,,,,,1806.0,,18.0,,,,,,,,,,,,0.0,,0.0,,1.0,,1694188800.0,1.0,24.969999313354492,25.6299991607666,16.670000076293945,0.6000000238418579,1019.1099853515625,1.2599999904632568,3.4200000762939453,210.0,0.0,1694148608.0,1694195200.0,0.875,9305237.0,,0.0,1.0,0.12999999523162842,29036.0,1.0,,,,,0.0,6.731156826019287,0.0,,,,,,,,,,,,""
9810089350,"04 set 2023, 15:58:24",Nuotata pomeridiana,Nuotata,,2552,1.850,,,false,,,activities/10516303746.fit.gz,,,2552.0,1946.0,1850.0,1.9817073345184326,0.9506680369377136,0.0,0.0,0.0,0.0,0.0,0.0,,,32.0,27.787155151367188,,,,,466.0,,26.0,,,,,,,,,,,,,,0.0,,1.0,,,,,,,,,,,,,,,,,,,,,,,,,,,0.0,0.7249216437339783,0.0,,,,,,,,,,,,""
9813574378,"09 set 2023, 05:56:39",Giro mattutino,Ciclismo,"",17378,"112,39",,,false,,Scott Solace,activities/10519965396.fit.gz,,8.0,17378.0,15927.0,112390.375,17.736719131469727,7.056594371795654,2132.0,2127.0,309.20001220703125,1643.5999755859375,26.013336181640625,0.008007803000509739,,,,,,,,,5380.0,,17.0,,,,,,,,,,,,0.0,,0.0,,1.0,,,,,,,,,,,,,,,,9305237.0,,,,,,,,,,,0.0,6.4673943519592285,703.5999755859375,,,,,,,,,,,,media/09F37CE4-2E5B-43A5-A046-785D262B4918.jpg|media/891C5CAD-54D5-4ACB-B7FC-A1C4FE58B6AA.jpg|media/47E2B2E1-EBF4-47D1-B1F2-EA7422479DB3.jpg
9822563136,"10 set 2023, 12:57:47",Escursione pomeridiana,Escursione,,7181,"8,00",168.0,46,false,,,activities/10529454003.fit.gz,,,7181.0,6848.0,8003.3603515625,3.7759766578674316,1.168715000152588,590.0,552.0,971.2000122070312,1424.800048828125,49.91078567504883,0.062473759055137634,,,113.0,50.44813537597656,,125.78339385986328,,,841.0,,28.0,46.0,,,,,,,,,,,,,0.0,,1.0,,,,,,,,,,,,,,,,,11695689.0,,,,,,,,,,0.0,1.1145188808441162,6134.5,,,,,,,,,,,,""
9835733745,"12 set 2023, 05:16:35",Giro mattutino,Ciclismo,Mattinata sfortunata,42689,"46,72",,,false,,Scott Solace,activities/10543353709.fit.gz,,8.0,42689.0,5889.0,46721.3203125,16.780078887939453,7.933659553527832,733.0,788.0,316.3999938964844,1031.800048828125,26.283510208129883,-0.01455448754131794,,,,,,,,,2102.0,,17.0,,,,,,,,,,,,0.0,,0.0,,1.0,,,,,,,,,,,,,,,,9305237.0,,,,,,,,,,,0.0,1.0944581031799316,0.0,,,,,,,,,,,,media/0242DCA3-7AE6-4538-AC82-732267910BAD.jpg
9858890828,"16 set 2023, 05:53:39",Giro mattutino,Ciclismo,"",14466,"90,17",,,false,,Scott Solace,activities/10567608496.fit.gz,,8.0,14466.0,13877.0,90178.7265625,19.006053924560547,6.498431205749512,1963.0,1967.0,264.3999938964844,1089.4000244140625,37.221073150634766,-0.029940541833639145,,,,,,,,,4425.0,,15.0,,,,,,,,,,,,0.0,,0.0,,1.0,,,,,,,,,,,,,,,,9305237.0,,,,,,,,,,,0.0,6.233839988708496,22.600000381469727,,,,,,,,,,,,""
9859707366,"13 set 2023, 15:40:24",Nuotata pomeridiana,Nuotata,,1823,1.600,,,false,,,activities/10568466467.fit.gz,,,1823.0,1650.0,1600.0,3.3980581760406494,0.9696969985961914,0.0,0.0,0.0,0.0,0.0,0.0,,,30.0,25.45158576965332,,,,,395.0,,26.0,,,,,,,,,,,,,,0.0,,1.0,,,,,,,,,,,,,,,,,,,,,,,,,,,0.0,0.8776741623878479,0.0,,,,,,,,,,,,""
9918801892,"25 set 2023, 15:22:14",Escursione pomeridiana,Escursione,"",1442,"1,72",147.0,6,false,,,activities/10630470109.fit.gz,,,1442.0,1442.0,1727.1500244140625,4.318000316619873,1.1977461576461792,105.0,2.0,40.400001525878906,143.8000030517578,37.81985855102539,5.952001571655273,,,80.0,47.38161087036133,,123.22425842285156,,,203.0,,24.0,6.0,,,,,,,,,,,0.0,,0.0,,1.0,,,,,,,,,,,,,,,,,11695689.0,,,,,,,,,,0.0,1.1977461576461792,0.0,,,,,,,,,,,,""
9936413338,"28 set 2023, 08:04:35",Escursione mattutina,Escursione,"",13458,"13,40",170.0,44,false,,,activities/10648918621.fit.gz,,,13458.0,10660.0,13405.2099609375,4.388085842132568,1.2575243711471558,277.0,268.0,-24.399999618530273,75.5999984741211,44.56711196899414,0.03879088908433914,,,102.0,49.0886344909668,,113.3014907836914,,,1132.0,,31.0,44.0,,,,,,,,,,,0.0,,0.0,,1.0,,,,,,,,,,,,,,,,,11695689.0,,,,,,,,,,0.0,0.9960774183273315,2677.5,,,,,,,,,,,,media/8FB6BEA9-7AF1-43FE-835F-D5D1B85D3B15.jpg
9969936411,"03 ott 2023, 15:54:14",Corsa pomeridiana,Corsa,,1741,"6,08",177.0,42,false,,,activities/10684060951.fit.gz,,,1741.0,1738.0,6083.88037109375,5.668005466461182,3.5005064010620117,20.0,31.0,309.3999938964844,335.3999938964844,10.022374153137207,-0.19724254310131073,,,76.0,73.5345230102539,,153.28021240234375,,,388.0,,22.0,42.0,,,,,,,,,,,,,0.0,,1.0,6084.2998046875,,,,,,,,,,,,,,,,11695689.0,,,,,,,,,,0.0,3.494474411010742,0.0,,,,4264.0,,,,,,,,""
9982612270,"05 ott 2023, 15:42:51",Corsa pomeridiana,Corsa,Piano piano si riprende,1745,"6,32",174.0,52,false,,,activities/10697265076.fit.gz,,,1745.0,1745.0,6322.43017578125,6.196675777435303,3.623169183731079,24.0,30.0,318.79998779296875,344.20001220703125,7.120632171630859,-0.04428705945611,,,80.0,76.27513122558594,,157.7183074951172,,,410.0,,22.0,52.0,,,,,,,,,,,0.0,,0.0,,1.0,6345.60009765625,,,,,,,,,,,,,,,,11695689.0,,,,,,,,,,0.0,3.623169183731079,0.0,,,,4414.0,,,,,,,,""
9988988322,"06 ott 2023, 16:08:56",Escursione serale,Escursione,,2867,"4,28",168.0,43,false,,,activities/10703898657.fit.gz,,,2867.0,2867.0,4283.10986328125,4.30712890625,1.4939343929290771,312.0,329.0,1000.0,1331.4000244140625,49.90010070800781,-0.448272705078125,,,122.0,54.79013442993164,,140.3374481201172,,,469.0,,18.0,43.0,,,,,,,,,,,,,0.0,,1.0,,,,,,,,,,,,,,,,,11695689.0,,,,,,,,,,0.0,1.4939343929290771,3209.5,,,,,,,,,,,,""
9994643684,"07 ott 2023, 11:13:00",Il Lombardia 🫠,Escursione,"",15837,"13,03",171.0,62,false,,,activities/10709799635.fit.gz,,,15837.0,9169.0,13034.0,4.301676273345947,1.4215290546417236,690.0,718.0,687.2000122070312,1222.5999755859375,41.66666793823242,-0.40662881731987,,,120.0,52.493675231933594,,126.0616455078125,,,1196.0,,25.0,62.0,,,,,,,,,,,0.0,,0.0,,1.0,,,,,,,,,,,,,,,,,11695689.0,,,,,,,,,,0.0,0.8230093717575073,6024.60009765625,,,,,,,,,,,,media/6A9D58A3-80B7-4468-9F1D-AD9058305622.mp4
10001575946,"08 ott 2023, 06:04:33",Escursione mattutina,Escursione,"",30198,"23,74",176.0,242,false,,,activities/10717049285.fit.gz,,,30198.0,24466.0,23746.330078125,6.7974853515625,0.9705848693847656,1822.0,1810.0,885.5999755859375,2444.0,49.77838134765625,0.05727216228842735,,,103.0,51.379417419433594,,128.41844177246094,,,3262.0,,23.0,242.0,,,,,,,,,,,0.0,,0.0,,1.0,,,,,,,,,,,,,,,,,11695689.0,,,,,,,,,,0.0,0.7863543629646301,18674.80078125,,,,,,,,,,,,media/AD2852C4-E745-48F8-8544-FB933086079B.jpg|media/E8AC3558-2BE6-430F-8D34-F3B1AF4697A9.jpg|media/F045B823-4166-41F4-B318-C595F7DC26B2.jpg|media/7588A6BA-081B-48AF-A01C-3DEC9EA498B9.mp4
10014007375,"10 ott 2023, 16:10:46",Corsa serale,Corsa,"",2176,"8,04",173.0,58,false,,,activities/10730006019.fit.gz,,,2176.0,2162.0,8046.3701171875,8.7080078125,3.7217252254486084,33.0,46.0,308.3999938964844,350.0,29.850942611694336,-0.16404928267002106,,,103.0,74.736328125,,155.41195678710938,,,495.0,,21.0,58.0,,,,,,,,,,,0.0,,0.0,,1.0,8077.7998046875,,,,,,,,,,,,,,,,11695689.0,,,,,,,,,,0.0,3.6977803707122803,0.0,,,,5400.0,,,,,,,,""
10020275558,"11 ott 2023, 16:10:32",Escursione serale,Escursione,,3066,"5,20",182.0,40,false,,,activities/10736488244.fit.gz,,,3066.0,3066.0,5208.39013671875,4.147997856140137,1.698757290840149,334.0,341.0,962.0,1289.4000244140625,49.83372497558594,-0.1804785132408142,,,119.0,59.60670852661133,,136.07652282714844,,,469.0,,19.0,40.0,,,,,,,,,,,,,0.0,,1.0,,,,,,,,,,,,,,,,,11695689.0,,,,,,,,,,0.0,1.698757290840149,3739.699951171875,,,,,,,,,,,,""
10031891231,"13 ott 2023, 15:14:31",Corsa pomeridiana,Corsa,"",2697,"10,01",179.0,89,false,,,activities/10748541807.fit.gz,,,2697.0,2644.0,10018.7001953125,11.075976371765137,3.7892210483551025,58.0,55.0,318.79998779296875,372.79998779296875,11.47529125213623,0.02195875346660614,,,80.0,74.958251953125,,160.44525146484375,,,634.0,,22.0,89.0,,,,,,,,,,,0.0,,0.0,,1.0,10100.5,,,,,,,,,,,,,,,,11695689.0,,,,,,,,,,0.0,3.714757204055786,0.0,,,,6584.0,,,,,,,,""
10050487989,"16 ott 2023, 16:34:19",Corsa serale,Corsa,,2739,"10,00",184.0,67,false,,,activities/10767944794.fit.gz,,,2739.0,2739.0,10007.7900390625,7.5133056640625,3.6538116931915283,54.0,48.0,354.3999938964844,404.79998779296875,16.494991302490234,0.029976647347211838,,,82.0,74.13764190673828,,152.6973419189453,,,591.0,,15.0,67.0,,,,,,,,,,,,,0.0,,1.0,10080.400390625,,,,,,,,,,,,,,,,11695689.0,,,,,,,,,,0.0,3.6538116931915283,0.0,,,,6764.0,,,,,,,,""
10062626659,"18 ott 2023, 16:02:57",Corsa serale,Corsa,"",2749,"10,10",182.0,95,false,,,activities/10780547499.fit.gz,,,2749.0,2645.0,10103.5703125,7.8800048828125,3.8198752403259277,41.0,62.0,293.0,357.0,17.777732849121094,-0.28306832909584045,,,80.0,75.23274993896484,,161.8030242919922,,,661.0,,14.0,95.0,,,,,,,,,,,0.0,,0.0,,1.0,10130.7001953125,,,,,,,,,,,,,,,,11695689.0,,,,,,,,,,0.0,3.6753621101379395,0.0,,,,6614.0,,,,,,,,""
10082131575,"21 ott 2023, 15:08:28",Corsa pomeridiana,Corsa,,2914,"9,85",178.0,121,false,,,activities/10800849173.fit.gz,,,2914.0,2911.0,9856.759765625,6.138326168060303,3.3860390186309814,164.0,194.0,977.2000122070312,1066.5999755859375,16.378429412841797,-0.2678367495536804,,,79.0,74.83218383789062,,165.96597290039062,,,735.0,,16.0,121.0,,,,,,,,,,,,,0.0,,1.0,10184.900390625,,,,,,,,,,,,,,,,11695689.0,,,,,,,,,,0.0,3.3825531005859375,38.400001525878906,,,,7268.0,,,,,,,,""
10085406016,"22 ott 2023, 13:11:28",Escursione pomeridiana,Escursione,,7764,"9,17",147.0,22,false,,,activities/10804253750.fit.gz,,,7764.0,7200.0,9175.919921875,2.8680663108825684,1.2744332551956177,366.0,371.0,791.5999755859375,973.4000244140625,48.00014114379883,-0.13949541747570038,,,79.0,50.153438568115234,,107.38211059570312,,,707.0,,20.0,22.0,,,,,,,,,,,,,0.0,,1.0,,,,,,,,,,,,,,,,,11695689.0,,,,,,,,,,0.0,1.1818547248840332,5456.2998046875,,,,,,,,,,,,""
10103252958,"25 ott 2023, 15:27:02",Corsa pomeridiana,Corsa,,3313,"10,53",167.0,43,false,,,activities/10822833400.fit.gz,,,3313.0,3212.0,10534.05078125,7.47998046875,3.279592275619507,39.0,60.0,297.3999938964844,336.20001220703125,10.88986587524414,-0.22973132133483887,,,80.0,75.00074768066406,,142.03500366210938,,,597.0,,16.0,43.0,,,,,,,,,,,,,0.0,,1.0,10554.2998046875,,,,,,,,,,,,,,,,11695689.0,,,,,,,,,,0.0,3.1796107292175293,0.0,,,,7130.0,,,,,,,,""
10108859985,"26 ott 2023, 15:21:27",Corsa pomeridiana,Corsa,,3524,"12,13",173.0,103,false,,,activities/10828670691.fit.gz,,,3524.0,3500.0,12129.75,6.43798828125,3.4656429290771484,43.0,69.0,294.6000061035156,355.0,15.822766304016113,-0.21929559111595154,,,78.0,73.45548248291016,,157.96554565429688,,,848.0,,17.0,103.0,,,,,,,,,,,,,0.0,,1.0,12148.5,,,,,,,,,,,,,,,,11695689.0,,,,,,,,,,0.0,3.442040205001831,0.0,,,,8584.0,,,,,,,,""
10123091814,"29 ott 2023, 08:00:39",Corsa mattutina,Corsa,,2487,"8,39",177.0,49,false,,,activities/10843581861.fit.gz,,,2487.0,2370.0,8392.4599609375,7.800008296966553,3.5411224365234375,165.0,188.0,920.0,1020.2000122070312,27.803421020507812,-0.3860611021518707,,,78.0,74.9642562866211,,150.52716064453125,,,533.0,,14.0,49.0,,,,,,,,,,,,,0.0,,1.0,8785.2998046875,,,,,,,,,,,,,,,,11695689.0,,,,,,,,,,0.0,3.3745315074920654,154.3000030517578,,,,5948.0,,,,,,,,""
10137523145,"31 ott 2023, 16:18:55",Corsa pomeridiana,Corsa,"",3497,"11,99",182.0,106,false,,,activities/10858715392.fit.gz,,,3497.0,3245.0,11995.9501953125,7.416015625,3.696748733520508,51.0,56.0,292.0,340.6000061035156,6.301516056060791,-0.24674999713897705,,,78.0,74.01825714111328,,160.24334716796875,,,793.0,,13.0,106.0,,,,,,,,,,,0.0,,0.0,,1.0,12080.599609375,,,,,,,,,,,,,,,,11695689.0,,,,,,,,,,0.0,3.430354595184326,0.0,,,,7976.0,,,,,,,,""
10143131667,"01 nov 2023, 15:14:21",🎃 ritorno da Ganda con il cavallo RICCARDONE,Corsa,"",2927,"10,06",184.0,100,false,,,activities/10864594219.fit.gz,,,2927.0,2927.0,10066.5703125,7.361987113952637,3.439210891723633,172.0,211.0,960.0,1057.0,18.030357360839844,-0.3834477365016937,,,115.0,74.89637756347656,,161.16244506835938,,,736.0,,14.0,100.0,,,,,,,,,,,0.0,,0.0,,1.0,10405.400390625,,,,,,,,,,,,,,,,11695689.0,,,,,,,,,,0.0,3.439210891723633,39.79999923706055,,,,7332.0,,,,,,,,media/9523CB66-FE61-4612-BE5E-FD3862C9A3FA.jpg
10153966850,"03 nov 2023, 15:02:06",Corsa pomeridiana,Corsa,"",3716,"12,38",184.0,139,false,,,activities/10875965224.fit.gz,,,3716.0,3540.0,12380.7900390625,5.939990043640137,3.4973983764648438,61.0,69.0,282.3999938964844,314.79998779296875,10.178154945373535,-0.1405402570962906,,,80.0,74.15918731689453,,163.98594665527344,,,882.0,,14.0,139.0,,,,,,,,,,,0.0,,0.0,,1.0,12468.2998046875,,,,,,,,,,,,,,,,11695689.0,,,,,,,,,,0.0,3.331751823425293,2249.800048828125,,,,8592.0,,,,,,,,""
10162985424,"05 nov 2023, 08:19:55",Corsa mattutina,Corsa,,3222,"9,45",173.0,73,false,,,activities/10885465056.fit.gz,,,3222.0,2838.0,9458.5703125,5.8462371826171875,3.332829475402832,185.0,202.0,924.0,1026.199951171875,44.28078079223633,-0.19876205921173096,,,79.0,76.41222381591797,,154.61383056640625,,,674.0,,14.0,73.0,,,,,,,,,,,,,0.0,,1.0,9941.5,,,,,,,,,,,,,,,,11695689.0,,,,,,,,,,0.0,2.9356207847595215,29.299999237060547,,,,7212.0,,,,,,,,""
10171753754,"06 nov 2023, 17:05:58",Corsa serale,Corsa,"",3169,"10,84",182.0,105,false,,,activities/10894679642.fit.gz,,,3169.0,2918.0,10844.9599609375,13.10400390625,3.7165729999542236,39.0,50.0,291.79998779296875,334.6000061035156,8.556204795837402,-0.2747821807861328,,,79.0,74.67068481445312,,161.4281768798828,,,711.0,,12.0,105.0,,,,,,,,,,,0.0,,0.0,,1.0,10902.7001953125,,,,,,,,,,,,,,,,11695689.0,,,,,,,,,,0.0,3.4222025871276855,0.0,,,,7232.0,,,,,,,,media/444684F1-422F-4E82-B6A9-FC565A5BCA19.jpg
10178224146,"07 nov 2023, 16:49:06",Corsa pomeridiana,Corsa,,4531,"14,90",176.0,129,false,,,activities/10901400190.fit.gz,,,4531.0,4357.0,14903.76953125,8.078027725219727,3.420649528503418,74.0,99.0,287.6000061035156,367.0,22.108877182006836,-0.22544635832309723,,,78.0,73.7884292602539,,157.80601501464844,,,1054.0,,10.0,129.0,,,,,,,,,,,,,0.0,,1.0,15108.099609375,,,,,,,,,,,,,,,,11695689.0,,,,,,,,,,0.0,3.2892892360687256,0.0,,,,10760.0,,,,,,,,""
10194969757,"10 nov 2023, 15:56:41",Corsa pomeridiana,Corsa,,4202,"12,68",182.0,92,false,,,activities/10918714929.fit.gz,,,4202.0,3804.0,12686.73046875,8.8759765625,3.3351025581359863,76.0,77.0,302.6000061035156,341.20001220703125,16.313526153564453,-0.14976277947425842,,,84.0,75.99746704101562,,154.5234375,,,868.0,,13.0,92.0,,,,,,,,,,,,,0.0,,1.0,12916.7998046875,,,,,,,,,,,,,,,,11695689.0,,,,,,,,,,0.0,3.019212484359741,0.0,,,,8362.0,,,,,,,,""
10212510200,"13 nov 2023, 16:55:04",Corsa pomeridiana,Corsa,"",3267,"11,75",175.0,73,false,,,activities/10936962809.fit.gz,,,3267.0,3095.0,11757.3095703125,15.530029296875,3.7988076210021973,68.0,70.0,321.0,387.20001220703125,22.01518440246582,-0.22454111278057098,,,84.0,75.32581329345703,,153.16970825195312,,,725.0,,11.0,73.0,,,,,,,,,,,0.0,,0.0,,1.0,11905.7001953125,,,,,,,,,,,,,,,,11695689.0,,,,,,,,,,0.0,3.598809242248535,869.0,,,,7768.0,,,,,,,,""
10218405090,"14 nov 2023, 17:17:34",Corsa serale,Corsa,,3043,"9,81",186.0,86,false,,,activities/10943054740.fit.gz,,,3043.0,2880.0,9812.66015625,7.197949409484863,3.4071736335754395,44.0,52.0,292.0,331.6000061035156,22.244199752807617,-0.14471113681793213,,,82.0,75.67127227783203,,159.18544006347656,,,687.0,,13.0,86.0,,,,,,,,,,,,,0.0,,1.0,9955.2998046875,,,,,,,,,,,,,,,,11695689.0,,,,,,,,,,0.0,3.2246665954589844,0.0,,,,6606.0,,,,,,,,""
10230022162,"16 nov 2023, 16:13:53",Corsa pomeridiana,Corsa,3k R + (1:30 forte + 1:30 lento) x 25,5553,"19,98",182.0,188,false,,,activities/10955126742.fit.gz,,,5553.0,5356.0,19987.48046875,10.274023056030273,3.731792449951172,123.0,97.0,309.0,393.0,18.272212982177734,0.05903689190745354,,,80.0,75.76299285888672,,161.572021484375,,,1264.0,,12.0,188.0,,,,,,,,,,,0.0,,0.0,,1.0,20391.5,,,,,,,,,,,,,,,,11695689.0,,,,,,,,,,0.0,3.5994021892547607,0.0,,,,13424.0,,,,,,,,""
10235173806,"17 nov 2023, 16:20:55",Corsa pomeridiana,Corsa,,2897,"10,00",173.0,69,false,,,activities/10960465391.fit.gz,,,2897.0,2835.0,10004.919921875,15.526025772094727,3.5290722846984863,60.0,45.0,310.20001220703125,362.6000061035156,18.365447998046875,0.13793201744556427,,,79.0,74.3568344116211,,154.35006713867188,,,704.0,,15.0,69.0,,,,,,,,,,,,,0.0,,1.0,10210.7998046875,,,,,,,,,,,,,,,,11695689.0,,,,,,,,,,0.0,3.453544855117798,0.0,,,,7210.0,,,,,,,,""
10252410150,"20 nov 2023, 16:19:24",Corsa pomeridiana,Corsa,,4734,"14,92",178.0,104,false,,,activities/10978432917.fit.gz,,,4734.0,4545.0,14919.640625,10.104101181030273,3.282649278640747,67.0,71.0,302.20001220703125,337.79998779296875,20.089237213134766,-0.0911550521850586,,,83.0,74.84488677978516,,153.40679931640625,,,960.0,,11.0,104.0,,,,,,,,,,,,,0.0,,1.0,15119.2001953125,,,,,,,,,,,,,,,,11695689.0,,,,,,,,,,0.0,3.15159273147583,0.0,,,,10096.0,,,,,,,,""
10263851284,"22 nov 2023, 16:44:33",Corsa pomeridiana,Corsa,"",4137,"14,99",177.0,129,false,,,activities/10990299560.fit.gz,,,4137.0,3942.0,14994.669921875,7.327929496765137,3.8038229942321777,107.0,108.0,295.20001220703125,389.3999938964844,22.241134643554688,-0.14138345420360565,,,82.0,76.01971435546875,,160.91378784179688,,,1018.0,,8.0,129.0,,,,,,,,,,,0.0,,0.0,,1.0,15309.7998046875,,,,,,,,,,,,,,,,15547531.0,,,,,,,,,,0.0,3.6245274543762207,0.0,,,,9968.0,,,,,,,,""
10274831153,"24 nov 2023, 17:02:59",Corsa serale,Corsa,"",3949,"13,61",179.0,96,false,,,activities/11001736037.fit.gz,,,3949.0,3552.0,13615.8701171875,7.650000095367432,3.833296775817871,89.0,55.0,316.0,372.0,27.105194091796875,0.105758897960186,,,81.0,76.17347717285156,,155.88180541992188,,,866.0,,10.0,96.0,,,,,,,,,,,0.0,,0.0,,1.0,14017.0,,,,,,,,,,,,,,,,15547531.0,,,,,,,,,,0.0,3.4479286670684814,0.0,,,,8976.0,,,,,,,,""
10277973060,"25 nov 2023, 09:47:49",Corsa mattutina,Corsa,,3215,"9,40",175.0,94,false,,,activities/11005007725.fit.gz,,,3215.0,2795.0,9407.0302734375,7.487988471984863,3.365663528442383,231.0,214.0,980.5999755859375,1087.5999755859375,41.89995574951172,0.19134625792503357,,,108.0,76.89173889160156,,160.6781768798828,,,719.0,,12.0,94.0,,,,,,,,,,,,,0.0,,1.0,10273.2001953125,,,,,,,,,,,,,,,,11695689.0,,,,,,,,,,0.0,2.925981283187866,0.0,,,,7122.0,,,,,,,,""
10291302783,"27 nov 2023, 17:35:29",Corsa serale,Corsa,"",3595,"12,36",183.0,104,false,,,activities/11018865861.fit.gz,,,3595.0,3362.0,12366.169921875,15.133984565734863,3.678218364715576,85.0,59.0,316.3999938964844,347.6000061035156,23.809581756591797,0.07277920097112656,,,100.0,76.49557495117188,,160.3338623046875,,,856.0,,8.0,104.0,,,,,,,,,,,0.0,,0.0,,1.0,12619.2998046875,,,,,,,,,,,,,,,,15547531.0,,,,,,,,,,0.0,3.4398248195648193,0.0,,,,8030.0,,,,,,,,""
10302260541,"29 nov 2023, 16:16:34",Corsa pomeridiana,Corsa,,4180,"13,77",177.0,136,false,,,activities/11030204054.fit.gz,,,4180.0,3865.0,13778.9296875,9.47802734375,3.5650529861450195,106.0,66.0,316.3999938964844,393.6000061035156,21.759002685546875,0.05080220475792885,,,97.0,74.68029022216797,,162.20655822753906,,,1007.0,,6.0,136.0,,,,,,,,,,,,,0.0,,1.0,14176.2998046875,,,,,,,,,,,,,,,,11695689.0,,,,,,,,,,0.0,3.2963945865631104,514.7999877929688,,,,9650.0,,,,,,,,""
10333635368,"05 dic 2023, 16:58:10",Corsa pomeridiana,Corsa,"",4369,"15,15",172.0,95,false,,,activities/11062809146.fit.gz,,,4369.0,3916.0,15155.849609375,15.282031059265137,3.870237350463867,90.0,65.0,304.0,352.3999938964844,18.691530227661133,-0.05410440266132355,,,82.0,74.96920013427734,,153.31466674804688,,,914.0,,8.0,95.0,,,,,,,,,,,0.0,,0.0,,1.0,15428.599609375,,,,,,,,,,,,,,,,15547531.0,,,,,,,,,,0.0,3.46895170211792,0.0,,,,9788.0,,,,,,,,""
10364640215,"11 dic 2023, 17:48:57",Corsa serale,Corsa,,2640,"8,87",161.0,30,false,,,activities/11095136879.fit.gz,,,2640.0,2524.0,8878.8798828125,10.206006050109863,3.5177812576293945,125.0,130.0,991.4000244140625,1023.4000244140625,23.437761306762695,-0.05180806294083595,,,79.0,75.4753189086914,,140.57211303710938,,,511.0,,10.0,30.0,,,,,,,,,,,,,0.0,,1.0,9263.0,,,,,,,,,,,,,,,,11695689.0,,,,,,,,,,0.0,3.3632121086120605,0.0,,,,6362.0,,,,,,,,""
10370027567,"12 dic 2023, 16:34:49",Corsa pomeridiana,Corsa,"",3207,"10,68",176.0,78,false,,,activities/11100737719.fit.gz,,,3207.0,2838.0,10681.0,7.191992282867432,3.763566017150879,68.0,45.0,304.0,336.6000061035156,9.108688354492188,-0.04119458794593811,,,80.0,75.20966339111328,,155.91763305664062,,,700.0,,12.0,78.0,,,,,,,,,,,0.0,,0.0,,1.0,10876.2001953125,,,,,,,,,,,,,,,,15547531.0,,,,,,,,,,0.0,3.3305270671844482,0.0,,,,7112.0,,,,,,,,""
10375284264,"13 dic 2023, 16:35:04",Corsa pomeridiana,Corsa,,4243,"13,79",180.0,133,false,,,activities/11106188627.fit.gz,,,4243.0,3871.0,13789.76953125,8.41796875,3.5623273849487305,82.0,72.0,304.79998779296875,369.3999938964844,18.331953048706055,-0.08412037789821625,,,79.0,75.67943572998047,,161.23751831054688,,,1004.0,,14.0,133.0,,,,,,,,,,,,,0.0,,1.0,14062.7998046875,,,,,,,,,,,,,,,,11695689.0,,,,,,,,,,0.0,3.250004529953003,322.6000061035156,,,,9794.0,,,,,,,,""
10391545014,"16 dic 2023, 19:03:47",We run for Christmas 🎅,Corsa,"",2816,"8,55",,,false,,,activities/10391545014.fit,,,2816.0,2803.0,8558.900390625,7.3914618492126465,3.053478479385376,262.45416259765625,261.0,1006.0999755859375,1255.0999755859375,20.80482292175293,2.844991683959961,,,,,,,,,,,,,,,,,,,,,,,0.0,,0.0,,1.0,9530.099609375,,,,,,,,,,,,,,,,11695689.0,,,,,,,,,,0.0,3.039382219314575,0.0,,,,,,,,,,,,""
10391670873,"16 dic 2023, 19:03:45",Corsa serale,Corsa,,3228,"9,18",165.0,61,false,,,activities/11123294972.fit.gz,,,3228.0,3010.0,9185.4697265625,7.339941501617432,3.0516510009765625,271.0,32.0,1025.5999755859375,1263.800048828125,49.85394287109375,2.593226909637451,,,77.0,73.84898376464844,,148.8939971923828,,,690.0,,10.0,61.0,,,,,,,,,,,,,0.0,,1.0,10319.0,,,,,,,,,,,,,,,,11695689.0,,,,,,,,,,0.0,2.8455605506896973,0.0,,,,7104.0,,,,,,,,""
10401960086,"18 dic 2023, 16:28:21",Nuotata pomeridiana,Nuotata,"",2715,2.025,,,false,,,activities/11134120839.fit.gz,,,2715.0,2070.0,2025.0,1.7777777910232544,0.97826087474823,0.0,0.0,0.0,0.0,0.0,0.0,,,31.0,28.443819046020508,,,,,500.0,,25.0,,,,,,,,,,,,0.0,,0.0,,1.0,,,,,,,,,,,,,,,,,,,,,,,,,,,0.0,0.7458563446998596,0.0,,,,,,,,,,,,""
10406632026,"19 dic 2023, 16:07:11",Corsa pomeridiana,Corsa,Ultimo appuntamento,2284,"8,78",181.0,72,false,,,activities/11138956272.fit.gz,,,2284.0,2207.0,8782.1298828125,6.761914253234863,3.9792160987854004,60.0,34.0,276.79998779296875,336.0,11.374214172363281,0.2755597233772278,,,80.0,76.60028076171875,,159.4986114501953,,,583.0,,9.0,72.0,,,,,,,,,,,0.0,,0.0,,1.0,8977.2998046875,,,,,,,,,,,,,,,,15547531.0,,,,,,,,,,0.0,3.8450655937194824,105.9000015258789,,,,5632.0,,,,,,,,media/D00CB0FD-BE20-4CA6-922F-0F8D945A1B62.jpg|media/8B2E89C0-7586-411C-A46C-EF7D96F256BF.jpg
10425382592,"23 dic 2023, 14:31:51",Corsa pomeridiana,Corsa,,3428,"9,73",188.0,85,false,,,activities/11158043357.fit.gz,,,3428.0,2862.0,9733.01953125,9.278002738952637,3.40077543258667,200.0,170.0,1122.0,1212.0,40.93634796142578,0.11096297949552536,,,109.0,76.20965576171875,,157.3195037841797,,,700.0,,16.0,85.0,,,,,,,,,,,,,0.0,,1.0,10423.2998046875,,,,,,,,,,,,,,,,11695689.0,,,,,,,,,,0.0,2.83927059173584,35.099998474121094,,,,7288.0,,,,,,,,""
10430830097,"24 dic 2023, 13:00:50",Escursione pomeridiana,Escursione,,8939,"11,11",151.0,21,false,,,activities/11163720842.fit.gz,,,8939.0,8603.0,11118.5703125,5.502001762390137,1.2924062013626099,869.0,845.0,1124.4000244140625,1637.5999755859375,49.890113830566406,0.03597584739327431,,,123.0,53.40007781982422,,97.51940155029297,,,703.0,,18.0,21.0,,,,,,,,,,,,,0.0,,1.0,,,,,,,,,,,,,,,,,11695689.0,,,,,,,,,,0.0,1.2438271045684814,9326.2998046875,,,,,,,,,,,,""
10438983754,"26 dic 2023, 11:27:07",Corsa dell'ora di pranzo,Corsa,"",3308,"12,00",175.0,118,false,,,activities/11172262824.fit.gz,,,3308.0,3304.0,12006.6103515625,6.14599609375,3.6339619159698486,66.0,48.0,277.6000061035156,342.0,14.598421096801758,0.1382572203874588,,,79.0,76.37700653076172,,162.4200439453125,,,877.0,,15.0,118.0,,,,,,,,,,,0.0,,0.0,,1.0,12211.099609375,,,,,,,,,,,,,,,,15547531.0,,,,,,,,,,0.0,3.629567861557007,10790.7998046875,,,,8434.0,,,,,,,,""
10451199799,"28 dic 2023, 14:27:43",Corsa pomeridiana,Corsa,,3450,"9,80",186.0,110,false,,,activities/11184941403.fit.gz,,,3450.0,2828.0,9801.23046875,5.883996486663818,3.4657816886901855,208.0,191.0,954.7999877929688,1050.0,31.465456008911133,-0.024486348032951355,,,105.0,75.54696655273438,,163.8982696533203,,,753.0,,12.0,110.0,,,,,,,,,,,,,0.0,,1.0,10426.7001953125,,,,,,,,,,,,,,,,11695689.0,,,,,,,,,,0.0,2.8409364223480225,43.5,,,,7150.0,,,,,,,,""
10469854762,"30 dic 2023, 13:11:22",Escursione pomeridiana,Escursione,"",9533,"11,29",166.0,30,false,,,activities/11204292638.fit.gz,,,9533.0,9185.0,11297.2802734375,7.674023628234863,1.2299705743789673,894.0,835.0,1045.199951171875,1574.0,49.96076202392578,0.18942634761333466,,,113.0,51.936885833740234,,107.16690063476562,,,880.0,,15.0,30.0,,,,,,,,,,,0.0,,0.0,,1.0,,,,,,,,,,,,,,,,,,,,,,,,,,,0.0,1.1850707530975342,9424.900390625,,,,,,,,,,,,""
10469854986,"31 dic 2023, 10:02:01",Corsa dell'ora di pranzo,Corsa,"",2741,"9,02",186.0,102,false,,,activities/11204292953.fit.gz,,,2741.0,2584.0,9021.3203125,6.3740234375,3.491223096847534,188.0,181.0,1012.2000122070312,1109.199951171875,25.524669647216797,-0.06650911271572113,,,115.0,77.30602264404297,,164.34481811523438,,,694.0,,11.0,102.0,,,,,,,,,,,0.0,,0.0,,1.0,9574.900390625,,,,,,,,,,,,,,,,15547531.0,,,,,,,,,,0.0,3.2912514209747314,0.0,,,,6654.0,,,,,,,,""
10519384142,"08 gen 2024, 16:44:05",“Lento”,Corsa,Che fatica,2866,"10,00",184.0,95,false,,,activities/11256156927.fit.gz,,,2866.0,2768.0,9999.8701171875,6.811999320983887,3.6126699447631836,55.0,53.0,328.0,377.6000061035156,18.33343505859375,-0.020000258460640907,,,77.0,74.2457504272461,,161.35044860839844,,,723.0,,12.0,95.0,,,,,,,,,,,0.0,,0.0,,1.0,10151.599609375,,,,,,,,,,,,,,,,15547531.0,,,,,,,,,,0.0,3.48913836479187,0.0,,,,6878.0,,,,,,,,""
10525862429,"09 gen 2024, 16:36:22",Corsa pomeridiana,Corsa,,2935,"10,41",180.0,88,false,,,activities/11262838558.fit.gz,,,2935.0,2808.0,10411.75,5.615991115570068,3.707888126373291,74.0,53.0,330.0,383.3999938964844,24.856748580932617,0.07299451529979706,,,79.0,75.9212417602539,,159.31788635253906,,,715.0,,10.0,88.0,,,,,,,,,,,,,0.0,,1.0,10622.5,,,,,,,,,,,,,,,,11695689.0,,,,,,,,,,0.0,3.5474445819854736,0.0,,,,7138.0,,,,,,,,""
10539038680,"11 gen 2024, 17:37:27",Corsa serale,Corsa,,2530,"9,05",177.0,84,false,,,activities/11276784735.fit.gz,,,2530.0,2446.0,9050.7392578125,8.0419921875,3.7002205848693848,131.0,123.0,987.7999877929688,1026.5999755859375,15.830863952636719,-0.12153702974319458,,,79.0,76.29717254638672,,161.1969757080078,,,636.0,,8.0,84.0,,,,,,,,,,,,,0.0,,1.0,9403.900390625,,,,,,,,,,,,,,,,,,,,,,,,,,0.0,3.5773673057556152,0.0,,,,6232.0,,,,,,,,""
10546175606,"12 gen 2024, 16:46:25",Corsa pomeridiana,Corsa,"",3991,"13,66",180.0,111,false,,,activities/11284290676.fit.gz,,,3991.0,3623.0,13666.9501953125,7.030077934265137,3.7722744941711426,106.0,65.0,329.3999938964844,403.20001220703125,21.29371452331543,0.026340961456298828,,,80.0,76.99472045898438,,157.2525634765625,,,891.0,,7.0,111.0,,,,,,,,,,,0.0,,0.0,,1.0,13990.900390625,,,,,,,,,,,,,,,,15547531.0,,,,,,,,,,0.0,3.4244425296783447,366.0,,,,9318.0,,,,,,,,""
10564594761,"15 gen 2024, 16:36:25",Corsa pomeridiana,Corsa,"",4250,"12,72",181.0,78,false,,,activities/11303531101.fit.gz,,,4250.0,3770.0,12728.669921875,7.262109279632568,3.376305103302002,98.0,64.0,298.20001220703125,336.6000061035156,26.402639389038086,0.09584647417068481,,,115.0,76.58403015136719,,153.27850341796875,,,831.0,,7.0,78.0,,,,,,,,,,,0.0,,0.0,,1.0,13109.2001953125,,,,,,,,,,,,,,,,16151280.0,,,,,,,,,,0.0,2.994981050491333,0.0,,,,7898.0,,,,,,,,""
10571045736,"16 gen 2024, 16:28:15",Corsa pomeridiana,Corsa,"",3563,"13,71",178.0,116,false,,,activities/11310185829.fit.gz,,,3563.0,3559.0,13712.8095703125,8.5419921875,3.8529951572418213,84.0,77.0,298.0,374.20001220703125,25.072099685668945,0.049588583409786224,,,81.0,76.36701965332031,,159.90235900878906,,,921.0,,5.0,116.0,,,,,,,,,,,0.0,,0.0,,1.0,13929.599609375,,,,,,,,,,,,,,,,15547531.0,,,,,,,,,,0.0,3.8486695289611816,357.3999938964844,,,,9106.0,,,,,,,,""
10578025830,"17 gen 2024, 16:45:52",Nuotata pomeridiana,Nuotata,"",3198,1.900,,,false,,,activities/11317382994.fit.gz,,,3198.0,1971.0,1900.0,2.427184581756592,0.9639776945114136,0.0,0.0,0.0,0.0,0.0,0.0,,,31.0,26.266014099121094,,,,,471.0,,25.0,,,,,,,,,,,,0.0,,0.0,,1.0,,,,,,,,,,,,,,,,,,,,,,,,,,,0.0,0.5941213369369507,0.0,,,,,,,,,,,,""
10583426766,"18 gen 2024, 16:37:12",Corsa pomeridiana,Corsa,"",3854,"13,19",188.0,129,false,,,activities/11323021490.fit.gz,,,3854.0,3446.0,13190.060546875,7.416015625,3.827643632888794,87.0,75.0,285.6000061035156,327.0,20.800048828125,-0.09552652388811111,,,104.0,76.5438461303711,,163.69515991210938,,,904.0,,11.0,129.0,,,,,,,,,,,0.0,,0.0,,1.0,13437.7001953125,,,,,,,,,,,,,,,,16151280.0,,,,,,,,,,0.0,3.422433853149414,0.0,,,,8414.0,,,,,,,,""
10608614359,"22 gen 2024, 16:30:23",Corsa pomeridiana,Corsa,"",3845,"14,02",181.0,131,false,,,activities/11348987476.fit.gz,,,3845.0,3722.0,14019.599609375,8.821874618530273,3.7666845321655273,99.0,75.0,319.0,396.20001220703125,20.460599899291992,0.08131469041109085,,,80.0,75.84703063964844,,160.94082641601562,,,950.0,,7.0,131.0,,,,,,,,,,,0.0,,0.0,,1.0,14303.2001953125,,,,,,,,,,,,,,,,15547531.0,,,,,,,,,,0.0,3.6461896896362305,373.29998779296875,,,,9438.0,,,,,,,,""
10628083186,"24 gen 2024, 17:29:58",Sessione di sci nordico serale,Sci nordico,,10050,"4,27",136.0,13,false,,,activities/11368916576.fit.gz,,,10050.0,4211.0,4270.2001953125,14.951952934265137,1.0140584707260132,452.0,198.0,1666.5999755859375,2107.0,49.75100326538086,0.08430460840463638,,,79.0,68.32280731201172,,109.9476089477539,,,476.0,,19.0,13.0,,,,,,,,,,,,,0.0,,1.0,,,,,,,,,,,,,,,,,,,,,,,,,,,0.0,0.4248955547809601,4209.7998046875,,,,,,,,,,,,""
10628083427,"25 gen 2024, 17:11:05",Corsa serale,Corsa,,2066,"7,92",182.0,84,false,,,activities/11368916971.fit.gz,,,2066.0,2062.0,7925.97998046875,11.197998046875,3.8438313007354736,104.0,108.0,1030.4000244140625,1069.0,16.19942283630371,-0.027756202965974808,,,83.0,76.21134948730469,,165.2373046875,,,578.0,,11.0,84.0,,,,,,,,,,,,,0.0,,1.0,8159.5,,,,,,,,,,,,,,,,15547531.0,,,,,,,,,,0.0,3.8363893032073975,0.0,,,,5258.0,,,,,,,,""
10637833144,"26 gen 2024, 16:38:10",Corsa pomeridiana,Corsa,,3508,"11,81",181.0,105,false,,,activities/11378924481.fit.gz,,,3508.0,3201.0,11812.6103515625,8.947998046875,3.6902873516082764,74.0,54.0,318.79998779296875,375.3999938964844,35.89284896850586,0.032168909907341,,,81.0,75.82048797607422,,160.5484619140625,,,850.0,,10.0,105.0,,,,,,,,,,,,,0.0,,1.0,12054.0,,,,,,,,,,,,,,,,15547531.0,,,,,,,,,,0.0,3.3673346042633057,0.0,,,,8106.0,,,,,,,,""
10661770647,"30 gen 2024, 16:25:49",Corsa pomeridiana,Corsa,"",3719,"13,80",172.0,76,false,,,activities/11403861169.fit.gz,,,3719.0,3420.0,13800.66015625,9.737988471984863,4.035280704498291,85.0,66.0,317.3999938964844,393.79998779296875,18.29247283935547,-0.011593692936003208,,,81.0,77.0453872680664,,149.63983154296875,,,792.0,,11.0,76.0,,,,,,,,,,,0.0,,0.0,,1.0,14024.099609375,,,,,,,,,,,,,,,,15547531.0,,,,,,,,,,0.0,3.7108523845672607,373.3999938964844,,,,8806.0,,,,,,,,""
10675731112,"01 feb 2024, 16:49:25",Corsa pomeridiana,Corsa,"",4126,"15,06",180.0,146,false,,,activities/11418169155.fit.gz,,,4126.0,3785.0,15065.490234375,6.941992282867432,3.980314254760742,87.0,69.0,316.3999938964844,373.79998779296875,28.691951751708984,-0.006637686397880316,,,103.0,76.77039337158203,,163.75303649902344,,,1018.0,,8.0,146.0,,,,,,,,,,,0.0,,0.0,,1.0,15304.7998046875,,,,,,,,,,,,,,,,16151280.0,,,,,,,,,,0.0,3.6513547897338867,0.0,,,,9712.0,,,,,,,,""
10689539878,"03 feb 2024, 17:06:25",Urban trail Bergamo,Corsa,"",3628,"12,20",184.0,131,false,,,activities/11432372900.fit.gz,,,3628.0,3622.0,12204.1201171875,6.527978420257568,3.3694422245025635,389.0,388.0,234.8000030517578,476.0,48.73713684082031,0.006555188447237015,,,100.0,78.203857421875,,161.63003540039062,,,958.0,,19.0,131.0,,,,,,,,,,,0.0,,0.0,,1.0,14007.0,,,,,,,,,,,,,,,,15547531.0,,,,,,,,,,0.0,3.3638699054718018,2483.300048828125,,,,9410.0,,,,,,,,""
10709347446,"06 feb 2024, 16:19:54",Corsa pomeridiana,Corsa,,3853,"13,76",172.0,109,false,,,activities/11453010178.fit.gz,,,3853.0,3780.0,13764.73046875,10.527997016906738,3.641463041305542,83.0,72.0,319.0,390.3999938964844,20.883255004882812,0.046495597809553146,,,80.0,74.91547393798828,,157.16639709472656,,,964.0,,13.0,109.0,,,,,,,,,,,,,0.0,,1.0,13987.0,,,,,,,,,,,,,,,,15547531.0,,,,,,,,,,0.0,3.5724709033966064,365.8999938964844,,,,9488.0,,,,,,,,""
10720880624,"07 feb 2024, 16:28:59",Nuotata pomeridiana,Nuotata,,2872,2.375,,,false,,,activities/11464840426.fit.gz,,,2872.0,2616.0,2375.0,5.714285850524902,0.9078746438026428,0.0,0.0,0.0,0.0,0.0,0.0,,,29.0,26.075998306274414,,,,,582.0,,24.0,,,,,,,,,,,,,,0.0,,1.0,,,,,,,,,,,,,,,,,,,,,,,,,,,0.0,0.8269498348236084,0.0,,,,,,,,,,,,""
10722607698,"08 feb 2024, 16:37:23",Corsa pomeridiana,Corsa,"",4980,"16,23",182.0,126,false,,,activities/11466612639.fit.gz,,,4980.0,4151.0,16232.83984375,7.967968940734863,3.910585403442383,103.0,74.0,312.3999938964844,367.20001220703125,19.704622268676758,-0.024641405791044235,,,82.0,76.55528259277344,,158.56585693359375,,,1052.0,,12.0,126.0,,,,,,,,,,,0.0,,0.0,,1.0,16520.900390625,,,,,,,,,,,,,,,,16151280.0,,,,,,,,,,0.0,3.25960636138916,0.0,,,,10340.0,,,,,,,,""
10742002710,"11 feb 2024, 15:23:59",Corsa pomeridiana,Corsa,"",3119,"9,78",184.0,92,false,,,activities/11486623817.fit.gz,,,3119.0,2829.0,9788.919921875,6.802001953125,3.460204839706421,192.0,199.0,1114.800048828125,1214.5999755859375,23.87950897216797,-0.24926042556762695,,,110.0,75.7507095336914,,159.30502319335938,,,752.0,,13.0,92.0,,,,,,,,,,,0.0,,0.0,,1.0,10374.2998046875,,,,,,,,,,,,,,,,15547531.0,,,,,,,,,,0.0,3.1384801864624023,25.299999237060547,,,,7160.0,,,,,,,,""
10754790541,"13 feb 2024, 16:19:38",Nuotata pomeridiana,Nuotata,"",2064,1.850,,,false,,,activities/11499791539.fit.gz,,,2064.0,1851.0,1850.0,1.9859813451766968,0.9994597434997559,0.0,0.0,0.0,0.0,0.0,0.0,,,31.0,28.588064193725586,,,,,463.0,,25.0,,,,,,,,,,,,0.0,,0.0,,1.0,,,,,,,,,,,,,,,,,,,,,,,,,,,0.0,0.8963178396224976,0.0,,,,,,,,,,,,""
10763087708,"14 feb 2024, 18:03:35",Sessione di sci nordico serale,Sci nordico,"",11769,"4,97",121.0,9,false,,,activities/11508324035.fit.gz,,,11769.0,3734.0,4978.7197265625,15.693944931030273,1.3333475589752197,390.0,373.0,1682.5999755859375,2074.60009765625,49.71524429321289,0.048205651342868805,,,79.0,65.05451202392578,,99.91156005859375,,,342.0,,20.0,9.0,,,,,,,,,,,0.0,,0.0,,1.0,,,,,,,,,,,,,,,,,,,,,,,,,,,0.0,0.4230367839336395,4435.7001953125,,,,,,,,,,,,media/97ED5087-097A-4DAC-B299-E408011EE3E2.mp4
10768003877,"15 feb 2024, 16:32:08",Corsa pomeridiana,Corsa,"4k riscaldamento
2min forte 1 lento X 12",3520,"13,08",177.0,114,false,,,activities/11513388540.fit.gz,,,3520.0,3242.0,13085.1201171875,6.516015529632568,4.036125659942627,75.0,55.0,319.0,357.3999938964844,18.720245361328125,0.0045854076743125916,,,82.0,76.43991088867188,,161.74652099609375,,,866.0,,14.0,114.0,,,,,,,,,,,0.0,,0.0,,1.0,13288.099609375,,,,,,,,,,,,,,,,15547531.0,,,,,,,,,,0.0,3.7173635959625244,0.0,,,,8280.0,,,,,,,,""
10774564331,"16 feb 2024, 16:44:04",Nuotata pomeridiana,Nuotata,"",3134,2.500,,,false,,,activities/11520135411.fit.gz,,,3134.0,2573.0,2500.0,1.7621145248413086,0.9716284275054932,0.0,0.0,0.0,0.0,0.0,0.0,,,31.0,28.11857032775879,,,,,624.0,,25.0,,,,,,,,,,,,0.0,,0.0,,1.0,,,,,,,,,,,,,,,,,,,,,,,,,,,0.0,0.7977026104927063,0.0,,,,,,,,,,,,""
10795182824,"19 feb 2024, 16:34:07",Corsa pomeridiana,Corsa,,4025,"13,56",186.0,146,false,,,activities/11541499025.fit.gz,,,4025.0,3873.0,13565.8603515625,8.066015243530273,3.5026750564575195,86.0,78.0,318.0,384.0,24.9044132232666,-0.0029485332779586315,,,80.0,74.87256622314453,,163.9504852294922,,,1048.0,,14.0,146.0,,,,,,,,,,,,,0.0,,1.0,13800.900390625,,,,,,,,,,,,,,,,15547531.0,,,,,,,,,,0.0,3.3704001903533936,797.5,,,,9696.0,,,,,,,,""
10808726244,"21 feb 2024, 16:30:40",Nuotata pomeridiana,Nuotata,"",2687,2.225,,,false,,,activities/11555413446.fit.gz,,,2687.0,2239.0,2225.0,2.9166667461395264,0.9937472343444824,0.0,0.0,0.0,0.0,0.0,0.0,,,31.0,27.511281967163086,,,,,556.0,,24.0,,,,,,,,,,,,0.0,,0.0,,1.0,,,,,,,,,,,,,,,,,,,,,,,,,,,0.0,0.828061044216156,0.0,,,,,,,,,,,,""
10822095135,"23 feb 2024, 17:13:29",Corsa serale,Corsa,Green way chiusa 😡,4076,"14,01",179.0,136,false,,,activities/11569149856.fit.gz,,,4076.0,3944.0,14011.580078125,8.522021293640137,3.5526318550109863,166.0,158.0,273.3999938964844,412.79998779296875,27.15007781982422,-0.01712864637374878,,,84.0,76.3191909790039,,161.4576873779297,,,1022.0,,12.0,136.0,,,,,,,,,,,0.0,,0.0,,1.0,14542.7998046875,,,,,,,,,,,,,,,,15547531.0,,,,,,,,,,0.0,3.4375810623168945,189.8000030517578,,,,10030.0,,,,,,,,media/763BFA80-8E69-4D96-ACCE-4AEA0CBA8A87.mp4|media/06E73DAE-E783-47E7-A3C3-5BA06CA9BC3F.jpg|media/84446B86-F6D8-4517-A79A-11EB0A8B0907.jpg
10856082493,"28 feb 2024, 16:52:16",Corsa pomeridiana,Corsa,"",2824,"10,00",178.0,84,false,,,activities/11604293903.fit.gz,,,2824.0,2824.0,10008.0498046875,5.922070503234863,3.543926954269409,180.0,183.0,1008.0,1097.800048828125,28.817424774169922,-0.041965730488300323,,,79.0,75.9372787475586,,157.56732177734375,,,723.0,,12.0,84.0,,,,,,,,,,,0.0,,0.0,,1.0,10513.7998046875,,,,,,,,,,,,,,,,15547531.0,,,,,,,,,,0.0,3.543926954269409,49.20000076293945,,,,7180.0,,,,,,,,""
10862827239,"29 feb 2024, 16:44:13",Corsa pomeridiana,Corsa,,3809,"13,50",178.0,116,false,,,activities/11611232700.fit.gz,,,3809.0,3722.0,13500.3203125,8.18603515625,3.6271681785583496,71.0,70.0,318.0,378.0,20.618261337280273,-0.007407231722027063,,,114.0,75.97029113769531,,158.6327362060547,,,946.0,,14.0,116.0,,,,,,,,,,,,,0.0,,1.0,13703.7998046875,,,,,,,,,,,,,,,,15547531.0,,,,,,,,,,0.0,3.544321298599243,346.8999938964844,,,,9462.0,,,,,,,,""
10889734827,"04 mar 2024, 17:00:07",Corsa serale,Corsa,,2819,"10,06",178.0,104,false,,,activities/11640220329.fit.gz,,,2819.0,2819.0,10065.3896484375,8.637988090515137,3.5705533027648926,180.0,201.0,995.2000122070312,1088.800048828125,22.91810417175293,-0.18876567482948303,,,79.0,76.47813415527344,,163.17596435546875,,,747.0,,11.0,104.0,,,,,,,,,,,,,0.0,,1.0,10532.7001953125,,,,,,,,,,,,,,,,15547531.0,,,,,,,,,,0.0,3.5705533027648926,0.0,,,,7210.0,,,,,,,,""
10898044048,"05 mar 2024, 16:38:19",Corsa pomeridiana,Corsa,"",3862,"12,01",175.0,87,false,,,activities/11653412504.fit.gz,,,3862.0,3103.0,12014.6201171875,6.847851753234863,3.871936798095703,54.0,51.0,318.6000061035156,353.0,16.96523094177246,0.04494519159197807,,,100.0,76.14151763916016,,156.267333984375,,,765.0,,14.0,87.0,,,,,,,,,,,0.0,,0.0,,1.0,12200.900390625,,,,,,,,,,,,,,,,16151280.0,,,,,,,,,,0.0,3.1109840869903564,0.0,,,,7882.0,,,,,,,,""
10906134751,"06 mar 2024, 17:40:23",Sessione di sci nordico serale,Sci nordico,"",8186,"5,06",125.0,10,false,,,activities/11662063451.fit.gz,,,8186.0,4099.0,5068.81005859375,13.912012100219727,1.236596703529358,455.0,394.0,1638.199951171875,2094.60009765625,49.761409759521484,0.4064089357852936,,,87.0,64.58386993408203,,99.17057800292969,,,359.0,,14.0,10.0,,,,,,,,,,,0.0,,0.0,,1.0,,,,,,,,,,,,,,,,,,,,,,,,,,,0.0,0.6192047595977783,3475.89990234375,,,,,,,,,,,,""
10925546401,"09 mar 2024, 18:34:36",Corsa serale,Corsa,Slalom tra persone e salti di staccionate,2864,"10,84",,,false,,,activities/10925546401.fit,,,2864.0,2820.0,10845.0,11.199999809265137,3.8457446098327637,73.0,99.0,7.199999809265137,60.0,22.500015258789062,-0.18626095354557037,,,,,,,,,,,,,,,,,,,,,,,0.0,,0.0,,1.0,10993.2001953125,,,,,,,,,,,,,,,,15547531.0,,,,,,,,,,0.0,3.7866621017456055,3461.0,,,,,,,,,,,,media/3633C87D-A1F7-47D0-8966-736125D042FC.jpg|media/C7FFCEA3-8865-42C1-8C28-1C5171BE0F42.jpg|media/601A8EBD-A200-4D98-AD39-9967BFA6EE60.jpg
10944800615,"12 mar 2024, 16:41:46",Corsa pomeridiana,Corsa,"",2781,"10,44",173.0,66,false,,,activities/11702339716.fit.gz,,,2781.0,2724.0,10441.0703125,6.93798828125,3.8329920768737793,68.0,49.0,319.0,373.3999938964844,21.782615661621094,0.13983246684074402,,,79.0,75.23104858398438,,152.8218231201172,,,661.0,,15.0,66.0,,,,,,,,,,,0.0,,0.0,,1.0,10652.900390625,,,,,,,,,,,,,,,,15547531.0,,,,,,,,,,0.0,3.754430055618286,0.0,,,,6854.0,,,,,,,,""
10952617926,"13 mar 2024, 17:24:53",Corsa serale,Corsa,"",2745,"10,03",179.0,97,false,,,activities/11710405286.fit.gz,,,2745.0,2745.0,10036.2392578125,6.39599609375,3.656189441680908,179.0,189.0,1003.5999755859375,1094.5999755859375,18.957258224487305,-0.08369693160057068,,,80.0,76.6786880493164,,162.44662475585938,,,738.0,,11.0,97.0,,,,,,,,,,,0.0,,0.0,,1.0,10514.099609375,,,,,,,,,,,,,,,,15547531.0,,,,,,,,,,0.0,3.656189441680908,28.799999237060547,,,,7040.0,,,,,,,,""
10959428812,"14 mar 2024, 06:00:36",Buona la prima,Ciclismo,Dopo mesi si ritorna a pedalare ❤️,41665,"47,40",,,false,,Scott Solace,activities/11717447356.fit.gz,,8.0,41665.0,6328.0,47408.34765625,17.641992568969727,7.491837978363037,763.0,820.0,286.3999938964844,1036.199951171875,26.923322677612305,-0.029530534520745277,,,,,,,,,2139.0,,7.0,,,,,,,,,,,,0.0,,0.0,,1.0,,,,,,,,,,,,,,,,9305237.0,,,,,,,,,,,0.0,1.1378458738327026,0.0,,,,,,,,,,,,""
10973111124,"16 mar 2024, 15:10:48",Buona la seconda,Ciclismo,Forse era meglio questa mattina,5229,"31,88",,,false,,Scott Solace,activities/11731593752.fit.gz,,8.0,5229.0,4852.0,31880.3515625,15.195996284484863,6.570558547973633,757.0,770.0,442.3999938964844,1031.0,37.21113586425781,-0.031367283314466476,,,,,,,,,1573.0,,11.0,,,,,,,,,,,,0.0,,0.0,,1.0,,,,,,,,,,,,,,,,9305237.0,,,,,,,,,,,0.0,6.096835136413574,0.0,,,,,,,,,,,,media/98B420AD-A725-4010-B37C-B3D72859C1E1.jpg|media/15F29D22-D165-4323-957E-8BD9D5455D69.jpg
10979282272,"17 mar 2024, 08:47:06",Prima e ultima,Sci nordico,"",15078,"16,10",119.0,26,false,,,activities/11738274033.fit.gz,,,15078.0,11599.0,16102.23046875,11.522069931030273,1.3882429599761963,1160.0,1116.0,1480.800048828125,2660.0,49.849090576171875,-0.09688083827495575,,,94.0,64.66960144042969,,94.99462127685547,,,905.0,,16.0,26.0,,,,,,,,,,,0.0,,0.0,,1.0,,,,,,,,,,,,,,,,,,,,,,,,,,,0.0,1.0679287910461426,15762.900390625,,,,,,,,,,,,media/5E88F123-19D3-4E3B-BA76-69F9D2B0A957.mp4|media/BBAE1373-9E77-4ACB-B7F2-9A657CA31DB6.jpg|media/DF135051-ADE8-49DE-9891-216DCCB70786.jpg|media/0B3453F2-A4B1-456F-8248-4CCBD13DFA33.jpg
10986985356,"18 mar 2024, 05:58:16",Giro mattutino,Ciclismo,"",40539,"47,05",,,false,,Scott Solace,activities/11746386596.fit.gz,,8.0,40539.0,6292.0,47049.3125,19.866016387939453,7.477640151977539,775.0,797.0,293.3999938964844,1050.5999755859375,19.04680633544922,0.0505850687623024,,,,,,,,,2102.0,,8.0,,,,,,,,,,,,0.0,,0.0,,1.0,,,,,,,,,,,,,,,,9305237.0,,,,,,,,,,,0.0,1.1605937480926514,0.0,,,,,,,,,,,,""
10994396633,"19 mar 2024, 16:32:44",Giro pomeridiano,Ciclismo,,3764,"22,02",,,false,,Scott Solace,activities/11754079645.fit.gz,,8.0,3764.0,3764.0,22027.0,18.600000381469727,5.852019309997559,676.0,676.0,438.3999938964844,1030.4000244140625,46.845672607421875,0.003631850704550743,,,,,,,,,1214.0,,8.0,,,,,,,,,,,,,,0.0,,1.0,,,,,,,,,,,,,,,,9305237.0,,,,,,,,,,,0.0,5.852019309997559,0.0,,,,,,,,,,,,""
11009199236,"21 mar 2024, 05:55:32",Giro mattutino,Ciclismo,,42012,"48,22",,,false,,Scott Solace,activities/11769282031.fit.gz,,8.0,42012.0,6600.0,48219.46875,16.783985137939453,7.305980205535889,882.0,928.0,292.6000061035156,1053.4000244140625,45.0139045715332,0.018664659932255745,,,,,,,,,2208.0,,9.0,,,,,,,,,,,,,,0.0,,1.0,,,,,,,,,,,,,,,,9305237.0,,,,,,,,,,,0.0,1.1477546691894531,0.0,,,,,,,,,,,,""
11036071131,"25 mar 2024, 06:04:58",Questa mattina rischiato il congelamento 🥶,Ciclismo,-3° e salgono i ricordi delle nevicate a st moritz in tuta estiva…,41254,"45,86",,,false,,Scott Solace,activities/11797034310.fit.gz,,8.0,41254.0,6853.0,45862.08984375,21.63004493713379,6.692264556884766,1064.0,1099.0,216.8000030517578,1066.4000244140625,31.631296157836914,0.03619541972875595,,,,,,,,,2387.0,,4.0,,,,,,,,,,,,0.0,,0.0,,1.0,,,,,,,,,,,,,,,,9305237.0,,,,,,,,,,,0.0,1.111700415611267,0.0,,,,,,,,,,,,media/D5B47DDD-F4CB-4F8E-A08C-B1442C174F66.jpg
11050167421,"27 mar 2024, 17:06:35",Corsa serale,Corsa,"",2695,"10,05",183.0,99,false,,,activities/11811984325.fit.gz,,,2695.0,2695.0,10058.2099609375,6.239941596984863,3.7321743965148926,181.0,178.0,1019.0,1112.5999755859375,20.619394302368164,0.02584928646683693,,,80.0,76.43181610107422,,162.78480529785156,,,729.0,,10.0,99.0,,,,,,,,,,,0.0,,0.0,,1.0,10604.099609375,,,,,,,,,,,,,,,,15547531.0,,,,,,,,,,0.0,3.7321743965148926,46.70000076293945,,,,6884.0,,,,,,,,""
11056458906,"28 mar 2024, 06:03:17",Giro mattutino,Ciclismo,"Temperature in aumento, ma questa mattina nevicava 🥶",41142,"47,04",,,false,,Scott Solace,activities/11818546345.fit.gz,,8.0,41142.0,6119.0,47041.52734375,19.280078887939453,7.687780380249023,768.0,3194.0,125.80000305175781,2911.60009765625,21.50421142578125,-0.10713942348957062,,,,,,,,,2878.0,,3.0,,,,,,,,,,,,0.0,,0.0,,1.0,,,,,,,,,,,,,,,,9305237.0,,,,,,,,,,,0.0,1.1433943510055542,0.0,,,,,,,,,,,,media/8FC5B6B3-24D3-45A3-9B49-15EAA27B8ECE.jpg
11063145941,"29 mar 2024, 13:34:36",Giro pomeridiano,Ciclismo,,11181,"39,77",,,false,,Scott Solace,activities/11825450538.fit.gz,,8.0,11181.0,5902.0,39777.1796875,18.141992568969727,6.739610195159912,910.0,926.0,421.79998779296875,1126.5999755859375,49.38509750366211,-0.0010056630708277225,,,,,,,,,1886.0,,7.0,,,,,,,,,,,,,,0.0,,1.0,,,,,,,,,,,,,,,,9305237.0,,,,,,,,,,,0.0,3.5575690269470215,0.0,,,,,,,,,,,,""
11068460477,"30 mar 2024, 09:07:52",San 🐔,Ciclismo,"",8441,"54,33",,,false,,Scott Solace,activities/11831202223.fit.gz,,8.0,8441.0,8106.0,54329.44921875,20.256006240844727,6.702374458312988,1179.0,1815.0,302.6000061035156,1580.800048828125,26.12251091003418,0.012884357012808323,,,,,,,,,2803.0,,9.0,,,,,,,,,,,,0.0,,0.0,,1.0,,,,,,,,,,,,,,,,9305237.0,,,,,,,,,,,0.0,6.436376094818115,0.0,,,,,,,,,,,,""
11092594025,"02 apr 2024, 05:11:46",Giro mattutino,Ciclismo,🌞 ❤️🌞❤️,43178,"49,58",,,false,,Scott Solace,activities/11857283425.fit.gz,,8.0,43178.0,7478.0,49584.8125,20.466014862060547,6.630758285522461,1249.6171875,1259.0,285.3999938964844,1022.2000122070312,19.26018714904785,-0.0016133972676470876,,,,,,,,,2356.0,,10.0,,,,,,,,,,,,0.0,,0.0,,1.0,,,,,,,,,,,,,,,,9305237.0,,,,,,,,,,,0.0,1.1483813524246216,0.0,,,,,,,,,,,,""
11105884948,"04 apr 2024, 05:07:00",Giro mattutino,Ciclismo,"",40425,"47,10",,,false,,Scott Solace,activities/11871001119.fit.gz,,8.0,40425.0,5973.0,47099.3984375,19.427734375,7.8853840827941895,769.0,811.0,390.6000061035156,1142.5999755859375,21.532508850097656,-0.045860406011343,,,,,,,,,2125.0,,9.0,,,,,,,,,,,,0.0,,0.0,,1.0,,,,,,,,,,,,,,,,9305237.0,,,,,,,,,,,0.0,1.1651057004928589,0.0,,,,,,,,,,,,""
11112876480,"05 apr 2024, 05:07:22",Giro mattutino,Ciclismo,,41452,"48,49",,,false,,Scott Solace,activities/11878182447.fit.gz,,8.0,41452.0,6950.0,48494.109375,20.120311737060547,6.977569580078125,891.0,2158.0,182.1999969482422,1792.0,39.02379608154297,-0.037942804396152496,,,,,,,,,2256.0,,11.0,,,,,,,,,,,,,,0.0,,1.0,,,,,,,,,,,,,,,,9305237.0,,,,,,,,,,,0.0,1.1698858737945557,0.0,,,,,,,,,,,,""
11117327110,"06 apr 2024, 05:56:43",Giro mattutino,Ciclismo,"",15045,"98,33",,,false,,Scott Solace,activities/11882798483.fit.gz,,8.0,15045.0,14088.0,98338.6484375,22.98046875,6.980313301086426,1942.0,1953.0,193.60000610351562,983.4000244140625,26.463132858276367,-0.01505002100020647,,,,,,,,,4762.0,,11.0,,,,,,,,,,,,0.0,,0.0,,1.0,,,,,,,,,,,,,,,,9305237.0,,,,,,,,,,,0.0,6.536301136016846,0.0,,,,,,,,,,,,""
11136154301,"08 apr 2024, 05:15:31",Giro mattutino,Ciclismo,"",44864,"64,80",,,false,,Scott Solace,activities/11902298690.fit.gz,,8.0,44864.0,9648.0,64800.08984375,19.00390625,6.716427326202393,1423.0,1450.0,293.79998779296875,1027.4000244140625,21.173049926757812,0.003395169973373413,,,,,,,,,3137.0,,15.0,,,,,,,,,,,,0.0,,0.0,,1.0,,,,,,,,,,,,,,,,9305237.0,,,,,,,,,,,0.0,1.4443671703338623,0.0,,,,,,,,,,,,""
11158592330,"11 apr 2024, 05:09:35",Che stare bene ☀️,Ciclismo,"",43756,"63,80",,,false,,Scott Solace,activities/11925303476.fit.gz,,8.0,43756.0,8513.0,63804.140625,21.108007431030273,7.494906425476074,1205.0,1230.0,290.6000061035156,1053.0,25.258655548095703,-0.03761511296033859,,,,,,,,,3055.0,,13.0,,,,,,,,,,,,0.0,,0.0,,1.0,,,,,,,,,,,,,,,,9305237.0,,,,,,,,,,,0.0,1.45818030834198,0.0,,,,,,,,,,,,""
11164525986,"12 apr 2024, 08:01:57",Smart il venerdì? Ah no !,Ciclismo,Benessere,22368,"119,53",,,false,,Scott Solace,activities/11931372868.fit.gz,,8.0,22368.0,18422.0,119534.046875,17.967967987060547,6.488657474517822,2482.0,5252.0,222.0,3046.800048828125,46.445003509521484,0.00903502106666565,,,,,,,,,6333.0,,21.0,,,,,,,,,,,,0.0,,0.0,,1.0,,,,,,,,,,,,,,,,9305237.0,,,,,,,,,,,0.0,5.34397554397583,392.8999938964844,,,,,,,,,,,,media/F9771DFB-2FB8-4539-AECC-D00E8E8857CF.jpg|media/5D953DA3-8CE2-45A5-A7A6-5F6FE90F16DC.jpg
11173980017,"13 apr 2024, 14:44:30",Giro pomeridiano,Ciclismo,,7942,"31,19",,,false,,Scott Solace,activities/11941088829.fit.gz,,8.0,7942.0,4830.0,31189.140625,18.333984375,6.45737886428833,747.0,743.0,390.3999938964844,1092.4000244140625,27.96196746826172,0.08079759031534195,,,,,,,,,1511.0,,18.0,,,,,,,,,,,,,,0.0,,1.0,,,,,,,,,,,,,,,,9305237.0,,,,,,,,,,,0.0,3.9271140098571777,0.0,,,,,,,,,,,,""
11180208905,"14 apr 2024, 06:22:05",Giro mattutino,Ciclismo,"",22802,"101,67",,,false,,Scott Solace,activities/11947546240.fit.gz,,8.0,22802.0,16369.0,101671.796875,18.5078125,6.211240768432617,2199.0,2831.0,339.0,1271.4000244140625,48.74275588989258,0.014950137585401535,,,,,,,,,5410.0,,21.0,,,,,,,,,,,,0.0,,0.0,,1.0,,,,,,,,,,,,,,,,9305237.0,,,,,,,,,,,0.0,4.458898067474365,0.0,,,,,,,,,,,,""
11188945543,"15 apr 2024, 05:05:31",Giro mattutino,Ciclismo,,2010,"22,23",,,false,,Scott Solace,activities/11956602414.fit.gz,,8.0,2010.0,2010.0,22230.4609375,24.13997459411621,11.059930801391602,23.0,748.0,335.79998779296875,1060.5999755859375,9.080981254577637,-3.2558929920196533,,,,,,,,,681.0,,9.0,,,,,,,,,,,,,,0.0,,1.0,,,,,,,,,,,,,,,,9305237.0,,,,,,,,,,,0.0,11.059930801391602,0.0,,,,,,,,,,,,""
11188946311,"15 apr 2024, 15:16:21",Giro pomeridiano,Ciclismo,,7180,"38,23",,,false,,Scott Solace,activities/11956603256.fit.gz,,8.0,7180.0,6839.0,38238.55859375,15.619921684265137,5.591250419616699,1159.0,456.0,253.8000030517578,1018.5999755859375,23.101985931396484,1.8844852447509766,,,,,,,,,2133.0,,16.0,,,,,,,,,,,,,,0.0,,1.0,,,,,,,,,,,,,,,,9305237.0,,,,,,,,,,,0.0,5.325704574584961,0.0,,,,,,,,,,,,""
11195749002,"16 apr 2024, 04:52:43",Giro mattutino,Ciclismo,"",40088,"46,82",,,false,,Scott Solace,activities/11963558689.fit.gz,,8.0,40088.0,5808.0,46821.1484375,21.032032012939453,8.061492919921875,776.0,794.0,302.0,1035.800048828125,29.92795753479004,0.003844520775601268,,,,,,,,,2087.0,,12.0,,,,,,,,,,,,0.0,,0.0,,1.0,,,,,,,,,,,,,,,,9305237.0,,,,,,,,,,,0.0,1.167959213256836,0.0,,,,,,,,,,,,""
11195770291,"10 apr 2024, 15:22:00",Nuotata pomeridiana,Nuotata,,1860,1.450,,,false,,,activities/11963579999.fit.gz,,,1860.0,1593.0,1450.0,1.6460905075073242,0.9102322459220886,0.0,0.0,0.0,0.0,0.0,0.0,,,28.0,25.974809646606445,,,,,359.0,,26.0,,,,,,,,,,,,,,0.0,,1.0,,,,,,,,,,,,,,,,,,,,,,,,,,,0.0,0.7795698642730713,0.0,,,,,,,,,,,,""
11211287683,"18 apr 2024, 05:07:46",Giro mattutino,Ciclismo,,43617,"58,06",,,false,,Scott Solace,activities/11979470929.fit.gz,,8.0,43617.0,8951.0,58067.91796875,19.2216796875,6.487310886383057,1464.0,1467.0,256.79998779296875,1031.199951171875,32.77606201171875,-0.08059525489807129,,,,,,,,,3069.0,,5.0,,,,,,,,,,,,,,0.0,,1.0,,,,,,,,,,,,,,,,9305237.0,,,,,,,,,,,0.0,1.3313138484954834,178.6999969482422,,,,,,,,,,,,""
11222856462,"20 apr 2024, 05:59:49",Giro mattutino,Ciclismo,Sant’Erasmo ❤️,18785,"125,13",,,false,,Scott Solace,activities/11991369300.fit.gz,,8.0,18785.0,16470.0,125132.8203125,18.456249237060547,7.597620964050293,2180.0,2738.0,243.39999389648438,1738.0,43.58287811279297,-0.023974526673555374,,,,,,,,,6392.0,,10.0,,,,,,,,,,,,0.0,,0.0,,1.0,,,,,,,,,,,,,,,,9305237.0,,,,,,,,,,,0.0,6.66131591796875,0.0,,,,,,,,,,,,media/C91F5529-B8EB-428D-8FB4-7532AA56AC78.jpg|media/1E667473-5F27-4095-B8C7-73D6AF75F642.jpg
11230313298,"21 apr 2024, 07:51:37",Giro mattutino,Ciclismo,"",10216,"69,36",,,false,,Scott Solace,activities/11999059170.fit.gz,,8.0,10216.0,9937.0,69367.015625,16.582006454467773,6.980679988861084,1385.0,1390.0,260.6000061035156,1127.800048828125,32.697574615478516,-0.0014416072517633438,,,,,,,,,3471.0,,9.0,,,,,,,,,,,,0.0,,0.0,,1.0,,,,,,,,,,,,,,,,9305237.0,,,,,,,,,,,0.0,6.790037155151367,17.600000381469727,,,,,,,,,,,,media/0FBDC21E-5979-49A3-813A-893D56C844A7.jpg
11254670200,"24 apr 2024, 04:55:01",Giro mattutino,Ciclismo,"",2053,"21,43",,,false,,Orca ,activities/12024156305.fit.gz,,7.0,2053.0,2053.0,21431.66015625,18.345897674560547,10.439191818237305,22.0,778.0,271.20001220703125,1030.0,12.532125473022461,-3.5340240001678467,,,,,,,,,703.0,,0.0,,,,,,,,,,,,0.0,,0.0,,1.0,,,,,,,,,,,,,,,,14183273.0,,,,,,,,,,,0.0,10.439191818237305,267.79998779296875,,,,,,,,,,,,""
11254670314,"24 apr 2024, 15:04:05",Giro pomeridiano,Ciclismo,"",3712,"21,76",,,false,,Orca ,activities/12024156422.fit.gz,,7.0,3712.0,3428.0,21765.19921875,18.2783203125,6.349241256713867,736.0,25.0,290.6000061035156,1023.5999755859375,25.78270149230957,3.3613290786743164,,,,,,,,,1324.0,,9.0,,,,,,,,,,,,0.0,,0.0,,1.0,,,,,,,,,,,,,,,,14183273.0,,,,,,,,,,,0.0,5.86346960067749,0.0,,,,,,,,,,,,""
11259877499,"25 apr 2024, 06:54:15",Giro mattutino,Ciclismo,"",11957,"78,33",,,false,,Orca ,activities/12029489190.fit.gz,,7.0,11957.0,10441.0,78338.34375,17.7421875,7.502954006195068,1460.0,2536.0,246.39999389648438,1811.4000244140625,30.241430282592773,-0.015318169258534908,,,,,,,,,4807.0,,6.0,,,,,,,,,,,,0.0,,0.0,,1.0,,,,,,,,,,,,,,,,14183273.0,,,,,,,,,,,0.0,6.551671981811523,0.0,,,,,,,,,,,,""
11268131885,"26 apr 2024, 08:27:50",Panoramico,Escursione,"",11444,"9,65",119.0,24,false,,,activities/12038207600.fit.gz,,,11444.0,10535.0,9651.400390625,3.3740234375,0.9161272048950195,562.0,571.0,-14.199999809265137,522.7999877929688,49.11624526977539,-0.04351699724793434,,,79.0,54.88197326660156,119.0,94.81602478027344,,,822.0,,20.0,24.0,,,,,,,,,,,0.0,,0.0,,1.0,,,,,,,,,,,,,,,,,,,,,,,,,,,0.0,0.8433589935302734,5829.0,,,,,,,,,,,,media/BA46EB9E-C7BE-43E7-AE00-D69337A7CF03.jpg|media/7F5F89EF-50C9-4221-969F-B0FAB216C191.jpg|media/27352148-63CF-4575-BF4D-C19DFA86E5D7.jpg|media/C2FF837F-7A24-4DF7-9F62-F57F67C6F777.jpg
11276135592,"27 apr 2024, 07:31:18","Panorami, focacce e sentieri chiusi",Escursione,Se me fa incazzà divento na iena,24958,"14,03",130.0,43,false,,,activities/12046470558.fit.gz,,,24958.0,17518.0,14033.8505859375,4.566015720367432,0.8011103272438049,1001.0,928.0,-15.0,595.4000244140625,49.90010070800781,0.39333468675613403,,,80.0,54.101741790771484,130.0,99.41048431396484,,,1472.0,,22.0,43.0,,,,,,,,,,,0.0,,0.0,,1.0,,,,,,,,,,,,,,,,,,,,,,,,,,,0.0,0.5622986555099487,11866.400390625,,,,,,,,,,,,media/E6DC1B36-8485-4932-BC67-819B726B424E.jpg|media/378E029E-C474-4DB5-A3CB-DFA3E778519C.jpg|media/D0C7A8B4-682C-4804-811F-AEAEFBD04E6D.jpg|media/BE395641-E308-4A81-8487-A4B73B2E1752.jpg|media/C7C9F8E5-6A3D-4C94-879F-E4B15961079B.jpg
11284276888,"28 apr 2024, 09:26:10",Escursione dell'ora di pranzo,Escursione,"",3679,"2,45",142.0,9,false,,,activities/12054813163.fit.gz,,,3679.0,3615.0,2456.9599609375,2.920971632003784,0.679656982421875,172.0,244.0,-7.400000095367432,217.0,49.800907135009766,-3.4188592433929443,,,80.0,51.33647537231445,142.0,102.57901000976562,,,352.0,,29.0,9.0,,,,,,,,,,,0.0,,0.0,,1.0,,,,,,,,,,,,,,,,,,,,,,,,,,,0.0,0.6678336262702942,941.7000122070312,,,,,,,,,,,,media/4604692B-BDE4-4634-AFD5-0747D845AE77.jpg|media/F6DC9131-999E-44E4-A700-51B6F05C97F7.jpg|media/94D822B4-FB17-41AA-AC9A-4DE385119DB9.jpg
11292079770,"29 apr 2024, 05:10:19",Giro mattutino,Ciclismo,"",41887,"51,48",,,false,,Orca ,activities/12062874664.fit.gz,,7.0,41887.0,7128.0,51479.046875,18.31201171875,7.222088813781738,1123.0,1154.0,293.0,1031.800048828125,17.93886947631836,-0.018648434430360794,,,,,,,,,2538.0,,12.0,,,,,,,,,,,,0.0,,0.0,,1.0,,,,,,,,,,,,,,,,14183273.0,,,,,,,,,,,0.0,1.2289981842041016,0.0,,,,,,,,,,,,""
11299941485,"30 apr 2024, 05:08:53",Finito,Ciclismo,"In testa un giro molto diverso, ma le gambe oggi hanno detto di no.",41909,"54,30",,,false,,Orca ,activities/12070968061.fit.gz,,7.0,41909.0,7003.0,54299.6796875,18.06669044494629,7.753774166107178,931.0,963.0,324.79998779296875,1088.4000244140625,21.736902236938477,0.04972404986619949,,,,,,,,,2457.0,,15.0,,,,,,,,,,,,0.0,,0.0,,1.0,,,,,,,,,,,,,,,,14183273.0,,,,,,,,,,,0.0,1.2956568002700806,0.0,,,,,,,,,,,,""
11305115288,"01 mag 2024, 05:26:10",Pora 🎿,Ciclismo,"",14553,"95,81",,,false,,Orca ,activities/12076264720.fit.gz,,7.0,14553.0,13057.0,95810.2109375,20.140625,7.33784294128418,1994.0,3197.0,402.79998779296875,2007.5999755859375,26.256010055541992,0.004801132716238499,,,,,,,,,5274.0,,12.0,,,,,,,,,,,,0.0,,0.0,,1.0,,,,,,,,,,,,,,,,14183273.0,,,,,,,,,,,0.0,6.5835371017456055,1042.800048828125,,,,,,,,,,,,media/6EBC480B-69A1-4A17-A8DD-72C7EF78CF63.jpg|media/4BDB3827-5C31-434F-83EE-FEAFA45E3BC3.jpg|media/FB641554-D926-4F00-8CEB-F91F462C2CF4.jpg
11330850794,"04 mag 2024, 13:27:43",Escursione pomeridiana,Escursione,,4330,"6,13",132.0,11,false,,,activities/12102726685.fit.gz,,,4330.0,4301.0,6135.26025390625,3.7359986305236816,1.4264729022979736,340.0,337.0,1032.800048828125,1359.0,49.001949310302734,-0.02933940477669239,,,88.0,51.51738739013672,132.0,101.51790618896484,,,396.0,,17.0,11.0,,,,,,,,,,,,,0.0,,1.0,,,,,,,,,,,,,,,,,,,,,,,,,,,0.0,1.416919231414795,4646.39990234375,,,,,,,,,,,,""
11335707397,"05 mag 2024, 05:03:17",Bgy gran fondo,Ciclismo,Che giornata 🌞❤️,14505,"127,41",180.0,478,false,,Orca ,activities/12107743242.fit.gz,,7.0,14505.0,14401.0,127413.90625,21.85025978088379,8.847573280334473,2110.0,2113.0,263.6000061035156,947.5999755859375,23.57884407043457,-0.0014127329923212528,,,,,180.0,158.7892303466797,,,2817.0,,11.0,478.0,,,,,,,,,,,0.0,,0.0,,1.0,,,,,,,,,,,,,,,,14183273.0,,,,,,,,,,,0.0,8.784136772155762,0.0,,,,,,,,,,,,media/D1385421-9ED5-4664-9B2B-855778F95F26.jpg|media/A07F1669-C57C-4610-92AE-3F27B23DB88E.jpg
11354137915,"07 mag 2024, 15:33:29",Nuotata pomeridiana,Nuotata,"",2709,1.900,,,false,,,activities/12126699817.fit.gz,,,2709.0,2066.0,1900.0,2.1978023052215576,0.9196515083312988,0.0,0.0,0.0,0.0,0.0,0.0,,,32.0,28.51228904724121,,,,,498.0,,25.0,,,,,,,,,,,,0.0,,0.0,,1.0,,,,,,,,,,,,,,,,,,,,,,,,,,,0.0,0.7013658285140991,0.0,,,,,,,,,,,,""
11354138129,"06 mag 2024, 16:12:55",Escursione serale,Escursione,,4433,"5,12",116.0,10,false,,,activities/12126699850.fit.gz,,,4433.0,4379.0,5121.52001953125,4.240002632141113,1.169563889503479,377.0,370.0,1034.800048828125,1370.5999755859375,48.5542106628418,0.1288675218820572,,,110.0,50.73933410644531,116.0,95.51963806152344,,,357.0,,14.0,10.0,,,,,,,,,,,,,0.0,,1.0,,,,,,,,,,,,,,,,,,,,,,,,,,,0.0,1.155316948890686,4088.199951171875,,,,,,,,,,,,""
11370494736,"09 mag 2024, 04:55:18",Giro mattutino,Ciclismo,"",40195,"47,20",,,false,,Orca ,activities/12143486243.fit.gz,,7.0,40195.0,5733.0,47202.609375,16.469995498657227,8.233491897583008,789.0,748.0,271.0,990.4000244140625,22.0975399017334,0.0008474625064991415,,,,,,,,,2258.0,,12.0,,,,,,,,,,,,0.0,,0.0,,1.0,,,,,,,,,,,,,,,,14183273.0,,,,,,,,,,,0.0,1.1743403673171997,0.0,,,,,,,,,,,,""
11378526486,"10 mag 2024, 12:06:06",Giro pomeridiano,Ciclismo,,16546,"103,58",172.0,289,false,,Orca ,activities/12151756173.fit.gz,,7.0,16546.0,14575.0,103586.6953125,17.902002334594727,7.107149124145508,2000.0,2843.0,285.0,2083.0,43.3633918762207,0.006178423296660185,,,,,172.0,144.87396240234375,,,2766.0,,18.0,289.0,,,,,,,,,,,,,0.0,,1.0,,,,,,,,,,,,,,,,14183273.0,,,,,,,,,,,0.0,6.260528087615967,948.7000122070312,,,,,,,,,,,,""
11384225518,"11 mag 2024, 08:18:40",Giro mattutino,Ciclismo,"",12151,"31,58",,,false,,Orca ,activities/12157629980.fit.gz,,7.0,12151.0,4832.0,31581.109375,18.51904296875,6.535825729370117,756.0,773.0,301.6000061035156,1020.2000122070312,48.131649017333984,0.012032470665872097,,,,,,,,,1562.0,,20.0,,,,,,,,,,,,0.0,,0.0,,1.0,,,,,,,,,,,,,,,,14183273.0,,,,,,,,,,,0.0,2.5990543365478516,0.0,,,,,,,,,,,,""
11393038902,"12 mag 2024, 05:26:25",Monte Campione con pantani 🏴‍☠️,Ciclismo,"",25285,"142,28",173.0,445,false,,Orca ,activities/12166726855.fit.gz,,7.0,25285.0,20927.0,142281.875,19.487987518310547,6.798961639404297,3132.0,6344.0,185.60000610351562,3490.60009765625,40.921043395996094,0.0047792368568480015,,,,,173.0,146.96221923828125,,,3881.0,,18.0,445.0,,,,,,,,,,,0.0,,0.0,,1.0,,,,,,,,,,,,,,,,14183273.0,,,,,,,,,,,0.0,5.6271257400512695,15.300000190734863,,,,,,,,,,,,media/B5C621E6-0102-4FEE-A558-399D833C9150.jpg|media/F9C81D53-7D2E-4AAC-9832-4E2D62DB2C30.jpg|media/A071FF18-DED9-4821-960D-F2454831AE3E.jpg|media/05D8DDB6-8392-4343-9B7A-6FCA8BC22E67.jpg
11409443685,"14 mag 2024, 05:02:56",Per oggi 4 docce fatte ✅,Ciclismo,"",40474,"46,98",,,false,,Orca ,activities/12183634599.fit.gz,,7.0,40474.0,5789.0,46985.2890625,20.77018165588379,8.116305351257324,760.0,746.0,318.0,1032.4000244140625,20.305374145507812,0.001276943483389914,,,,,,,,,2167.0,,11.0,,,,,,,,,,,,0.0,,0.0,,1.0,,,,,,,,,,,,,,,,14183273.0,,,,,,,,,,,0.0,1.1608757972717285,0.0,,,,,,,,,,,,media/EA596AEC-7428-4AE1-B2D8-52187519628D.jpg
11432049997,"17 mag 2024, 12:25:40",Giro pomeridiano,Ciclismo,,7438,"53,72",,,false,,Orca ,activities/12206851408.fit.gz,,7.0,7438.0,7438.0,53726.2890625,20.425975799560547,7.223217487335205,1170.0,1175.0,338.3999938964844,1067.800048828125,27.802583694458008,-0.01377356331795454,,,,,,,,,2655.0,,14.0,,,,,,,,,,,,,,0.0,,1.0,,,,,,,,,,,,,,,,14183273.0,,,,,,,,,,,0.0,7.223217487335205,0.0,,,,,,,,,,,,""
11438797838,"18 mag 2024, 05:46:25",Giro mattutino,Ciclismo,"",25296,"158,91",,,false,,Orca ,activities/12213802106.fit.gz,,7.0,25296.0,21994.0,158917.625,19.93994140625,7.225499153137207,3390.754638671875,3410.0,170.89999389648438,1289.4000244140625,46.935569763183594,0.011452475562691689,,,,,,,,,8069.0,,17.0,,,,,,,,,,,,0.0,,0.0,,1.0,,,,,,,,,,,,,,,,14183273.0,,,,,,,,,,,0.0,6.282322406768799,483.6000061035156,,,,,,,,,,,,media/F551027B-861E-4F79-902E-152C2C64FED4.jpg
11445862845,"19 mag 2024, 08:37:21",Giro mattutino,Ciclismo,"",6851,"34,16",,,false,,Orca ,activities/12221109820.fit.gz,,7.0,6851.0,5029.0,34162.30078125,17.743993759155273,6.793060302734375,773.0,994.0,440.0,1125.199951171875,19.718189239501953,-0.005854406859725714,,,,,,,,,1859.0,,15.0,,,,,,,,,,,,0.0,,0.0,,1.0,,,,,,,,,,,,,,,,14183273.0,,,,,,,,,,,0.0,4.986469268798828,0.0,,,,,,,,,,,,media/04F7BDFA-4DDF-416E-8E99-30EA02B508B3.jpg
11456707515,"20 mag 2024, 05:05:42",Giro mattutino,Ciclismo,"",41589,"48,96",,,false,,Orca ,activities/12232324973.fit.gz,,7.0,41589.0,7154.0,48967.46875,18.292186737060547,6.844768047332764,1187.0,1197.0,310.3999938964844,1055.0,49.565834045410156,0.014295204542577267,,,,,,,,,2490.0,,12.0,,,,,,,,,,,,0.0,,0.0,,1.0,,,,,,,,,,,,,,,,14183273.0,,,,,,,,,,,0.0,1.1774139404296875,4.0,,,,,,,,,,,,""
11464864572,"21 mag 2024, 16:12:05",Giro serale,Ciclismo,,4530,"28,04",,,false,,Orca ,activities/12240712018.fit.gz,,7.0,4530.0,4530.0,28045.0390625,15.972070693969727,6.190958023071289,756.0,771.0,524.0,1068.199951171875,26.44774055480957,-0.019254829734563828,,,,,,,,,1427.0,,13.0,,,,,,,,,,,,,,0.0,,1.0,,,,,,,,,,,,,,,,14183273.0,,,,,,,,,,,0.0,6.190958023071289,114.69999694824219,,,,,,,,,,,,""
11479800185,"23 mag 2024, 05:03:30",Arredo urbano,Ciclismo,"",40212,"46,86",,,false,,Orca ,activities/12256052798.fit.gz,,7.0,40212.0,5763.0,46864.30078125,20.109960556030273,8.131928443908691,769.0,792.0,289.6000061035156,1025.5999755859375,21.896160125732422,-0.023898683488368988,,,,,,,,,2136.0,,9.0,,,,,,,,,,,,0.0,,0.0,,1.0,,,,,,,,,,,,,,,,14183273.0,,,,,,,,,,,0.0,1.1654307842254639,0.0,,,,,,,,,,,,media/6BBC2BED-6846-4C18-8423-A5B0E3B96BC1.jpg
11501857727,"26 mag 2024, 07:46:42",Finalmente ☀️,Ciclismo,Prima e ultima Selvino nembro di domenica della stagione 😱,18818,"107,67",,,false,,Orca ,activities/12278819031.fit.gz,,7.0,18818.0,15200.0,107671.21875,20.136011123657227,7.083632946014404,1976.0,4188.0,265.3999938964844,1908.199951171875,25.37627601623535,-0.003157783765345812,,,,,,,,,6038.0,,21.0,,,,,,,,,,,,0.0,,0.0,,1.0,,,,,,,,,,,,,,,,14183273.0,,,,,,,,,,,0.0,5.721714496612549,0.0,,,,,,,,,,,,media/1679A848-6730-4A41-B94A-563047B945FD.mp4
11510276709,"27 mag 2024, 05:03:02",Giro mattutino,Ciclismo,"",40662,"46,99",,,false,,Orca ,activities/12287527150.fit.gz,,7.0,40662.0,5624.0,46997.66015625,18.552001953125,8.356624603271484,746.0,778.0,299.3999938964844,1033.0,17.940996170043945,0.02085207588970661,,,,,,,,,2127.0,,13.0,,,,,,,,,,,,0.0,,0.0,,1.0,,,,,,,,,,,,,,,,14183273.0,,,,,,,,,,,0.0,1.1558127403259277,0.0,,,,,,,,,,,,media/6B125514-58EA-43FF-9BA7-CC51AE67BF86.jpg
11518748037,"28 mag 2024, 05:12:29",Tripletta,Ciclismo,Scarico tensione 🔋,46107,"67,41",,,false,,Orca ,activities/12296228535.fit.gz,,7.0,46107.0,10413.0,67418.875,17.21000099182129,6.474491119384766,1860.0,1822.0,309.0,1038.199951171875,49.3770866394043,-0.013349376618862152,,,,,,,,,3604.0,,16.0,,,,,,,,,,,,0.0,,0.0,,1.0,,,,,,,,,,,,,,,,14183273.0,,,,,,,,,,,0.0,1.4622265100479126,0.0,,,,,,,,,,,,""
11525714822,"29 mag 2024, 05:01:50",Giro mattutino,Ciclismo,,39814,"42,52",,,false,,Orca ,activities/12303430567.fit.gz,,7.0,39814.0,5557.0,42519.3984375,19.938085556030273,7.6515021324157715,785.0,788.0,306.0,1060.0,41.70360565185547,0.09031163156032562,,,,,,,,,1922.0,,17.0,,,,,,,,,,,,,,0.0,,1.0,,,,,,,,,,,,,,,,14183273.0,,,,,,,,,,,0.0,1.067950963973999,0.0,,,,,,,,,,,,""
11539898730,"02 mag 2024, 19:48:33",Allenamento notturno,Allenamento generico,,23319,"114,41",,,false,,,activities/12318025429.gpx.gz,,,23319.0,22274.0,114409.046875,13.652848243713379,5.136438846588135,2458.652099609375,2456.5771484375,229.60000610351562,677.5,22.892621994018555,0.00026221704320050776,,,,,,,,,,,,,,,,,,,,,,,,,0.0,,1.0,,,,,,,,,,,,,,,,,,,,,,,,,,,0.0,4.906258583068848,10534.599609375,,,,,,,,,,,,""
11539969102,"22 mag 2024, 16:09:57",Nuotata serale,Nuotata,,1028,700,,,false,,,activities/12318097649.fit.gz,,,1028.0,780.0,700.0,5.184140682220459,0.8974359035491943,0.0,0.0,0.0,0.0,0.0,0.0,,,30.0,27.621013641357422,,,,,174.0,,26.0,,,,,,,,,,,,,,0.0,,1.0,,,,,,,,,,,,,,,,,,,,,,,,,,,0.0,0.6809338331222534,0.0,,,,,,,,,,,,""
11547126229,"01 giu 2024, 06:20:55",Coppa asteria ❤️,Ciclismo,Solo pura ignoranza,21438,"110,96",152.0,32,false,,Orca ,activities/12325469408.fit.gz,,,21438.0,18331.0,110966.96875,17.239999771118164,6.053515911102295,2425.0,2396.0,212.60000610351562,640.0,47.52475357055664,-0.010273324325680733,,,,,152.0,81.62843322753906,,,988.0,,21.0,32.0,,,,,,,,,,,0.0,,0.0,,1.0,,,,,,,,,,,,,,,,14183273.0,,,,,,,,,,,0.0,5.176180839538574,10871.2001953125,,,,,,,,,,,,media/077A0D93-BCEE-442D-A47C-76508AA4FE7D.jpg|media/99B758F2-C214-4772-B5B4-7B81E6BDFF15.jpg|media/2C491C49-A1B9-4930-9EE1-98BF2C072A58.jpg|media/9D97A6B3-DB65-41A9-B637-A9EABA56A7DD.jpg|media/F26F133B-D178-4C04-8D35-37FA33BD957E.jpg
11554819752,"02 giu 2024, 09:53:32",Giro dell'ora di pranzo,Ciclismo,"",5751,"33,72",,,false,,Orca ,activities/12333411516.fit.gz,,7.0,5751.0,5506.0,33726.66015625,16.446094512939453,6.125437259674072,974.0,978.0,454.6000061035156,1168.0,47.97601318359375,0.010673976503312588,,,,,,,,,1842.0,,20.0,,,,,,,,,,,,0.0,,0.0,,1.0,,,,,,,,,,,,,,,,14183273.0,,,,,,,,,,,0.0,5.864485740661621,0.0,,,,,,,,,,,,media/CC47A7BE-12C2-49D3-B11F-D3FEF6977697.jpg
11564832709,"03 giu 2024, 15:47:25",Giro pomeridiano,Ciclismo,,5891,"38,20",,,false,,Orca ,activities/12343747741.fit.gz,,7.0,5891.0,5675.0,38207.359375,18.769922256469727,6.732573986053467,1075.0,1080.0,446.79998779296875,1026.5999755859375,34.387149810791016,-0.01779758743941784,,,,,,,,,2011.0,,15.0,,,,,,,,,,,,,,0.0,,1.0,,,,,,,,,,,,,,,,14183273.0,,,,,,,,,,,0.0,6.485716819763184,0.0,,,,,,,,,,,,""
11580534030,"05 giu 2024, 04:46:13",Giro mattutino,Ciclismo,,39362,"40,71",,,false,,Orca ,activities/12359871025.fit.gz,,7.0,39362.0,5201.0,40711.0,19.058202743530273,7.82753324508667,749.0,777.0,273.79998779296875,1004.0,37.0876350402832,-0.03586248308420181,,,,,,,,,1918.0,,16.0,,,,,,,,,,,,,,0.0,,1.0,,,,,,,,,,,,,,,,14183273.0,,,,,,,,,,,0.0,1.0342715978622437,0.0,,,,,,,,,,,,""
11588752856,"06 giu 2024, 04:47:30",Giro mattutino,Ciclismo,"Giorno 💻⚙️
Sera 🪓🪵",39324,"41,00",,,false,,Orca ,activities/12368306734.fit.gz,,7.0,39324.0,5066.0,41008.87890625,19.655858993530273,8.09492301940918,742.0,768.0,314.3999938964844,1037.5999755859375,42.50726318359375,-0.0409667082130909,,,,,,,,,1931.0,,17.0,,,,,,,,,,,,0.0,,0.0,,1.0,,,,,,,,,,,,,,,,14183273.0,,,,,,,,,,,0.0,1.0428460836410522,0.0,,,,,,,,,,,,media/C5BF4904-9F54-4114-AA4A-9CBD3749DC36.jpg
11597063921,"07 giu 2024, 05:28:29",Giro mattutino,Ciclismo,"Giorno 💻⚙️
Sera 🦷🪥",41278,"51,00",,,false,,Orca ,activities/12376818710.fit.gz,,7.0,41278.0,6471.0,51006.29296875,18.661914825439453,7.882288932800293,795.0,827.0,309.79998779296875,1033.4000244140625,33.64627456665039,0.007057905197143555,,,,,,,,,2236.0,,18.0,,,,,,,,,,,,0.0,,0.0,,1.0,,,,,,,,,,,,,,,,14183273.0,,,,,,,,,,,0.0,1.2356773614883423,0.0,,,,,,,,,,,,media/0FD37F4A-FFD6-484C-8DAE-EFCD16C4CFB7.jpg
11620082489,"10 giu 2024, 05:13:28",Giro mattutino,Ciclismo,,40186,"40,60",,,false,,Orca ,activities/12400583077.fit.gz,,7.0,40186.0,5396.0,40603.7890625,17.529979705810547,7.524794101715088,743.0,775.0,304.3999938964844,1025.5999755859375,30.744081497192383,-0.024135647341609,,,,,,,,,1934.0,,17.0,,,,,,,,,,,,,,0.0,,1.0,,,,,,,,,,,,,,,,14183273.0,,,,,,,,,,,0.0,1.0103963613510132,0.0,,,,,,,,,,,,""
11628303768,"11 giu 2024, 05:04:30",Clima perfetto,Ciclismo,Tutto molto grigio ma nessuna goccia ☁️,42587,"63,62",,,false,,Orca ,activities/12409021103.fit.gz,,7.0,42587.0,7983.0,63620.91015625,20.420019149780273,7.969549179077148,1187.0,1193.0,311.20001220703125,1064.800048828125,18.50621223449707,-0.018233057111501694,,,,,,,,,3068.0,,13.0,,,,,,,,,,,,0.0,,0.0,,1.0,,,,,,,,,,,,,,,,14183273.0,,,,,,,,,,,0.0,1.4939044713974,0.0,,,,,,,,,,,,media/B1D81206-3050-49D3-A1A9-8B6555274059.jpg
11645054504,"13 giu 2024, 05:10:28",Giro mattutino,Ciclismo,,46251,"63,47",,,false,,Orca ,activities/12426208127.fit.gz,,7.0,46251.0,9797.0,63474.1015625,18.033985137939453,6.4789323806762695,1693.0,1819.0,289.0,1090.5999755859375,37.454280853271484,-0.0318240225315094,,,,,,,,,3455.0,,13.0,,,,,,,,,,,,,,0.0,,1.0,,,,,,,,,,,,,,,,14183273.0,,,,,,,,,,,0.0,1.3723833560943604,0.0,,,,,,,,,,,,""
11651622886,"14 giu 2024, 13:39:51",Relax,Ciclismo,Da una parte Matteo Ruggeri dall’altra un fortissimo ciclista 😂,9221,"59,59",,,false,,Orca ,activities/12432959475.fit.gz,,7.0,9221.0,8848.0,59596.51953125,17.755956649780273,6.735591888427734,1187.0,1198.0,331.6000061035156,1092.5999755859375,25.807268142700195,0.0,,,,,,,,,2763.0,,14.0,,,,,,,,,,,,0.0,,0.0,,1.0,,,,,,,,,,,,,,,,14183273.0,,,,,,,,,,,0.0,6.46312952041626,0.0,,,,,,,,,,,,media/515ED74D-9B4B-40D0-8B76-67948A8455E8.jpg
11662958543,"16 giu 2024, 05:00:54",BMM parte 1,Ciclismo,"",9149,"49,12",180.0,188,false,,Orca ,activities/12444675653.fit.gz,,7.0,9149.0,7675.0,49123.26953125,16.148046493530273,6.400425910949707,1426.0,556.0,322.6000061035156,1259.4000244140625,37.99570846557617,1.7710548639297485,,,,,180.0,148.9606475830078,,,1568.0,,13.0,188.0,,,,,,,,,,,0.0,,0.0,,1.0,,,,,,,,,,,,,,,,14183273.0,,,,,,,,,,,0.0,5.369250297546387,0.0,,,,,,,,,,,,media/B516C794-65BA-4E77-BBAD-29B01E8DFF7C.jpg|media/F9C4E944-4E01-43A1-B71A-9FBB5377AAAF.jpg
11664310244,"16 giu 2024, 07:48:21",BMM parte 2,Ciclismo,Il terzo tratto cronometrato dopo 2 panini e una birra tosto,9326,"68,43",176.0,111,false,,Orca ,activities/12446066534.fit.gz,,7.0,9326.0,8090.0,68433.578125,19.327342987060547,8.459033966064453,838.0,1690.0,201.60000610351562,1256.4000244140625,33.69749450683594,-1.2587387561798096,,,,,176.0,135.76988220214844,,,1307.0,,21.0,111.0,,,,,,,,,,,0.0,,0.0,,1.0,,,,,,,,,,,,,,,,14183273.0,,,,,,,,,,,0.0,7.337934970855713,24.399999618530273,,,,,,,,,,,,media/E71F59FB-84A7-4EEE-9B4E-A98AD17B25DE.jpg|media/8F7B6812-6DD1-4CC6-9070-6E839AB01369.jpg
11674371713,"17 giu 2024, 05:15:20",Giro mattutino,Ciclismo,,41642,"48,13",,,false,,Orca ,activities/12456476610.fit.gz,,7.0,41642.0,6408.0,48136.23046875,21.79833984375,7.511895656585693,873.0,894.0,318.6000061035156,1037.0,20.526262283325195,-0.041548747569322586,,,,,,,,,2150.0,,18.0,,,,,,,,,,,,,,0.0,,1.0,,,,,,,,,,,,,,,,14183273.0,,,,,,,,,,,0.0,1.1559537649154663,0.0,,,,,,,,,,,,""
11682835324,"18 giu 2024, 05:05:57",Giro mattutino,Ciclismo,Spolmonate in varianti alino e San 🐔,44661,"65,76",,,false,,Orca ,activities/12465173417.fit.gz,,7.0,44661.0,9238.0,65759.9296875,18.2919921875,7.1184163093566895,1446.0,1483.0,313.3999938964844,1073.0,48.472633361816406,-0.002128993161022663,,,,,,,,,3256.0,,20.0,,,,,,,,,,,,0.0,,0.0,,1.0,,,,,,,,,,,,,,,,14183273.0,,,,,,,,,,,0.0,1.472424030303955,17.700000762939453,,,,,,,,,,,,media/50626422-B569-4C53-BF82-4FF30C5A1343.jpg|media/9514A34D-23F1-4141-B964-571309AF7972.mp4
11711578357,"22 giu 2024, 07:35:59","Pronto, mamma vieni a prendermi ?",Ciclismo,Due forature in un giorno male,16346,"103,49",,,false,,Orca ,activities/12494753602.fit.gz,,7.0,16346.0,14113.0,103493.203125,20.177928924560547,7.333182334899902,1850.0,2548.0,350.79998779296875,2119.0,45.903018951416016,-0.5130771994590759,,,,,,,,,5036.0,,21.0,,,,,,,,,,,,0.0,,0.0,,1.0,,,,,,,,,,,,,,,,14183273.0,,,,,,,,,,,0.0,6.331408500671387,0.0,,,,,,,,,,,,media/990890D8-0CEE-48E9-8085-B321D502BC04.jpg|media/6EA82115-A617-4925-87B1-CBBC8C96A895.mp4
11729554139,"24 giu 2024, 15:21:56",Giro pomeridiano,Ciclismo,"",9530,"61,32",,,false,,Orca ,activities/12513319266.fit.gz,,7.0,9530.0,9198.0,61326.98828125,20.671972274780273,6.667426586151123,1764.0,1773.0,461.0,1112.0,34.8113899230957,-0.019893283024430275,,,,,,,,,3258.0,,14.0,,,,,,,,,,,,0.0,,0.0,,1.0,,,,,,,,,,,,,,,,14183273.0,,,,,,,,,,,0.0,6.435151100158691,0.0,,,,,,,,,,,,""
11737385161,"25 giu 2024, 15:42:17",Escursione pomeridiana,Escursione,,3648,"5,01",153.0,16,false,,,activities/12521374697.fit.gz,,,3648.0,3648.0,5017.919921875,5.710009574890137,1.3755263090133667,361.0,356.0,1020.7999877929688,1336.5999755859375,49.85721206665039,0.0,,,108.0,51.747718811035156,153.0,120.87166595458984,,,473.0,,21.0,16.0,,,,,,,,,,,,,0.0,,1.0,,,,,,,,,,,,,,,,,,,,,,,,,,,0.0,1.3755263090133667,3915.699951171875,,,,6184.0,,,,,,,,""
11746331650,"26 giu 2024, 05:09:14",Giro mattutino,Ciclismo,"",47561,"84,41",,,false,,Orca ,activities/12530425196.fit.gz,,7.0,47561.0,11810.0,84416.7734375,19.24479103088379,7.147906303405762,1730.0,1923.0,302.6000061035156,1146.5999755859375,25.641036987304688,-0.004264526534825563,,,,,,,,,4253.0,,17.0,,,,,,,,,,,,0.0,,0.0,,1.0,,,,,,,,,,,,,,,,14183273.0,,,,,,,,,,,0.0,1.7749158143997192,0.0,,,,,,,,,,,,""
11766015784,"29 giu 2024, 05:25:17",Purtroppo è scoppiato il caldo 🥵,Ciclismo,"",19526,"118,77",,,false,,Orca ,activities/12550726058.fit.gz,,7.0,19526.0,17402.0,118773.390625,18.634374618530273,6.825272560119629,2846.367431640625,2690.0,327.70001220703125,1966.5,24.56682014465332,0.019869768992066383,,,,,,,,,5961.0,,22.0,,,,,,,,,,,,0.0,,0.0,,1.0,,,,,,,,,,,,,,,,14183273.0,,,,,,,,,,,0.0,6.0828328132629395,0.0,,,,,,,,,,,,media/E8C80A70-665C-444D-A863-FDFEA1B23F64.jpg
11773814019,"30 giu 2024, 05:58:15",Alino Pianca *2,Ciclismo,"",17819,"90,90",,,false,,Orca ,activities/12558799805.fit.gz,,7.0,17819.0,15065.0,90908.0390625,17.838085174560547,6.034387111663818,2408.817138671875,2278.0,327.6000061035156,1143.699951171875,38.56856918334961,0.0012100145686417818,,,,,,,,,4654.0,,22.0,,,,,,,,,,,,0.0,,0.0,,1.0,,,,,,,,,,,,,,,,14183273.0,,,,,,,,,,,0.0,5.101747512817383,0.0,,,,,,,,,,,,media/72FB471B-518A-45B4-8699-30FD228F68A4.jpg|media/77247A66-774A-41E4-A51D-04CD8B33ADC5.jpg|media/1D5ED823-093D-45B3-A5D4-8AF43BE1F082.mp4
11783142646,"01 lug 2024, 05:07:17",Stasera leggeri 🥩🍷,Ciclismo,"",39974,"46,49",,,false,,Orca ,activities/12568457187.fit.gz,,7.0,39974.0,5883.0,46490.76953125,16.866016387939453,7.902561664581299,739.0,767.0,324.79998779296875,1051.5999755859375,31.504499435424805,0.027532188221812248,,,,,,,,,2087.0,,19.0,,,,,,,,,,,,0.0,,0.0,,1.0,,,,,,,,,,,,,,,,14183273.0,,,,,,,,,,,0.0,1.1630252599716187,18.899999618530273,,,,,,,,,,,,media/A7C9F982-937D-4117-9DF3-FBC63FD1EA85.jpg|media/6C04DAA4-13AD-49C5-BD5B-15FC0FD32324.jpg
11791414190,"02 lug 2024, 05:09:04",Giro mattutino,Ciclismo,,41150,"48,06",,,false,,Orca ,activities/12576976344.fit.gz,,7.0,41150.0,6631.0,48064.859375,17.336669921875,7.248508453369141,877.0,894.0,296.6000061035156,1026.5999755859375,44.755245208740234,0.010818740352988243,,,,,,,,,2184.0,,19.0,,,,,,,,,,,,,,0.0,,1.0,,,,,,,,,,,,,,,,14183273.0,,,,,,,,,,,0.0,1.1680402755737305,15.699999809265137,,,,,,,,,,,,""
11807975808,"04 lug 2024, 05:11:45",Giro mattutino,Ciclismo,,41042,"45,31",,,false,,Orca ,activities/12594035830.fit.gz,,7.0,41042.0,6613.0,45317.94921875,17.530956268310547,6.852858066558838,1031.0,1066.0,315.6000061035156,1106.5999755859375,26.323505401611328,-0.04192599281668663,,,,,,,,,2287.0,,17.0,,,,,,,,,,,,,,0.0,,1.0,,,,,,,,,,,,,,,,14183273.0,,,,,,,,,,,0.0,1.1041847467422485,25.200000762939453,,,,,,,,,,,,""
11816296001,"05 lug 2024, 05:33:35",Giro mattutino,Ciclismo,"",45506,"48,47",,,false,,Orca ,activities/12602635028.fit.gz,,7.0,45506.0,6089.0,48477.6328125,17.25390625,7.9615092277526855,878.0,932.0,313.20001220703125,1033.0,42.917015075683594,-0.009488862007856369,,,,,,,,,2208.0,,17.0,,,,,,,,,,,,0.0,,0.0,,1.0,,,,,,,,,,,,,,,,14183273.0,,,,,,,,,,,0.0,1.0653020143508911,23.899999618530273,,,,,,,,,,,,""
11821042446,"06 lug 2024, 05:54:55",Giro mattutino,Ciclismo,Su e giù giù e su,20751,"119,69",,,false,,Orca ,activities/12607556830.fit.gz,,7.0,20751.0,19356.0,119696.8359375,16.822071075439453,6.183965682983398,3161.608154296875,2969.0,289.79998779296875,1022.5,28.526390075683594,-0.0025063306093215942,,,,,,,,,6223.0,,22.0,,,,,,,,,,,,0.0,,0.0,,1.0,,,,,,,,,,,,,,,,14183273.0,,,,,,,,,,,0.0,5.76824426651001,6.199999809265137,,,,,,,,,,,,""
11839560972,"08 lug 2024, 16:32:07",Giro serale,Ciclismo,,4427,"30,24",,,false,,Orca ,activities/12626744018.fit.gz,,7.0,4427.0,4132.0,30245.8203125,17.004003524780273,7.3198981285095215,727.0,731.0,463.3999938964844,1031.4000244140625,29.52284812927246,-0.014547545462846756,,,,,,,,,1461.0,,19.0,,,,,,,,,,,,,,0.0,,1.0,,,,,,,,,,,,,,,,14183273.0,,,,,,,,,,,0.0,6.832125663757324,0.0,,,,,,,,,,,,""
11847227307,"09 lug 2024, 05:18:06",Giro mattutino,Ciclismo,Sant’Erasmo ♥️,39819,"40,73",,,false,,Orca ,activities/12634624271.fit.gz,,7.0,39819.0,5313.0,40733.76953125,19.59151840209961,7.666811466217041,744.0,765.0,314.6000061035156,1032.199951171875,25.933317184448242,0.0,,,,,,,,,1874.0,,21.0,,,,,,,,,,,,0.0,,0.0,,1.0,,,,,,,,,,,,,,,,14183273.0,,,,,,,,,,,0.0,1.0229731798171997,30.200000762939453,,,,,,,,,,,,media/A965EE30-95AE-4373-8C00-2D412AF5F5BD.jpg
11855533911,"10 lug 2024, 05:17:23",Giro mattutino,Ciclismo,"",40583,"46,72",,,false,,Orca ,activities/12643197711.fit.gz,,7.0,40583.0,5751.0,46722.16015625,19.29774284362793,8.12417984008789,825.0790405273438,768.0,289.0,1020.2999877929688,38.697486877441406,0.04280620440840721,,,,,,,,,2050.0,,21.0,,,,,,,,,,,,0.0,,0.0,,1.0,,,,,,,,,,,,,,,,14183273.0,,,,,,,,,,,0.0,1.1512740850448608,24.0,,,,,,,,,,,,""
11863644331,"11 lug 2024, 05:26:38",Giro mattutino,Ciclismo,,40607,"42,51",,,false,,Orca ,activities/12651587096.fit.gz,,7.0,40607.0,5843.0,42509.2421875,19.766016006469727,7.275242328643799,772.0,795.0,308.79998779296875,1025.199951171875,46.46686935424805,0.003293315414339304,,,,,,,,,1946.0,,23.0,,,,,,,,,,,,,,0.0,,1.0,,,,,,,,,,,,,,,,14183273.0,,,,,,,,,,,0.0,1.0468451976776123,61.099998474121094,,,,,,,,,,,,""
11895200008,"15 lug 2024, 05:05:29",Giro mattutino,Ciclismo,"",43074,"45,56",,,false,,Orca ,activities/12684332788.fit.gz,,7.0,43074.0,6426.0,45567.46875,17.97835350036621,7.091109275817871,1003.0,1030.0,319.6000061035156,1115.4000244140625,45.795406341552734,0.034234896302223206,,,,,,,,,2219.0,,22.0,,,,,,,,,,,,0.0,,0.0,,1.0,,,,,,,,,,,,,,,,14183273.0,,,,,,,,,,,0.0,1.0578880310058594,15.399999618530273,,,,,,,,,,,,""
11903343542,"16 lug 2024, 05:10:09",Giro mattutino,Ciclismo,"",41760,"41,21",,,false,,Orca ,activities/12692746496.fit.gz,,7.0,41760.0,5526.0,41217.12109375,17.23160743713379,7.458762168884277,790.239990234375,2002.0,290.8999938964844,1027.5999755859375,32.611244201660156,-0.01164565235376358,,,,,,,,,1916.0,,21.0,,,,,,,,,,,,0.0,,0.0,,1.0,,,,,,,,,,,,,,,,14183273.0,,,,,,,,,,,0.0,0.9869999885559082,26.0,,,,,,,,,,,,""
11912830819,"17 lug 2024, 04:59:36",Giro mattutino,Ciclismo,"",47266,"85,58",,,false,,Orca ,activities/12702549830.fit.gz,,7.0,47266.0,11892.0,85579.3828125,20.241992950439453,7.196382522583008,1895.126953125,1660.0,289.3999938964844,1059.300048828125,17.04922103881836,0.1367151439189911,,,,,,,,,3976.0,,22.0,,,,,,,,,,,,0.0,,0.0,,1.0,,,,,,,,,,,,,,,,14183273.0,,,,,,,,,,,0.0,1.8105907440185547,13.899999618530273,,,,,,,,,,,,""
11920569037,"12 lug 2024, 16:32:56",Nuotata serale,Nuotata,,2572,1.900,,,false,,,activities/12710576711.fit.gz,,,2572.0,2176.0,1900.0,1.9665013551712036,0.873161792755127,0.0,0.0,0.0,0.0,0.0,0.0,,,29.0,24.258230209350586,,,,,490.0,,26.0,,,,,,,,,,,,,,0.0,,1.0,,,,,,,,,,,,,,,,,,,,,,,,,,,0.0,0.7387247085571289,0.0,,,,,,25.0,,,,,,""
11920572280,"18 lug 2024, 05:18:46",Giro mattutino,Ciclismo,,41046,"47,50",,,false,,Orca ,activities/12710580026.fit.gz,,7.0,41046.0,6829.0,47500.73828125,19.15011215209961,6.955738544464111,863.0,885.0,348.79998779296875,1056.199951171875,27.892173767089844,-0.015157556161284447,,,,,,,,,2155.0,,24.0,,,,,,,,,,,,,,0.0,,1.0,,,,,,,,,,,,,,,,14183273.0,,,,,,,,,,,0.0,1.1572562456130981,25.100000381469727,,,,,,,,,,,,""
11929132944,"19 lug 2024, 14:44:35","Mattina Crowdstrike, pomeriggio culmine",Ciclismo,"",10592,"69,05",,,false,,Orca ,activities/12719455564.fit.gz,,7.0,10592.0,10102.0,69053.5234375,19.126562118530273,6.835628986358643,1384.631591796875,1288.0,290.79998779296875,1252.300048828125,41.57174301147461,0.00014481524704024196,,,,,,,,,3186.0,,21.0,,,,,,,,,,,,0.0,,0.0,,1.0,,,,,,,,,,,,,,,,14183273.0,,,,,,,,,,,0.0,6.519403457641602,315.0,,,,,,,,,,,,media/B8485DD5-8C4D-4C59-A993-725BEDD4408A.jpg|media/ADDF7C2A-5784-48C1-BCAA-EB3989094ACC.jpg|media/63A05069-A33E-49E7-9CB8-A69D89E2F646.jpg
11935674050,"20 lug 2024, 05:25:14",San Marco X2 🏔️,Ciclismo,Gionata di gelati e forature,30510,"170,96",,,false,,Orca ,activities/12726265102.fit.gz,,7.0,30510.0,26119.0,170962.359375,20.6796875,6.545517444610596,4263.10400390625,9428.0,251.10000610351562,1966.199951171875,49.03792190551758,-0.0008188940118998289,,,,,,,,,8685.0,,22.0,,,,,,,,,,,,0.0,,0.0,,1.0,,,,,,,,,,,,,,,,14183273.0,,,,,,,,,,,0.0,5.603486061096191,0.0,,,,,,,,,,,,media/DC0B1D2B-B079-48A4-95C8-9F8B06E9432A.jpg|media/BC929946-192B-4960-B9D8-59A1010792E0.jpg|media/4D2B00E5-8B90-4FD3-A817-EAB4BFE24D93.jpg
11953141313,"22 lug 2024, 05:10:24",Sessione di gravel biking mattutina,Ciclismo,"",42165,"47,32",,,false,,Orca ,activities/12744458117.fit.gz,,8.0,42165.0,6244.0,47324.80078125,17.8799991607666,7.579244136810303,737.0,1946.0,319.0,2039.5999755859375,39.024391174316406,-0.04606464132666588,,,,,,,,,2612.0,,23.0,,,,,,,,,,,,0.0,,0.0,,1.0,,,,,,,,,,,,,,,,14183273.0,,,,,,,,,,,0.0,1.1223716735839844,24.899999618530273,,,,,,,,,,,,""
11971036698,"24 lug 2024, 16:19:54",Giro serale,Ciclismo,"",4051,"30,38",178.0,91,false,,Orca ,activities/12762968414.fit.gz,,7.0,4051.0,4051.0,30384.490234375,17.670019149780273,7.500491142272949,717.0,723.0,477.20001220703125,1042.5999755859375,29.46131134033203,-0.010531527921557426,,,,,178.0,145.7138214111328,,,867.0,,25.0,91.0,,,,,,,,,,,0.0,,0.0,,1.0,,,,,,,,,,,,,,,,14183273.0,,,,,,,,,,,0.0,7.500491142272949,0.0,,,,,,,,,,,,""
11978992879,"25 lug 2024, 04:57:49",Giro mattutino,Ciclismo,"",41810,"44,98",,,false,,Orca ,activities/12771214627.fit.gz,,7.0,41810.0,6680.0,44986.0,18.62337303161621,6.73443078994751,1093.5067138671875,1049.0,290.8999938964844,1092.9000244140625,37.49364471435547,-0.001778331003151834,,,,,,,,,2216.0,,22.0,,,,,,,,,,,,0.0,,0.0,,1.0,,,,,,,,,,,,,,,,14183273.0,,,,,,,,,,,0.0,1.0759626626968384,23.5,,,,,,,,,,,,""
11987920391,"26 lug 2024, 16:57:48",Giro serale,Ciclismo,"",5154,"20,85",,,false,,Orca ,activities/12780484840.fit.gz,,7.0,5154.0,3497.0,20855.009765625,15.760009765625,5.963685512542725,630.0,1467.0,603.4000244140625,1847.0,27.915369033813477,-0.046991344541311264,,,,,,,,,1570.0,,20.0,,,,,,,,,,,,0.0,,0.0,,1.0,,,,,,,,,,,,,,,,14183273.0,,,,,,,,,,,0.0,4.04637336730957,0.0,,,,,,,,,,,,""
11992275237,"27 lug 2024, 05:56:26",Giro mattutino,Ciclismo,"",15745,"110,29",,,false,,Orca ,activities/12785036839.fit.gz,,7.0,15745.0,14388.0,110295.859375,24.359960556030273,7.665822982788086,2033.328125,1983.0,327.6000061035156,1630.0,46.6241569519043,-0.10127303004264832,,,,,,,,,5094.0,,20.0,,,,,,,,,,,,0.0,,0.0,,1.0,,,,,,,,,,,,,,,,14183273.0,,,,,,,,,,,0.0,7.005135536193848,37.900001525878906,,,,,,,,,,,,media/47040BDA-2CAD-430B-BFEF-4CD3A75FFF28.jpg
12011202154,"29 lug 2024, 05:03:04",Giro mattutino,Ciclismo,"",40264,"46,70",,,false,,Orca ,activities/12804789058.fit.gz,,7.0,40264.0,5841.0,46708.28125,17.266016006469727,7.996623992919922,739.0,765.0,324.6000061035156,1042.4000244140625,48.1089973449707,0.024834943935275078,,,,,,,,,2072.0,,22.0,,,,,,,,,,,,0.0,,0.0,,1.0,,,,,,,,,,,,,,,,14183273.0,,,,,,,,,,,0.0,1.1600507497787476,14.699999809265137,,,,,,,,,,,,""
12019975014,"30 lug 2024, 05:12:26",Giro mattutino,Ciclismo,"",40742,"44,74",,,false,,Orca ,activities/12813873578.fit.gz,,7.0,40742.0,5804.0,44746.69921875,19.183349609375,7.709630966186523,724.0,642.0,313.3999938964844,1028.0,42.45096969604492,0.2596839964389801,,,,,,,,,2023.0,,23.0,,,,,,,,,,,,0.0,,0.0,,1.0,,,,,,,,,,,,,,,,14183273.0,,,,,,,,,,,0.0,1.0982941389083862,21.100000381469727,,,,,,,,,,,,""
12029084579,"31 lug 2024, 05:04:02",Giro mattutino,Ciclismo,"",44481,"45,85",,,false,,Orca ,activities/12823329928.fit.gz,,7.0,44481.0,6785.0,45853.6796875,19.69669532775879,6.758095741271973,1093.3590087890625,1039.0,290.8999938964844,1092.9000244140625,35.723941802978516,-0.0034893585834652185,,,,,,,,,2229.0,,24.0,,,,,,,,,,,,0.0,,0.0,,1.0,,,,,,,,,,,,,,,,14183273.0,,,,,,,,,,,0.0,1.0308599472045898,27.200000762939453,,,,,,,,,,,,""
12060353092,"04 ago 2024, 03:57:39",Da casa a casa 2024,Ciclismo,"",33245,"213,54",,,false,,Orca ,activities/12855938701.fit.gz,,7.0,33245.0,29831.0,213545.90625,18.83984375,7.158523082733154,4353.3056640625,3498.0,201.89999389648438,2317.0,49.41167068481445,0.36858585476875305,,,,,,,,,10498.0,,20.0,,,,,,,,,,,,0.0,,0.0,,1.0,,,,,,,,,,,,,,,,14183273.0,,,,,,,,,,,0.0,6.423398971557617,0.0,,,,,,,,,,,,media/07C6FB33-36EE-4BD0-8AB1-6A1CAB3FC472.jpg|media/7DF9B0AF-138A-4025-AF40-6C36616F1F6B.jpg|media/393A89AE-40B1-4279-814D-317BE488D682.jpg|media/5CDFD7CD-63A1-4150-89A5-6517275784B2.jpg|media/301B8847-70FA-470E-92AC-2FB49A07E7DA.jpg
12067693850,"05 ago 2024, 09:39:13",Giro dell'ora di pranzo,Ciclismo,"",7769,"48,48",,,false,,Orca ,activities/12067693850.fit,,7.0,7769.0,7253.0,48480.828125,20.453907012939453,6.6842451095581055,1065.0,1069.0,1824.0,2315.0,31.05463218688965,0.014851130545139313,,,,,,,,,,,24.0,,,,,,,,,,,,0.0,,0.0,,1.0,,,,,,,,,,,,,,,,14183273.0,,,,,,,,,,,0.0,6.240292072296143,193.6999969482422,,,,,,,,,,,,""
12075976505,"06 ago 2024, 06:21:30",Giro mattutino,Ciclismo,"",16645,"105,13",,,false,,Orca ,activities/12872320868.fit.gz,,7.0,16645.0,13651.0,105137.78125,21.99142074584961,7.701837539672852,1977.55712890625,2824.0,1475.300048828125,2390.0,37.87407684326172,0.00028533980366773903,,,,,,,,,5492.0,,19.0,,,,,,,,,,,,0.0,,0.0,,1.0,,,,,,,,,,,,,,,,14183273.0,,,,,,,,,,,0.0,6.316478252410889,3426.89990234375,,,,,,,,,,,,media/C9C1B3B3-A8DC-430B-82C8-1F2CD6ACF305.jpg|media/CE19CBED-6925-459A-A7FB-1B0376AD86D9.jpg|media/F13FC0E1-F02F-405A-BC3F-F77E5F35E515.jpg|media/AC4FA614-20F3-4B7E-8EE2-70F80C7DD3E7.jpg|media/9DD94413-F70F-415F-AB38-62FC288ECB4E.jpg|media/F5AE19F0-03D9-4971-BD39-C7931966A161.jpg
12085008822,"06 ago 2024, 14:50:25",Escursione pomeridiana,Escursione,,3164,"3,77",121.0,7,false,,,activities/12881753149.fit.gz,,,3164.0,3025.0,3777.330078125,3.836010694503784,1.248704195022583,89.0,92.0,2265.800048828125,2336.800048828125,24.690427780151367,-0.06883427500724792,,,79.0,48.741493225097656,121.0,101.63304901123047,,,287.0,,20.0,7.0,,,,,,,,,,,,,0.0,,1.0,,,,,,,,,,,,,,,,,,,,,,,,,,,0.0,1.1938464641571045,3778.60009765625,,,,4634.0,,,,,,,,""
12085011113,"07 ago 2024, 08:04:42",Corsa mattutina,Corsa,"",2469,"8,03",186.0,81,false,,,activities/12881755545.fit.gz,,,2469.0,2274.0,8033.2099609375,4.297949314117432,3.5326340198516846,54.0,36.0,1865.0,1910.4000244140625,20.927305221557617,0.10456622391939163,,,79.0,75.85386657714844,186.0,161.15016174316406,,,614.0,,22.0,81.0,,,,,,,,,,,0.0,,0.0,,1.0,8426.5,,,,,,,,,,,,,,,,15547531.0,,,,,,,,,,0.0,3.253628969192505,111.80000305175781,,,,5756.0,,,,,3.705584764480591,,,""
12095383540,"08 ago 2024, 06:00:47",Giro mattutino,Ciclismo,,4124,"23,04",,,false,,Orca ,activities/12892593424.fit.gz,,7.0,4124.0,4124.0,23043.4296875,21.450000762939453,5.587640762329102,770.0,268.0,1808.199951171875,2310.60009765625,11.166007995605469,2.173287868499756,,,,,,,,,1316.0,,9.0,,,,,,,,,,,,,,0.0,,1.0,,,,,,,,,,,,,,,,14183273.0,,,,,,,,,,,0.0,5.587640762329102,73.30000305175781,,,,,,,,,,,,""
12095472658,"08 ago 2024, 06:00:45",Giro mattutino,Ciclismo,"",29736,"177,89",,,false,,Orca ,activities/12095472658.fit,,7.0,29736.0,26056.0,177897.46875,22.744140625,6.827505111694336,3909.418212890625,3994.0,858.9000244140625,2317.0,19.86846923828125,0.00011242434993619099,,,,,,,,,,,,,,,,,,,,,,,0.0,,0.0,,1.0,,,,,,,,,,,,,,,,14183273.0,,,,,,,,,,,0.0,5.982562065124512,203.60000610351562,,,,,,,,,,,,media/A0562FB5-252B-4D90-97C7-BEF667874D08.jpg|media/F8270D28-C236-483A-9B5C-CF45BB1463DD.jpg|media/ABFFFC92-5F10-4A2A-A014-D46C04FED556.jpg|media/654DB439-30B3-4B4F-97F8-51DC5796FF14.jpg|media/B46526ED-69FF-423E-BBC0-8E720C894069.jpg
12111111029,"10 ago 2024, 06:02:03",Ritorno a casa,Ciclismo,Diretto ma intenso 🐎,26003,"179,37",,,false,,Orca ,activities/12909101800.fit.gz,,7.0,26003.0,22755.0,179374.640625,21.82942771911621,7.882867336273193,2697.729736328125,3659.0,188.8000030517578,2300.699951171875,41.89534378051758,-0.44086509943008423,,,,,,,,,8077.0,,25.0,,,,,,,,,,,,0.0,,0.0,,1.0,,,,,,,,,,,,,,,,14183273.0,,,,,,,,,,,0.0,6.898228645324707,9.899999618530273,,,,,,,,,,,,media/60D3122B-66E8-41F0-9D7D-88EF34807703.jpg|media/5B9B7886-F5D3-4A6F-940F-4EF1254CF9DB.jpg|media/E2253C56-9E30-45C4-803D-C8CAEDF1A775.jpg
12134715475,"13 ago 2024, 05:38:17",Giro mattutino,Ciclismo,"",12964,"96,67",,,false,,Orca ,activities/12933913160.fit.gz,,7.0,12964.0,12244.0,96677.6328125,17.285938262939453,7.895918846130371,1556.5654296875,1528.0,268.79998779296875,1020.7999877929688,16.057628631591797,-0.08761069178581238,,,,,,,,,4350.0,,21.0,,,,,,,,,,,,0.0,,0.0,,1.0,,,,,,,,,,,,,,,,14183273.0,,,,,,,,,,,0.0,7.457391738891602,0.0,,,,,,,,,,,,""
12143220477,"14 ago 2024, 05:25:41",Giro mattutino,Ciclismo,"",8549,"40,78",,,false,,Orca ,activities/12942796359.fit.gz,,7.0,8549.0,6507.0,40787.05078125,16.649999618530273,6.2681803703308105,1075.4300537109375,1718.0,319.79998779296875,1092.9000244140625,38.88607406616211,-0.002206580014899373,,,,,,,,,2172.0,,19.0,,,,,,,,,,,,0.0,,0.0,,1.0,,,,,,,,,,,,,,,,14183273.0,,,,,,,,,,,0.0,4.770973205566406,62.20000076293945,,,,,,,,,,,,""
12164369239,"16 ago 2024, 16:17:38",Giro serale,Ciclismo,"",5654,"37,68",,,false,,Orca ,activities/12967006361.fit.gz,,7.0,5654.0,5533.0,37687.03125,15.97802734375,6.811319351196289,905.0,901.0,459.79998779296875,1058.5999755859375,23.832063674926758,-0.002122713951393962,,,,,,,,,1903.0,,21.0,,,,,,,,,,,,0.0,,0.0,,1.0,,,,,,,,,,,,,,,,14183273.0,,,,,,,,,,,0.0,6.665551662445068,7.0,,,,,,,,,,,,""
12169318767,"17 ago 2024, 05:41:57",Baite di mezzeno,Ciclismo,"",18194,"101,53",,,false,,Orca ,activities/12972726959.fit.gz,,7.0,18194.0,14827.0,101532.0625,18.177734375,6.847781658172607,2207.495849609375,3176.0,327.6000061035156,1599.4000244140625,46.94705581665039,-0.00019698204414453357,,,,,,,,,5503.0,,20.0,,,,,,,,,,,,0.0,,0.0,,1.0,,,,,,,,,,,,,,,,14183273.0,,,,,,,,,,,0.0,5.580524444580078,9142.400390625,,,,,,,,,,,,media/84800581-3275-4FB9-B4B9-6CED12FC9A44.jpg
12197355902,"20 ago 2024, 05:09:38",Giro mattutino,Ciclismo,"",40523,"48,26",,,false,,Orca ,activities/13003827452.fit.gz,,7.0,40523.0,6059.0,48263.71875,20.036327362060547,7.9656243324279785,866.0,891.0,311.0,1028.199951171875,49.49432373046875,-0.018233006820082664,,,,,,,,,2212.0,,19.0,,,,,,,,,,,,0.0,,0.0,,1.0,,,,,,,,,,,,,,,,14183273.0,,,,,,,,,,,0.0,1.1910203695297241,29.100000381469727,,,,,,,,,,,,""
12206615810,"21 ago 2024, 05:14:05",Giro mattutino,Ciclismo,"",42641,"63,67",,,false,,Orca ,activities/13013695767.fit.gz,,7.0,42641.0,8139.0,63675.37890625,17.64599609375,7.823489189147949,1233.0626220703125,1185.0,288.8999938964844,1059.199951171875,24.717809677124023,-0.0003140935441479087,,,,,,,,,3010.0,,23.0,,,,,,,,,,,,0.0,,0.0,,1.0,,,,,,,,,,,,,,,,14183273.0,,,,,,,,,,,0.0,1.4932899475097656,13.399999618530273,,,,,,,,,,,,""
12214835347,"22 ago 2024, 05:09:51",Giro mattutino,Ciclismo,"",40266,"46,80",,,false,,Orca ,activities/13022216068.fit.gz,,7.0,40266.0,6052.0,46801.37890625,21.514062881469727,7.733209133148193,740.0,770.0,307.79998779296875,1017.5999755859375,15.96430778503418,-0.0038460143841803074,,,,,,,,,2031.0,,21.0,,,,,,,,,,,,0.0,,0.0,,1.0,,,,,,,,,,,,,,,,14183273.0,,,,,,,,,,,0.0,1.162305235862732,15.800000190734863,,,,,,,,,,,,""
12223886761,"23 ago 2024, 16:41:30",Crono annullata=giretto con Marcolí,Ciclismo,"",5393,"31,44",,,false,,Orca ,activities/13031618980.fit.gz,,7.0,5393.0,4308.0,31443.9296875,18.50390625,7.298962593078613,594.0,683.0,456.79998779296875,1020.4000244140625,17.671112060546875,-0.029258467257022858,,,,,,,,,1524.0,,20.0,,,,,,,,,,,,0.0,,0.0,,1.0,,,,,,,,,,,,,,,,14183273.0,,,,,,,,,,,0.0,5.830508232116699,0.0,,,,,,,,,,,,""
12230837146,"24 ago 2024, 10:40:06",Crono San Giovanni - Dossena,Ciclismo,"",15385,"74,53",,,false,,Orca ,activities/13038863761.fit.gz,,7.0,15385.0,11711.0,74536.0078125,16.640039443969727,6.364614963531494,1691.0,2904.0,368.20001220703125,1647.5999755859375,39.9625358581543,0.009391434490680695,,,,,,,,,4824.0,,28.0,,,,,,,,,,,,0.0,,0.0,,1.0,,,,,,,,,,,,,,,,14183273.0,,,,,,,,,,,0.0,4.844719409942627,0.0,,,,,,,,,,,,media/CF3503ED-9B89-4CD1-ABE7-BAE88DD41E11.jpg
12236998466,"25 ago 2024, 05:59:45",Giro mattutino,Ciclismo,"",15878,"108,03",,,false,,Orca ,activities/13045310937.fit.gz,,7.0,15878.0,14717.0,108034.9375,18.358007431030273,7.340826034545898,2060.72607421875,2102.0,252.0,1318.5999755859375,29.538461685180664,0.0001851253618951887,,,,,,,,,5306.0,,22.0,,,,,,,,,,,,0.0,,0.0,,1.0,,,,,,,,,,,,,,,,14183273.0,,,,,,,,,,,0.0,6.804064750671387,0.0,,,,,,,,,,,,""
12265681508,"28 ago 2024, 05:14:19",Giro mattutino,Ciclismo,"",41038,"45,60",,,false,,Orca ,activities/13075154229.fit.gz,,7.0,41038.0,6389.0,45605.1015625,18.671972274780273,7.138065814971924,1092.62255859375,1038.0,288.70001220703125,1092.9000244140625,49.14447784423828,0.034425973892211914,,,,,,,,,2263.0,,21.0,,,,,,,,,,,,0.0,,0.0,,1.0,,,,,,,,,,,,,,,,14183273.0,,,,,,,,,,,0.0,1.111289620399475,16.600000381469727,,,,,,,,,,,,""
12274363175,"29 ago 2024, 05:12:56",Giro mattutino,Ciclismo,"",41289,"47,82",,,false,,Orca ,activities/13084880378.fit.gz,,7.0,41289.0,6062.0,47826.1328125,16.962011337280273,7.88949728012085,726.0,1416.0,311.3999938964844,1024.800048828125,37.94698715209961,0.004181941971182823,,,,,,,,,2403.0,,20.0,,,,,,,,,,,,0.0,,0.0,,1.0,,,,,,,,,,,,,,,,14183273.0,,,,,,,,,,,0.0,1.158326268196106,21.600000381469727,,,,,,,,,,,,""
12283226089,"30 ago 2024, 14:43:13",Giro pomeridiano,Ciclismo,"",11984,"56,54",,,false,,Orca ,activities/13094128874.fit.gz,,7.0,11984.0,7337.0,56546.69140625,18.722070693969727,7.707058906555176,742.0,855.0,299.0,1015.2000122070312,29.4704532623291,-0.167649045586586,,,,,,,,,2372.0,,26.0,,,,,,,,,,,,0.0,,0.0,,1.0,,,,,,,,,,,,,,,,14183273.0,,,,,,,,,,,0.0,4.718515396118164,26.0,,,,,,,,,,,,""
12289655509,"31 ago 2024, 06:52:37",Uscita aziendale,Ciclismo,Piano ma non troppo,25246,"108,25",,,false,,Orca ,activities/13100856919.fit.gz,,7.0,25246.0,19474.0,108250.75,20.668750762939453,5.558732032775879,3003.300048828125,3930.0,717.4000244140625,2621.800048828125,45.974124908447266,-0.0002771342115011066,,,,,,,,,5697.0,,21.0,,,,,,,,,,,,0.0,,0.0,,1.0,,,,,,,,,,,,,,,,14183273.0,,,,,,,,,,,0.0,4.287837505340576,136.1999969482422,,,,,,,,,,,,media/C6B99D6C-5F71-4C61-B60B-8C7359A6AB6E.jpg|media/2C5821DD-6805-4F3E-B028-0DD5824731C3.jpg|media/6E4D5E9C-BEB5-4B18-9833-374C75527297.jpg|media/611A5242-D4BA-4400-B50F-856A603972EF.jpg
12360672470,"07 set 2024, 07:01:56",Escursione mattutina,Escursione,"",26884,"13,86",158.0,36,false,,,activities/13178388312.fit.gz,,,26884.0,14454.0,13868.1201171875,3.489990234375,0.9594659209251404,793.0,956.0,1904.5999755859375,2646.39990234375,49.90598678588867,-1.4407061338424683,,,102.0,49.93535614013672,158.0,92.253662109375,,,1171.0,,22.0,36.0,,,,,,,,,,,0.0,,0.0,,1.0,,,,,,,,,,,,,,,,,,,,,,,,,,,0.0,0.515850305557251,13868.7001953125,,,,19974.0,,,,,,,,media/AF9CE216-36FF-471B-893A-3D926B0F9EC9.jpg|media/79AD016D-2A95-429B-95C1-7A5E5FBE4BE7.jpg|media/1A752797-9429-407E-BD98-A5EA3EFD0E16.jpg|media/3B481C83-80D0-48C6-80A7-35D3B6C04866.jpg
12360680374,"08 set 2024, 05:39:48",Escursione mattutina,Escursione,"",31653,"21,51",159.0,61,false,,,activities/13178396394.fit.gz,,,31653.0,22713.0,21514.771484375,5.448046684265137,0.9472447633743286,819.0,1844.0,1125.0,2526.39990234375,49.95426559448242,-4.778112888336182,,,106.0,50.13471984863281,159.0,101.19747161865234,,,1941.0,,15.0,61.0,,,,,,,,,,,0.0,,0.0,,1.0,,,,,,,,,,,,,,,,,,,,,,,,,,,0.0,0.6797071695327759,20886.0,,,,27550.0,,,,,,,,media/2117989F-3D76-4DFA-A54A-76D87404847C.jpg|media/A62B59D1-93B3-41E9-96FC-27E4D39D1DD8.jpg|media/8812BAF5-F9E6-4C81-8EC4-152DF33E9F53.jpg|media/C3AA37AA-10A7-4766-AA3E-5874845D8750.mp4
12384918099,"11 set 2024, 04:57:27",Giro mattutino,Ciclismo,Finalmente dopo quasi 2 settimane,42209,"46,66",,,false,,Orca ,activities/13204251489.fit.gz,,7.0,42209.0,5553.0,46666.05078125,23.425975799560547,8.403755187988281,830.3250122070312,783.0,290.6000061035156,1021.5,30.67253303527832,-0.0038571979384869337,,,,,,,,,2068.0,,14.0,,,,,,,,,,,,0.0,,0.0,,1.0,,,,,,,,,,,,,,,,14183273.0,,,,,,,,,,,0.0,1.1055947542190552,15.699999809265137,,,,,,,,,,,,""
12400753375,"13 set 2024, 14:12:07",Giro pomeridiano,Ciclismo,"",7228,"49,00",,,false,,Orca ,activities/13221228867.fit.gz,,7.0,7228.0,6870.0,49001.6875,16.795995712280273,7.1327056884765625,1029.0,1053.0,323.20001220703125,1056.0,23.007041931152344,-0.022039907053112984,,,,,,,,,2415.0,,11.0,,,,,,,,,,,,0.0,,0.0,,1.0,,,,,,,,,,,,,,,,14183273.0,,,,,,,,,,,0.0,6.779425621032715,0.0,,,,,,,,,,,,""
12405840183,"14 set 2024, 05:31:12",Giro mattutino,Ciclismo,"",16231,"111,57",,,false,,Orca ,activities/13226714196.fit.gz,,7.0,16231.0,15169.0,111576.109375,18.389842987060547,7.35553503036499,2187.117919921875,2156.0,252.0,1320.5999755859375,27.696943283081055,-0.0007169994059950113,,,,,,,,,5427.0,,11.0,,,,,,,,,,,,0.0,,0.0,,1.0,,,,,,,,,,,,,,,,14183273.0,,,,,,,,,,,0.0,6.8742594718933105,38.599998474121094,,,,,,,,,,,,media/7B91635B-8618-425D-AD9F-9AA6B7338418.jpg
12425480780,"16 set 2024, 05:08:49",Giro mattutino,Ciclismo,Cominciato il fresco 🥶,40737,"46,03",,,false,,Orca ,activities/13247787524.fit.gz,,7.0,40737.0,5726.0,46033.8515625,17.40667724609375,8.039443016052246,747.0,774.0,297.0,1050.0,42.937679290771484,0.051266565918922424,,,,,,,,,2071.0,,11.0,,,,,,,,,,,,0.0,,0.0,,1.0,,,,,,,,,,,,,,,,14183273.0,,,,,,,,,,,0.0,1.1300255060195923,14.800000190734863,,,,,,,,,,,,""
12434246845,"17 set 2024, 05:11:58",Giro mattutino,Ciclismo,"",40833,"46,88",,,false,,Orca ,activities/13257140300.fit.gz,,7.0,40833.0,5780.0,46879.83984375,17.478515625,8.110698699951172,770.0,796.0,267.79998779296875,1023.2000122070312,41.43667984008789,-0.08276475965976715,,,,,,,,,2185.0,,10.0,,,,,,,,,,,,0.0,,0.0,,1.0,,,,,,,,,,,,,,,,14183273.0,,,,,,,,,,,0.0,1.1480871438980103,0.0,,,,,,,,,,,,""
12444933721,"18 set 2024, 05:00:57",Giro mattutino,Ciclismo,"Sant’erasmo con zaino 🥵
Per qualche giorno passo e chiudo 🥳",39471,"40,87",,,false,,Orca ,activities/13268492036.fit.gz,,7.0,39471.0,5316.0,40871.078125,17.312108993530273,7.688314437866211,775.0,786.0,293.20001220703125,1032.800048828125,21.113483428955078,-0.04795560985803604,,,,,,,,,1947.0,,10.0,,,,,,,,,,,,0.0,,0.0,,1.0,,,,,,,,,,,,,,,,14183273.0,,,,,,,,,,,0.0,1.0354710817337036,26.200000762939453,,,,,,,,,,,,""
12525342060,"28 set 2024, 12:07:47",In ripresa,Ciclismo,"",15344,"69,10",,,false,,Orca ,activities/13354344807.fit.gz,,7.0,15344.0,11246.0,69103.2734375,16.549999237060547,6.144697666168213,1573.0,3157.0,317.20001220703125,1932.5999755859375,43.79176330566406,-0.03328351676464081,,,,,,,,,4266.0,,19.0,,,,,,,,,,,,0.0,,0.0,,1.0,,,,,,,,,,,,,,,,14183273.0,,,,,,,,,,,0.0,4.503602027893066,165.3000030517578,,,,,,,,,,,,media/7C27AF73-F87F-4D2E-BA32-4B712FD0226F.jpg|media/67475DE2-B202-4FC7-ACB1-8E667EF6E32D.jpg
12530277528,"29 set 2024, 05:40:15",Lenta ripresa,Ciclismo,"",15307,"95,36",,,false,,Orca ,activities/13359636789.fit.gz,,7.0,15307.0,13655.0,95360.8984375,19.1240234375,6.983588695526123,1997.0,2344.0,379.6000061035156,1516.5999755859375,30.240514755249023,-0.021182699128985405,,,,,,,,,4980.0,,8.0,,,,,,,,,,,,0.0,,0.0,,1.0,,,,,,,,,,,,,,,,14183273.0,,,,,,,,,,,0.0,6.229888439178467,1052.699951171875,,,,,,,,,,,,media/466F1833-7743-4B7E-BBD0-B39D4B97F254.jpg|media/3E111168-55C2-4BDA-A82D-D30B975DEDA5.jpg|media/6878A6CD-C071-4101-B44C-F25AB59BABCC.jpg
12541144056,"30 set 2024, 05:11:48",Giro mattutino,Ciclismo,Difficile ripresa 🥵,41211,"46,91",,,false,,Orca ,activities/13371294932.fit.gz,,7.0,41211.0,6268.0,46917.30859375,17.910009384155273,7.485212326049805,774.0,798.0,289.3999938964844,1035.199951171875,36.63050842285156,0.026429399847984314,,,,,,,,,2104.0,,11.0,,,,,,,,,,,,0.0,,0.0,,1.0,,,,,,,,,,,,,,,,14183273.0,,,,,,,,,,,0.0,1.1384656429290771,20.200000762939453,,,,,,,,,,,,""
12549449122,"01 ott 2024, 05:23:46",Giro mattutino,Ciclismo,Al limite del crepuscolo,40697,"46,46",,,false,,Orca ,activities/13380159871.fit.gz,,7.0,40697.0,5896.0,46464.671875,17.021997451782227,7.880711078643799,755.0,770.0,325.6000061035156,1074.5999755859375,48.894287109375,0.06499551236629486,,,,,,,,,2132.0,,10.0,,,,,,,,,,,,0.0,,0.0,,1.0,,,,,,,,,,,,,,,,14183273.0,,,,,,,,,,,0.0,1.141722321510315,14.300000190734863,,,,,,,,,,,,""
12580876070,"05 ott 2024, 11:12:57",Giro pomeridiano,Ciclismo,"Croce dei morti ☠️ + Lonno.
Le brutte idee del sabato pomeriggio .",11088,"70,43",,,false,,Orca ,activities/13413778234.fit.gz,,7.0,11088.0,10450.0,70429.2734375,18.173974990844727,6.739643096923828,1575.769287109375,1571.0,263.70001220703125,1021.5,39.47898483276367,-0.0012778772506862879,,,,,,,,,3484.0,,13.0,,,,,,,,,,,,0.0,,0.0,,1.0,,,,,,,,,,,,,,,,14183273.0,,,,,,,,,,,0.0,6.351846218109131,1147.5999755859375,,,,,,,,,,,,media/EA0F5CDD-87CE-45E9-BBA8-FA48EF7F9FBB.jpg|media/8152F99B-6ACD-4EE6-B138-1EAE0E10384C.jpg
12588607601,"06 ott 2024, 08:23:04",Giro mattutino,Ciclismo,"",8928,"58,91",,,false,,Orca ,activities/13421225111.fit.gz,,7.0,8928.0,8364.0,58910.1171875,17.822071075439453,7.043294906616211,1147.0,1160.0,319.0,1031.199951171875,45.71428680419922,-0.005431921221315861,,,,,,,,,2787.0,,10.0,,,,,,,,,,,,0.0,,0.0,,1.0,,,,,,,,,,,,,,,,14183273.0,,,,,,,,,,,0.0,6.598355770111084,0.0,,,,,,,,,,,,""
12606680760,"08 ott 2024, 15:28:15",Corsa pomeridiana,Corsa,,1700,"5,67",174.0,66,false,,,activities/13440563379.fit.gz,,,1700.0,1670.0,5676.1298828125,15.203954696655273,3.3988802433013916,109.0,116.0,968.5999755859375,1061.4000244140625,26.832157135009766,-0.09161192923784256,,,98.0,75.31211853027344,174.0,165.74984741210938,,,472.0,,13.0,66.0,,,,,,,,,,,,,0.0,,1.0,5970.39990234375,,,,,,,,,,,,,,,,15547531.0,,,,,,,,,,0.0,3.338899850845337,0.0,,,,4286.0,,,,,3.575089931488037,,,""
