Activity ID,Activity Date,Activity Name,Activity Type,Activity Description,Elapsed Time,Distance,Max Heart Rate,Relative Effort,Commute,Activity Private Note,Activity Gear,Filename,Athlete Weight,Bike Weight,Elapsed Time,Moving Time,Distance,Max Speed,Average Speed,Elevation Gain,Elevation Loss,Elevation Low,Elevation High,Max Grade,Average Grade,Average Positive Grade,Average Negative Grade,Max Cadence,Average Cadence,Max Heart Rate,Average Heart Rate,Max Watts,Average Watts,Calories,Max Temperature,Average Temperature,Relative Effort,Total Work,Number of Runs,Uphill Time,Downhill Time,Other Time,Perceived Exertion,Type,Start Time,Weighted Average Power,Power Count,Prefer Perceived Exertion,Perceived Relative Effort,Commute,Total Weight Lifted,From Upload,Grade Adjusted Distance,Weather Observation Time,Weather Condition,Weather Temperature,Apparent Temperature,Dewpoint,Humidity,Weather Pressure,Wind Speed,Wind Gust,Wind Bearing,Precipitation Intensity,Sunrise Time,Sunset Time,Moon Phase,Bike,Gear,Precipitation Probability,Precipitation Type,Cloud Cover,Weather Visibility,UV Index,Weather Ozone,Jump Count,Total Grit,Average Flow,Flagged,Average Elapsed Speed,Dirt Distance,Newly Explored Distance,Newly Explored Dirt Distance,Activity Count,Total Steps,Carbon Saved,Pool Length,Training Load,Intensity,Average Grade Adjusted Pace,Timer Time,Total Cycles,Media
542023294,"Apr 10, 2016, 6:49:13 AM",Giro mattutino,Ride,"",12524,78.75,,,false,,,activities/594979859.tcx.gz,74.0,,12524.0,11194.0,78757.703125,15.699999809265137,,1218.5400390625,,248.5,851.5,35.20000076293945,-0.00584070011973381,,,,,,,,,,,,,,,,,,,,,,,,,0.0,,,,,,,,,,,,,,,,,,,,,,,,,,,,,,,,,,,,,,,,,,,""
542024739,"Mar 29, 2016, 4:53:24 AM",Giro mattutino,Ride,"",13705,115.35,,,false,,,activities/594981310.tcx.gz,74.0,,13705.0,13680.0,115349.0,14.899999618530273,,280.67999267578125,,65.30000305175781,692.9000244140625,39.400001525878906,-0.5223270058631897,,,,,,,,,,,,,,,,,,,,,,,,,0.0,,,,,,,,,,,,,,,,,,,,,,,,,,,,,,,,,,,,,,,,,,,""
545904869,"Apr 15, 2016, 5:48:08 AM",Morning Ride,Ride,"",13394,109.06,,,false,,,activities/545904869.gpx,74.0,,13394.0,13316.0,109068.0,18.700000762939453,,2095.1201171875,,179.39999389648438,714.4000244140625,47.29999923706055,-0.03630780056118965,,,,,,,,,,,,,,,,,,,,,,,,,0.0,,,,,,,,,,,,,,,,,,,,,,,,,,,,,,,,,,,,,,,,,,,""
546623694,"Mar 27, 2016, 1:32:40 PM",Giro pomeridiano,Ride,"",8415,56.40,,,false,,,activities/599693018.tcx.gz,74.0,,8415.0,8240.0,56403.19921875,18.0,,1065.06005859375,,262.0,776.0,30.200000762939453,-0.012233300134539604,,,,,,,,,,,,,,,,,,,,,,,,,0.0,,,,,,,,,,,,,,,,,,,,,,,,,,,,,,,,,,,,,,,,,,,""
546624176,"Mar 24, 2016, 8:20:19 AM",Giro mattutino,Ride,"",14898,93.16,,,false,,,activities/599693518.tcx.gz,74.0,,14898.0,14728.0,93163.296875,17.600000381469727,,2243.0,,248.8000030517578,1066.300048828125,49.599998474121094,0.011914599686861038,,,,,,,,,,,,,,,,,,,,,,,,,0.0,,,,,,,,,,,,,,,,,,,,,,,,,,,,,,,,,,,,,,,,,,,""
546624429,"Feb 22, 2016, 12:26:51 PM",Giro pomeridiano,Ride,"",7207,42.81,,,false,,,activities/599693796.tcx.gz,74.0,,7207.0,5926.0,42816.5,15.199999809265137,,471.3500061035156,,265.20001220703125,680.5,22.700000762939453,0.006305980030447245,,,,,,,,,,,,,,,,,,,,,,,,,0.0,,,,,,,,,,,,,,,,,,,,,,,,,,,,,,,,,,,,,,,,,,,""
546625004,"Feb 15, 2016, 10:21:54 AM",Giro dell'ora di pranzo,Ride,"",6349,45.47,,,false,,,activities/599694377.tcx.gz,74.0,,6349.0,5407.0,45472.0,14.899999618530273,,11.619999885559082,,126.80000305175781,686.2000122070312,8.100000381469727,-1.2229499816894531,,,,,,,,,,,,,,,,,,,,,,,,,0.0,,,,,,,,,,,,,,,,,,,,,,,,,,,,,,,,,,,,,,,,,,,""
546625224,"Mar 19, 2016, 8:44:35 AM",Giro mattutino,Ride,"",6079,23.60,,,false,,,activities/599694617.tcx.gz,74.0,,6079.0,4941.0,23607.900390625,15.5,,577.9249877929688,,378.5,686.9000244140625,38.400001525878906,0.03600490093231201,,,,,,,,,,,,,,,,,,,,,,,,,0.0,,,,,,,,,,,,,,,,,,,,,,,,,,,,,,,,,,,,,,,,,,,""
546625467,"Mar 2, 2016, 8:23:21 AM",Giro mattutino,Ride,"",10100,60.64,,,false,,,activities/599694839.tcx.gz,74.0,,10100.0,9293.0,60642.69921875,16.100000381469727,,871.3699951171875,,250.8000030517578,685.5999755859375,26.0,-0.006101309787482023,,,,,,,,,,,,,,,,,,,,,,,,,0.0,,,,,,,,,,,,,,,,,,,,,,,,,,,,,,,,,,,,,,,,,,,""
546626383,"Mar 21, 2016, 7:23:26 AM",Giro mattutino,Ride,"",9981,61.93,,,false,,,activities/599695768.tcx.gz,74.0,,9981.0,9483.0,61930.5,16.0,,1412.3900146484375,,250.6999969482422,1068.300048828125,44.0,0.0033909000921994448,,,,,,,,,,,,,,,,,,,,,,,,,0.0,,,,,,,,,,,,,,,,,,,,,,,,,,,,,,,,,,,,,,,,,,,""
553290355,"Apr 22, 2016, 5:46:00 AM",Orezzo - Vigolo - Parzanica - Solto Collina - Orezzo,Ride,"",15940,115.14,,,false,,Scott,activities/606725531.fit.gz,74.0,7.0,15940.0,15710.0,115143.0,17.799999237060547,,2235.639892578125,,182.0,784.2000122070312,49.099998474121094,-0.005818829871714115,,,,,,,,225.58299255371094,3951.45849609375,,,,,,,,,,,,,,,,0.0,,,,,,,,,,,,,,,,,,2806964.0,,,,,,,,,,,,,,,,,,,,,,,,,""
556543383,"Apr 25, 2016, 10:23:49 AM",Orezzo - Zone - Bianzano - Orezzo,Ride,"",22632,133.58,,,false,,Scott,activities/610099720.fit.gz,74.0,7.0,22632.0,19493.0,133579.0,17.700000762939453,,2089.659912109375,,182.0,678.2000122070312,48.20000076293945,0.0016469700494781137,,,,,,,,183.0709991455078,3978.992431640625,,,,,,,,,,,,,,,,0.0,,,,,,,,,,,,,,,,,,2806964.0,,,,,,,,,,,,,,,,,,,,,,,,,""
556590761,"Feb 4, 2016, 12:53:52 PM",Afternoon Ride,Ride,,4005,25.41,,,false,,Scott,activities/610099097.fit.gz,74.0,7.0,4005.0,3988.0,25417.0,14.399999618530273,,194.36000061035156,,251.0,411.29998779296875,22.600000381469727,-0.16721099615097046,,,,,,,,116.31999969482422,517.2308349609375,,,,,,,,,,,,,,,,0.0,,,,,,,,,,,,,,,,,,2806964.0,,,,,,,,,,,,,,,,,,,,,,,,,""
556590813,"Feb 18, 2016, 12:50:52 PM",Afternoon Ride,Ride,,8705,49.02,,,false,,Scott,activities/610099132.fit.gz,74.0,7.0,8705.0,8453.0,49024.5,15.0,,633.9169921875,,250.8000030517578,682.2000122070312,35.900001525878906,-0.003467649919912219,,,,,,,,134.94900512695312,1271.9071044921875,,,,,,,,,,,,,,,,0.0,,,,,,,,,,,,,,,,,,2806964.0,,,,,,,,,,,,,,,,,,,,,,,,,""
556591113,"Mar 23, 2016, 1:31:15 PM",Afternoon Ride,Ride,,7916,46.33,,,false,,Scott,activities/610099352.fit.gz,74.0,7.0,7916.0,7618.0,46333.30078125,15.5,,647.5230102539062,,250.8000030517578,689.2999877929688,25.899999618530273,0.0077697900123894215,,,,,,,,147.5919952392578,1253.65673828125,,,,,,,,,,,,,,,,0.0,,,,,,,,,,,,,,,,,,2806964.0,,,,,,,,,,,,,,,,,,,,,,,,,""
556591298,"Apr 18, 2016, 11:43:53 AM",Afternoon Ride,Ride,,10568,74.67,,,false,,Scott,activities/610099504.fit.gz,74.0,7.0,10568.0,10168.0,74675.5,16.5,,688.9550170898438,,193.10000610351562,683.4000244140625,28.5,0.010177399963140488,,,,,,,,169.30299377441406,1919.4422607421875,,,,,,,,,,,,,,,,0.0,,,,,,,,,,,,,,,,,,2806964.0,,,,,,,,,,,,,,,,,,,,,,,,,""
560051977,"Apr 29, 2016, 6:58:22 AM",Orezzo - Gandosso - Colle - Orezzo,Ride,"",11050,84.00,,,false,,Scott,activities/613681284.fit.gz,74.0,7.0,11050.0,10840.0,84005.8984375,16.100000381469727,,1019.4299926757812,,193.10000610351562,685.2999877929688,30.100000381469727,-0.012499099597334862,,,,,,,,198.73800659179688,2402.066650390625,,,,,,,,,,,,,,,,0.0,,,,,,,,,,,,,,,,,,2806964.0,,,,,,,,,,,,,,,,,,,,,,,,,""
564287763,"May 3, 2016, 3:42:01 PM",Zogno - Miragolo - Perello,Ride,"",9233,39.93,,,false,,Scott,activities/564287763.gpx,74.0,7.0,9233.0,8779.0,39936.69921875,18.899999618530273,,2099.699951171875,,248.3000030517578,1124.0,50.0,1.0609300136566162,,,,,,,,222.30499267578125,2176.05126953125,,,,,,,,,,,,,,,,0.0,,,,,,,,,,,,,,,,,,2806964.0,,,,,,,,,,,,,,,,,,,,,,,,,""
564376282,"May 3, 2016, 2:25:08 PM",Giro pomeridiano,Ride,"",4609,34.13,,,false,,Scott,activities/618135478.fit.gz,74.0,7.0,4609.0,4067.0,34138.6015625,15.5,,149.82000732421875,,255.60000610351562,675.2999877929688,17.200000762939453,-1.2288099527359009,,,,,,,,148.88699340820312,675.1586303710938,,,,,,,,,,,,,,,,0.0,,,,,,,,,,,,,,,,,,2806964.0,,,,,,,,,,,,,,,,,,,,,,,,,""
568027315,"May 7, 2016, 6:51:11 AM",Orezzo - Col di Paste  (Scarico),Ride,"",8941,49.94,,,false,,Scott,activities/568027315.gpx,74.0,7.0,8941.0,8129.0,49946.80078125,15.699999809265137,,660.0800170898438,,251.0,684.4000244140625,42.0,-0.007007460109889507,,,,,,,,161.80299377441406,1466.5556640625,,,,,,,,,,,,,,,,0.0,,,,,,,,,,,,,,,,,,2806964.0,,,,,,,,,,,,,,,,,,,,,,,,,""
569573474,"May 8, 2016, 5:43:15 AM",Orezzo - Rho,Ride,"",11389,100.00,,,false,,Scott,activities/623499481.fit.gz,74.0,7.0,11389.0,11021.0,100004.0,15.600000381469727,,166.32000732421875,,142.0,671.4000244140625,22.299999237060547,-0.5176820158958435,,,,,,,,171.20899963378906,,,,,,,,,,,,,,,,,0.0,,,,,,,,,,,,,,,,,,2806964.0,,,,,,,,,,,,,,,,,,,,,,,,,""
575738069,"May 14, 2016, 11:28:42 AM",Orezzo - Valle Rossa - Colle Gallo - Selvino,Ride,Sulle strade della Gimondi.,10243,65.60,,,false,,Scott,activities/629845619.fit.gz,74.0,7.0,10243.0,10101.0,65604.8984375,24.0,,1489.0,,413.20001220703125,1141.199951171875,28.200000762939453,0.0070116701535880566,,,,,,,,162.6999969482422,,,21.0,,,,,,,,,,,,,,0.0,,,,,,,,,,,,,,,,,,2806964.0,,,,,,,,,,,,,,,,,,,,,,,,,""
577986000,"May 16, 2016, 6:55:15 AM",Orezzo - Ghisallo - Orezzo,Ride,"",26094,174.22,,,false,,Scott,activities/632187241.fit.gz,74.0,7.0,26094.0,23984.0,174222.0,19.700000762939453,,1789.0,,161.0,726.7999877929688,20.200000762939453,0.012742400169372559,,,,,,,,137.87600708007812,3687.10205078125,,19.0,,,,,,,,,,,,,,0.0,,,,,,,,,,,,,,,,,,2806964.0,,,,,,,,,,,,,,,,,,,,,,,,,""
583149269,"May 21, 2016, 6:03:06 AM",Coppa Asteria,Ride,Mai più con il 39-25,23389,113.55,,,false,,Scott,activities/637500516.fit.gz,74.0,7.0,23389.0,21149.0,113554.0,23.799999237060547,,2688.0,,193.0,650.7999877929688,46.599998474121094,0.011976700276136398,,,,,,,,131.2310028076172,3094.575927734375,,24.0,,,,,,,,,,,,,,0.0,,,,,,,,,,,,,,,,,,2806964.0,,,,,,,,,,,,,,,,,,,,,,,,,""
590517344,"May 28, 2016, 5:52:34 AM",Orezzo - Sarnico - Orezzo (direttissima),Ride,"",13480,104.89,,,false,,Scott,activities/645093077.fit.gz,74.0,7.0,13480.0,12475.0,104898.0,18.100000381469727,,748.0,,192.60000610351562,667.2000122070312,39.599998474121094,0.007435800042003393,,,,,,,,170.58900451660156,2372.8291015625,,24.0,,,,,,,,,,,,,,0.0,,,,,,,,,,,,,,,,,,2806964.0,,,,,,,,,,,,,,,,,,,,,,,,,""
596166598,"Jun 2, 2016, 12:29:45 PM",Orezzo - Grumello (dietro motore) - Orezzo ,Ride,"",9650,78.51,,,false,,Scott,activities/650931897.fit.gz,74.0,7.0,9650.0,9476.0,78510.796875,16.799999237060547,,697.0,,236.60000610351562,708.4000244140625,25.200000762939453,0.0073875198140740395,,,,,,,,179.28199768066406,,,23.0,,,,,,,,,,,,,,0.0,,,,,,,,,,,,,,,,,,2806964.0,,,,,,,,,,,,,,,,,,,,,,,,,""
603140090,"Jun 5, 2016, 5:20:16 AM",Milano - Sanremo,Ride,"",40092,290.15,147.0,357,false,,Scott,activities/658129882.fit.gz,74.0,7.0,40092.0,34241.0,290150.59375,18.399999618530273,,2123.0,,-14.600000381469727,738.4000244140625,20.899999618530273,-0.03343091532588005,,,,,147.0,130.73373413085938,,182.6124725341797,6971.8916015625,,22.0,357.0,,,,,,,,,,,,,0.0,,,,,,,,,,,,,,,,,,2806964.0,,,,,,,,,,,,,,,,,,,,,,,,,""
632772685,"Jul 6, 2016, 4:57:32 PM",Monza Circuit,Ride,"",2779,28.63,,,false,,Scott,activities/694659432.fit.gz,74.0,7.0,2779.0,2779.0,28635.599609375,14.199999809265137,,101.0,,175.8000030517578,208.1999969482422,46.29999923706055,0.0761289969086647,,,,,,,,245.0970001220703,759.453857421875,,30.0,,,,,,,,,,,,,,0.0,,,,,,,,,,,,,,,,,,2806964.0,,,,,,,,,,,,,,,,,,,,,,,,,""
635281744,"Jul 9, 2016, 6:21:36 AM",Edolo - Gavia - Mortirolo - Edolo,Ride,"",27401,125.67,,,false,,Scott,activities/699210311.fit.gz,74.0,7.0,27401.0,22686.0,125672.0,21.600000381469727,,3227.0,,588.0,2553.0,45.79999923706055,0.03007820062339306,,,,,,,,140.6020050048828,3556.51220703125,,25.0,,,,,,,,,,,,,,0.0,,,,,,,,,,,,,,,,,,2806964.0,,,,,,,,,,,,,,,,,,,,,,,,,""
637658042,"Mar 29, 2015, 10:59:22 AM",Giro dell'ora di pranzo,Ride,,256,0.20,,,false,,Scott,activities/703363376.fit.gz,74.0,7.0,256.0,46.0,202.3000030517578,6.0,,0.0,,51.79999923706055,52.0,28.600000381469727,0.09886310249567032,,,94.0,63.692298889160156,,,,46.47829818725586,2.3838720321655273,,23.0,,,,,,,,,,,,,,0.0,,,,,,,,,,,,,,,,,,2806964.0,,,,,,,,,,,,,,,,,,,,,,,,,""
640544052,"Jul 14, 2016, 8:11:59 AM",Giro muri,Ride,"",5448,28.34,,,false,,Scott,activities/706655081.fit.gz,74.0,7.0,5448.0,4781.0,28342.69921875,16.5,,662.0,,390.20001220703125,699.5999755859375,43.29999923706055,-0.0162298996001482,,,,,,,,149.7259979248047,798.16162109375,,24.0,,,,,,,,,,,,,,0.0,,,,,,,,,,,,,,,,,,2806964.0,,,,,,,,,,,,,,,,,,,,,,,,,""
642689298,"Jul 16, 2016, 6:21:21 AM",Giro mattutino,Ride,"",11820,54.09,,,false,,Scott,activities/708940014.fit.gz,74.0,7.0,11820.0,9084.0,54095.3984375,17.899999618530273,,1366.0,,272.79998779296875,674.2000122070312,46.79999923706055,0.6089239716529846,,,,,,,,157.41000366210938,1594.3524169921875,,23.0,,,,,,,,,,,,,,0.0,,,,,,,,,,,,,,,,,,2806964.0,,,,,,,,,,,,,,,,,,,,,,,,,""
664110400,"Aug 3, 2016, 4:43:49 PM",Verso la notturna di Osio,Ride,"",4044,34.61,,,false,,Scott,activities/732376142.fit.gz,74.0,7.0,4044.0,3878.0,34610.8984375,16.799999237060547,,40.0,,194.0,649.5999755859375,7.900000095367432,-1.316349983215332,,,,,,,,129.8249969482422,561.359375,,27.0,,,,,,,,,,,,,,0.0,,,,,,,,,,,,,,,,,,2806964.0,,,,,,,,,,,,,,,,,,,,,,,,,""
676612016,"Aug 12, 2016, 7:40:05 AM",Giro mattutino,Ride,"",8236,51.64,,,false,,Scott,activities/745963652.fit.gz,74.0,7.0,8236.0,7750.0,51639.5,17.600000381469727,,922.0,,180.0,688.7999877929688,28.299999237060547,0.6204550266265869,,,,,,,,166.64300537109375,1440.0037841796875,,23.0,,,,,,,,,,,,,,0.0,,,,,,,,,,,,,,,,,,2806964.0,,,,,,,,,,,,,,,,,,,,,,,,,""
679286720,"Aug 17, 2016, 7:03:43 AM",Orezzo - Vigolo - Colli di San Fermo - Colle Gallo - Orezzo,Ride,"",19022,114.31,,,false,,Scott,activities/748864025.fit.gz,74.0,7.0,19022.0,18200.0,114318.0,20.100000381469727,,1931.0,,217.60000610351562,1236.800048828125,30.600000381469727,0.0029741600155830383,,,,,,,,141.8419952392578,2878.399658203125,,27.0,,,,,,,,,,,,,,0.0,,,,,,,,,,,,,,,,,,2806964.0,,,,,,,,,,,,,,,,,,,,,,,,,""
826444814,"Jan 9, 2017, 4:00:00 PM",Rulli 1,Ride,"",4800,40.00,,,false,,Scott,,74.0,7.0,4800.0,4800.0,40000.0,,,,,,,,0.0,,,,,,,,,,,,,,,,,,,,,,,,,0.0,,,,,,,,,,,,,,,,,,2806964.0,,,,,,,,,,,,,,,,,,,,,,,,,media/11616c0e-f1fe-45fd-b903-57dc32511995.jpg
828864157,"Jan 11, 2017, 7:40:00 PM",Rulli 2 (Cardio),Ride,"",5400,45.00,,,false,,Scott,,76.0,7.0,5400.0,5400.0,45000.0,,,200.0,,,,,0.0,,,,,,,,,,,,,,,,,,,,,,,,,0.0,,,,,,,,,,,,,,,,,,2806964.0,,,,,,,,,,,,,,,,,,,,,,,,,""
832908681,"Jan 15, 2017, 2:20:00 PM",Rulli 3,Ride,"",7200,60.00,,,false,,Scott,,76.0,7.0,7200.0,7200.0,60000.0,,,100.0,,,,,0.0,,,,,,,,,,,,,,,,,,,,,,,,,0.0,,,,,,,,,,,,,,,,,,2806964.0,,,,,,,,,,,,,,,,,,,,,,,,,""
836457640,"Jan 18, 2017, 7:30:00 PM",Rulli 4 (cardio),Ride,"",5400,47.50,,,false,,Scott,,76.0,7.0,5400.0,5400.0,47500.0,,,150.0,,,,,0.0,,,,,,,,,,,,,,,,,,,,,,,,,0.0,,,,,,,,,,,,,,,,,,2806964.0,,,,,,,,,,,,,,,,,,,,,,,,,""
838310589,"Jan 20, 2017, 3:50:41 PM",Rulli 5,Ride,"",5400,47.30,,,false,,Scott,,76.0,7.0,5400.0,5400.0,47300.0,,,,,,,,0.0,,,,,,,,,,,,,,,,,,,,,,,,,0.0,,,,,,,,,,,,,,,,,,2806964.0,,,,,,,,,,,,,,,,,,,,,,,,,""
840716146,"Jan 22, 2017, 2:05:39 PM",Rulli 6,Ride,"",6600,60.00,,,false,,Scott,,76.0,7.0,6600.0,6600.0,60000.0,,,,,,,,0.0,,,,,,,,,,,,,,,,,,,,,,,,,0.0,,,,,,,,,,,,,,,,,,2806964.0,,,,,,,,,,,,,,,,,,,,,,,,,""
842831290,"Jan 24, 2017, 4:27:10 PM",Rulli 7,Ride,"",3600,35.00,,,false,,Scott,,76.0,7.0,3600.0,3600.0,35000.0,,,,,,,,0.0,,,,,,,,,,,,,,,,,,,,,,,,,0.0,,,,,,,,,,,,,,,,,,2806964.0,,,,,,,,,,,,,,,,,,,,,,,,,""
844065686,"Jan 25, 2017, 5:25:15 PM",Rulli 8 (Cardio),Ride,"",5340,46.00,,,false,,Scott,,76.0,7.0,5340.0,5340.0,46000.0,,,,,,,,0.0,,,,,,,,,,,,,,,,,,,,,,,,,0.0,,,,,,,,,,,,,,,,,,2806964.0,,,,,,,,,,,,,,,,,,,,,,,,,""
846807849,"Mar 29, 2015, 11:12:45 AM",Giro pomeridiano,Ride,,12013,133.64,,,false,,Scott,activities/937700868.fit.gz,76.0,7.0,12013.0,11705.0,133642.0,21.899999618530273,,1181.0,,49.20000076293945,214.8000030517578,21.0,0.014965400099754333,,,121.0,89.7238998413086,,,,394.6210021972656,5150.22802734375,,18.0,,,,,,,,,,,,,,0.0,,,,,,,,,,,,,,,,,,2806964.0,,,,,,,,,,,,,,,,,,,,,,,,,""
846811171,"Jul 7, 2016, 2:55:20 PM",Giro pomeridiano,Ride,,534,0.89,,,false,,Scott,activities/937704527.fit.gz,76.0,7.0,534.0,161.0,894.9000244140625,12.399999618530273,,57.0,,308.3999938964844,365.6000061035156,25.799999237060547,-0.6928150057792664,,,,,,,,367.50299072265625,65.97229766845703,,31.0,,,,,,,,,,,,,,0.0,,,,,,,,,,,,,,,,,,2806964.0,,,,,,,,,,,,,,,,,,,,,,,,,""
846811297,"Jul 4, 2016, 2:50:33 PM",Giro pomeridiano,Ride,,7362,33.54,,,false,,Scott,activities/937704532.fit.gz,76.0,7.0,7362.0,4975.0,33540.30078125,14.800000190734863,,320.0,,221.8000030517578,628.0,34.099998474121094,-1.1711299419403076,,,,,,,,106.74199676513672,592.1112060546875,,27.0,,,,,,,,,,,,,,0.0,,,,,,,,,,,,,,,,,,2806964.0,,,,,,,,,,,,,,,,,,,,,,,,,""
846820516,"Jan 28, 2017, 11:30:00 AM",Finally out! (Abbandonato dal Garmin),Ride,"",7800,66.00,,,false,,Scott,,76.0,7.0,7800.0,7800.0,66000.0,,,,,,,,0.0,,,,,,,,,,,,,,,,,,,,,,,,,0.0,,,,,,,,,,,,,,,,,,2806964.0,,,,,,,,,,,,,,,,,,,,,,,,,media/47c0f0a8-eefa-47c4-946a-5158d583ffab.jpg
848314951,"Jan 29, 2017, 9:59:56 AM",Out again (bad idea),Ride,"",14272,88.12,,,false,,Scott,activities/939358174.fit.gz,76.0,7.0,14272.0,11618.0,88122.0,13.699999809265137,,75.0,,-10.399999618530273,4.800000190734863,22.200000762939453,-0.007035700138658285,,,,,,,,118.49299621582031,1534.9666748046875,,17.0,,,,,,,,,,,,,,0.0,,,,,,,,,,,,,,,,,,2806964.0,,,,,,,,,,,,,,,,,,,,,,,,,""
851784410,"Feb 1, 2017, 3:08:30 PM",Rulli 9 (Cardio finale),Ride,"",9000,75.00,,,false,,Scott,,76.0,7.0,9000.0,9000.0,75000.0,,,,,,,,0.0,,,,,,,,,,,,,,,,,,,,,,,,,0.0,,,,,,,,,,,,,,,,,,2806964.0,,,,,,,,,,,,,,,,,,,,,,,,,""
854638043,"Feb 4, 2017, 9:06:51 AM",Agli olandesi piace il pavè (a me piace cade'),Ride,"",8420,70.11,,,false,,Scott,activities/946193647.fit.gz,76.0,7.0,8420.0,8168.0,70117.296875,13.699999809265137,,97.0,,116.0,133.60000610351562,12.800000190734863,-0.0017114200163632631,,,,,,,,161.60000610351562,1471.742919921875,,15.0,,,,,,,,,,,,,,0.0,,,,,,,,,,,,,,,,,,2806964.0,,,,,,,,,,,,,,,,,,,,,,,,,""
856222731,"Feb 5, 2017, 1:25:49 PM",Rulli 10 ,Ride,"",7200,60.00,,,false,,Scott,,76.0,7.0,7200.0,7200.0,60000.0,,,,,,,,0.0,,,,,,,,,,,,,,,,,,,,,,,,,0.0,,,,,,,,,,,,,,,,,,2806964.0,,,,,,,,,,,,,,,,,,,,,,,,,""
858307778,"Feb 7, 2017, 2:25:17 PM",Rulli 11,Ride,"",3600,34.00,,,false,,Scott,,76.0,7.0,3600.0,3600.0,34000.0,,,,,,,,0.0,,,,,,,,,,,,,,,,,,,,,,,,,0.0,,,,,,,,,,,,,,,,,,2806964.0,,,,,,,,,,,,,,,,,,,,,,,,,""
860609065,"Feb 9, 2017, 3:16:31 PM",Rulli 12,Ride,"",5400,47.00,,,false,,Scott,,76.0,7.0,5400.0,5400.0,47000.0,,,,,,,,0.0,,,,,,,,,,,,,,,,,,,,,,,,,0.0,,,,,,,,,,,,,,,,,,2806964.0,,,,,,,,,,,,,,,,,,,,,,,,,""
862816267,"Feb 11, 2017, 3:28:58 PM",Rulli 13,Ride,"",6300,55.00,,,false,,Scott,,76.0,7.0,6300.0,6300.0,55000.0,,,,,,,,0.0,,,,,,,,,,,,,,,,,,,,,,,,,0.0,,,,,,,,,,,,,,,,,,2806964.0,,,,,,,,,,,,,,,,,,,,,,,,,""
867627184,"Feb 15, 2017, 5:51:32 PM",Rulli 14 (e poi ci mettiamo anche un po' di squash extra),Ride,"",8100,70.00,,,false,,Scott,,76.0,7.0,8100.0,8100.0,70000.0,,,,,,,,0.0,,,,,,,,,,,,,,,,,,,,,,,,,0.0,,,,,,,,,,,,,,,,,,2806964.0,,,,,,,,,,,,,,,,,,,,,,,,,""
873442050,"Feb 20, 2017, 2:13:32 PM",Rulli 15,Ride,"",5400,47.70,,,false,,Scott,,76.0,7.0,5400.0,5400.0,47700.0,,,,,,,,0.0,,,,,,,,,,,,,,,,,,,,,,,,,0.0,,,,,,,,,,,,,,,,,,2806964.0,,,,,,,,,,,,,,,,,,,,,,,,,""
876946030,"Feb 23, 2017, 2:17:25 PM",Rulli 16,Ride,"",6600,60.00,,,false,,Scott,,76.0,7.0,6600.0,6600.0,60000.0,,,,,,,,0.0,,,,,,,,,,,,,,,,,,,,,,,,,0.0,,,,,,,,,,,,,,,,,,2806964.0,,,,,,,,,,,,,,,,,,,,,,,,,""
880469631,"Feb 26, 2017, 10:09:37 AM",Another crazy dutch ride (with the big climb of the North),Ride,"",11206,84.85,,,false,,Scott,activities/974092054.fit.gz,76.0,7.0,11206.0,10296.0,84853.296875,13.899999618530273,,139.0,,56.400001525878906,84.19999694824219,19.399999618530273,0.00612821988761425,,,,,,,,144.29600524902344,1656.5238037109375,,16.0,,,,,,,,,,,,,,0.0,,,,,,,,,,,,,,,,,,2806964.0,,,,,,,,,,,,,,,,,,,,,,,,,media/85b7a95c-63f5-4ced-b7ca-4d7eb49d0fa9.jpg
881761525,"Feb 27, 2017, 3:48:18 PM",Rulli 17,Ride,"",5400,47.70,,,false,,Scott,,76.0,7.0,5400.0,5400.0,47700.0,,,,,,,,0.0,,,,,,,,,,,,,,,,,,,,,,,,,0.0,,,,,,,,,,,,,,,,,,2806964.0,,,,,,,,,,,,,,,,,,,,,,,,,""
883844068,"Mar 1, 2017, 3:30:56 PM",Rulli 18,Ride,"",7200,60.00,,,false,,Scott,,76.0,7.0,7200.0,7200.0,60000.0,,,,,,,,0.0,,,,,,,,,,,,,,,,,,,,,,,,,0.0,,,,,,,,,,,,,,,,,,2806964.0,,,,,,,,,,,,,,,,,,,,,,,,,""
885949687,"Mar 3, 2017, 7:41:55 AM",Productive vrijdag! (Non c'è pace with this pace),Ride,"",13479,101.82,,,false,,Scott,activities/981408370.fit.gz,76.0,7.0,13479.0,12403.0,101828.0,15.699999809265137,,102.0,,43.599998474121094,73.19999694824219,8.300000190734863,0.025533100590109825,,,,,,,,144.66900634765625,2000.677490234375,,15.0,,,,,,,,,,,,,,0.0,,,,,,,,,,,,,,,,,,2806964.0,,,,,,,,,,,,,,,,,,,,,,,,,""
887173322,"Mar 4, 2017, 8:55:10 AM",Spaak Bianche (si tira in fronte al gruppo!),Ride,"",13335,97.09,,,false,,Scott,activities/983450269.fit.gz,76.0,7.0,13335.0,12285.0,97089.203125,13.899999618530273,,92.0,,183.0,198.60000610351562,8.0,0.008033850230276585,,,,,,,,128.97300720214844,1766.6431884765625,,19.0,,,,,,,,,,,,,,0.0,,,,,,,,,,,,,,,,,,2806964.0,,,,,,,,,,,,,,,,,,,,,,,,,""
892368223,"Mar 8, 2017, 3:38:19 PM",Rulli 19,Ride,"",7200,60.00,,,false,,Scott,,76.0,7.0,7200.0,7200.0,60000.0,,,,,,,,0.0,,,,,,,,,,,,,,,,,,,,,,,,,0.0,,,,,,,,,,,,,,,,,,2806964.0,,,,,,,,,,,,,,,,,,,,,,,,,""
897119146,"Mar 12, 2017, 7:59:08 AM",Alone against wind and cavalcavia! ,Ride,"",12355,100.19,,,false,,Scott,activities/995811292.fit.gz,76.0,7.0,12355.0,12234.0,100189.0,12.0,,329.0,,-0.800000011920929,14.199999809265137,35.900001525878906,0.007785310037434101,,,,,,,,147.99400329589844,2018.7728271484375,,16.0,,,,,,,,,,,,,,0.0,,,,,,,,,,,,,,,,,,2806964.0,,,,,,,,,,,,,,,,,,,,,,,,,""
901371706,"Mar 15, 2017, 4:15:58 PM",Rulli 20 (when you are busy but Flanders don't really care),Ride,"",5400,47.00,,,false,,Scott,,76.0,7.0,5400.0,5400.0,47000.0,,,,,,,,0.0,,,,,,,,,,,,,,,,,,,,,,,,,0.0,,,,,,,,,,,,,,,,,,2806964.0,,,,,,,,,,,,,,,,,,,,,,,,,""
906081834,"Mar 19, 2017, 7:40:02 AM",Crazy wind and rain,Ride,"",13339,91.63,,,false,,Scott,activities/1005313824.fit.gz,76.0,7.0,13339.0,12247.0,91631.3984375,14.100000381469727,,524.0,,93.5999984741211,114.4000015258789,18.100000381469727,0.00392878009006381,,,,,,,,133.32200622558594,1820.56591796875,,13.0,,,,,,,,,,,,,,0.0,,,,,,,,,,,,,,,,,,2806964.0,,,,,,,,,,,,,,,,,,,,,,,,,""
910280572,"Mar 22, 2017, 3:57:49 PM",Rulli 21,Ride,"",6300,54.25,,,false,,Scott,,76.0,7.0,6300.0,6300.0,54250.0,,,,,,,,0.0,,,,,,,,,,,,,,,,,,,,,,,,,0.0,,,,,,,,,,,,,,,,,,2806964.0,,,,,,,,,,,,,,,,,,,,,,,,,""
913600916,"Mar 25, 2017, 7:26:09 AM","Finally Italy. Finally CRAZY climbs, Finally sun! (Coppa Coppa between memories and future)",Ride,"",13865,71.10,,,false,,Scott,activities/1013157749.fit.gz,76.0,7.0,13865.0,12263.0,71108.1015625,15.699999809265137,,1751.5400390625,,263.20001220703125,692.4000244140625,49.599998474121094,0.2043370008468628,,,,,,,,179.8800048828125,2459.543212890625,,,,,,,,,,,,,,,,0.0,,,,,,,,,,,,,,,,,,2806964.0,,,,,,,,,,,,,,,,,,,,,,,,,media/0b4b6835-a3dd-48d3-9dca-c62c4a314f66.jpg|media/96c16aa6-c004-44c1-bca5-4c97d95aca57.jpg|media/8d3adc35-470e-4d93-9dc4-63b27f955a9b.jpg|media/a917e89e-ce37-4f1a-b8c0-f7cf5a85bc91.jpg
925076229,"Apr 1, 2017, 5:44:59 AM",Ronde van Vlaanderen,Ride,"",35327,240.34,,,false,,Scott,activities/1024968219.fit.gz,76.0,7.0,35327.0,31979.0,240341.0,18.399999618530273,,2009.0,,-3.200000047683716,173.0,27.600000381469727,0.0019139499636366963,,,,,,,,150.4980010986328,5366.24462890625,,20.0,,,,,,,,,,,,,,0.0,,,,,,,,,,,,,,,,,,2806964.0,,,,,,,,,,,,,,,,,,,,,,,,,""
934741292,"Apr 9, 2017, 7:05:54 AM",Dutch Hell of the North (Si torna a tremare),Ride,"",21170,137.39,,,false,,Scott,activities/1034900945.fit.gz,76.0,7.0,21170.0,17195.0,137390.0,11.699999809265137,,183.0,,-5.199999809265137,28.600000381469727,7.400000095367432,0.01543049979954958,,,,,,,,135.3820037841797,2595.601318359375,,20.0,,,,,,,,,,,,,,0.0,,,,,,,,,,,,,,,,,,2806964.0,,,,,,,,,,,,,,,,,,,,,,,,,media/3c11c8d8-c930-40c1-9182-413c6d8f6300.jpg
950852225,"Apr 20, 2017, 3:13:03 PM",Meglio tornare a pedalare (fa freddo!),Ride,"",7123,54.54,,,false,,Scott,activities/1051492440.fit.gz,76.0,7.0,7123.0,7054.0,54544.0,16.100000381469727,,123.0,,-1.600000023841858,11.399999618530273,24.700000762939453,0.009900259785354137,,,,,,,,132.0679931640625,1038.7425537109375,,13.0,,,,,,,,,,,,,,0.0,,,,,,,,,,,,,,,,,,2806964.0,,,,,,,,,,,,,,,,,,,,,,,,,""
963087311,"Apr 29, 2017, 1:30:03 PM",Assen solo (after too many parties),Ride,"",7941,62.30,,,false,,Scott,activities/1064051877.fit.gz,76.0,7.0,7941.0,7662.0,62301.1015625,13.300000190734863,,104.0,,-1.0,19.0,37.0,0.003210220020264387,,,,,,,,148.66099548339844,1270.0302734375,,18.0,,,,,,,,,,,,,,0.0,,,,,,,,,,,,,,,,,,2806964.0,,,,,,,,,,,,,,,,,,,,,,,,,""
973173423,"May 6, 2017, 7:51:10 AM",Giro Spaak-a-gambe! (ultimi 20 km al vento),Ride,"",10330,82.70,,,false,,Scott,activities/1074412650.fit.gz,76.0,7.0,10330.0,9396.0,82700.203125,17.0,,118.0,,0.0,27.200000762939453,13.300000190734863,0.011608200147747993,,,,,,,,175.98500061035156,1843.7138671875,,15.0,,,,,,,,,,,,,,0.0,,,,,,,,,,,,,,,,,,2806964.0,,,,,,,,,,,,,,,,,,,,,,,,,""
983947433,"May 13, 2017, 9:13:45 AM",Giro Birra con supervisor,Ride,"",5421,27.18,,,false,,Scott,activities/1086385146.fit.gz,76.0,7.0,5421.0,4326.0,27183.19921875,13.300000190734863,,41.0,,42.0,50.20000076293945,7.800000190734863,-0.02133670076727867,,,,,,,,81.01719665527344,390.78564453125,,23.0,,,,,,,,,,,,,,0.0,,,,,,,,,,,,,,,,,,2806964.0,,,,,,,,,,,,,,,,,,,,,,,,,""
983947474,"May 13, 2017, 6:59:57 AM",The north of the north,Ride,"",7906,55.14,,,false,,Scott,activities/1086385149.fit.gz,76.0,7.0,7906.0,6767.0,55148.8984375,12.399999618530273,,99.0,,50.599998474121094,65.19999694824219,37.099998474121094,-0.0014506200095638633,,,,,,,,149.8350067138672,1130.5357666015625,,21.0,,,,,,,,,,,,,,0.0,,,,,,,,,,,,,,,,,,2806964.0,,,,,,,,,,,,,,,,,,,,,,,,,media/65973f13-8412-4a13-a72b-85d40e55e071.jpg
997379985,"May 20, 2017, 3:32:47 PM","Alla fiera dell'est (Vento e watt, perdendosi)",Ride,"",8722,68.16,,,false,,Scott,activities/1099533343.fit.gz,76.0,7.0,8722.0,8047.0,68166.296875,12.199999809265137,,58.0,,-8.199999809265137,4.0,6.5,-0.011442599818110466,,,,,,,,152.5780029296875,1368.9915771484375,,22.0,,,,,,,,,,,,,,0.0,,,,,,,,,,,,,,,,,,2806964.0,,,,,,,,,,,,,,,,,,,,,,,,,media/3992cf83-0420-4f08-9e03-0d5947d285aa.jpg
1005543882,"May 25, 2017, 3:12:43 PM",Rotolando verso sud (South windy solo),Ride,"",7719,64.19,,,false,,Scott,activities/1107924156.fit.gz,76.0,7.0,7719.0,7579.0,64190.6015625,14.199999809265137,,110.0,,0.0,23.200000762939453,9.399999618530273,0.01277450006455183,,,,,,,,154.58700561523438,1306.3505859375,,25.0,,,,,,,,,,,,,,0.0,,,,,,,,,,,,,,,,,,2806964.0,,,,,,,,,,,,,,,,,,,,,,,,,""
1011629227,"May 29, 2017, 2:29:56 PM",Asteria non ti temo! (Hoping that wind = %),Ride,"",7991,59.96,,,false,,Scott,activities/1114203917.fit.gz,76.0,7.0,7991.0,7376.0,59962.5,12.899999618530273,,129.0,,19.200000762939453,37.20000076293945,10.5,0.015342899598181248,,,,,,,,144.91600036621094,1191.823974609375,,25.0,,,,,,,,,,,,,,0.0,,,,,,,,,,,,,,,,,,2806964.0,,,,,,,,,,,,,,,,,,,,,,,,,""
1017426291,"Jun 2, 2017, 7:55:48 AM",Sciogligamba pre-Asteria (Italy 1),Ride,"",11234,55.78,,,false,,Scott,activities/1120160437.fit.gz,76.0,7.0,11234.0,8411.0,55785.30078125,18.700000762939453,,738.0,,232.60000610351562,642.2000122070312,36.70000076293945,0.16204999387264252,,,,,,,,138.26400756835938,1296.6763916015625,,29.0,,,,,,,,,,,,,,0.0,,,,,,,,,,,,,,,,,,2806964.0,,,,,,,,,,,,,,,,,,,,,,,,,media/1f81a15f-b983-4e1a-b306-a1afad653bee.jpg|media/2d3fee30-72e9-4ce2-a6e6-2a406d2223be.jpg
1019207779,"Jun 3, 2017, 7:31:03 AM","Coppa Asteria 2017 (Crazy climbs, crazy warmness). ",Ride,"15 km missing.
By Popolare Ciclistica",22581,99.61,,,false,,Scott,activities/1121994616.fit.gz,76.0,7.0,22581.0,19057.0,99613.6015625,18.299999237060547,,2063.0,,177.1999969482422,683.4000244140625,43.20000076293945,0.021282199770212173,,,,,,,,119.41300201416016,2537.353759765625,,30.0,,,,,,,,,,,,,,0.0,,,,,,,,,,,,,,,,,,2806964.0,,,,,,,,,,,,,,,,,,,,,,,,,""
1029961191,"Jun 10, 2017, 1:57:35 PM","Low motivation, high exam pressure",Ride,Not the best period to train. But still...,5573,44.92,,,false,,Scott,activities/1132947535.fit.gz,76.0,7.0,5573.0,5260.0,44919.19921875,13.899999618530273,,90.0,,-2.0,11.800000190734863,18.600000381469727,0.005342930089682341,,,,,,,,162.06100463867188,950.4715576171875,,25.0,,,,,,,,,,,,,,0.0,,,,,,,,,,,,,,,,,,2806964.0,,,,,,,,,,,,,,,,,,,,,,,,,""
1042912681,"Jun 18, 2017, 1:41:37 PM",To the sea (domani esame),Ride,Fast pace against the wind in the first half.,7202,55.29,,,false,,Scott,activities/1146254095.fit.gz,76.0,7.0,7202.0,6322.0,55293.30078125,14.300000190734863,,88.0,,-0.20000000298023224,12.399999618530273,23.200000762939453,0.009766099974513054,,,,,,,,167.88900756835938,1183.45458984375,,30.0,,,,,,,,,,,,,,0.0,,,,,,,,,,,,,,,,,,2806964.0,,,,,,,,,,,,,,,,,,,,,,,,,media/2f0e8ff6-f1b6-4e75-8e64-3a6f91de722d.jpg|media/c923fbbc-74f9-4dcb-abd7-fc398a2942f4.jpg
1057723460,"Jun 27, 2017, 3:08:40 PM",Back in town! (3k with bro),Ride,"",4058,17.24,,,false,,Scott,activities/1161440570.fit.gz,76.0,7.0,4058.0,3621.0,17246.400390625,14.300000190734863,,530.0,,336.0,701.2000122070312,44.900001525878906,2.1024699211120605,,,,,,,,155.68499755859375,628.56494140625,,31.0,,,,,,,,,,,,,,0.0,,,,,,,,,,,,,,,,,,2806964.0,,,,,,,,,,,,,,,,,,,,,,,,,""
1063548508,"Jul 2, 2017, 7:25:34 AM",Let's go crazy (Mancavano queste percentuali),Ride,"",7619,39.92,,,false,,Scott,activities/1167341744.fit.gz,76.0,7.0,7619.0,7339.0,39923.19921875,21.399999618530273,,1039.0,,329.79998779296875,743.0,35.5,-0.010019199922680855,,,,,,,,152.71600341796875,1249.6727294921875,,28.0,,,,,,,,,,,,,,0.0,,,,,,,,,,,,,,,,,,2806964.0,,,,,,,,,,,,,,,,,,,,,,,,,""
1086654633,"Jul 16, 2017, 11:49:07 AM",In MTB (a tratti a piedi),Ride,"",14648,12.66,,,false,,Scott,activities/1190811816.fit.gz,76.0,7.0,14648.0,3431.0,12668.0,16.5,,860.9730224609375,,669.0,1339.0,47.0,0.13972200453281403,,,,,,,,167.7209930419922,641.6275634765625,,,,,,,,,,,,,,,,0.0,,,,,,,,,,,,,,,,,,2806964.0,,,,,,,,,,,,,,,,,,,,,,,,,""
1097239396,"Jul 23, 2017, 7:46:59 AM",Birthday ride! (Ricognizione Coppa Coppi),Ride,"",7514,36.95,,,false,,Scott,activities/1201564262.fit.gz,76.0,7.0,7514.0,6883.0,36950.8984375,16.399999618530273,,1016.0,,353.3999938964844,920.4000244140625,47.79999923706055,0.0037888099905103445,,,,,,,,155.06199645996094,1190.0302734375,,32.0,,,,,,,,,,,,,,0.0,,,,,,,,,,,,,,,,,,2806964.0,,,,,,,,,,,,,,,,,,,,,,,,,""
1128213742,"Aug 11, 2017, 6:56:15 AM",Passo della Presolana (Polpacci pelosi are back!),Ride,"",14667,70.69,,,false,,Scott,activities/1233019930.fit.gz,76.0,7.0,14667.0,11520.0,70696.703125,19.0,,1237.0,,404.0,1295.0,32.0,-0.00594086991623044,,,,,,,,135.58099365234375,1741.5108642578125,,26.0,,,,,,,,,,,,,,0.0,,,,,,,,,,,,,,,,,,2806964.0,,,,,,,,,,,,,,,,,,,,,,,,,""
1131812626,"Aug 13, 2017, 11:51:44 AM",Monte di Nese Solo,Ride,"",8277,50.90,,,false,,Scott,activities/1236710260.fit.gz,76.0,7.0,8277.0,7999.0,50908.30078125,22.899999618530273,,906.0,,263.6000061035156,744.4000244140625,22.200000762939453,0.018071699887514114,,,,,,,,155.4969940185547,1386.85986328125,,33.0,,,,,,,,,,,,,,0.0,,,,,,,,,,,,,,,,,,2806964.0,,,,,,,,,,,,,,,,,,,,,,,,,""
1136743500,"Aug 16, 2017, 12:51:47 PM",Buca del Corno ,Ride,"",11921,70.40,,,false,,Scott,activities/1241724933.fit.gz,76.0,7.0,11921.0,10959.0,70404.8984375,21.899999618530273,,928.0,,213.1999969482422,640.0,35.79999923706055,0.018464600667357445,,,,,,,,136.9949951171875,1673.98095703125,,33.0,,,,,,,,,,,,,,0.0,,,,,,,,,,,,,,,,,,2806964.0,,,,,,,,,,,,,,,,,,,,,,,,,""
1147851857,"Aug 23, 2017, 6:22:07 AM",Val Cava - Direttissima (bis al retrogusto di Coppa Coppi),Ride,Dio peppino se è dura,20887,109.13,,,false,,Scott,activities/1253019311.fit.gz,76.0,7.0,20887.0,17022.0,109137.0,18.700000762939453,,1760.0,,221.1999969482422,1273.5999755859375,38.099998474121094,-0.0036651298869401217,,,,,,,,143.375,2721.190185546875,,29.0,,,,,,,,,,,,,,0.0,,,,,,,,,,,,,,,,,,2806964.0,,,,,,,,,,,,,,,,,,,,,,,,,""
1159832387,"Aug 30, 2017, 12:47:12 PM",Cavlera!,Ride,"Ultimo giro italiano. Avevo bisogno di qualcosa di epico!
Last Italian tour. I needed something epic!",6798,28.91,,,false,,Scott,activities/1265146600.fit.gz,76.0,7.0,6798.0,6412.0,28916.599609375,31.700000762939453,,1076.0,,381.79998779296875,1104.0,39.29999923706055,0.03458220139145851,,,,,,,,155.99200439453125,1115.24609375,,32.0,,,,,,,,,,,,,,0.0,,,,,,,,,,,,,,,,,,2806964.0,,,,,,,,,,,,,,,,,,,,,,,,,media/d3a38d49-718e-4d65-92e6-76f7622990f9.jpg|media/a2d9a3a3-7bf8-4057-a703-f23703e684aa.jpg|media/34b77fc0-03a6-4745-9486-a47b7ba23739.jpg|media/33c2dd4e-2eaa-4de9-bea3-1491b2ada30d.jpg|media/4debc06f-46a0-496c-b229-95d45132d35e.jpg|media/2d9add55-7153-4f7d-a8dd-cd46f55870e7.jpg
1191617584,"Sep 19, 2017, 4:28:00 PM",Si corre!,Run,,1130,4.08,,,false,,,activities/1191617584.gpx,76.0,,1130.0,1130.0,4088.699951171875,6.300000190734863,,15.296600341796875,,-1.0,8.600000381469727,5.900000095367432,0.0,,,,,,,,,383.4916687011719,,,,,,,,,,,,,,,,0.0,,,,,,,,,,,,,,,,,,,,,,,,,,,,,,,,,,,,,,,,,,,""
1199653581,"Sep 24, 2017, 2:54:22 PM",Corsa 2!,Run,,1378,5.23,,,false,,,activities/1199653581.gpx,76.0,,1378.0,1378.0,5233.2001953125,5.900000095367432,,18.754199981689453,,-2.0,7.0,9.5,0.0,,,,,,,,,491.8401184082031,,,,,,,,,,,,,,,,0.0,,,,,,,,,,,,,,,,,,,,,,,,,,,,,,,,,,,,,,,,,,,""
1223926006,"Oct 9, 2017, 4:34:57 PM",Crazy Night Ride,Ride,"",11374,60.23,,,false,,Scott,activities/1330096359.fit.gz,76.0,7.0,11374.0,7088.0,60234.80078125,13.600000381469727,,41.0,,-6.599999904632568,0.20000000298023224,9.100000381469727,0.0,,,,,,,,152.31100463867188,1203.7320556640625,,21.0,,,,,,,,,,,,,,0.0,,,,,,,,,,,,,,,,,,2806964.0,,,,,,,,,,,,,,,,,,,,,,,,,""
1232117112,"Oct 15, 2017, 2:24:27 PM",Windy solo (Amazing weather = si esce!),Ride,"",6796,50.74,,,false,,Scott,activities/1338395810.fit.gz,76.0,7.0,6796.0,6304.0,50744.0,12.0,,49.0,,0.0,15.800000190734863,34.400001525878906,0.019312599673867226,,,,,,,,133.34100341796875,937.24853515625,,25.0,,,,,,,,,,,,,,0.0,,,,,,,,,,,,,,,,,,2806964.0,,,,,,,,,,,,,,,,,,,,,,,,,media/714abda8-2af1-4ce9-8998-b7c729eb2a1e.jpg|media/87536a1e-9943-404e-9ef6-10bdbc16f3ef.jpg
1260191233,"Nov 4, 2017, 6:59:10 AM",Saturday Morning. Still sleepy ,Run,"",1297,4.07,,,false,,,activities/1366777390.fit.gz,76.0,,1297.0,1287.0,4072.800048828125,5.800000190734863,,10.399999618530273,,53.599998474121094,62.0,14.699999809265137,0.0589274987578392,,,,,,,,,382.1936950683594,,18.0,,,,,,,,,,,,,,0.0,,,,,,,,,,,,,,,,,,,,,,,,,,,,,,,,,,,,,,,,,,,""
1268902882,"Nov 9, 2017, 4:17:18 PM",Around the Canal (Garmin might not be precise),Run,"",1690,4.71,,,false,,,activities/1375537276.fit.gz,76.0,,1690.0,1517.0,4711.2998046875,7.099999904632568,,8.800000190734863,,-3.200000047683716,1.600000023841858,16.5,-0.06792180240154266,,,,,,,,,441.13494873046875,,19.0,,,,,,,,,,,,,,0.0,,,,,,,,,,,,,,,,,,,,,,,,,,,,,,,,,,,,,,,,,,,""
1276571953,"Nov 15, 2017, 3:42:54 PM",Spinning 1,Ride,"",4800,40.00,,,false,,Scott,,76.0,7.0,4800.0,4800.0,40000.0,,,,,,,,0.0,,,,,,,,,,,,,,,,,,,,,,,,,0.0,,,,,,,,,,,,,,,,,,2806964.0,,,,,,,,,,,,,,,,,,,,,,,,,""
1283375538,"Nov 20, 2017, 3:52:06 PM",Rainy run,Run,,944,3.30,,,false,,,activities/1283375538.gpx,76.0,,944.0,931.0,3308.10009765625,6.699999809265137,,11.866700172424316,,1.0,8.0,6.099999904632568,0.0,,,,,,,,,310.55279541015625,,,,,,,,,,,,,,,,0.0,,,,,,,,,,,,,,,,,,,,,,,,,,,,,,,,,,,,,,,,,,,""
1287458894,"Nov 23, 2017, 3:47:30 PM",Spinning 2,Ride,"",4800,40.00,,,false,,Scott,,76.0,7.0,4800.0,4800.0,40000.0,,,,,,,,0.0,,,,,,,,,,,,,,,,,,,,,,,,,0.0,,,,,,,,,,,,,,,,,,2806964.0,,,,,,,,,,,,,,,,,,,,,,,,,""
1300376276,"Dec 3, 2017, 12:11:48 PM",Run to Zernike,Run,,1756,5.90,,,false,,,activities/1300376276.gpx,76.0,,1756.0,1756.0,5901.7001953125,7.099999904632568,,18.380699157714844,,-0.10000000149011612,7.099999904632568,7.800000190734863,0.022027600556612015,,,,,,,,,554.5352172851562,,,,,,,,,,,,,,,,0.0,,,,,,,,,,,,,,,,,,,,,,,,,,,,,,,,,,,,,,,,,,,""
1304613236,"Dec 6, 2017, 3:59:08 PM",Spinning 3,Ride,"",5400,45.00,,,false,,Scott,,76.0,7.0,5400.0,5400.0,45000.0,,,,,,,,0.0,,,,,,,,,,,,,,,,,,,,,,,,,0.0,,,,,,,,,,,,,,,,,,2806964.0,,,,,,,,,,,,,,,,,,,,,,,,,""
1312810637,"Dec 13, 2017, 4:23:30 PM",Spinning 4 + altri workouts,Ride,"",4500,37.50,,,false,,Scott,,76.0,7.0,4500.0,4500.0,37500.0,,,,,,,,0.0,,,,,,,,,,,,,,,,,,,,,,,,,0.0,,,,,,,,,,,,,,,,,,2806964.0,,,,,,,,,,,,,,,,,,,,,,,,,""
1350391628,"Jan 10, 2018, 5:00:00 PM","Spinning 5 (New Year, Big Year!))",Ride,"",6000,45.00,,,false,,Scott,,76.0,7.0,6000.0,6000.0,45000.0,,,100.0,,,,,0.0,,,,,,,,,,,,,,,,,,,,,,,,,0.0,,,,,,,,,,,,,,,,,,2806964.0,,,,,,,,,,,,,,,,,,,,,,,,,""
1352103305,"Jan 11, 2018, 5:50:00 PM",Spinning 6 (Inizia a farsi dura),Ride,"",5400,45.00,,,false,,Scott,,76.0,7.0,5400.0,5400.0,45000.0,,,1.0,,,,,0.0,,,,,,,,,,,,,,,,,,,,,,,,,0.0,,,,,,,,,,,,,,,,,,2806964.0,,,,,,,,,,,,,,,,,,,,,,,,,""
1361250051,"Jan 17, 2018, 8:10:00 AM",Spinning 7 ,Ride,"",5400,45.00,,,false,,Scott,,76.0,7.0,5400.0,5400.0,45000.0,,,,,,,,0.0,,,,,,,,,,,,,,,,,,,,,,,,,0.0,,,,,,,,,,,,,,,,,,2806964.0,,,,,,,,,,,,,,,,,,,,,,,,,""
1363598116,"Jan 18, 2018, 7:20:00 PM",Giro serale,Ride,"",6000,50.00,,,false,,Scott,,76.0,7.0,6000.0,6000.0,50000.0,,,,,,,,0.0,,,,,,,,,,,,,,,,,,,,,,,,,0.0,,,,,,,,,,,,,,,,,,2806964.0,,,,,,,,,,,,,,,,,,,,,,,,,""
2910503935,"Dec 4, 2019, 11:35:44 AM",Swim / 1,Swim,"",2096,"1,375",,,false,,,activities/3095544555.fit.gz,76.0,,2096.0,1897.0,1375.0,2.799999952316284,0.7250000238418579,,,,,0.0,0.0,,,27.0,24.89829444885254,,,,,394.0,,29.0,,,,,,,,,,,,0.0,,0.0,,,,,,,,,,,,,,,,,,,,,,,,,,,,,,,,,,,,,,,,,,,""
2911508313,"Dec 4, 2019, 7:28:44 PM",The knee is not there (back to bike soon?),Run,"",3022,9.30,183.0,108,false,,,activities/3096703345.fit.gz,76.0,,3022.0,2999.0,9305.2998046875,7.199999809265137,3.1029999256134033,141.0,143.0,226.39999389648438,365.79998779296875,19.200000762939453,-0.03223969042301178,,,84.0,78.63204193115234,183.0,161.0,,,704.0,,14.0,108.0,,,,,,,,,,,0.0,,0.0,,,,,,,,,,,,,,,,,,,,,,,,,,,,,,,,,,,,,,,,,,,""
2914808151,"Dec 6, 2019, 11:22:52 AM",Swim / 2 (50 X 1),Swim,"",1959,"1,500",,,false,,,activities/3100650597.fit.gz,76.0,,1959.0,1923.0,1500.0,1.7999999523162842,0.7940000295639038,,,,,0.0,0.0,,,30.0,26.997596740722656,,,,,436.0,,28.0,,,,,,,,,,,,0.0,,0.0,,,,,,,,,,,,,,,,,,,,,,,,,,,,,,,,,,,,,,,,,,,""
2915519514,"Dec 6, 2019, 6:11:13 PM","Swim / 3 (50 X 1, 10 X 1)",Swim,"",2191,"1,500",,,false,,,activities/3101489973.fit.gz,76.0,,2191.0,1930.0,1500.0,3.700000047683716,0.7770000100135803,,,,,0.0,0.0,,,28.0,24.441682815551758,,,,,439.0,,29.0,,,,,,,,,,,,0.0,,0.0,,,,,,,,,,,,,,,,,,,,,,,,,,,,,,,,,,,,,,,,,,,""
2916644448,"Dec 7, 2019, 9:43:16 AM",Spinning / 1,Virtual Ride,"",4156,0,173.0,81,false,,Scott,activities/3102820391.fit.gz,76.0,7.0,4156.0,4156.0,,0.0,0.0,,,,,0.0,0.0,,,,,173.0,145.19224548339844,,,817.0,,28.0,81.0,,,,,,,,,,,0.0,,0.0,,,,,,,,,,,,,,,,,,2806964.0,,,,,,,,,,,,,,,,,,,,,,,,,""
2920191835,"Dec 8, 2019, 2:07:07 PM",Last colere ride,Alpine Ski,"",203,2.80,92.0,0,false,,,activities/3106913282.fit.gz,76.0,,203.0,179.0,2807.39990234375,22.700000762939453,15.956999778747559,0.0,611.0,1607.0,2218.60009765625,-5.0,-21.785282135009766,,,,,92.0,84.0,,,11.0,,23.0,,,1,,,,,,,,,0.0,,0.0,,,,,,,,,,,,,,,,,,,,,,,,,,,,,,,,,,,,,,,,,,,""
2922638339,"Dec 9, 2019, 8:16:58 PM",Spinning / 2,Ride,"",3978,0,160.0,58,false,,Scott,activities/3109806952.fit.gz,76.0,7.0,3978.0,3978.0,,0.0,0.0,,,,,0.0,0.0,,,,,160.0,141.0,,,724.0,,30.0,58.0,,,,,,,,,,,0.0,,0.0,,1.0,,,,,,,,,,,,,,,,2806964.0,,,,,,,,,,,,,,,,,,,,,,,,,""
2927103829,"Dec 11, 2019, 7:25:47 PM",Fuc#ing knee (definitely will rest),Run,"",7374,7.35,191.0,48,false,,,activities/3115013062.fit.gz,76.0,,7374.0,2110.0,7357.10009765625,6.699999809265137,3.486999988555908,78.0,67.0,282.20001220703125,431.6000061035156,34.5,1.1852495670318604,,,89.0,79.90447998046875,191.0,151.0,,,452.0,,18.0,48.0,,,,,,,,,,,0.0,,0.0,,1.0,7615.39990234375,,,,,,,,,,,,,,,,,,,,,,,,,,,,,,,,,,,,,,,,""
2928080016,"Dec 12, 2019, 11:29:42 AM",Swim / 4 (70 X 1),Swim,"",2791,"2,125",,,false,,,activities/3116179388.fit.gz,76.0,,2791.0,2757.0,2125.0,1.0,0.7710000276565552,,,,,0.0,0.0,,,32.0,25.728721618652344,,,,,594.0,,28.0,,,,,,,,,,,,0.0,,0.0,,1.0,,,,,,,,,,,,,,,,,,,,,,,,,,,,,,,,,,,,,,,,,""
2930498319,"Dec 13, 2019, 4:48:17 PM",Spinning / 3,Ride,"",3374,0,182.0,91,false,,Scott,activities/3119045589.fit.gz,76.0,7.0,3374.0,3374.0,,0.0,0.0,,,,,0.0,0.0,,,,,182.0,154.0,,,787.0,,28.0,91.0,,,,,,,,,,,0.0,,0.0,,1.0,,,,,,,,,,,,,,,,2806964.0,,,,,,,,,,,,,,,,,,,,,,,,,""
2931758411,"Dec 14, 2019, 9:19:18 AM",Spinning / 4 but out (not bad),Ride,"",5795,42.67,181.0,116,false,,Scott,activities/3120494310.fit.gz,76.0,7.0,5795.0,5397.0,42674.80078125,13.899999618530273,7.941999912261963,560.0,550.0,315.6000061035156,753.0,16.200000762939453,-0.12794436514377594,,,,,181.0,147.0,,186.3992919921875,1090.0,,16.0,116.0,,,,,,,,,,,0.0,,0.0,,1.0,,,,,,,,,,,,,,,,2806964.0,,,,,,,,,,,,,,,,,,,,,,,,,""
2933159697,"Dec 14, 2019, 9:10:49 PM",We run for Christmas (Olympic / 2),Run,"",4149,13.35,176.0,121,false,,,activities/3122090860.fit.gz,76.0,,4149.0,3776.0,13350.2001953125,5.5,3.5350000858306885,16.0,133.0,338.6000061035156,458.79998779296875,6.400000095367432,-0.8718970417976379,,,87.0,80.70298767089844,176.0,159.71607971191406,,,914.0,,19.0,121.0,,,,,,,,,,,0.0,,0.0,,1.0,13167.2998046875,,,,,,,,,,,,,,,,,,,,,,,,,,,,,,,,,,,,,,,,""
2938659472,"Dec 17, 2019, 11:23:21 AM",Swim / 5 (1x80),Swim,"",2880,"2,175",,,false,,,activities/3128435659.fit.gz,76.0,,2880.0,2870.0,2175.0,2.5999999046325684,0.7580000162124634,,,,,0.0,0.0,,,28.0,25.840309143066406,,,,,575.0,,28.0,,,,,,,,,,,,0.0,,0.0,,1.0,,,,,,,,,,,,,,,,,,,,,,,,,,,,,,,,,,,,,,,,,""
2941557113,"Dec 18, 2019, 5:18:08 PM",Spinning / 5,Ride,"",3215,0,176.0,83,false,,Scott,activities/3131751984.fit.gz,76.0,7.0,3215.0,3215.0,,0.0,0.0,,,,,0.0,0.0,,,,,176.0,152.0,,,753.0,,29.0,83.0,,,,,,,,,,,0.0,,0.0,,1.0,,,,,,,,,,,,,,,,2806964.0,,,,,,,,,,,,,,,,,,,,,,,,,""
2941557589,"Dec 18, 2019, 6:14:32 PM",Transition / 1,Run,"",1208,4.06,179.0,52,false,,,activities/3131752457.fit.gz,76.0,,1208.0,1107.0,4062.300048828125,5.599999904632568,3.6700000762939453,26.0,6.0,225.1999969482422,236.60000610351562,18.200000762939453,0.15262289345264435,,,83.0,78.0892333984375,179.0,168.0,,,293.0,,23.0,52.0,,,,,,,,,,,0.0,,0.0,,1.0,4112.39990234375,,,,,,,,,,,,,,,,,,,,,,,,,,,,,,,,,,,,,,,,""
2942903659,"Dec 19, 2019, 11:22:15 AM","Swim / 6 (1x10, 10x2, 1x8, 1x8 gambe)",Swim,"",2802,"1,050",,,false,,,activities/3133323007.fit.gz,76.0,,2802.0,1462.0,1050.0,2.700000047683716,0.8159999847412109,,,,,0.0,0.0,,,31.0,26.485702514648438,,,,,275.0,,28.0,,,,,,,,,,,,0.0,,0.0,,1.0,,,,,,,,,,,,,,,,,,,,,,,,,,,,,,,,,,,,,,,,,""
2946526590,"Dec 21, 2019, 10:23:15 AM",Swim / 7 (2x40),Swim,"",3136,"2,400",,,false,,,activities/3137493132.fit.gz,76.0,,3136.0,2993.0,2400.0,0.8999999761581421,0.8019999861717224,,,,,0.0,0.0,,,28.0,26.146162033081055,,,,,664.0,,29.0,,,,,,,,,,,,0.0,,0.0,,1.0,,,,,,,,,,,,,,,,,,,,,,,,,,,,,,,,,,,,,,,,,""
2948309543,"Dec 22, 2019, 7:31:37 AM",Nonononoknee,Run,"",1189,3.66,170.0,26,false,,,activities/3139541743.fit.gz,76.0,,1189.0,1098.0,3665.5,4.5,3.3399999141693115,94.0,86.0,728.5999755859375,766.0,19.899999618530273,-0.043650250881910324,,,87.0,79.012939453125,170.0,150.0,,,255.0,,17.0,26.0,,,,,,,,,,,0.0,,0.0,,1.0,3960.800048828125,,,,,,,,,,,,,,,,,,,,,,,,,,,,,,,,,,,,,,,,""
2953082455,"Dec 24, 2019, 8:35:49 AM",Bike / 6 (with bro),Ride,"",9478,57.01,182.0,109,false,,Scott,activities/3145009128.fit.gz,76.0,7.0,9478.0,7472.0,57012.1015625,16.399999618530273,7.61899995803833,642.0,614.0,208.8000030517578,684.4000244140625,15.699999809265137,0.0031572245061397552,,,,,182.0,135.0,,176.62591552734375,1270.0,,17.0,109.0,,,,,,,,,,,0.0,,0.0,,1.0,,,,,,,,,,,,,,,,2806964.0,,,,,,,,,,,,,,,,,,,,,,,,,""
2954989693,"Dec 25, 2019, 8:50:36 AM",Can only go up,Run,"",3235,4.05,183.0,112,false,,,activities/3147235855.fit.gz,76.0,,3235.0,2771.0,4053.10009765625,2.299999952316284,1.4630000591278076,668.2000122070312,37.0,677.2000122070312,1342.199951171875,49.20000076293945,14.838025093078613,,,79.0,52.028934478759766,183.0,164.97703552246094,,,684.0,,22.0,112.0,,,,,,,,,,,0.0,,0.0,,1.0,,,,,,,,,,,,,,,,,,,,,,,,,,,,,,,,,,,,,,,,,""
2957146211,"Dec 26, 2019, 8:58:26 AM",Bike / 7,Ride,"",8647,70.75,182.0,196,false,,Scott,activities/3149738654.fit.gz,76.0,7.0,8647.0,8399.0,70749.0,14.800000190734863,8.491999626159668,536.0,532.0,188.60000610351562,679.4000244140625,17.200000762939453,-0.0025442056357860565,,,,,182.0,150.0,,180.6298065185547,1712.0,,15.0,196.0,,,,,,,,,,,0.0,,0.0,,1.0,,,,,,,,,,,,,,,,2806964.0,,,,,,,,,,,,,,,,,,,,,,,,,""
2958366125,"Dec 26, 2019, 6:23:51 PM",Dafetiguing Ski Alp,Nordic Ski,"",2476,2.09,168.0,37,false,,,activities/3151115260.fit.gz,76.0,,2476.0,2338.0,2097.199951171875,1.600000023841858,0.847000002861023,434.0,0.0,1197.800048828125,1630.4000244140625,48.5,20.589357376098633,,,79.0,56.5873908996582,168.0,141.0,,,509.0,,18.0,37.0,,,,,,,,,,,0.0,,0.0,,1.0,,,,,,,,,,,,,,,,,,,,,,,,,,,,,,,,,,,,,,,,,""
2959451802,"Dec 27, 2019, 7:45:22 AM","""Active recovery""",Nordic Ski,"",8277,7.82,164.0,71,false,,,activities/3152394600.fit.gz,76.0,,8277.0,6164.0,7825.5,20.799999237060547,1.1970000267028809,850.0,784.0,1161.0,2002.4000244140625,50.0,0.13289885222911835,,,85.0,55.79288864135742,164.0,135.0,,,1041.0,,19.0,71.0,,,,,,,,,,,0.0,,0.0,,1.0,,,,,,,,,,,,,,,,,,,,,,,,,,,,,,,,,,,,,,,,,""
2962098596,"Dec 28, 2019, 9:45:43 AM",Swim / 8 (ripetute dure),Swim,"",4001,"2,025",,,false,,,activities/3155407300.fit.gz,76.0,,4001.0,2460.0,2025.0,13.699999809265137,0.8230000138282776,,,,,0.0,0.0,,,35.0,26.81263542175293,,,,,509.0,,29.0,,,,,,,,,,,,0.0,,0.0,,1.0,,,,,,,,,,,,,,,,,,,,,,,,,,,,,,,,,,,,,,,,,""
2965230723,"Dec 29, 2019, 1:11:30 PM",Tonale hard (random KOM),Alpine Ski,"",187,2.95,102.0,0,false,,,activities/3158958732.fit.gz,76.0,,187.0,187.0,2958.0,21.799999237060547,15.822999954223633,0.0,709.0,1847.5999755859375,2556.199951171875,0.8999999761581421,-23.9486141204834,,,,,102.0,93.0,,,16.0,,22.0,,,1,,,,,,,,,0.0,,0.0,,1.0,,,,,,,,,,,,,,,,,,,,,,,,,,,,,,,,,,,,,,,,,""
2965427708,"Dec 29, 2019, 2:12:41 PM",7 min squat skiing,Alpine Ski,"",439,5.72,127.0,1,false,,,activities/3159180238.fit.gz,76.0,,439.0,372.0,5719.2001953125,25.700000762939453,15.866999626159668,0.0,776.0,1318.199951171875,2094.39990234375,0.0,-13.57182788848877,,,,,127.0,115.0,,,52.0,,21.0,1.0,,1,,,,,,,,,0.0,,0.0,,1.0,,,,,,,,,,,,,,,,,,,,,,,,,,,,,,,,,,,,,,,,,""
2967305732,"Dec 30, 2019, 10:54:19 AM",Amazzonia in the traffic,Alpine Ski,"",159,2.48,100.0,0,false,,,activities/3161373625.fit.gz,76.0,,159.0,159.0,2479.699951171875,23.600000381469727,16.329999923706055,0.0,531.0,1571.4000244140625,2102.60009765625,1.7999999523162842,-21.421945571899414,,,,,100.0,93.0,,,13.0,,25.0,,,1,,,,,,,,,0.0,,0.0,,1.0,,,,,,,,,,,,,,,,,,,,,,,,,,,,,,,,,,,,,,,,,""
2967435455,"Dec 30, 2019, 11:48:53 AM",Spinale direttissima (2nd best time),Alpine Ski,"",122,1.84,112.0,0,false,,,activities/3161520114.fit.gz,76.0,,122.0,122.0,1846.0999755859375,20.600000381469727,15.310999870300293,0.0,542.0,1556.800048828125,2098.39990234375,-6.400000095367432,-29.337522506713867,,,,,112.0,103.0,,,13.0,,28.0,,,1,,,,,,,,,0.0,,0.0,,1.0,,,,,,,,,,,,,,,,,,,,,,,,,,,,,,,,,,,,,,,,,""
2970689762,"Dec 31, 2019, 2:15:27 PM","Bike / 8 (2x5', 1x10', 1x5' above 40)",Ride,"",3604,36.62,181.0,117,false,,Scott,activities/3165224897.fit.gz,76.0,7.0,3604.0,3604.0,36626.69921875,11.899999618530273,10.164999961853027,0.0,,,,0.0,0.0,,,,,181.0,157.0,,,882.0,,21.0,117.0,,,,,,,,,,,0.0,,0.0,,1.0,,,,,,,,,,,,,,,,2806964.0,,,,,,,,,,,,,,,,,,,,,,,,,""
2976211896,"Jan 2, 2020, 5:07:02 PM","Bike / 9 (1x17 160bpm, 1x20 165bpm, 1x5 170bpm)",Ride,"",3933,40.01,172.0,101,false,,Scott,activities/3171484651.fit.gz,76.0,7.0,3933.0,3933.0,40018.19921875,11.699999809265137,10.190999984741211,1.0,8.0,266.3999938964844,270.6000061035156,5.5,-0.0004997726064175367,,,,,172.0,151.0,,228.5631866455078,878.0,,20.0,101.0,,,,,,,,,,,0.0,,0.0,,1.0,,,,,,,,,,,,,,,,2806964.0,,,,,,,,,,,,,,,,,,,,,,,,,""
2977990115,"Jan 3, 2020, 11:28:52 AM",Swim / 9 (double 100m sym),Swim,"",2850,"1,750",,,false,,,activities/3173504559.fit.gz,76.0,,2850.0,2213.0,1750.0,1.600000023841858,0.7910000085830688,0.0,,,,0.0,0.0,,,31.0,28.229724884033203,,,,,445.0,,28.0,,,,,,,,,,,,0.0,,0.0,,1.0,,,,,,,,,,,,,,,,,,,,,,,,,,,,,,,,,,,,,,,,,""
2981619707,"Jan 4, 2020, 1:01:47 PM",Olympic Triathlon (Swim) / 1,Swim,"",2577,0,,,false,,,activities/3177573297.fit.gz,76.0,,2577.0,1927.0,,0.0,0.0,0.0,,514.2000122070312,514.2000122070312,0.0,0.0,,,,27.0,,,,,,,29.0,,,,,,,,,,,,0.0,,0.0,,1.0,,,,,,,,,,,,,,,,,,,,,,,,,,,,,,,,,,,,,,,,,""
2981619770,"Jan 4, 2020, 1:49:21 PM",Olympic Triathlon (Bike) / 1,Ride,"",4441,40.18,172.0,117,false,,Scott,activities/3177573414.fit.gz,76.0,7.0,4441.0,4441.0,40185.5,13.100000381469727,9.09000015258789,238.60000610351562,201.0,349.79998779296875,527.2000122070312,10.600000381469727,0.0064699952490627766,,,,,172.0,152.0,,187.96534729003906,991.0,,16.0,117.0,,,,,,,,,,,0.0,,0.0,,1.0,,,,,,,,,,,,,,,,2806964.0,,,,,,,,,,,,,,,,,,,,,,,,,""
2981619839,"Jan 4, 2020, 3:05:13 PM",Olympic Triathlon (Run) / 1,Run,"",3206,10.00,178.0,110,false,,,activities/3177573428.fit.gz,76.0,,3206.0,2951.0,10007.400390625,5.0,3.3919999599456787,145.0,102.0,435.6000061035156,528.5999755859375,11.600000381469727,0.03397485986351967,,,87.0,79.9725570678711,178.0,162.0,,,653.0,,15.0,110.0,,,,,,,,,,,0.0,,0.0,,1.0,10331.900390625,,,,,,,,,,,,,,,,,,,,,,,,,,,,,,,,,,,,,,,,""
2986863086,"Jan 6, 2020, 7:02:22 AM",Ski Alp a zonzo,Nordic Ski,"",13496,7.00,170.0,46,false,,,activities/3183524265.fit.gz,76.0,,13496.0,4864.0,7006.60009765625,18.700000762939453,1.2419999837875366,846.0,849.0,1549.199951171875,2001.4000244140625,49.599998474121094,-0.028544515371322632,,,85.0,61.91099548339844,170.0,128.0,,,866.0,,14.0,46.0,,,,,,,,,,,0.0,,0.0,,1.0,,,,,,,,,,,,,,,,,,,,,,,,,,,,,,,,,,,,,,,,,""
2989271116,"Jan 7, 2020, 6:52:35 AM",Spinning / 10 (early birds),Ride,"",3303,31.97,168.0,83,false,,Scott,activities/3186225811.fit.gz,76.0,7.0,3303.0,3303.0,31974.80078125,10.899999618530273,9.685999870300293,4.0,13.0,362.20001220703125,378.3999938964844,33.20000076293945,0.03752955421805382,,,,,168.0,153.0,,200.38450622558594,759.0,,22.0,83.0,,,,,,,,,,,0.0,,0.0,,1.0,,,,,,,,,,,,,,,,2806964.0,,,,,,,,,,,,,,,,,,,,,,,,,""
2993677026,"Jan 8, 2020, 5:40:29 PM",Run / 1 (Quality time / 5x750),Run,"",3115,8.41,172.0,43,false,,,activities/3191242652.fit.gz,76.0,,3115.0,2375.0,8412.5,6.800000190734863,3.5409998893737793,37.0,6.0,191.8000030517578,209.60000610351562,18.799999237060547,-0.026151560246944427,,,90.0,79.12354278564453,172.0,147.0,,,511.0,,21.0,43.0,,,,,,,,,,,0.0,,0.0,,1.0,8605.5,,,,,,,,,,,,,,,,,,,,,,,,,,,,,,,,,,,,,,,,""
2998347096,"Jan 10, 2020, 10:57:50 AM",Swim / 10 (double 100m sym),Swim,"",2986,"1,775",,,false,,,activities/3196504624.fit.gz,76.0,,2986.0,2129.0,1775.0,2.0999999046325684,0.8339999914169312,,,,,0.0,0.0,,,34.0,28.936580657958984,,,,,445.0,,28.0,,,,,,,,,,,,0.0,,0.0,,1.0,,,,,,,,,,,,,,,,,,,,,,,,,,,,,,,,,,,,,,,,,""
3001901471,"Jan 11, 2020, 12:37:44 PM",Bike / 11,Ride,"",9748,81.03,184.0,181,false,,Scott,activities/3200453069.fit.gz,76.0,7.0,9748.0,9490.0,81037.8984375,15.300000190734863,8.548999786376953,608.0,596.0,187.60000610351562,680.4000244140625,18.700000762939453,-0.008144337683916092,,,,,184.0,146.0,,181.91961669921875,1784.0,,19.0,181.0,,,,,,,,,,,0.0,,0.0,,1.0,,,,,,,,,,,,,,,,2806964.0,,,,,,,,,,,,,,,,,,,,,,,,,""
3001901534,"Jan 11, 2020, 3:26:35 PM",Brick / 2,Run,"",1490,5.01,181.0,55,false,,,activities/3200453252.fit.gz,76.0,,1490.0,1426.0,5010.7001953125,4.5,3.5139999389648438,127.0,109.0,665.7999877929688,707.5999755859375,24.100000381469727,0.12772665917873383,,,90.0,80.37879943847656,181.0,164.0,,,370.0,,17.0,55.0,,,,,,,,,,,0.0,,0.0,,1.0,5395.39990234375,,,,,,,,,,,,,,,,,,,,,,,,,,,,,,,,,,,,,,,,""
3008243071,"Jan 13, 2020, 4:56:07 PM",Bike / 12 (20'+30' 160+bpm),Ride,"",3604,38.03,172.0,114,false,,Scott,activities/3207561719.fit.gz,76.0,7.0,3604.0,3604.0,38030.0,12.5,10.555999755859375,5.0,10.0,282.3999938964844,289.6000061035156,3.700000047683716,-0.007362608332186937,,,,,172.0,159.0,,250.7577667236328,880.0,,22.0,114.0,,,,,,,,,,,0.0,,0.0,,1.0,,,,,,,,,,,,,,,,2806964.0,,,,,,,,,,,,,,,,,,,,,,,,,""
3010184701,"Jan 14, 2020, 11:19:19 AM",Swim / 11 (double 100m sym),Swim,"",2887,"1,825",,,false,,,activities/3209730770.fit.gz,76.0,,2887.0,2056.0,1825.0,2.299999952316284,0.8880000114440918,,,,,0.0,0.0,,,33.0,29.150346755981445,,,,,469.0,,27.0,,,,,,,,,,,,0.0,,0.0,,1.0,,,,,,,,,,,,,,,,,,,,,,,,,,,,,,,,,,,,,,,,,""
3014755645,"Jan 15, 2020, 7:23:24 PM","Run / 2 (the knee says no, the heart says go)",Run,"",10345,14.66,186.0,96,false,,,activities/3214801772.fit.gz,76.0,,10345.0,4116.0,14668.2001953125,5.900000095367432,3.563999891281128,249.0,195.0,253.60000610351562,411.79998779296875,39.79999923706055,-0.0818096324801445,,,89.0,80.05569458007812,186.0,151.0,,,932.0,,19.0,96.0,,,,,,,,,,,0.0,,0.0,,1.0,15582.0,,,,,,,,,,,,,,,,,,,,,,,,,,,,,,,,,,,,,,,,""
3017525896,"Jan 16, 2020, 7:13:46 PM",Active recovery / 2,Nordic Ski,"",7293,3.96,162.0,20,false,,,activities/3217911052.fit.gz,76.0,,7293.0,2093.0,3965.199951171875,14.399999618530273,1.819000005722046,412.0,420.0,1221.0,1644.0,49.599998474121094,-0.03530717268586159,,,79.0,52.754642486572266,162.0,130.0,,,395.0,,15.0,20.0,,,,,,,,,,,0.0,,0.0,,1.0,,,,,,,,,,,,,,,,,,,,,,,,,,,,,,,,,,,,,,,,,""
3022176034,"Jan 18, 2020, 1:22:58 PM",Ski Alp / 1,Backcountry Ski,"",6939,7.22,179.0,60,false,,,activities/3223136068.fit.gz,76.0,,6939.0,4759.0,7223.2998046875,17.100000381469727,1.409000039100647,930.5999755859375,919.0,1247.800048828125,2169.199951171875,50.0,0.03876344487071037,,,118.0,48.501529693603516,179.0,132.800048828125,,,744.0,,13.0,60.0,,,,,,,,,,,0.0,,0.0,,1.0,,,,,,,,,,,,,,,,,,,,,,,,,,,,,,,,,,,,,,,,,""
3025905454,"Jan 19, 2020, 2:45:40 PM",Run / 3 (Orezzo half marathon),Run,"",8768,25.15,181.0,271,false,,,activities/3227283773.fit.gz,76.0,,8768.0,8361.0,25153.19921875,5.199999809265137,3.007999897003174,461.0,462.0,353.6000061035156,725.0,35.20000076293945,-0.12403988093137741,,,85.0,78.80028533935547,181.0,158.0,,,1899.0,,17.0,271.0,,,,,,,,,,,0.0,,0.0,,1.0,26401.099609375,,,,,,,,,,,,,,,,,,,,,,,,,,,,,,,,,,,,,,,,""
3027603875,"Jan 20, 2020, 11:25:30 AM",Swim / 12 (80 easy),Swim,"",2692,"1,975",,,false,,,activities/3229227394.fit.gz,76.0,,2692.0,2617.0,1975.0,2.5,0.7540000081062317,,,,,0.0,0.0,,,32.0,27.872039794921875,,,,,488.0,,27.0,,,,,,,,,,,,0.0,,0.0,,1.0,,,,,,,,,,,,,,,,,,,,,,,,,,,,,,,,,,,,,,,,,""
3030673897,"Jan 21, 2020, 1:08:59 PM",Bike / 13 (45' above 160bpm),Ride,"",3602,37.50,167.0,90,false,,Scott,activities/3232665603.fit.gz,76.0,7.0,3602.0,3602.0,37500.19921875,12.100000381469727,10.411999702453613,5.0,11.0,264.6000061035156,269.6000061035156,3.4000000953674316,-0.003199982922524214,,,,,167.0,153.0,,245.0782928466797,850.0,,21.0,90.0,,,,,,,,,,,0.0,,0.0,,1.0,,,,,,,,,,,,,,,,2806964.0,,,,,,,,,,,,,,,,,,,,,,,,,""
3034203516,"Jan 22, 2020, 5:23:16 PM","Run / 4 (3x1km, 2x750m @3.35-3.40"")",Run,"",3018,8.20,182.0,38,false,,,activities/3236587664.fit.gz,76.0,,3018.0,2162.0,8205.7001953125,5.800000190734863,3.7960000038146973,26.0,14.0,116.80000305175781,135.60000610351562,15.600000381469727,-0.03168529272079468,,,90.0,80.62470245361328,182.0,148.0,,,452.0,,12.0,38.0,,,,,,,,,,,0.0,,0.0,,1.0,8296.900390625,,,,,,,,,,,,,,,,,,,,,,,,,,,,,,,,,,,,,,,,""
3038765526,"Jan 24, 2020, 11:22:58 AM",Swim / 13 (double 100m pyramid sym 1:1 rest),Swim,"",2816,"1,800",,,false,,,activities/3241669733.fit.gz,76.0,,2816.0,2074.0,1800.0,2.0999999046325684,0.8679999709129333,,,,,0.0,0.0,,,34.0,29.274686813354492,,,,,457.0,,28.0,,,,,,,,,,,,0.0,,0.0,,1.0,,,,,,,,,,,,,,,,,,,,,,,,,,,,,,,,,,,,,,,,,""
3041315880,"Jan 25, 2020, 9:46:49 AM","Run / 5 (aerobic base building up, 70.3 is there)",Run,"",5130,16.13,179.0,170,false,,,activities/3244524429.fit.gz,76.0,,5130.0,5045.0,16137.5,5.800000190734863,3.1989998817443848,373.0,356.0,333.0,684.0,29.899999618530273,0.008675445802509785,,,90.0,80.45947265625,179.0,160.0,,,1278.0,,17.0,170.0,,,,,,,,,,,0.0,,0.0,,1.0,17113.400390625,,,,,,,,,,,,,,,,,,,,,,,,,,,,,,,,,,,,,,,,""
3042212383,"Jan 25, 2020, 12:47:57 PM",Bike / 14 (the almost 70.3 continuation),Ride,3,9554,68.52,171.0,84,false,,Scott,activities/3245509029.fit.gz,76.0,7.0,9554.0,8758.0,68525.6015625,14.600000381469727,7.85099983215332,554.0,526.0,196.8000030517578,679.4000244140625,25.200000762939453,0.0032104789279401302,,,,,171.0,133.0,,154.62667846679688,1404.0,,15.0,84.0,,,,,,,,,,,0.0,,0.0,,1.0,,,,,,,,,,,,,,,,2806964.0,,,,,,,,,,,,,,,,,,,,,,,,,""
3045949092,"Jan 26, 2020, 4:17:33 PM",Run / 6 (They won't let me chill on the sofa),Run,"",3449,8.69,181.0,53,false,,,activities/3249654216.fit.gz,76.0,,3449.0,2515.0,8690.599609375,5.300000190734863,3.4549999237060547,256.0,221.0,544.5999755859375,684.5999755859375,32.20000076293945,-0.04832807928323746,,,93.0,80.03546905517578,181.0,149.0,,,544.0,,16.0,53.0,,,,,,,,,,,0.0,,0.0,,1.0,9650.599609375,,,,,,,,,,,,,,,,,,,,,,,,,,,,,,,,,,,,,,,,""
3049054898,"Jan 27, 2020, 8:22:41 PM",Bike / 15 (Post hamburger 46' 155-165bpm),Ride,"",3661,37.02,165.0,85,false,,Scott,activities/3253156691.fit.gz,76.0,7.0,3661.0,3612.0,37021.6015625,11.399999618530273,10.253999710083008,11.0,7.0,266.3999938964844,271.0,3.5,0.003241351107135415,,,,,165.0,150.0,,233.3394317626953,847.0,,22.0,85.0,,,,,,,,,,,0.0,,0.0,,1.0,,,,,,,,,,,,,,,,2806964.0,,,,,,,,,,,,,,,,,,,,,,,,,""
3051144789,"Jan 28, 2020, 4:45:07 PM","Run / 7 (The tired legs 5k PR, first try and below 20')",Run,"",2533,9.00,183.0,86,false,,,activities/3255572604.fit.gz,76.0,,2533.0,2437.0,9003.900390625,5.300000190734863,3.694999933242798,26.0,35.0,201.39999389648438,233.0,4.599999904632568,-0.18436455726623535,,,90.0,79.20675659179688,183.0,161.0,,,618.0,,16.0,86.0,,,,,,,,,,,0.0,,0.0,,1.0,9035.400390625,,,,,,,,,,,,,,,,,,,,,,,,,,,,,,,,,,,,,,,,""
3056201072,"Jan 30, 2020, 11:21:24 AM",Swim / 14 (70 easy after volleyball !!),Swim,"",2361,"1,725",,,false,,,activities/3261338544.fit.gz,76.0,,2361.0,2293.0,1725.0,1.5,0.7519999742507935,,,,,0.0,0.0,,,31.0,27.87443733215332,,,,,369.0,,28.0,,,,,,,,,,,,0.0,,0.0,,1.0,,,,,,,,,,,,,,,,,,,,,,,,,,,,,,,,,,,,,,,,,""
3057494855,"Jan 30, 2020, 5:59:49 PM",Active recovery / 3,Backcountry Ski,"",6768,4.73,168.0,54,false,,,activities/3262788778.fit.gz,76.0,,6768.0,2662.0,4734.0,15.199999809265137,1.777999997138977,484.3999938964844,463.0,1195.199951171875,1674.5999755859375,49.400001525878906,0.04647232964634895,,,79.0,47.10018539428711,168.0,145.35574340820312,,,591.0,,17.0,54.0,,,,,,,,,,,0.0,,0.0,,1.0,,,,,,,,,,,,,,,,,,,,,,,,,,,,,,,,,,,,,,,,,""
3062829380,"Feb 1, 2020, 11:22:06 AM",Ski TRASH 😍🎉,Nordic Ski,"",20273,3.83,179.0,27,false,,,activities/3268791392.fit.gz,76.0,,20273.0,4338.0,3831.10009765625,17.0,0.45500001311302185,432.0,61.0,1212.4000244140625,1681.4000244140625,50.0,1.3259899616241455,,,85.0,57.58830261230469,179.0,92.0,,,723.0,,20.0,27.0,,,,,,,,,,,0.0,,0.0,,1.0,,,,,,,,,,,,,,,,,,,,,,,,,,,,,,,,,,,,,,,,,""
3064480575,"Feb 2, 2020, 8:40:14 AM",Run / 8 (Bergamo Half Marathon PR),Run,"",5672,20.99,192.0,288,false,,,activities/3270658792.fit.gz,76.0,,5672.0,5672.0,20990.5,7.099999904632568,3.7009999752044678,119.0,123.0,232.60000610351562,283.20001220703125,20.200000762939453,-0.009528120048344135,,,89.0,80.34996795654297,192.0,170.0,,,1556.0,,18.0,288.0,,,,,,,,,,,0.0,,0.0,,1.0,21120.900390625,,,,,,,,,,,,,,,,,,,,,,,,,,,,,,,,,,,,,,,,""
3071664706,"Feb 4, 2020, 4:47:41 PM","Bike / 16 (1x20', 1x40' @165bpm)",Ride,"",4637,48.16,170.0,132,false,,Scott,activities/3278687953.fit.gz,76.0,7.0,4637.0,4622.0,48160.0,11.5,10.42300033569336,3.0,25.0,266.6000061035156,270.6000061035156,3.5999999046325684,0.0004152823821641505,,,,,170.0,156.0,,244.38230895996094,1103.0,,21.0,132.0,,,,,,,,,,,0.0,,0.0,,1.0,,,,,,,,,,,,,,,,2806964.0,,,,,,,,,,,,,,,,,,,,,,,,,""
3071666659,"Feb 4, 2020, 6:12:15 PM",Brick / 3 (chilling for almost a partial Olympic Triathlon),Run,"",2507,8.01,168.0,71,false,,,activities/3278690024.fit.gz,76.0,,2507.0,2484.0,8009.39990234375,7.199999809265137,3.2230000495910645,131.0,113.0,268.6000061035156,394.3999938964844,30.799999237060547,0.207256481051445,,,112.0,81.9195327758789,168.0,156.0,,,608.0,,18.0,71.0,,,,,,,,,,,0.0,,0.0,,1.0,8311.5,,,,,,,,,,,,,,,,,,,,,,,,,,,,,,,,,,,,,,,,""
3075173499,"Feb 5, 2020, 7:39:16 PM",(We) Run / 9 (some more aerobic),Run,"",7155,9.82,181.0,41,false,,,activities/3282567639.fit.gz,76.0,,7155.0,2904.0,9825.400390625,6.599999904632568,3.381999969482422,185.0,112.0,236.1999969482422,374.79998779296875,41.20000076293945,-0.17912757396697998,,,92.0,83.00489044189453,181.0,143.0,,,595.0,,17.0,41.0,,,,,,,,,,,0.0,,0.0,,1.0,10423.7001953125,,,,,,,,,,,,,,,,,,,,,,,,,,,,,,,,,,,,,,,,""
3076649398,"Feb 6, 2020, 11:26:21 AM",Swim / 15 (double pyramid sym 100m),Swim,"",2500,"1,650",,,false,,,activities/3284244473.fit.gz,76.0,,2500.0,1837.0,1650.0,1.899999976158142,0.8980000019073486,,,,,0.0,0.0,,,35.0,29.1412296295166,,,,,400.0,,28.0,,,,,,,,,,,,0.0,,0.0,,1.0,,,,,,,,,,,,,,,,,,,,,,,,,,,,,,,,,,,,,,,,,""
3077352264,"Feb 6, 2020, 5:24:22 PM",Bike / 17 (2x5x1.30'' @45km/h cause why not),Ride,"",2606,25.03,171.0,52,false,,Scott,activities/3285023885.fit.gz,76.0,7.0,2606.0,2584.0,25034.69921875,13.300000190734863,9.743000030517578,10.0,20.0,262.20001220703125,271.6000061035156,3.700000047683716,-0.01757560484111309,,,,,171.0,147.0,,223.4427947998047,569.0,,21.0,52.0,,,,,,,,,,,0.0,,0.0,,1.0,,,,,,,,,,,,,,,,2806964.0,,,,,,,,,,,,,,,,,,,,,,,,,""
3083010682,"Feb 8, 2020, 2:40:07 PM",Run / 10.a (1k-2k-2k-1k @3.40 approximately),Run,"",3209,10.00,182.0,72,false,,,activities/3291274726.fit.gz,76.0,,3209.0,2553.0,10008.400390625,5.699999809265137,3.9200000762939453,77.0,35.0,329.79998779296875,353.6000061035156,23.600000381469727,-0.03796810656785965,,,91.0,82.31855773925781,182.0,154.0,,,610.0,,20.0,72.0,,,,,,,,,,,0.0,,0.0,,1.0,10225.2998046875,,,,,,,,,,,,,,,,,,,,,,,,,,,,,,,,,,,,,,,,""
3083011626,"Feb 8, 2020, 3:35:19 PM",Run / 10.b (resting 7k),Run,"",2352,7.00,159.0,54,false,,,activities/3291275689.fit.gz,76.0,,2352.0,2299.0,7006.10009765625,3.799999952316284,3.046999931335449,46.0,41.0,323.0,355.6000061035156,15.0,-0.06565707176923752,,,86.0,81.39982604980469,159.0,150.0,,,556.0,,21.0,54.0,,,,,,,,,,,0.0,,0.0,,1.0,7086.2998046875,,,,,,,,,,,,,,,,,,,,,,,,,,,,,,,,,,,,,,,,""
3085757842,"Feb 9, 2020, 12:38:05 PM",Bike / 18 (inactive recovery?),Ride,"",7235,42.86,146.0,32,false,,Scott,activities/3294335827.fit.gz,76.0,7.0,7235.0,6938.0,42863.80078125,14.399999618530273,6.2170000076293945,717.0,718.0,314.6000061035156,677.2000122070312,19.100000381469727,-0.025662681087851524,,,,,146.0,124.0,,132.44378662109375,935.0,,17.0,32.0,,,,,,,,,,,0.0,,0.0,,1.0,,,,,,,,,,,,,,,,2806964.0,,,,,,,,,,,,,,,,,,,,,,,,,""
3087859917,"Feb 10, 2020, 11:31:25 AM",Swim / 16 (the first 70.3 swimming race pace test),Swim,"",2497,"1,925",,,false,,,activities/3296729189.fit.gz,76.0,,2497.0,2449.0,1925.0,3.0999999046325684,0.7860000133514404,,,,,0.0,0.0,,,28.0,26.020870208740234,,,,,435.0,,28.0,,,,,,,,,,,,0.0,,0.0,,1.0,,,,,,,,,,,,,,,,,,,,,,,,,,,,,,,,,,,,,,,,,""
3091314404,"Feb 11, 2020, 5:08:36 PM",Bike / 19 (20'+40' above 160bpm),Ride,"",4277,44.01,168.0,120,false,,Scott,activities/3300577383.fit.gz,76.0,7.0,4277.0,4277.0,44015.69921875,11.800000190734863,10.291000366210938,7.0,21.0,260.3999938964844,272.0,7.5,-0.014540266245603561,,,,,168.0,156.0,,231.12391662597656,1078.0,,20.0,120.0,,,,,,,,,,,0.0,,0.0,,1.0,,,,,,,,,,,,,,,,2806964.0,,,,,,,,,,,,,,,,,,,,,,,,,""
3091465384,"Feb 11, 2020, 6:26:30 PM",Brick / 4 (Olympic Tuesday),Run,"",3232,10.01,169.0,98,false,,,activities/3300738739.fit.gz,76.0,,3232.0,3119.0,10009.099609375,7.099999904632568,3.2090001106262207,191.0,157.0,267.20001220703125,424.0,21.299999237060547,0.10390544682741165,,,87.0,80.9283218383789,169.0,159.0,,,802.0,,22.0,98.0,,,,,,,,,,,0.0,,0.0,,1.0,10479.7001953125,,,,,,,,,,,,,,,,,,,,,,,,,,,,,,,,,,,,,,,,""
3094816298,"Feb 12, 2020, 8:09:40 PM",(We) Run / 11 (ripetute in salita 😭🚀),Run,"",5917,9.19,183.0,28,false,,,activities/3304439943.fit.gz,76.0,,5917.0,2488.0,9198.2998046875,7.5,3.697999954223633,229.0,182.0,238.60000610351562,394.6000061035156,39.20000076293945,-0.22395442426204681,,,121.0,83.04804229736328,183.0,140.0,,,498.0,,19.0,28.0,,,,,,,,,,,0.0,,0.0,,1.0,10188.2998046875,,,,,,,,,,,,,,,,,,,,,,,,,,,,,,,,,,,,,,,,""
3096978429,"Feb 13, 2020, 5:26:47 PM","Bike / 20 (5x1.30'', 6x1.30"" @ 45km/h)",Ride,"Feeling great for the second training above FTP, even after 3 intense days of workout!
Let's keep rolling :)",2702,27.73,174.0,67,false,,Scott,activities/3306867207.fit.gz,76.0,7.0,2702.0,2702.0,27736.80078125,13.100000381469727,10.270999908447266,4.0,8.0,248.8000030517578,252.1999969482422,3.0,-0.0014421273954212666,,,,,174.0,152.0,,246.75906372070312,657.0,,21.0,67.0,,,,,,,,,,,0.0,,0.0,,1.0,,,,,,,,,,,,,,,,2806964.0,,,,,,,,,,,,,,,,,,,,,,,,,media/35d1bdb3-86fe-4de5-ab31-58b098ad078d.jpg
3098686231,"Feb 14, 2020, 11:16:55 AM",Swim / 17  (sym pyramid 200m),Swim,"",2590,"1,675",,,false,,,activities/3308782111.fit.gz,76.0,,2590.0,1923.0,1675.0,1.7000000476837158,0.8709999918937683,,,,,0.0,0.0,,,33.0,30.03569793701172,,,,,392.0,,28.0,,,,,,,,,,,,0.0,,0.0,,1.0,,,,,,,,,,,,,,,,,,,,,,,,,,,,,,,,,,,,,,,,,""
3101654182,"Feb 15, 2020, 9:38:24 AM",Active recovery / X,Nordic Ski,"",10136,5.70,143.0,12,false,,,activities/3312122758.fit.gz,76.0,,10136.0,4094.0,5699.2998046875,12.199999809265137,1.1349999904632568,317.0,350.0,1571.800048828125,1777.0,49.29999923706055,-0.29477304220199585,,,121.0,54.870792388916016,143.0,105.0,,,541.0,,24.0,12.0,,,,,,,,,,,0.0,,0.0,,1.0,,,,,,,,,,,,,,,,,,,,,,,,,,,,,,,,,,,,,,,,,""
3104541246,"Feb 16, 2020, 8:54:18 AM","Bike / 21 (Rossa, Gallo e Selvino)",Ride,"Fine settimana di incrementi con 9.15 ore di carico. Colle Gallo PR al medio+, Selvino in gestione e leggera progressione. Ora una settimana di riposo. Feeling great!",10758,68.02,187.0,189,false,,Scott,activities/3315369478.fit.gz,76.0,7.0,10758.0,10460.0,68026.0,16.799999237060547,6.507999897003174,1576.0,1538.0,301.3999938964844,1067.4000244140625,25.0,0.00999617762863636,,,,,187.0,145.0,,170.43411254882812,1931.0,,16.0,189.0,,,,,,,,,,,0.0,,0.0,,1.0,,,,,,,,,,,,,,,,2806964.0,,,,,,,,,,,,,,,,,,,,,,,,,""
3107815363,"Feb 17, 2020, 1:49:11 PM",Bike / 22 (chilling pre trasferta),Ride,"",3602,33.03,149.0,29,false,,Scott,activities/3319059787.fit.gz,76.0,7.0,3602.0,3602.0,33034.30078125,10.300000190734863,9.175000190734863,6.0,9.0,280.3999938964844,288.20001220703125,6.400000095367432,0.0072651756927371025,,,,,149.0,131.0,,171.78150939941406,630.0,,22.0,29.0,,,,,,,,,,,0.0,,0.0,,1.0,,,,,,,,,,,,,,,,2806964.0,,,,,,,,,,,,,,,,,,,,,,,,,""
3111381963,"Feb 18, 2020, 5:33:37 PM",Run / 12 (progressione 15k),Run,"La settimana di scarico inizia bene con 12+3k in progressione al 100%, nel traffico).
Ok forse però da domani scarico vero...",4345,15.01,181.0,123,false,,,activities/3323040357.fit.gz,78.5,,4345.0,3966.0,15012.2001953125,6.599999904632568,3.7850000858306885,62.0,36.0,18.200000762939453,40.0,10.699999809265137,0.0013322497252374887,,,115.0,82.11408996582031,181.0,159.0,,,1025.0,,19.0,123.0,,,,,,,,,,,0.0,,0.0,,1.0,15156.0,1582045184.0,2.0,9.949999809265137,7.539999961853027,2.4700000286102295,0.6000000238418579,1025.300048828125,4.96999979019165,10.020000457763672,233.0,0.0,1582008960.0,1582046208.0,0.8500000238418579,,,,,,,,,,,,,,,,,,,,,,,,,,media/ba6d60e6-b907-42b5-b2c9-d39549c99afb.jpg
3117109230,"Feb 20, 2020, 5:07:56 PM",Run / 13 (Quality hills and low BPM),Run,"",4885,15.02,167.0,77,false,,,activities/3329423521.fit.gz,78.5,,4885.0,4706.0,15025.599609375,6.900000095367432,3.193000078201294,277.0,260.0,262.0,494.6000061035156,18.299999237060547,-0.025290170684456825,,,90.0,82.36935424804688,167.0,146.0,,,972.0,,17.0,77.0,,,,,,,,,,,0.0,,0.0,,1.0,15710.900390625,1582217984.0,2.0,9.670000076293945,9.34000015258789,-0.8999999761581421,0.47999998927116394,1024.300048828125,1.440000057220459,1.440000057220459,139.0,0.0,1582179456.0,1582217728.0,0.9100000262260437,,,,,,,,,,,,,,,,,,,,,,,,,,""
3118878609,"Feb 21, 2020, 11:17:56 AM","Swim / 17 (1x100 vasche, base training time?)",Swim,"",3316,"2,525",,,false,,,activities/3331404093.fit.gz,78.5,,3316.0,3244.0,2525.0,1.5,0.777999997138977,,,,,0.0,0.0,,,35.0,29.06204605102539,,,,,550.0,,28.0,,,,,,,,,,,,0.0,,0.0,,1.0,,,,,,,,,,,,,,,,,,,,,,,,,,,,,,,,,,,,,,,,,""
3122269712,"Feb 22, 2020, 12:59:55 PM",Bike / 23 (end of recovery week),Ride,"Col di Pasta lavori di potenziamento, Selvino al lento in 40.30 (@152 bpm). Fine settimana di cazzeggio :S",8572,56.12,172.0,96,false,,Scott,activities/3335165060.fit.gz,78.5,7.0,8572.0,8241.0,56124.6015625,14.699999809265137,6.823999881744385,1025.0,991.0,242.8000030517578,1062.199951171875,20.600000381469727,0.015323049388825893,,,,,172.0,136.0,,165.0340118408203,1386.0,,19.0,96.0,,,,,,,,,,,0.0,,0.0,,1.0,,1582372864.0,1.0,8.989999771118164,8.0600004196167,-0.30000001192092896,0.5199999809265137,1031.0,1.9500000476837158,1.9600000381469727,209.0,0.0,1582352000.0,1582390656.0,0.9700000286102295,2806964.0,,,,,,,,,,,,,,,,,,,,,,,,,""
3128719021,"Feb 24, 2020, 5:44:45 PM",Run / 14 (back to business and to S. Vigilio),Run,"",3428,10.76,180.0,97,false,,,activities/3342343610.fit.gz,78.5,,3428.0,3294.0,10761.900390625,6.800000190734863,3.2669999599456787,227.0,235.0,221.1999969482422,443.20001220703125,26.700000762939453,-0.07061950117349625,,,88.0,80.43201446533203,180.0,157.0,,,822.0,,20.0,97.0,,,,,,,,,,,0.0,,0.0,,1.0,11417.400390625,1582563584.0,1.0,12.829999923706055,12.829999923706055,8.770000457763672,0.7599999904632568,1018.4000244140625,1.8300000429153442,2.4200000762939453,129.0,0.005100000184029341,1582524672.0,1582563712.0,0.03999999910593033,,,,,,,,,,,,,,,,,,,,,,,,,,""
3131834905,"Feb 25, 2020, 4:50:05 PM",Bike / 24 (20'+40' above 160bpm),Ride,"",5143,46.12,167.0,118,false,,Scott,activities/3345783451.fit.gz,78.5,7.0,5143.0,4499.0,46128.8984375,11.399999618530273,10.25,10.0,16.0,257.20001220703125,261.0,3.200000047683716,0.006069947499781847,,,,,167.0,154.0,,233.47877502441406,1112.0,,21.0,118.0,,,,,,,,,,,0.0,,0.0,,1.0,,1582646400.0,3.0,10.930000305175781,10.930000305175781,9.579999923706055,0.9100000262260437,1005.4000244140625,0.8799999952316284,0.8799999952316284,262.0,0.03319999948143959,1582610944.0,1582650240.0,0.07000000029802322,2806964.0,,,,,,,,,,,,,,,,,,,,,,,,,""
3131835760,"Feb 25, 2020, 6:25:10 PM",Brick / 5 (5k tempo) 🚀🔥,Run,"",1200,5.01,180.0,60,false,,,activities/3345784334.fit.gz,78.5,,1200.0,1200.0,5014.89990234375,6.0,4.179999828338623,33.0,17.0,268.6000061035156,292.20001220703125,33.5,0.3070848882198334,,,89.0,81.56416320800781,180.0,170.0,,,339.0,,21.0,60.0,,,,,,,,,,,0.0,,0.0,,1.0,5090.89990234375,1582653568.0,3.0,10.819999694824219,10.819999694824219,8.539999961853027,0.8600000143051147,1005.7000122070312,1.090000033378601,1.090000033378601,270.0,0.014999999664723873,1582610944.0,1582650240.0,0.07000000029802322,,,,,,,,,,,,,,,,,,,,,,,,,,""
3131836288,"Feb 25, 2020, 6:48:25 PM",Run / 15 (recovery back),Run,"",693,2.47,166.0,21,false,,,activities/3345784970.fit.gz,78.5,,693.0,687.0,2470.699951171875,6.099999904632568,3.565999984741211,19.0,6.0,274.6000061035156,293.20001220703125,10.199999809265137,0.4937871992588043,,,83.0,80.43338012695312,166.0,160.0,,,189.0,,22.0,21.0,,,,,,,,,,,0.0,,0.0,,1.0,2529.0,1582653568.0,3.0,10.819999694824219,10.819999694824219,8.539999961853027,0.8600000143051147,1005.7000122070312,1.090000033378601,1.090000033378601,270.0,0.014999999664723873,1582610944.0,1582650240.0,0.07000000029802322,,,,,,,,,,,,,,,,,,,,,,,,,,""
3134327670,"Feb 26, 2020, 5:31:12 PM",Bike / 25 (the 130 bpm recovery),Ride,"",3635,30.59,142.0,22,false,,Scott,activities/3348548083.fit.gz,78.5,7.0,3635.0,3635.0,30593.0,9.100000381469727,8.496999740600586,8.0,39.0,308.6000061035156,314.20001220703125,5.699999809265137,0.005229954607784748,,,,,142.0,129.0,,144.42613220214844,608.0,,28.0,22.0,,,,,,,,,,,0.0,,0.0,,1.0,,1582736384.0,1.0,8.479999542236328,5.809999942779541,-10.779999732971191,0.23999999463558197,1003.2000122070312,4.699999809265137,9.619999885559082,312.0,0.0,1582697216.0,1582736640.0,0.10000000149011612,2806964.0,,,,,,,,,,,,,,,,,,,,,,,,,""
3136846557,"Feb 27, 2020, 5:24:49 PM",Run / 16 (2k + 5x1k @3.30-3.40),Run,"Ripetute veloci, riposo 90''
Triangolo is the new Saletti",2176,7.01,173.0,15,false,,,activities/3351356642.fit.gz,78.5,,2176.0,1667.0,7015.2001953125,5.800000190734863,4.206999778747559,55.0,18.0,337.20001220703125,351.0,10.800000190734863,0.16535523533821106,,,95.0,85.00485229492188,173.0,137.0,,,333.0,,18.0,15.0,,,,,,,,,,,0.0,,0.0,,1.0,7179.10009765625,1582822784.0,3.0,8.470000267028809,8.470000267028809,-6.630000114440918,0.3400000035762787,1005.2000122070312,1.25,1.5099999904632568,39.0,0.007199999876320362,1582783616.0,1582823040.0,0.12999999523162842,,,,,,,,,,,,,,,,,,,,,,,,,,""
3141530887,"Feb 29, 2020, 8:03:08 AM",Bike 26 / (the long Saturday saga begins),Ride,"",17067,100.70,182.0,186,false,,Scott,activities/3356554633.fit.gz,78.5,7.0,17067.0,13696.0,100704.296875,17.5,7.370999813079834,1197.0,1084.0,305.6000061035156,818.4000244140625,21.100000381469727,0.021846137940883636,,,,,182.0,139.0,,156.6053466796875,2367.0,,17.0,186.0,,,,,,,,,,,0.0,,0.0,,1.0,,1582963200.0,3.0,5.300000190734863,5.300000190734863,-6.869999885559082,0.4099999964237213,1016.5,0.7400000095367432,1.1100000143051147,116.0,0.0,1582956160.0,1582995968.0,0.1899999976158142,2806964.0,,0.0,,1.0,16093.0,1.0,305.20001220703125,,,,,,,,,,,,,,,,,,""
3144611946,"Mar 1, 2020, 10:06:07 AM",Run / 19 (the tired legs half marathon),Run,The 70.3 needs to be there in the legs.,6875,21.17,183.0,235,false,,,activities/3359984245.fit.gz,78.5,,6875.0,6741.0,21177.099609375,6.300000190734863,3.1419999599456787,382.0,364.0,370.20001220703125,686.7999877929688,31.399999618530273,0.021721577271819115,,,88.0,80.957275390625,183.0,160.0,,,1731.0,,15.0,235.0,,,,,,,,,,,0.0,,0.0,,1.0,22105.400390625,1583056768.0,5.0,4.960000038146973,4.960000038146973,4.960000038146973,1.0,1007.7999877929688,0.5099999904632568,0.8199999928474426,352.0,0.6062999963760376,1583042432.0,1583082496.0,0.2199999988079071,,,0.5600000023841858,5.0,1.0,11182.0,2.0,355.29998779296875,,,,,,,,,,,,,,,,,,""
3151113222,"Mar 3, 2020, 4:48:31 PM","Run / 20 (chill, hill and BPMs)",Run,"",4503,14.00,172.0,87,false,,,activities/3367258738.fit.gz,78.5,,4503.0,4495.0,14004.599609375,5.199999809265137,3.115000009536743,255.0,265.0,218.39999389648438,452.3999938964844,23.100000381469727,-0.07426131516695023,,,92.0,80.69390106201172,172.0,149.0,,,961.0,,17.0,87.0,,,,,,,,,,,0.0,,0.0,,1.0,14572.2001953125,1583251200.0,2.0,10.40999984741211,10.40999984741211,3.8299999237060547,0.6399999856948853,1000.9000244140625,1.3899999856948853,2.180000066757202,136.0,0.0,1583214976.0,1583255552.0,0.2800000011920929,,,0.0,,0.8700000047683716,16093.0,0.0,403.8999938964844,,,,,,,,,,,,,,,,,,""
3154263690,"Mar 4, 2020, 5:04:54 PM",Bike / 27 (20'+40' @160bpm),Ride,"",4409,45.00,165.0,118,false,,Scott,activities/3370737230.fit.gz,78.5,7.0,4409.0,4409.0,45008.1015625,11.300000190734863,10.265000343322754,7.0,24.0,200.0,206.0,3.9000000953674316,-0.005332373548299074,,,,,165.0,155.0,,232.913818359375,1111.0,,20.0,118.0,,,,,,,,,,,0.0,,0.0,,1.0,,1583341184.0,2.0,8.640000343322754,8.0,1.190000057220459,0.6000000238418579,1014.0999755859375,1.5800000429153442,1.5800000429153442,168.0,0.00800000037997961,1583301248.0,1583342080.0,0.3199999928474426,2806964.0,,0.05000000074505806,5.0,0.49000000953674316,16093.0,0.0,365.3999938964844,,,,,,,,,,,,,,,,,,""
3154311180,"Mar 4, 2020, 6:27:16 PM",Brick / 6 (5k tempo!),Run,"",1183,5.00,180.0,67,false,,,activities/3370788870.fit.gz,78.5,,1183.0,1175.0,5008.2998046875,6.900000095367432,4.264999866485596,40.0,23.0,267.20001220703125,294.3999938964844,14.600000381469727,0.3873569965362549,,,109.0,84.44000244140625,180.0,173.0,,,344.0,,19.0,67.0,,,,,,,,,,,0.0,,0.0,,1.0,5126.89990234375,1583344768.0,2.0,7.460000038146973,7.460000038146973,1.1799999475479126,0.6399999856948853,1014.0,1.0399999618530273,1.309999942779541,96.0,0.0,1583301248.0,1583342080.0,0.3199999928474426,,,0.0,,0.5099999904632568,16093.0,0.0,362.79998779296875,,,,,,,,,,,,,,,,,,""
3154311821,"Mar 4, 2020, 6:53:02 PM",Run / 21 (chilling back),Run,"",557,2.11,171.0,19,false,,,activities/3370789565.fit.gz,78.5,,557.0,553.0,2109.0,6.0,3.809000015258789,22.0,8.0,274.3999938964844,294.20001220703125,9.699999809265137,0.5120910406112671,,,87.0,83.83060455322266,171.0,161.0,,,152.0,,19.0,19.0,,,,,,,,,,,0.0,,0.0,,1.0,2165.699951171875,1583344768.0,2.0,7.460000038146973,7.460000038146973,1.1799999475479126,0.6399999856948853,1014.0,1.0399999618530273,1.309999942779541,96.0,0.0,1583301248.0,1583342080.0,0.3199999928474426,,,0.0,,0.5099999904632568,16093.0,0.0,362.79998779296875,,,,,,,,,,,,,,,,,,""
3157055658,"Mar 5, 2020, 5:02:14 PM",Bike / 22 (recovery @125bpm),Ride,"",3740,29.46,145.0,17,false,,Scott,activities/3373830047.fit.gz,78.5,7.0,3740.0,3740.0,29468.30078125,8.5,7.880000114440918,8.0,25.0,339.6000061035156,346.3999938964844,4.900000095367432,-0.007465649396181107,,,,,145.0,124.0,,119.10641479492188,586.0,,27.0,17.0,,,,,,,,,,,0.0,,0.0,,1.0,,1583427584.0,5.0,6.739999771118164,5.039999961853027,2.8399999141693115,0.7599999904632568,1005.2000122070312,2.4100000858306885,4.75,98.0,0.5665000081062317,1583387520.0,1583428480.0,0.3499999940395355,2806964.0,,0.5600000023841858,5.0,0.949999988079071,7574.0,0.0,295.79998779296875,,,,,,,,,,,,,,,,,,""
3160211462,"Mar 6, 2020, 7:50:27 PM",Active recovery (96 bpm lol) / X (Cima Formico in ski Alp),Nordic Ski,"",10326,6.14,154.0,18,false,,,activities/3377329595.fit.gz,78.5,,10326.0,5671.0,6139.39990234375,8.199999809265137,0.7990000247955322,433.0,408.0,1364.800048828125,1800.199951171875,47.5,-0.8111541867256165,,,85.0,57.72233581542969,154.0,96.0,,,677.0,,19.0,18.0,,,,,,,,,,,0.0,,0.0,,1.0,,1583521152.0,3.0,0.6299999952316284,0.6299999952316284,-0.4300000071525574,0.9300000071525574,1003.5999755859375,0.8500000238418579,1.3200000524520874,24.0,0.027499999850988388,1583473792.0,1583514880.0,0.38999998569488525,,,0.05000000074505806,6.0,1.0,16093.0,0.0,359.1000061035156,,,,,,,,,,,,,,,,,,media/72bce5c4-88e8-4358-84f5-374a2c84a5c8.jpg|media/a446706d-4a48-4c3e-99ee-0c74b8d3ae58.jpg
3161659675,"Mar 7, 2020, 10:31:22 AM",Run / 22 (2k+2x5k @4.00),Run,"",3344,11.99,188.0,153,false,,,activities/3378937642.fit.gz,78.5,,3344.0,3006.0,11998.2001953125,4.900000095367432,3.992000102996826,94.0,92.0,331.79998779296875,347.6000061035156,15.5,-0.05167441815137863,,,92.0,81.91802978515625,188.0,171.0,,,873.0,,23.0,153.0,,,,,,,,,,,0.0,,0.0,,1.0,12208.7001953125,1583575168.0,2.0,10.1899995803833,10.1899995803833,2.799999952316284,0.6000000238418579,1013.5999755859375,1.2300000190734863,2.9100000858306885,61.0,0.0,1583560192.0,1583601408.0,0.4300000071525574,,,0.0,,0.36000001430511475,16093.0,2.0,409.20001220703125,,,,,,,,,,,,,,,,,,""
3164848501,"Mar 8, 2020, 7:37:20 AM","Bike / 23 (Rossa, Colli San Fermo, Gallo, Orezzo)",Ride,La gamba gira con il 39x25 sui colli di San Fermo.,13325,74.85,179.0,221,false,,Scott,activities/3382481403.fit.gz,78.5,7.0,13325.0,12597.0,74855.296875,15.699999809265137,5.943999767303467,2039.0,2011.0,298.20001220703125,1210.4000244140625,39.5,-0.0034733680076897144,,,,,179.0,144.0,,173.79083251953125,2416.0,,16.0,221.0,,,,,,,,,,,0.0,,0.0,,1.0,,1583650816.0,1.0,1.2799999713897705,-0.49000000953674316,-7.019999980926514,0.5400000214576721,1022.2000122070312,1.6299999952316284,2.309999942779541,42.0,0.0,1583646464.0,1583687936.0,0.4699999988079071,2806964.0,,0.0,,0.07000000029802322,16093.0,0.0,376.70001220703125,,,,,,,,,,,,,,,,,,media/ad7e5a8f-03c7-4da9-a0fa-a55794cdf140.jpg|media/f582561d-b70d-48a0-a3de-fc3e7443f7da.jpg
3174679613,"Mar 11, 2020, 4:11:12 PM",Run / 23 (running safe!),Run,"",4170,10.50,179.0,58,false,,,activities/3393359275.fit.gz,78.5,,4170.0,3415.0,10502.2998046875,4.199999809265137,3.075000047683716,357.0,298.0,523.0,803.4000244140625,44.099998474121094,-0.10093027353286743,,,124.0,78.88691711425781,179.0,146.0,,,753.0,,21.0,58.0,,,,,,,,,,,0.0,,0.0,,1.0,11863.0,1583942400.0,1.0,14.3100004196167,14.3100004196167,6.360000133514404,0.5899999737739563,1018.7000122070312,0.8899999856948853,1.190000057220459,147.0,0.0,1583905280.0,1583947392.0,0.5799999833106995,,,0.0,,0.0,16093.0,0.0,304.1000061035156,,,,,,,,,,,,,,,,,,""
3185904269,"Mar 15, 2020, 2:02:58 PM",Run / 24 (hills ill),Run,"",2759,8.48,183.0,76,false,,,activities/3405832592.fit.gz,78.5,,2759.0,2588.0,8487.7001953125,6.5,3.2790000438690186,303.0,267.0,370.20001220703125,677.5999755859375,30.5,-0.00471270177513361,,,91.0,81.28527069091797,183.0,157.0,,,657.0,,18.0,76.0,,,,,,,,,,,0.0,,0.0,,1.0,9340.099609375,1584280832.0,2.0,9.40999984741211,9.40999984741211,1.6399999856948853,0.5799999833106995,1023.7999877929688,1.340000033378601,1.5700000524520874,205.0,0.10339999943971634,1584250496.0,1584293248.0,0.7300000190734863,,,0.05999999865889549,5.0,0.75,16093.0,2.0,356.3999938964844,,,,,,,,,,,,,,,,,,""
3188895515,"Mar 16, 2020, 4:05:39 PM",Camminata con Liuk!,Run,"",4114,5.25,156.0,11,false,,,activities/3409118662.fit.gz,78.5,,4114.0,4098.0,5253.2998046875,2.5,1.281999945640564,404.0,408.0,703.7999877929688,1101.5999755859375,46.0,-0.11802105605602264,,,112.0,51.24089050292969,156.0,108.0,,,454.0,,19.0,11.0,,,,,,,,,,,0.0,,0.0,,1.0,7935.89990234375,1584374400.0,1.0,9.369999885559082,9.369999885559082,2.259999990463257,0.6100000143051147,1026.199951171875,0.9300000071525574,1.100000023841858,184.0,0.0,1584336768.0,1584379776.0,0.7599999904632568,,,0.0,,0.029999999329447746,16093.0,0.0,335.79998779296875,,,,,,,,,,,,,,,,,,""
3191579450,"Mar 17, 2020, 3:52:20 PM",Bike / 24 (where's the motivation?),Ride,"",3901,0,164.0,85,false,,Scott,activities/3412031279.fit.gz,78.5,7.0,3901.0,3901.0,,0.0,0.0,,,,,0.0,0.0,,,,,164.0,147.0,,,900.0,,14.0,85.0,,,,,,,,,,,0.0,,0.0,,1.0,,,,,,,,,,,,,,,,2806964.0,,,,,,,,,,,,,,,,,,,,,,,,,""
3194959436,"Mar 18, 2020, 4:00:30 PM",Run / 25 (Val de Gru hard),Run,"",6927,14.64,185.0,84,false,,,activities/3415664186.fit.gz,78.5,,6927.0,4624.0,14642.7998046875,9.699999809265137,3.1670000553131104,484.0,445.0,541.0,801.7999877929688,34.29999923706055,-0.08741497248411179,,,109.0,80.17181396484375,185.0,146.24842834472656,,,978.0,,18.0,84.0,,,,,,,,,,,0.0,,0.0,,1.0,16665.5,1584547200.0,1.0,14.390000343322754,14.390000343322754,3.5299999713897705,0.47999998927116394,1026.5,0.9599999785423279,1.3300000429153442,150.0,0.0,1584509312.0,1584552704.0,0.8299999833106995,,,0.0,,0.2199999988079071,16093.0,0.0,348.1000061035156,,,,,,,,,,,,,,,,,,""
3200212737,"Mar 20, 2020, 12:35:54 PM",Bike / 25.1 (...),Ride,"",3338,0,170.0,50,false,,Scott,activities/3421311185.fit.gz,78.5,7.0,3338.0,3338.0,,0.0,0.0,,,,,0.0,0.0,,,,,170.0,146.0,,,610.0,,20.0,50.0,,,,,,,,,,,0.0,,0.0,,1.0,,,,,,,,,,,,,,,,2806964.0,,,,,,,,,,,,,,,,,,,,,,,,,""
3200367234,"Mar 20, 2020, 1:50:37 PM",Bike / 25.2 (2x20' @165+bpm) Tacx are here,Ride,"",3600,37.31,181.0,127,false,,Scott,activities/3421476993.fit.gz,78.5,7.0,3600.0,3600.0,37315.5,11.5,10.368000030517578,,,,,0.0,0.0,,,100.0,81.8134536743164,181.0,161.0,,221.97305297851562,796.0,,21.0,127.0,799297.0,,,,,,,,231.0,3601.0,0.0,,0.0,,1.0,,,,,,,,,,,,,,,,2806964.0,,,,,,,,,,,,,,,,,,,,,,,,,""
3203486263,"Mar 21, 2020, 1:01:22 PM",Bike / 26 (La Primavera),Virtual Ride,"",4705,43.69,,,false,,Scott,activities/3424815667.tcx.gz,78.5,7.0,4705.0,4705.0,43692.8984375,22.700000762939453,9.286482810974121,866.3794555664062,879.47900390625,-5.900000095367432,248.6999969482422,35.0,-0.029981987550854683,,,106.0,76.52816009521484,,,,230.0979766845703,1035.0,,,,,,,,,,,,241.0,4706.0,0.0,,0.0,,1.0,,,,,,,,,,,,,,,,2806964.0,,,,,,,,,,,,,,,,,,,,,,,,,media/68008ec1-4259-4289-8420-ac89b0c0696a.jpg
3207169688,"Mar 22, 2020, 1:49:40 PM",Run / 26 (10K trail of la chiesa),Run,"",3781,10.00,180.0,178,false,,,activities/3428749657.fit.gz,78.5,,3781.0,3781.0,10007.099609375,4.300000190734863,2.6459999084472656,493.0,500.0,683.2000122070312,710.0,46.20000076293945,0.08993614464998245,,,128.0,79.76841735839844,180.0,168.0,,,1039.0,,18.0,178.0,,,,,,,,,,,0.0,,0.0,,1.0,12202.900390625,1584882048.0,3.0,9.720000267028809,9.720000267028809,4.289999961853027,0.6899999976158142,1019.2999877929688,1.0199999809265137,1.3300000429153442,223.0,0.16539999842643738,1584854400.0,1584898560.0,0.949999988079071,,,0.10000000149011612,5.0,0.9800000190734863,16093.0,3.0,342.8999938964844,,,,,,,,,,,,,,,,,,""
3213670997,"Mar 24, 2020, 4:19:37 PM",Bike / 27 (first time on Zwift!),Virtual Ride,"",3884,32.81,,,false,,Scott,activities/3435703602.fit.gz,78.5,7.0,3884.0,3884.0,32814.5,24.299999237060547,8.444999694824219,691.0,0.0,-6.400000095367432,516.2000122070312,19.600000381469727,-0.006704353261739016,,,97.0,67.55391693115234,,0.0,,261.1722106933594,966.0,,,,,,,,,,,,267.0,3885.0,0.0,,0.0,,1.0,,,,,,,,,,,,,,,,2806964.0,,,,,,,,,,,,,,,,,,,,,,,,,media/c428bd58-b651-441d-bf40-e60a1df7c38d.jpg
3221003968,"Mar 26, 2020, 5:00:10 PM",Bike / 28 (The Ironman postponement ride),Virtual Ride,"",3936,40.30,,,false,,Scott,activities/3443479712.fit.gz,78.5,7.0,3936.0,3936.0,40302.69921875,18.0,10.237000465393066,328.0,0.0,-6.400000095367432,131.8000030517578,11.600000381469727,0.0,,,135.0,69.25798034667969,,0.0,,253.27391052246094,952.0,,,,,,,,,,,,264.0,3937.0,0.0,,0.0,,1.0,,,,,,,,,,,,,,,,2806964.0,,,,,,,,,,,,,,,,,,,,,,,,,media/1ea0a738-ad75-460b-af3b-fdf79806a2e3.jpg
3223883117,"Mar 27, 2020, 2:03:24 PM",Bike / 28 (55km in London @260W),Virtual Ride,"",5435,55.07,,,false,,Scott,activities/3446561040.fit.gz,78.5,7.0,5435.0,5435.0,55072.6015625,22.600000381469727,10.130999565124512,476.0,0.0,3.0,155.60000610351562,15.5,-0.006173668894916773,,,111.0,62.88022232055664,,0.0,,263.390625,1368.0,,,,,,,,,,,,266.0,5436.0,0.0,,0.0,,1.0,,,,,,,,,,,,,,,,2806964.0,,,,,,,,,,,,,,,,,,,,,,,,,media/d6d8a65b-6f73-4aa0-9af0-43a34061807f.jpg
3246719697,"Apr 2, 2020, 2:28:16 PM",Bike / 29 (Gavia afterwork),Virtual Ride,"The Passo Gavia was immortalized in 1988 when the Giro d'Italia race director decided to keep the race going through a freezing cold blizzard on the climb towards the stage finish in Bormio. Erik Breukink won this epic stage and Andy Hampsten finished ahead of his rivals to win the Giro. It would become one of the most brutal days in recent pro cycling history. La Gazzetta dello Sport ran the headline “The Day the Big Men Cried”.

Filmed in very different sunny spring time conditions, though there is a fair amount of snow at the top. This time it's the more scenic type.

The ride starts with a valley and some open pastures next to a stream that's full of meltwater. Things get much tougher with some steep sections that will start when you pass the official Passo Gavia sign at about 6km into the ride. Then once out of the treeline, the climb settles down to a steady grind heading to the plateau at the top. There is a dark tunnel in the final part of the climb that's as dark as it actually is in reality. Try to suffer through this and you're into much more rugged terrain with snowbanks and rocks. You can do this! ",4845,20.56,,,false,,Scott,activities/3470822067.tcx.gz,78.5,7.0,4845.0,4845.0,20568.099609375,19.200000762939453,4.245222091674805,1339.42529296875,177.8300018310547,1298.9000244140625,2620.5,49.70000076293945,5.647580623626709,,,84.0,48.90111541748047,,,,251.8994903564453,1166.0,,,,,,,,,,,,255.0,4846.0,0.0,,0.0,,1.0,,,,,,,,,,,,,,,,2806964.0,,,,,,,,,,,,,,,,,,,,,,,,,media/2ea90ecd-88aa-4fa0-a5e0-b23f049ede7a.jpg
3249599467,"Apr 3, 2020, 12:12:23 PM",Run / 27 (random 5k),Run,"",2050,5.00,183.0,62,false,,,activities/3473865953.fit.gz,78.5,,2050.0,1825.0,5004.60009765625,4.199999809265137,2.742000102996826,186.0,171.0,666.5999755859375,695.4000244140625,42.599998474121094,-0.05994484946131706,,,97.0,77.71026611328125,183.0,159.0,,,468.0,,23.0,62.0,,,,,,,,,,,0.0,,0.0,,1.0,5874.7998046875,1585915136.0,1.0,12.270000457763672,12.270000457763672,-1.899999976158142,0.3700000047683716,1014.0,1.7300000190734863,1.850000023841858,192.0,0.0,1585889792.0,1585936384.0,0.33000001311302185,,,0.0,,0.0,16093.0,5.0,366.20001220703125,,,,,,,,,,,,,,,,,,""
3253793219,"Apr 4, 2020, 12:28:54 PM",Bike / 30 (Watopia),Virtual Ride,"",5672,52.95,,,false,,Scott,activities/3478327865.fit.gz,78.5,7.0,5672.0,5672.0,52956.19921875,19.399999618530273,9.333999633789062,582.0,0.0,-6.400000095367432,100.19999694824219,12.699999809265137,0.00037767059984616935,,,91.0,61.97661209106445,,0.0,,249.16490173339844,1348.0,,,,,,,,,,,,259.0,5673.0,0.0,,0.0,,1.0,,,,,,,,,,,,,,,,2806964.0,,,,,,,,,,,,,,,,,,,,,,,,,media/2270ee3c-66df-457a-ae6d-fe7ceb43803b.jpg
3258537291,"Apr 5, 2020, 12:22:26 PM",Run / 28.1 (5k parte 1),Run,"",1728,5.00,182.0,53,false,,,activities/3483444168.fit.gz,78.5,,1728.0,1728.0,5006.39990234375,4.5,2.8959999084472656,227.0,241.0,671.5999755859375,697.2000122070312,38.20000076293945,-0.16778524219989777,,,103.0,80.36913299560547,182.0,157.0,,,430.0,,23.0,53.0,,,,,,,,,,,0.0,,0.0,,1.0,6023.60009765625,1586087936.0,1.0,14.050000190734863,14.050000190734863,-2.119999885559082,0.33000001311302185,1025.5999755859375,1.7300000190734863,1.7300000190734863,200.0,0.0,1586062336.0,1586109312.0,0.4099999964237213,,,0.0,,0.25999999046325684,16093.0,5.0,346.5,,,,,,,,,,,,,,,,,,""
3258538770,"Apr 5, 2020, 1:30:11 PM",Run / 28.2 (5k reverse),Run,"",1840,5.00,184.0,91,false,,,activities/3483445797.fit.gz,78.5,,1840.0,1829.0,5002.89990234375,5.5,2.7339999675750732,164.0,160.0,680.5999755859375,704.2000122070312,40.400001525878906,0.30782145261764526,,,88.0,76.61865234375,184.0,170.0,,,494.0,,26.0,91.0,,,,,,,,,,,0.0,,0.0,,1.0,5788.7001953125,1586091648.0,1.0,15.029999732971191,15.029999732971191,-2.069999933242798,0.3100000023841858,1024.9000244140625,1.649999976158142,1.649999976158142,205.0,0.0,1586062336.0,1586109312.0,0.4099999964237213,,,0.0,,0.25,16093.0,4.0,343.70001220703125,,,,,,,,,,,,,,,,,,""
3262264086,"Apr 6, 2020, 12:20:13 PM",Bike / 31 (4x3' piram @260/290/325W),Virtual Ride,"",4803,41.12,,,false,,Scott,activities/3487507844.fit.gz,78.5,7.0,4803.0,4763.0,41119.80078125,20.299999237060547,8.559000015258789,678.0,0.0,4.400000095367432,132.8000030517578,19.600000381469727,-0.0029183020815253258,,,117.0,76.4425277709961,,0.0,,225.81991577148438,1027.0,,,,,,,,,,,,253.0,4804.0,0.0,,0.0,,1.0,,,,,,,,,,,,,,,,2806964.0,,,,,,,,,,,,,,,,,,,,,,,,,media/a8e39aa7-4f73-418b-a1ba-6147acf0fba6.jpg
3275869680,"Apr 9, 2020, 2:47:12 PM",Bike / 32 (chilling in Watopia),Virtual Ride,"",3741,37.62,,,false,,Scott,activities/3501961162.fit.gz,78.5,7.0,3741.0,3741.0,37623.6015625,17.5,10.055000305175781,315.0,0.0,-6.400000095367432,131.8000030517578,11.199999809265137,-0.014352693222463131,,,112.0,69.95468139648438,,0.0,,247.5928955078125,885.0,,,,,,,,,,,,259.0,3742.0,0.0,,0.0,,1.0,,,,,,,,,,,,,,,,2806964.0,,,,,,,,,,,,,,,,,,,,,,,,,media/ba8e7231-1415-43c4-ad73-4f74df2b878d.jpg
3280939008,"Apr 10, 2020, 4:30:00 PM",Bike / 33 (Tour of Watopia stage 1),Virtual Ride,"",3882,41.25,,,false,,Scott,activities/3507308376.fit.gz,78.5,7.0,3882.0,3882.0,41258.30078125,18.5,10.621999740600586,333.0,0.0,-6.400000095367432,131.8000030517578,11.199999809265137,0.008725517429411411,,,92.0,74.20113372802734,,0.0,,281.56121826171875,1043.0,,,,,,,,,,,,287.0,3883.0,0.0,,0.0,,1.0,,,,,,,,,,,,,,,,2806964.0,,,,,,,,,,,,,,,,,,,,,,,,,media/6dea7d1d-6a8e-48b9-a7b3-21c4c5459f06.jpg
3283641071,"Apr 11, 2020, 9:00:00 AM",Bike / 34 (Tour of Watopia stage 2),Virtual Ride,"",8206,74.05,,,false,,Scott,activities/3510175146.fit.gz,78.5,7.0,8206.0,8206.0,74056.203125,24.700000762939453,9.022000312805176,1365.0,0.0,-6.400000095367432,516.2000122070312,20.0,-0.01620391011238098,,,131.0,64.03472900390625,,0.0,,264.78173828125,2076.0,,,,,,,,,,,,269.0,8207.0,0.0,,0.0,,1.0,,,,,,,,,,,,,,,,2806964.0,,,,,,,,,,,,,,,,,,,,,,,,,media/da6a5a96-03a3-4ca2-8e1c-69552c4813a5.jpg
3289201103,"Apr 12, 2020, 12:46:05 PM",Bike / 35 (fuck Tacx),Virtual Ride,"",3630,16.36,,,false,,Scott,activities/3516024503.fit.gz,78.5,7.0,3630.0,3567.0,16361.5,14.300000190734863,4.505000114440918,940.0,0.0,7.199999809265137,929.5999755859375,22.200000762939453,5.147449970245361,,,120.0,56.513118743896484,,0.0,,260.4554138183594,885.0,,,,,,,,,,,,265.0,3631.0,0.0,,0.0,,1.0,,,,,,,,,,,,,,,,2806964.0,,,,,,,,,,,,,,,,,,,,,,,,,media/1b34c335-a6c6-4b28-becc-18e8fc19fe93.jpg
3296701462,"Apr 14, 2020, 8:29:10 AM",Bike / 36 (5x5'@305W),Virtual Ride,"",3663,33.62,,,false,,Scott,activities/3523958790.fit.gz,78.5,7.0,3663.0,3609.0,33621.69921875,19.0,9.175999641418457,262.0,0.0,4.199999809265137,64.5999984741211,14.0,0.008327954448759556,,,104.0,73.97469329833984,,0.0,,227.1800994873047,783.0,,,,,,,,,,,,248.0,3664.0,0.0,,0.0,,1.0,,,,,,,,,,,,,,,,2806964.0,,,,,,,,,,,,,,,,,,,,,,,,,media/c217d09c-9234-4457-9f65-dc8d78a0f93c.jpg
3302856663,"Apr 15, 2020, 3:27:34 PM",Run / 29 (soffocando con la mascherina),Run,"",1764,5.00,184.0,51,false,,,activities/3530425658.fit.gz,78.5,,1764.0,1658.0,5008.89990234375,5.400000095367432,3.0199999809265137,238.0,235.0,670.7999877929688,701.0,45.099998474121094,0.023957356810569763,,,122.0,80.86114501953125,184.0,157.0,,,406.0,,21.0,51.0,,,,,,,,,,,0.0,,0.0,,1.0,6215.0,1586962816.0,1.0,14.039999961853027,14.039999961853027,1.2799999713897705,0.41999998688697815,1022.5999755859375,1.7999999523162842,1.9199999570846558,190.0,0.0,1586925312.0,1586974080.0,0.7799999713897705,,,0.0,,0.0,16093.0,2.0,323.8999938964844,,,,,,,,,,,,,,,,,,""
3307660482,"Apr 16, 2020, 3:08:49 PM",Bike / 37 (one hour just to not think),Virtual Ride,"",3621,30.44,,,false,,Scott,activities/3535479397.fit.gz,78.5,7.0,3621.0,3621.0,30444.099609375,21.100000381469727,8.406000137329102,581.0,0.0,-6.400000095367432,373.79998779296875,12.0,0.16554932296276093,,,90.0,71.35613250732422,,0.0,,254.81338500976562,887.0,,,,,,,,,,,,262.0,3622.0,0.0,,0.0,,1.0,,,,,,,,,,,,,,,,2806964.0,,,,,,,,,,,,,,,,,,,,,,,,,media/9b47c780-6864-42b5-ad91-0ebc0e46a937.jpg|media/30bba8b4-8fda-4ac2-a58a-aa192cc9a3fd.jpg
3311578248,"Apr 17, 2020, 12:43:04 PM",Bike / 38 (can't ride for more than one hour),Virtual Ride,"",3604,31.04,,,false,,Scott,activities/3539589414.fit.gz,78.5,7.0,3604.0,3604.0,31046.099609375,23.399999618530273,8.612000465393066,531.0,0.0,278.79998779296875,695.7999877929688,12.100000381469727,0.004509422928094864,,,82.0,63.94169998168945,,0.0,,242.75527954101562,835.0,,,,,,,,,,,,254.0,3605.0,0.0,,0.0,,1.0,,,,,,,,,,,,,,,,2806964.0,,,,,,,,,,,,,,,,,,,,,,,,,media/123782f0-bfe1-43ce-850f-52a3a7f22988.jpg
3319911004,"Apr 19, 2020, 7:52:44 AM",Bike / 39 (2x20 FTP Intervals @275W),Virtual Ride,"",5419,31.27,,,false,,Scott,activities/3548404156.fit.gz,78.5,7.0,5419.0,5419.0,31273.30078125,21.799999237060547,5.769999980926514,1059.0,0.0,7.199999809265137,1047.199951171875,15.699999809265137,-0.24621641635894775,,,126.0,81.87098693847656,,0.0,,196.27403259277344,1016.0,,,,,,,,,,,,232.0,5420.0,0.0,,0.0,,1.0,,,,,,,,,,,,,,,,2806964.0,,,,,,,,,,,,,,,,,,,,,,,,,media/27c722e6-6d82-4464-a104-15a90196594e.jpg
3329886218,"Apr 21, 2020, 8:44:02 AM",Bike / 40 (London random ride),Virtual Ride,"",4800,41.41,,,false,,Scott,activities/3558934027.fit.gz,78.5,7.0,4800.0,4800.0,41413.30078125,21.600000381469727,8.62600040435791,510.0,0.0,4.0,249.39999389648438,16.200000762939453,0.010624606162309647,,,87.0,71.91560363769531,,0.0,,215.4995880126953,989.0,,,,,,,,,,,,221.0,4801.0,0.0,,0.0,,1.0,,,,,,,,,,,,,,,,2806964.0,,,,,,,,,,,,,,,,,,,,,,,,,media/3ede9c89-fa75-4532-97c0-8a87eb6f0504.jpg
3337980410,"Apr 22, 2020, 3:06:33 PM",Run / 30 (10x400m @4.00),Run,"",2414,5.00,158.0,6,false,,,activities/3567400589.fit.gz,78.5,,2414.0,1560.0,5002.0,6.400000095367432,2.075000047683716,177.0,184.0,658.2000122070312,694.7999877929688,47.599998474121094,-0.15993602573871613,,,105.0,75.86003875732422,158.0,122.0,,,340.0,,23.0,6.0,,,,,,,,,,,0.0,,0.0,,1.0,5838.5,,,,,,,,,,,,,,,,,,,,,,,,,,,,,,,,,,,,,,,,""
3341502696,"Apr 23, 2020, 3:13:55 PM",Bike / 41 (3x3x3' building @315W),Virtual Ride,"",3552,31.36,,,false,,Scott,activities/3571110242.fit.gz,78.5,7.0,3552.0,3552.0,31367.5,18.600000381469727,8.829000473022461,218.0,0.0,4.199999809265137,64.5999984741211,14.600000381469727,-0.11731888353824615,,,93.0,76.65054321289062,,0.0,,207.9932403564453,709.0,,,,,,,,,,,,237.0,3553.0,0.0,,0.0,,1.0,,,,,,,,,,,,,,,,2806964.0,,,,,,,,,,,,,,,,,,,,,,,,,media/9a57b6e9-4421-4f5d-b127-f3d4a9e729ee.jpg
3349850925,"Apr 25, 2020, 9:36:18 AM",Bike / 42 (),Virtual Ride,"",5158,43.24,,,false,,Scott,activities/3579754163.fit.gz,78.5,7.0,5158.0,5158.0,43246.80078125,21.799999237060547,8.383000373840332,662.0,0.0,-6.400000095367432,373.79998779296875,11.800000190734863,-0.006936929654330015,,,88.0,71.68559265136719,,0.0,,230.1435546875,1137.0,,,,,,,,,,,,240.0,5159.0,0.0,,0.0,,1.0,,,,,,,,,,,,,,,,2806964.0,,,,,,,,,,,,,,,,,,,,,,,,,media/42055bac-1778-487d-9be4-7074472c400a.jpg
3355978579,"Apr 26, 2020, 11:33:22 AM",Bike / 43 (?),Virtual Ride,"",4250,40.20,,,false,,Scott,activities/3586228070.fit.gz,78.5,7.0,4250.0,4250.0,40204.0,18.299999237060547,9.458000183105469,328.0,0.0,-6.400000095367432,131.8000030517578,11.600000381469727,0.0,,,86.0,72.71519470214844,,0.0,,217.82070922851562,884.0,,,,,,,,,,,,224.0,4251.0,0.0,,0.0,,1.0,,,,,,,,,,,,,,,,2806964.0,,,,,,,,,,,,,,,,,,,,,,,,,media/dd5a196e-f3b2-447c-9dcd-fc6051b85466.jpg
3361838639,"Apr 27, 2020, 3:26:06 PM",Run / 31 (feeling rusty),Run,"",2649,7.51,186.0,93,false,,,activities/3592473180.fit.gz,78.5,,2649.0,2573.0,7511.10009765625,4.699999809265137,2.9189999103546143,282.0,281.0,661.5999755859375,709.7999877929688,45.29999923706055,-0.1784026324748993,,,111.0,77.87623596191406,186.0,161.0,,,631.0,,24.0,93.0,,,,,,,,,,,0.0,,0.0,,1.0,8933.400390625,,,,,,,,,,,,,,,,,,,,,,,,,,,,,,,,,,,,,,,,""
3366610655,"Apr 28, 2020, 3:38:42 PM",Bike / X (random training),Virtual Ride,"",3624,30.56,,,false,,Scott,activities/3597488834.fit.gz,78.5,7.0,3624.0,3624.0,30559.30078125,21.5,8.430000305175781,334.0,0.0,4.0,249.39999389648438,13.300000190734863,0.013743770308792591,,,123.0,74.888671875,,0.0,,207.4806671142578,719.0,,,,,,,,,,,,225.0,3625.0,0.0,,0.0,,1.0,,,,,,,,,,,,,,,,2806964.0,,,,,,,,,,,,,,,,,,,,,,,,,media/da8ee00e-5a27-4b41-88fa-7174e864fa26.jpg
3371528549,"Apr 29, 2020, 4:00:01 PM",Bike / 45 (I want to go out!),Virtual Ride,"",3643,32.01,,,false,,Scott,activities/3602651152.fit.gz,78.5,7.0,3643.0,3643.0,32016.599609375,18.899999618530273,8.78600025177002,536.0,0.0,-6.400000095367432,373.79998779296875,16.0,-0.023113010451197624,,,84.0,65.19983673095703,,0.0,,232.80894470214844,945.6573486328125,,,,,,,,,,,,252.0,3644.0,0.0,,0.0,,1.0,,,,,,,,,,,,,,,,2806964.0,,,,,,,,,,,,,,,,,,,,,,,,,media/c3639656-5d91-4a65-8d0c-798abe1bb89a.jpg
3383780450,"May 2, 2020, 8:14:02 AM",Bike / 46 (alpe saltato a 600 mt per Tacx...),Virtual Ride,"",3908,17.28,,,false,,Scott,activities/3615517456.fit.gz,78.5,7.0,3908.0,3870.0,17285.599609375,14.699999809265137,4.421999931335449,1009.0,0.0,7.199999809265137,997.2000122070312,20.0,5.274910926818848,,,81.0,59.77150344848633,,0.0,,256.2410888671875,947.0,,,,,,,,,,,,265.0,3909.0,0.0,,0.0,,1.0,,,,,,,,,,,,,,,,2806964.0,,,,,,,,,,,,,,,,,,,,,,,,,media/73040fe5-a002-4a5b-a013-fbe45a905115.jpg
3389391592,"May 3, 2020, 8:01:07 AM",Run / 32 (hopefully the last one 🐹),Run,"",1852,5.00,187.0,61,false,,,activities/3621424924.fit.gz,78.5,,1852.0,1852.0,5006.89990234375,4.5,2.7039999961853027,239.0,279.0,674.2000122070312,715.2000122070312,46.599998474121094,-0.17176297307014465,,,109.0,79.04764556884766,187.0,159.0,,,457.0,,24.0,61.0,,,,,,,,,,,0.0,,0.0,,1.0,6153.39990234375,,,,,,,,,,,,,,,,,,,,,,,,,,,,,,,,,,,,,,,,""
3397589625,"May 4, 2020, 2:59:47 PM",Bike / 47 (The Selvino + Orezzo Freedom),Ride,"",8271,42.19,192.0,232,false,,Scott,activities/3630081611.fit.gz,78.5,7.0,8271.0,6676.0,42198.19921875,16.299999237060547,6.3379998207092285,1083.0,1015.0,380.0,1109.4000244140625,34.29999923706055,0.018484201282262802,,,,,192.0,159.0,,185.6952667236328,1490.0,,23.0,232.0,,,,,,,,,,,0.0,,0.0,,1.0,,,,,,,,,,,,,,,,2806964.0,,,,,,,,,,,,,,,,,,,,,,,,,""
3402913532,"May 5, 2020, 3:02:27 PM","Bike / 48 (Rossa, Gallo, Orezzo cotto)",Ride,"",7599,49.63,179.0,122,false,,Scott,activities/3635661532.fit.gz,78.5,7.0,7599.0,7321.0,49634.5,15.800000190734863,6.78000020980835,1096.0,1000.0,418.20001220703125,849.7999877929688,30.100000381469727,0.00765596516430378,,,,,179.0,144.0,,182.83909606933594,1312.0,,22.0,122.0,,,,,,,,,,,0.0,,0.0,,1.0,,,,,,,,,,,,,,,,2806964.0,,,,,,,,,,,,,,,,,,,,,,,,,""
3408293403,"May 6, 2020, 3:02:48 PM",Run / 33 (Finally out!),Run,"",3248,10.00,176.0,112,false,,,activities/3640954619.fit.gz,78.5,,3248.0,3228.0,10007.2998046875,4.900000095367432,3.0999999046325684,304.0,306.0,375.6000061035156,682.7999877929688,22.200000762939453,-0.12390954792499542,,,117.0,78.85967254638672,176.0,161.0,,,798.0,,24.0,112.0,,,,,,,,,,,0.0,,0.0,,1.0,10824.099609375,,,,,,,,,,,,,,,,,,,,,,,,,,,,,,,,,,,,,,,,""
3415262910,"May 7, 2020, 3:08:55 PM",Bike / 49 (scarico? Il Garmin sì),Ride,"",6667,24.98,173.0,84,false,,Scott,activities/3648274624.fit.gz,78.5,7.0,6667.0,4415.0,24981.5,14.0,5.679999828338623,774.0,173.0,307.20001220703125,1015.4000244140625,30.299999237060547,2.305706262588501,,,,,173.0,146.0,,212.52867126464844,974.0,,25.0,84.0,,,,,,,,,,,0.0,,0.0,,1.0,,,,,,,,,,,,,,,,2806964.0,,,,,,,,,,,,,,,,,,,,,,,,,""
3420939692,"May 8, 2020, 3:05:27 PM",Bike / 50 (To Bergamo why not),Ride,"",3064,23.49,153.0,14,false,,Scott,activities/3654347002.fit.gz,78.5,7.0,3064.0,2699.0,23497.30078125,15.199999809265137,8.765999794006348,85.0,471.0,231.39999389648438,668.5999755859375,23.700000762939453,-1.8538299798965454,,,,,153.0,124.0,,127.89813232421875,426.0,,27.0,14.0,,,,,,,,,,,0.0,,0.0,,1.0,,,,,,,,,,,,,,,,2806964.0,,,,,,,,,,,,,,,,,,,,,,,,,""
3423677290,"May 9, 2020, 9:02:07 AM",Bike / 50.2 (Back from BG),Ride,"",10604,23.59,167.0,41,false,,Scott,activities/3657218791.fit.gz,78.5,7.0,10604.0,3478.0,23595.19921875,10.399999618530273,6.815000057220459,446.0,65.0,227.8000030517578,642.0,46.79999923706055,1.7079745531082153,,,,,167.0,136.0,,210.37550354003906,690.0,,27.0,41.0,,,,,,,,,,,0.0,,0.0,,1.0,,,,,,,,,,,,,,,,2806964.0,,,,,,,,,,,,,,,,,,,,,,,,,""
3428908129,"May 10, 2020, 8:03:36 AM",Bike / 51 (The Zambla tour),Ride,"",9159,59.70,190.0,233,false,,Scott,activities/3662741035.fit.gz,78.5,7.0,9159.0,8834.0,59707.0,16.899999618530273,6.758999824523926,1373.0,1309.0,387.0,1249.800048828125,46.29999923706055,-0.02813740447163582,,,,,190.0,152.0,,188.0996551513672,1792.0,,22.0,233.0,,,,,,,,,,,0.0,,0.0,,1.0,,,,,,,,,,,,,,,,2806964.0,,,,,,,,,,,,,,,,,,,,,,,,,media/ca1ff22d-fa69-497e-910b-7da670b3066f.jpg|media/fb800a0d-fe71-4bfa-99b6-f86c37ddab05.jpg
3437587614,"May 12, 2020, 5:10:57 AM","Run / 34 (morning star, that was hard)",Run,"",3002,8.52,179.0,81,false,,,activities/3671909168.fit.gz,78.5,,3002.0,2884.0,8520.2001953125,4.699999809265137,2.953000068664551,294.0,273.0,381.20001220703125,685.4000244140625,43.20000076293945,-0.06807351857423782,,,85.0,79.71868133544922,179.0,155.0,,,664.0,,19.0,81.0,,,,,,,,,,,0.0,,0.0,,1.0,9354.2001953125,,,,,,,,,,,,,,,,,,,,,,,,,,,,,,,,,,,,,,,,""
3448100795,"May 14, 2020, 5:15:03 AM",Run / 35 (The San Fermo deviation),Run,"",2926,8.62,191.0,123,false,,,activities/3682916035.fit.gz,78.5,,2926.0,2830.0,8622.7998046875,5.5,3.0460000038146973,298.0,296.0,459.0,770.2000122070312,35.0,-0.16467969119548798,,,97.0,80.60736846923828,191.0,166.0,,,720.0,,21.0,123.0,,,,,,,,,,,0.0,,0.0,,1.0,9708.400390625,,,,,,,,,,,,,,,,,,,,,,,,,,,,,,,,,,,,,,,,""
3455517262,"May 15, 2020, 2:55:11 PM",Hike / 1 (Poieto Feelz),Run,"",5016,7.96,188.0,74,false,,,activities/3690694090.fit.gz,78.5,,5016.0,4701.0,7967.89990234375,4.0,1.6950000524520874,644.0,664.0,645.2000122070312,1310.800048828125,49.5,-0.40161147713661194,,,124.0,61.576942443847656,188.0,143.0,,,777.0,,22.0,74.0,,,,,,,,,,,0.0,,0.0,,1.0,12313.599609375,,,,,,,,,,,,,,,,,,,,,,,,,,,,,,,,,,,,,,,,""
3460227587,"May 16, 2020, 12:06:52 PM",Hike / 2 (Defatiguin in the rain),Hike,"",7276,7.95,157.0,23,false,,,activities/3695650415.fit.gz,78.5,,7276.0,6513.0,7957.7001953125,5.800000190734863,1.093999981880188,379.0,404.0,557.7999877929688,725.4000244140625,48.900001525878906,-0.3217009902000427,,,106.0,53.85486602783203,157.0,110.0,,,707.0,,25.0,23.0,,,,,,,,,,,0.0,,0.0,,1.0,,,,,,,,,,,,,,,,,,,,,,,,,,,,,,,,,,,,,,,,,""
3465417816,"May 17, 2020, 8:42:06 AM",Bike / 52 (The Vaccaro Misinterpretation),Ride,"I did Monte Trevasco, instead. 4.7 km at 13.5% average. Not bad.",9431,47.70,184.0,201,false,,Scott,activities/3701107855.fit.gz,78.5,7.0,9431.0,8622.0,47706.1015625,15.600000381469727,5.539999961853027,1268.0,1214.0,387.3999938964844,1251.0,50.0,0.019703978672623634,,,,,184.0,150.0,,166.9600372314453,1712.0,,26.0,201.0,,,,,,,,,,,0.0,,0.0,,1.0,,,,,,,,,,,,,,,,2806964.0,,,,,,,,,,,,,,,,,,,,,,,,,media/d06818dc-6fc3-4e29-8478-475ffbf25296.jpg|media/922fdaad-0e5b-43f3-9efb-fe96538bc1be.jpg
3472096091,"May 18, 2020, 3:26:48 PM",Run / 36 (Fase 3),Run,"",3295,10.11,182.0,129,false,,,activities/3708213647.fit.gz,78.5,,3295.0,3183.0,10112.7998046875,4.699999809265137,3.177000045776367,304.0,301.0,374.0,683.0,47.29999923706055,-0.15425994992256165,,,89.0,80.21113586425781,182.0,164.0,,,752.0,,28.0,129.0,,,,,,,,,,,0.0,,0.0,,1.0,11026.7998046875,,,,,,,,,,,,,,,,,,,,,,,,,,,,,,,,,,,,,,,,""
3484526272,"May 19, 2020, 6:22:31 PM",Evening Activity,Workout,,2092,0,115.0,2,false,,,activities/3721195448.fit.gz,,,2092.0,2092.0,,0.0,0.0,,0.0,238.0,272.20001220703125,0.0,0.0,,,,,115.0,74.0,,,89.0,,28.0,2.0,,,,,,,,,,,,,0.0,,1.0,,,,,,,,,,,,,,,,,,,,,,,,,,,,,,,,,,,,,,,,,""
3484532584,"May 20, 2020, 3:30:45 PM",Bike / 53 (Eroica: Up and Down the Valley with the old Pegeaut),Ride,"",15214,62.88,190.0,187,false,,Scott,activities/3721201835.fit.gz,78.5,7.0,15214.0,9319.0,62887.0,15.0,6.754000186920166,1038.0,861.0,202.39999389648438,897.2000122070312,38.0,-0.04198005795478821,,,,,190.0,146.0,,170.05007934570312,1792.0,,26.0,187.0,,,,,,,,,,,0.0,,0.0,,1.0,,,,,,,,,,,,,,,,2806964.0,,,,,,,,,,,,,,,,,,,,,,,,,media/a4617a29-0a64-4d93-b741-b25bab72c09e.jpg
3489366101,"May 21, 2020, 4:16:02 PM",Run / 37 (The Ganda Sunset),Run,"",4490,10.44,177.0,79,false,,,activities/3726298920.fit.gz,78.5,,4490.0,3524.0,10440.900390625,4.699999809265137,2.9639999866485596,455.0,382.0,619.7999877929688,1061.0,42.29999923706055,-0.4980413615703583,,,87.0,79.47721862792969,177.0,151.0,,,712.0,,24.0,79.0,,,,,,,,,,,0.0,,0.0,,1.0,12309.099609375,,,,,,,,,,,,,,,,,,,,,,,,,,,,,,,,,,,,,,,,""
3494399016,"May 22, 2020, 3:01:29 PM",Bike / 54 (The lactic Altino + Ganda),Ride,"",8405,47.60,177.0,152,false,,Scott,activities/3731631277.fit.gz,,7.0,8405.0,7908.0,47601.80078125,16.399999618530273,6.019448757171631,1305.0,1209.0,341.79998779296875,1060.0,49.0,0.0159657821059227,,,,,,145.92498779296875,,185.3263702392578,1612.0,,25.0,152.0,,,,,,,,,,,0.0,,0.0,,1.0,,,,,,,,,,,,,,,,2806964.0,,,,,,,,,,,,,,,,,,,,,,,,,""
3497272096,"May 23, 2020, 7:36:38 AM",Hike / 3 (Chiacchierando),Hike,"",8322,11.00,169.0,50,false,,,activities/3734668567.fit.gz,,,8322.0,7665.0,11008.599609375,3.4000000953674316,1.4362165927886963,693.0,751.0,527.4000244140625,1067.4000244140625,49.599998474121094,-0.46509093046188354,,,119.0,54.1063232421875,,121.57328796386719,,,881.0,,28.0,50.0,,,,,,,,,,,0.0,,0.0,,1.0,,,,,,,,,,,,,,,,,,,,,,,,,,,,,,,,,,,,,,,,,""
3504160904,"May 24, 2020, 10:43:00 AM",Bike / 55 (The Lizzola 70.3 Test),Ride,"",12321,88.77,174.0,280,false,,Scott,activities/3742005874.fit.gz,,7.0,12321.0,11138.0,88776.796875,17.0,7.970623016357422,1326.0,1258.0,354.0,1241.199951171875,44.70000076293945,-0.03108920343220234,,,,,,151.90481567382812,,205.23086547851562,2405.0,,27.0,280.0,,,,,,,,,,,0.0,,0.0,,1.0,,,,,,,,,,,,,,,,2806964.0,,,,,,,,,,,,,,,,,,,,,,,,,media/67ab7aba-dcd9-4140-afd0-70c542bad668.jpg|media/9e5fc176-a5be-4eee-8581-20e9be426149.jpg
3515487751,"May 26, 2020, 4:03:23 PM","Run / 38 (The ""Can't Really Complain"" 14km)",Run,"",4514,14.01,178.0,137,false,,,activities/3754000893.fit.gz,,,4514.0,4179.0,14010.0,5.400000095367432,3.3524765968322754,326.0,262.0,260.6000061035156,487.3999938964844,47.599998474121094,-0.031406138092279434,,,87.0,80.53164672851562,,159.96804809570312,,,923.0,,28.0,137.0,,,,,,,,,,,0.0,,0.0,,1.0,15254.2001953125,,,,,,,,,,,,,,,,,,,,,,,,,,,,,,,,,,,,,,,,""
3521180405,"May 27, 2020, 3:08:28 PM",Bike / 56 (The Pegeaut Outperformance),Ride,"",7801,43.74,184.0,89,false,,Scott,activities/3759958682.fit.gz,,7.0,7801.0,7018.0,43748.30078125,14.100000381469727,6.23372745513916,990.0,827.0,279.6000061035156,907.7999877929688,49.20000076293945,0.009600372985005379,,,,,,135.8665008544922,,179.7177276611328,1154.0,,27.0,89.0,,,,,,,,,,,0.0,,0.0,,1.0,,,,,,,,,,,,,,,,2806964.0,,,,,,,,,,,,,,,,,,,,,,,,,media/93a3f9c5-86ef-4dff-a263-6be915400933.jpg
3526883280,"May 28, 2020, 4:54:52 PM",Run / 39 (The Lodetti Lesson),Run,"",4943,8.23,182.0,29,false,,,activities/3765952995.fit.gz,,,4943.0,2890.0,8230.2998046875,6.800000190734863,2.8478546142578125,453.0,229.0,520.4000244140625,727.4000244140625,50.0,-0.09720180183649063,,,102.0,73.84671020507812,,132.82278442382812,,,497.0,,24.0,29.0,,,,,,,,,,,0.0,,0.0,,1.0,10529.7001953125,,,,,,,,,,,,,,,,,,,,,,,,,,,,,,,,,,,,,,,,""
3531992378,"May 29, 2020, 3:32:08 PM",Bike / 57 (The Random Walk),Ride,"",10764,55.77,179.0,68,false,,Scott,activities/3771310850.fit.gz,,7.0,10764.0,8545.0,55776.80078125,18.899999618530273,6.527419567108154,1242.0,989.0,311.79998779296875,767.4000244140625,50.0,-0.08569871634244919,,,,,,128.1871795654297,,178.3216552734375,1225.0,,21.0,68.0,,,,,,,,,,,0.0,,0.0,,1.0,,,,,,,,,,,,,,,,2806964.0,,,,,,,,,,,,,,,,,,,,,,,,,media/78cc918a-3d37-4b80-973b-6dec25733f85.jpg|media/628d7593-fb57-4129-bdcd-1664210432ab.jpg
3536996540,"May 30, 2020, 3:03:25 PM",Run / 40 (The Virtual Vertical Tube),Run,"",1456,1.96,138.0,4,false,,,activities/3776593901.fit.gz,,,1456.0,1453.0,1960.5,3.700000047683716,1.349277377128601,492.0,0.0,371.0,872.5999755859375,50.0,25.554704666137695,,,100.0,55.0230827331543,,112.97024536132812,,,216.0,,24.0,4.0,,,,,,,,,,,0.0,,0.0,,1.0,5182.0,,,,,,,,,,,,,,,,,,,,,,,,,,,,,,,,,,,,,,,,""
3536997000,"May 30, 2020, 3:30:45 PM",Run / 40.5 (The other half),Run,"",3571,6.29,180.0,50,false,,,activities/3776594340.fit.gz,,,3571.0,3311.0,6294.39990234375,4.300000190734863,1.9010571241378784,370.0,521.0,682.5999755859375,1085.4000244140625,48.5,-2.7008135318756104,,,109.0,68.75669860839844,,145.78294372558594,,,578.0,,24.0,50.0,,,,,,,,,,,0.0,,0.0,,1.0,9097.2001953125,,,,,,,,,,,,,,,,,,,,,,,,,,,,,,,,,,,,,,,,""
3547385460,"Jun 1, 2020, 6:20:32 AM",Bike / 58 (The Avaro Greed 💸),Ride,"",28768,133.46,182.0,310,false,,Scott,activities/3787765703.fit.gz,,7.0,28768.0,20772.0,133461.5,16.299999237060547,6.42506742477417,2909.0,2690.0,288.79998779296875,1666.800048828125,49.29999923706055,-0.016484154388308525,,,,,,138.7918243408203,,175.0059814453125,3856.0,,25.0,310.0,,,,,,,,,,,0.0,,0.0,,1.0,,,,,,,,,,,,,,,,2806964.0,,,,,,,,,,,,,,,,,,,,,,,,,media/f1234b41-5db7-451c-93b1-b1a7763327b4.jpg|media/a25ae24b-191d-4be6-bd6b-ec322b3d1e25.jpg
3572767887,"Jun 3, 2020, 6:53:15 PM",Evening Activity,Workout,,487,0,92.0,0,false,,,activities/3814524215.fit.gz,,,487.0,487.0,0.0,0.0,0.0,0.0,0.0,334.20001220703125,354.79998779296875,0.0,0.0,,,,,,62.76591491699219,,,12.0,,30.0,0.0,,,,,,,,,,,,,0.0,,1.0,,,,,,,,,,,,,,,,,,,,,,,,,,,,,,,,,,,,,,,,,""
3572768900,"Jun 6, 2020, 11:56:23 AM",Run / 41 (The stop-and-go Half Marathon),Run,Una svaccata incredibile. Ogni stop ha aggiunto acido lattico ma ha abbassato quel ritmo medio!,11043,22.35,186.0,351,false,,,activities/3814525063.fit.gz,,,11043.0,7046.0,22351.900390625,6.0,3.1722822189331055,665.0,499.0,301.6000061035156,684.2000122070312,49.099998474121094,0.02684335596859455,,,90.0,79.62457275390625,,169.7899627685547,,,1706.0,,29.0,351.0,,,,,,,,,,,0.0,,0.0,,1.0,25104.30078125,,,,,,,,,,,,,,,,,,,,,,,,,,,,,,,,,,,,,,,,""
3583300118,"Jun 8, 2020, 3:28:06 PM",Swim / 18 (The Tough Comeback),Swim,"",2575,"1,750",,,false,,,activities/3825669093.fit.gz,,,2575.0,2400.0,1750.0,1.7999999523162842,0.7291666865348816,0.0,,,,0.0,0.0,,,30.0,27.633317947387695,,,,,367.0,,29.0,,,,,,,,,,,,0.0,,0.0,,1.0,,,,,,,,,,,,,,,,,,,,,,,,,,,,,,,,,,,,,,,,,""
3588897310,"Jun 9, 2020, 4:04:09 PM",Run / 42 (Strava you are pointless like this),Run,"",3994,13.00,180.0,157,false,,,activities/3831539235.fit.gz,,,3994.0,3825.0,13007.0,8.300000190734863,3.4005229473114014,294.0,249.0,218.1999969482422,446.79998779296875,43.70000076293945,-0.07995694875717163,,,86.0,80.34042358398438,,164.4075927734375,,,886.0,,26.0,157.0,,,,,,,,,,,0.0,,0.0,,1.0,13975.2998046875,,,,,,,,,,,,,,,,,,,,,,,,,,,,,,,,,,,,,,,,""
3599008127,"Jun 11, 2020, 4:39:21 PM",Swim / 19 (The 78s in One Go),Swim,"",2731,"1,950",,,false,,,activities/3842182536.fit.gz,,,2731.0,2712.0,1950.0,1.600000023841858,0.7190265655517578,0.0,,,,0.0,0.0,,,30.0,27.95081901550293,,,,,407.0,,29.0,,,,,,,,,,,,0.0,,0.0,,1.0,,,,,,,,,,,,,,,,,,,,,,,,,,,,,,,,,,,,,,,,,""
3612101767,"Jun 13, 2020, 6:06:38 AM",Bike / 59 (The Crocedomini Supremacy),Ride,"",31233,180.81,,,false,,Scott,activities/3612101767.fit,,7.0,31233.0,27671.0,180814.59375,19.899999618530273,6.5344438552856445,3267.966552734375,3703.0,187.39999389648438,1916.5999755859375,40.0,-0.19876714050769806,,,,,,,,145.2972412109375,4482.87255859375,,,,,,,,,9.0,,,,,0.0,1383.0,0.0,,1.0,,1592028032.0,1.0,8.9399995803833,8.9399995803833,8.300000190734863,0.9599999785423279,1013.5999755859375,0.4699999988079071,1.1200000047683716,336.0,0.008299999870359898,1592018688.0,1592075392.0,0.7699999809265137,2806964.0,,0.019999999552965164,5.0,0.07999999821186066,16093.0,1.0,325.20001220703125,,,,,,,,,,,,,,,,,,media/1b602a00-ed02-4549-ab53-3432a8504411.jpg|media/2fd525a1-23c9-457b-8565-33aaace1e52c.jpg
3619010822,"Jun 15, 2020, 3:04:16 PM",Run / 43 (The easy 10k),Run,"",3027,9.39,169.0,62,false,,,activities/3863473843.fit.gz,,,3027.0,2962.0,9398.400390625,4.400000095367432,3.1729912757873535,306.0,312.0,360.79998779296875,684.0,47.400001525878906,-0.2532345950603485,,,88.0,78.37871551513672,,150.38597106933594,,,637.0,,27.0,62.0,,,,,,,,,,,0.0,,0.0,,1.0,10300.2001953125,1592233216.0,3.0,21.65999984741211,21.65999984741211,14.960000038146973,0.6600000262260437,1013.0999755859375,0.9100000262260437,1.090000033378601,164.0,0.454800009727478,1592191872.0,1592248448.0,0.8299999833106995,,,0.1599999964237213,5.0,0.9900000095367432,10149.0,3.0,335.29998779296875,,,,,,,,,,,,,,,,,,""
3625089302,"Jun 16, 2020, 5:16:43 PM",Run / 44 (The 11km continuation),Run,"",3516,11.00,183.0,136,false,,,activities/3869936427.fit.gz,,,3516.0,3254.0,11008.900390625,6.0,3.3831899166107178,243.0,222.0,263.20001220703125,484.0,47.5,-0.045417796820402145,,,86.0,80.14784240722656,,165.52320861816406,,,793.0,,28.0,136.0,,,,,,,,,,,0.0,,0.0,,1.0,11861.099609375,1592326784.0,3.0,23.1299991607666,23.139999389648438,15.6899995803833,0.6299999952316284,1011.2000122070312,0.9900000095367432,1.75,125.0,0.6021000146865845,1592278400.0,1592334848.0,0.8600000143051147,,,0.15000000596046448,5.0,0.8799999952316284,16093.0,1.0,348.5,,,,,,,,,,,,,,,,,,""
3629997255,"Jun 17, 2020, 3:46:53 PM",Bike / 60 (The Superchill Selvino),Ride,"",7019,44.97,163.0,59,false,,Scott,activities/3875208256.fit.gz,,7.0,7019.0,6854.0,44971.30078125,13.100000381469727,6.56132173538208,857.0,779.0,346.20001220703125,1051.0,31.700000762939453,0.0,,,,,,133.06509399414062,,171.0589141845703,1058.0,,25.0,59.0,,,,,,,,,,,0.0,,0.0,,1.0,,1592406016.0,5.0,22.280000686645508,22.290000915527344,15.710000038146973,0.6600000262260437,1009.9000244140625,1.4700000286102295,1.6799999475479126,259.0,0.4406999945640564,1592364800.0,1592421248.0,0.8899999856948853,2806964.0,,0.2800000011920929,5.0,0.6200000047683716,12969.0,3.0,352.79998779296875,,,,,,,,,,,,,,,,,,""
3638888666,"Jun 19, 2020, 3:17:24 PM",Swim / X (70 intensity),Swim,"",2384,"1,750",,,false,,,activities/3884735341.fit.gz,,,2384.0,2202.0,1750.0,5.300000190734863,0.7947320342063904,0.0,,,,0.0,0.0,,,31.0,29.147294998168945,,,,,387.0,,29.0,,,,,,,,,,,,0.0,,0.0,,1.0,,,,,,,,,,,,,,,,,,,,,,,,,,,,,,,,,,,,,,,,,""
3643287041,"Jun 20, 2020, 6:15:03 AM",Hike / 5 (The Brunone Madness),Run,"",24357,14.96,187.0,166,false,,,activities/3889456894.fit.gz,,,24357.0,13009.0,14959.400390625,11.100000381469727,1.149927020072937,1497.078125,1588.0,788.7999877929688,2268.699951171875,50.0,0.05214112997055054,,,122.0,55.58209991455078,,136.38719177246094,,,2104.0,,24.0,166.0,,,,,,,,,,,0.0,,0.0,,1.0,25504.8515625,1592632832.0,1.0,11.75,11.75,6.909999847412109,0.7200000286102295,1019.5,1.6200000047683716,3.5799999237060547,22.0,0.0,1592623872.0,1592680576.0,0.9800000190734863,,,0.0,,0.0,16093.0,1.0,339.8999938964844,,,,,,14766.400390625,,,,,,,,,,,,media/fe6db61a-dd84-4ff4-8838-fc859b48717e.jpg|media/f6e27593-d7a7-4ce8-97c2-864839b97390.jpg|media/56edd86b-700b-46e7-a6d6-5e71e6443150.jpg
3648135571,"Jun 21, 2020, 7:08:26 AM",Bike / 61 (The Lactic Colli),Ride,"",15059,98.50,176.0,295,false,,Scott,activities/3894681459.fit.gz,,7.0,15059.0,14277.0,98506.8984375,15.600000381469727,6.899691581726074,1778.9215087890625,1739.0,196.10000610351562,1067.5999755859375,49.599998474121094,0.02121678739786148,,,,,,147.09886169433594,,171.38856506347656,2715.0,,29.0,295.0,,,,,,,,,,,0.0,,0.0,,1.0,,1592722816.0,1.0,15.800000190734863,15.800000190734863,6.880000114440918,0.550000011920929,1015.7999877929688,1.7200000286102295,3.430000066757202,65.0,0.0,1592710272.0,1592766976.0,0.019999999552965164,2806964.0,,0.0,,0.18000000715255737,16093.0,2.0,346.29998779296875,,,,,,,,,,,,,,,,,,""
3653120658,"Jun 22, 2020, 10:03:21 AM",Bike / 62 (Chiacchierata in smartworking),Ride,"",4848,19.61,157.0,34,false,,Scott,activities/3900152811.fit.gz,,7.0,4848.0,4119.0,19610.80078125,14.800000190734863,4.761058330535889,734.0,667.0,353.0,1037.4000244140625,49.29999923706055,0.08464723825454712,,,,,,126.658447265625,,177.35009765625,658.0,,32.0,34.0,,,,,,,,,,,0.0,,0.0,,1.0,,1592819968.0,1.0,27.059999465942383,27.059999465942383,11.329999923706055,0.3799999952316284,1018.9000244140625,1.4600000381469727,1.909999966621399,224.0,0.0,1592796672.0,1592853376.0,0.05000000074505806,2806964.0,,0.0,,0.0,16093.0,8.0,318.70001220703125,,,,,,,,,,,,,,,,,,media/5f9d4291-04e6-4d37-92f8-2415eea77783.jpg|media/4466f675-b62a-4950-95c1-fc53736bf9de.jpg
3664940543,"Jun 24, 2020, 3:53:58 PM",Run / 45 (The Wrong Everything),Run,"",4542,13.04,183.0,180,false,,,activities/3912936189.fit.gz,,,4542.0,4032.0,13040.7001953125,5.199999809265137,3.2343006134033203,349.0,182.0,269.79998779296875,494.3999938964844,50.0,0.04294247925281525,,,120.0,80.94248962402344,,166.92800903320312,,,981.0,,32.0,180.0,,,,,,,,,,,0.0,,0.0,,1.0,14441.099609375,1593010816.0,2.0,28.670000076293945,29.399999618530273,17.670000076293945,0.5099999904632568,1017.2000122070312,2.319999933242798,3.2200000286102295,160.0,0.17839999496936798,1592969600.0,1593026176.0,0.11999999731779099,,,0.029999999329447746,5.0,0.5299999713897705,16093.0,3.0,324.29998779296875,,,,,,,,,,,,,,,,,,""
6405094548,"Dec 19, 2021, 10:45:05 PM",Bike / X (Spuntino di mezzanotte),Virtual Ride,,3242,33.51,,,false,,Scott,activities/6809125677.fit.gz,,7.0,3242.0,3242.0,33515.73046875,11.692187309265137,10.337979316711426,0.0,,,,0.0,0.0,,,95.0,85.0539779663086,,,,212.0382537841797,687.0,,,,,,,,,,,,230.0,3243.0,0.0,,0.0,,1.0,,,,,,,,,,,,,,,,2806964.0,,,,,,,,,,,0.0,10.337979316711426,0.0,,,,,,,,,,,,""
6407528659,"Dec 20, 2021, 4:27:11 PM",Bike / X (The daylight replica),Virtual Ride,,3902,40.04,,,false,,Scott,activities/6811780650.fit.gz,,7.0,3902.0,3902.0,40048.609375,11.774023056030273,10.26361083984375,0.0,,,,0.0,0.0,,,91.0,81.77371978759766,,,,208.3436737060547,812.0,,,,,,,,,,,,230.0,3903.0,0.0,,0.0,,1.0,,,,,,,,,,,,,,,,2806964.0,,,,,,,,,,,0.0,10.26361083984375,0.0,,,,,,,,,,,,""
6411558138,"Dec 21, 2021, 4:14:22 PM",Bike / X (Dalla caverna anche oggi è tutto),Virtual Ride,Anca sbilenca riprenditi pls.,3606,40.01,,,false,,Scott,activities/6816042031.fit.gz,,7.0,3606.0,3606.0,40014.25,12.316015243530273,11.096574783325195,0.0,,,,0.0,0.0,,,96.0,82.60454559326172,,,,251.7745361328125,907.0,,,,,,,,,,,,263.0,3607.0,0.0,,0.0,,1.0,,,,,,,,,,,,,,,,2806964.0,,,,,,,,,,,0.0,11.096574783325195,0.0,,,,,,,,,,,,""
6415565846,"Dec 22, 2021, 4:06:26 PM",Afternoon Swim,Swim,,2586,"2,000",166.0,43,false,,,activities/6820352660.fit.gz,,,2586.0,2081.0,2000.0,6.176000118255615,0.9610763788223267,0.0,,,,0.0,0.0,,,,29.0,,133.2659912109375,,,400.0,,28.0,43.0,,,,,,,,,,,,,0.0,,1.0,,,,,,,,,,,,,,,,,,,,,,,,,,,0.0,0.7733951807022095,0.0,,,,,,,,,,,,""
6417359089,"Dec 23, 2021, 5:32:15 AM",Run / X (Fonduta di Zola e Amaretti),Run,Test anca ok,3896,13.44,183.0,109,false,,,activities/6822282705.fit.gz,,,3896.0,3817.0,13443.9501953125,7.654101371765137,3.522124767303467,274.0,270.0,237.8000030517578,472.20001220703125,24.347719192504883,0.010413561016321182,,,88.0,80.84825897216797,,155.81356811523438,,,972.0,,13.0,109.0,,,,,,,,,,,0.0,,0.0,,1.0,14139.7001953125,,,,,,,,,,,,,,,,,,,,,,,,,,0.0,3.4507060050964355,169.5,,,,,,,,,,,,""
6422868307,"Dec 24, 2021, 7:47:22 AM",Ski / 1 (Sellaronda ski day con Luca),Alpine Ski,"Giornata di sci, gran risa, risate, uova, patate, Silvana del Matthias e dislivello negativo.
Ah, domani è anche Natale.",28064,73.18,120.0,14,false,,,activities/6828233121.fit.gz,,,28064.0,7510.0,73188.71875,29.062108993530273,9.745501518249512,0.0,13605.0,1404.5999755859375,2590.199951171875,47.63956832885742,-0.6052843928337097,,,,,,86.52845764160156,,,603.0,,15.0,14.0,,41,,,,,,,,,0.0,,0.0,,1.0,,,,,,,,,,,,,,,,,,,,,,,,,,,0.0,2.607921838760376,54943.80078125,,,,,,,,,,,,media/b2868cde-09bc-4ac5-aaf1-f640f41dbdf4.jpg|media/8244eb91-b698-4540-805c-0c7f279780fe.jpg|media/0ed96383-7182-4ca3-9d70-a4e2a4f6c22e.jpg|media/355e809d-e957-4e7a-b267-e5ffdc9e7a52.jpg|media/849b9a7e-c070-45b4-bcbf-578aace7a281.jpg
6424617255,"Dec 25, 2021, 5:50:42 AM",Hike / X (Natale coi cinghiali 🌲),Hike,E con Gleno ❤️,6207,8.20,166.0,37,false,,,activities/6830147142.fit.gz,,,6207.0,5279.0,8207.23046875,3.799999952316284,1.5546941757202148,684.0,676.0,677.2000122070312,1357.800048828125,47.84711456298828,-0.04386346414685249,,,115.0,57.31228256225586,,127.8774642944336,,,915.0,,16.0,37.0,,,,,,,,,,,0.0,,0.0,,1.0,,,,,,,,,,,,,,,,,,,,,,,,,,,0.0,1.322253942489624,6592.89990234375,,,,,,,,,,,,""
6428715613,"Dec 26, 2021, 8:48:29 AM",Bike / X (Braccia frullate),Ride,,8488,22.25,165.0,69,false,,Scott,activities/6834629080.fit.gz,,7.0,8488.0,7548.0,22250.021484375,12.540234565734863,2.947803497314453,1076.0,1037.0,392.3999938964844,1187.199951171875,34.09550857543945,-0.005393308121711016,,,,,,131.447509765625,,135.87110900878906,1302.0,,17.0,69.0,,,,,,,,,,,0.0,,0.0,,1.0,,,,,,,,,,,,,,,,2806964.0,,,,,,,,,,,0.0,2.6213502883911133,7418.7001953125,,,,,,,,,,,,""
6429819718,"Dec 26, 2021, 1:39:14 PM",Run / X (Gambe frullate),Run,,4245,13.28,184.0,166,false,,,activities/6835816066.fit.gz,,,4245.0,4077.0,13281.4599609375,5.279980659484863,3.257655143737793,330.0,319.0,366.3999938964844,683.5999755859375,24.57454490661621,0.010541193187236786,,,84.0,79.27597045898438,,164.3911590576172,,,1063.0,,11.0,166.0,,,,,,,,,,,0.0,,0.0,,1.0,14140.7998046875,,,,,,,,,,,,,,,,,,,,,,,,,,0.0,3.128730297088623,1708.300048828125,,,,,,,,,,,,""
6437169114,"Dec 28, 2021, 10:47:56 AM",Run / X (2x4km coi panettoni 🦌),Run,Che fatica però ,2671,10.00,184.0,103,false,,,activities/6843808229.fit.gz,,,2671.0,2429.0,10007.599609375,5.610009670257568,4.120049476623535,45.0,45.0,345.6000061035156,359.20001220703125,12.680113792419434,0.015987606719136238,,,87.0,82.59381103515625,,164.7152862548828,,,674.0,,13.0,103.0,,,,,,,,,,,0.0,,0.0,,1.0,10126.2001953125,,,,,,,,,,,,,,,,,,,,,,,,,,0.0,3.7467613220214844,2930.39990234375,,,,,,,,,,,,""
6440840402,"Dec 28, 2021, 6:36:29 PM",Evening Hike,Hike,,16994,9.15,146.0,23,false,,,activities/6847760758.fit.gz,,,16994.0,7239.0,9154.6103515625,3.68798828125,1.2646236419677734,361.0,362.0,1243.4000244140625,1541.800048828125,33.21363067626953,0.024031074717640877,,,80.0,50.535648345947266,,112.00556182861328,,,1002.0,,12.0,23.0,,,,,,,,,,,,,0.0,,1.0,,,,,,,,,,,,,,,,,,,,,,,,,,,0.0,0.5386966466903687,9101.599609375,,,,,,,,,,,,""
6441831623,"Dec 29, 2021, 10:41:43 AM",Run / X (Val de Gru low BPM),Run,,5050,14.83,171.0,78,false,,,activities/6848836506.fit.gz,,,5050.0,4736.0,14835.01953125,5.235998630523682,3.132394313812256,498.0,503.0,561.0,815.7999877929688,35.454429626464844,-0.02696322649717331,,,92.0,80.01060485839844,,144.4425811767578,,,1055.0,,14.0,78.0,,,,,,,,,,,0.0,,0.0,,1.0,16944.0,,,,,,,,,,,,,,,,,,,,,,,,,,0.0,2.9376275539398193,10872.2001953125,,,,,,,,,,,,""
6446793129,"Dec 30, 2021, 7:42:38 AM",Bike / X (Morto-rone),Ride,"Il Mortarone il penultimo giorno dell'anno, vuoi non farlo? Le idee dei fratelli Cannondale 🔥",22570,152.84,190.0,288,false,,Scott,activities/6854182400.fit.gz,,7.0,22570.0,20616.0,152848.171875,15.591992378234863,7.414055824279785,2187.0,2210.0,194.1999969482422,1156.0,39.376583099365234,-0.0005234271520748734,,,,,,139.4596710205078,,173.0419921875,3539.0,,14.0,288.0,,,,,,,,,,,0.0,,0.0,,1.0,,,,,,,,,,,,,,,,2806964.0,,,,,,,,,,,0.0,6.772183418273926,587.5999755859375,,,,,,,,,,,,media/088af85f-09d1-4226-9bc9-ff617751493c.jpg
6451272739,"Dec 31, 2021, 8:52:54 AM",Hike / X (Merelli's day 🥰),Hike,,16878,3.48,150.0,12,false,,,activities/6859018181.fit.gz,,,16878.0,2818.0,3484.639892578125,4.716015815734863,1.2365648746490479,376.0,321.0,1254.199951171875,1632.5999755859375,48.45976257324219,0.8494449257850647,,,112.0,57.383846282958984,,117.48319244384766,,,496.0,,20.0,12.0,,,,,,,,,,,0.0,,0.0,,1.0,,,,,,,,,,,,,,,,,,,,,,,,,,,0.0,0.20646047592163086,3246.89990234375,,,,,,,,,,,,""
6454854980,"Jan 1, 2022, 8:59:41 AM","Run / 1 (5, 2, 1... Buon Anno!)",Run,"In crescendo, mentre l'alcol scende.",6903,11.26,178.0,75,false,,,activities/6862913583.fit.gz,,,6903.0,5370.0,11260.73046875,5.480000019073486,2.0969645977020264,963.2000122070312,944.0,376.0,1331.199951171875,49.09090805053711,0.07104354351758957,,,113.0,65.32251739501953,,140.96044921875,,,1159.0,,22.0,75.0,,,,,,,,,,,0.0,,0.0,,1.0,17642.630859375,,,,,,,,,,,,,,,,,,,,,,,,,,0.0,1.631276249885559,7677.2001953125,,,,,,,,,,,,""
6460183766,"Jan 2, 2022, 8:12:16 AM",Bike / 1 (Avaro di MTB),Ride,,12095,26.85,176.0,89,false,,Scott,activities/6868647705.fit.gz,,7.0,12095.0,9181.0,26857.44921875,11.135937690734863,2.9253294467926025,1227.0,1035.0,553.4000244140625,1711.0,33.219139099121094,0.05808435380458832,,,,,,132.81793212890625,,126.41639709472656,1576.0,,18.0,89.0,,,,,,,,,,,0.0,,0.0,,1.0,,,,,,,,,,,,,,,,2806964.0,,,,,,,,,,,0.0,2.220541477203369,8763.7998046875,,,,,,,,,,,,media/a6249c16-a0ec-4b66-9ca0-b51779fae774.jpg
6465631561,"Jan 3, 2022, 10:48:36 AM",Run / 1 (Lunghetto),Run,🇬🇷 ,4287,14.34,187.0,134,false,,,activities/6874529161.fit.gz,,,4287.0,4130.0,14344.6904296875,6.091992378234863,3.4732906818389893,343.0,336.0,376.20001220703125,686.0,22.346107482910156,0.04182732477784157,,,84.0,79.9946517944336,,158.80474853515625,,,1075.0,,14.0,134.0,,,,,,,,,,,0.0,,0.0,,1.0,15169.599609375,,,,,,,,,,,,,,,,,,,,,,,,,,0.0,3.34609055519104,1715.0,,,,,,,,,,,,""
6471286148,"Jan 4, 2022, 10:43:26 AM",Hike / X (Meglio di niente),Hike,,4218,6.35,163.0,26,false,,,activities/6880591945.fit.gz,,,4218.0,4113.0,6356.919921875,3.072070360183716,1.5455677509307861,507.0,506.0,680.5999755859375,1188.800048828125,49.05569076538086,-0.009439108893275261,,,123.0,55.48008346557617,,121.6362533569336,,,609.0,,14.0,26.0,,,,,,,,,,,0.0,,0.0,,1.0,,,,,,,,,,,,,,,,,,,,,,,,,,,0.0,1.5070934295654297,5268.7998046875,,,,,,,,,,,,""
6476868712,"Jan 5, 2022, 2:23:21 PM",Afternoon Ride,Virtual Ride,,4735,50.37,,,false,,Scott,activities/6886562810.fit.gz,,7.0,4735.0,4735.0,50375.26171875,11.814062118530273,10.638915061950684,0.0,,,,0.0,0.0,,,90.0,75.78923034667969,,,,229.70750427246094,1087.0,,,,,,,,,,,,251.0,4736.0,0.0,,0.0,,1.0,,,,,,,,,,,,,,,,2806964.0,,,,,,,,,,,0.0,10.638915061950684,0.0,,,,,,,,,,,,""
6477113912,"Jan 5, 2022, 3:49:30 PM",Run / 2 (Private Brick),Run,,2508,10.01,188.0,120,false,,,activities/6886824068.fit.gz,,,2508.0,2508.0,10011.9697265625,6.133984565734863,3.992013692855835,32.0,31.0,225.39999389648438,240.0,13.138521194458008,0.01797850988805294,,,86.0,80.73719024658203,,169.72348022460938,,,719.0,,13.0,120.0,,,,,,,,,,,0.0,,0.0,,1.0,10061.599609375,,,,,,,,,,,,,,,,,,,,,,,,,,0.0,3.992013692855835,1325.0,,,,,,,,,,,,""
6480269090,"Jan 6, 2022, 7:30:22 AM",Run / 3 (BFWCCCFC),Run,,8923,27.77,187.0,357,false,,,activities/6890183398.fit.gz,,,8923.0,8258.0,27774.73046875,4.878125190734863,3.363372564315796,402.0,401.0,216.0,408.3999938964844,27.248537063598633,0.001440135994926095,,,84.0,80.8337631225586,,166.84605407714844,,,2144.0,,10.0,357.0,,,,,,,,,,,0.0,,0.0,,1.0,28821.19921875,,,,,,,,,,,,,,,,,,,,,,,,,,0.0,3.1127121448516846,1773.5999755859375,,,,,,,,,,,,""
6485185922,"Jan 7, 2022, 7:47:08 AM","Bike / X (Al caldo, Natale sul Nilo)",Virtual Ride,Che trashata. Quasi come ero da buttare io.,6899,72.20,,,false,,Scott,activities/6895430787.fit.gz,,7.0,6899.0,6899.0,72205.5234375,13.032031059265137,10.466085433959961,0.0,,,,0.0,0.0,,,85.0,71.06553649902344,,,,215.2619171142578,1485.0,,,,,,,,,,,,224.0,6900.0,0.0,,0.0,,1.0,,,,,,,,,,,,,,,,2806964.0,,,,,,,,,,,0.0,10.466085433959961,0.0,,,,,,,,,,,,""
6489462378,"Jan 8, 2022, 7:33:43 AM",Run / X (16km variati),Run,Good feelz ✨,4105,16.01,189.0,68,false,,,activities/6900043381.fit.gz,,,4105.0,3984.0,16013.6298828125,5.847999572753906,4.0194854736328125,75.0,85.0,384.79998779296875,446.20001220703125,13.0353364944458,-0.08867453783750534,,,86.0,82.1185073852539,,142.5777587890625,,,992.0,,4.0,68.0,,,,,,,,,,,0.0,,0.0,,1.0,16148.599609375,,,,,,,,,,,,,,,,,,,,,,,,,,0.0,3.901005983352661,5480.2001953125,,,,,,,,,,,,""
6495359519,"Jan 9, 2022, 8:34:44 AM",Bike / X (Zig Zag di Pegeaut),Ride,,8894,54.72,170.0,63,false,,Scott,activities/6906369435.fit.gz,,7.0,8894.0,8482.0,54725.3515625,16.141796112060547,6.451939582824707,964.0,961.0,217.60000610351562,470.6000061035156,45.59510803222656,-0.0018273066962137818,,,,,,128.89230346679688,,148.53921508789062,1303.0,,13.0,63.0,,,,,,,,,,,0.0,,0.0,,1.0,,,,,,,,,,,,,,,,2806964.0,,,,,,,,,,,0.0,6.153064250946045,1927.4000244140625,,,,,,,,,,,,""
6500026249,"Jan 10, 2022, 5:39:38 AM",Run / X (Morning easy start),Run,,2976,10.21,191.0,119,false,,,activities/6911380653.fit.gz,,,2976.0,2853.0,10214.2001953125,6.188000679016113,3.5801613330841064,161.0,155.0,237.0,380.20001220703125,24.02398681640625,0.01566452719271183,,,84.0,80.0371322631836,,165.30284118652344,,,775.0,,12.0,119.0,,,,,,,,,,,0.0,,0.0,,1.0,10516.2001953125,,,,,,,,,,,,,,,,,,,,,,,,,,0.0,3.4321908950805664,188.0,,,,,,,,,,,,""
6502437394,"Jan 10, 2022, 5:02:27 PM",Bike / X (Random 45 minutes of sauna),Virtual Ride,,2704,28.73,,,false,,Scott,activities/6913977696.fit.gz,,7.0,2704.0,2704.0,28734.69921875,11.489843368530273,10.626737594604492,0.0,,,,0.0,0.0,,,88.0,73.59970092773438,,,,229.31619262695312,620.0,,,,,,,,,,,,235.0,2705.0,0.0,,0.0,,1.0,,,,,,,,,,,,,,,,2806964.0,,,,,,,,,,,0.0,10.626737594604492,0.0,,,,,,,,,,,,""
6505941800,"Jan 11, 2022, 11:06:14 AM",Run / X (Where did I go?),Run,,3531,13.56,188.0,113,false,,,activities/6917705346.fit.gz,,,3531.0,3471.0,13561.7001953125,5.666015625,3.9071450233459473,57.0,32.0,208.8000030517578,242.1999969482422,14.6520357131958,0.1887669414281845,,,85.0,80.71196746826172,,158.98959350585938,,,949.0,,16.0,113.0,,,,,,,,,,,0.0,,0.0,,1.0,13703.099609375,,,,,,,,,,,,,,,,,,,,,,,,,,0.0,3.8407533168792725,2377.60009765625,,,,,,,,,,,,""
6513942172,"Jan 12, 2022, 7:31:44 PM",Run / X (We 🏃‍♀️ al fresco),Run,,5063,10.21,189.0,112,false,,,activities/6926201578.fit.gz,,,5063.0,2957.0,10218.7197265625,6.269921779632568,3.455772638320923,183.0,187.0,224.8000030517578,388.79998779296875,48.780487060546875,0.017614612355828285,,,94.0,79.86604309082031,,163.38687133789062,,,782.0,,11.0,112.0,,,,,,,,,,,0.0,,0.0,,1.0,10916.599609375,,,,,,,,,,,,,,,,,,,,,,,,,,0.0,2.01831316947937,1736.199951171875,,,,,,,,,,,,""
6514496702,"Jan 12, 2022, 4:50:01 PM",Afternoon Ride,Virtual Ride,,3600,38.57,,,false,,Scott,activities/6926788565.fit.gz,,7.0,3600.0,3600.0,38572.390625,12.853906631469727,10.714552879333496,0.0,,,,0.0,0.0,,,85.0,71.38166809082031,,,,229.4072265625,825.0,,,,,,,,,,,,239.0,3601.0,,,0.0,,1.0,,,,,,,,,,,,,,,,2806964.0,,,,,,,,,,,0.0,10.714552879333496,0.0,,,,,,,,,,,,""
6516402291,"Jan 13, 2022, 11:23:18 AM",Run / X (Speed 🚄),Run,"4*1km 90"" rec, 4*0.5km 45"" rec",2026,7.01,197.0,50,false,,,activities/6928835125.fit.gz,,,2026.0,1506.0,7009.7998046875,6.25,4.654581546783447,26.0,35.0,230.60000610351562,240.60000610351562,18.735349655151367,-0.03709101676940918,,,92.0,86.34310150146484,,159.5764617919922,,,447.0,,17.0,50.0,,,,,,,,,,,0.0,,0.0,,1.0,7116.5,,,,,,,,,,,,,,,,,,,,,,,,,,0.0,3.459920883178711,612.7999877929688,,,,,,,,,,,,""
6521671189,"Jan 14, 2022, 11:08:42 AM",Lunch Ride,Ride,,5277,35.24,164.0,49,false,,Scott,activities/6934456356.fit.gz,,7.0,5277.0,5207.0,35248.03125,16.491796493530273,6.769354820251465,825.0,807.0,320.79998779296875,1063.800048828125,18.94928741455078,0.025533340871334076,,,97.0,68.90338897705078,,131.48434448242188,,107.36547088623047,690.0,,17.0,49.0,559052.0,,,,,,,,119.0,5278.0,,,0.0,,1.0,,,,,,,,,,,,,,,,2806964.0,,,,,,,,,,,0.0,6.679558753967285,0.0,,,,,,,,,,,,""
6526525785,"Jan 15, 2022, 8:58:44 AM",Bike / X (Como con rientro facilitato),Ride,Misuratore di potenza dei cinesi.,9293,79.60,158.0,54,false,,Scott,activities/6939653495.fit.gz,,7.0,9293.0,8876.0,79603.171875,15.884374618530273,8.968360900878906,613.0,1078.0,195.8000030517578,680.0,11.275338172912598,-0.5874137878417969,,,100.0,77.93362426757812,,126.28912353515625,,96.54794311523438,1081.0,,15.0,54.0,856987.0,,,,,,,,105.0,9125.0,0.0,,0.0,,1.0,,,,,,,,,,,,,,,,2806964.0,,,,,,,,,,,0.0,8.56592845916748,0.0,,,,,,,,,,,,""
6532887731,"Jan 16, 2022, 12:53:26 PM",Run / X (Primo cross - Cellatica 2022),Run,,2258,9.57,183.0,73,false,,,activities/6946482490.fit.gz,,,2258.0,2258.0,9576.48046875,6.398000240325928,4.241134166717529,75.0,76.0,139.60000610351562,151.1999969482422,21.902257919311523,-0.010442249476909637,,,95.0,83.5348129272461,,157.96897888183594,,,663.0,,15.0,73.0,,,,,,,,,,,0.0,,0.0,,1.0,9893.2001953125,,,,,,,,,,,,,,,,,,,,,,,,,,0.0,4.241134166717529,0.0,,,,,,,,,,,,""
6533665703,"Jan 16, 2022, 3:28:40 PM",Pre+Defa,Run,,1200,3.50,,,false,,,,,,1200.0,1200.0,3500.0,,2.9166667461395264,,,,,,0.0,,,,,,,,,324.6786804199219,,,,,,,,,,,,,,0.0,,0.0,,0.0,,,,,,,,,,,,,,,,,,,,,,,,,,,0.0,2.9166667461395264,0.0,,,,,,,,,,,,""
6538920487,"Jan 17, 2022, 4:33:06 PM",Bike / X (Chill or 😴) ,Ride,,4343,24.71,171.0,44,false,,Scott,activities/6953002735.fit.gz,,7.0,4343.0,4184.0,24716.669921875,9.7138671875,5.907425880432129,470.0,32.0,236.8000030517578,681.0,16.44475746154785,1.7963584661483765,,,,,,135.1815643310547,,155.66273498535156,835.0,,13.0,44.0,,,,,,,,,,,0.0,,0.0,,1.0,,,,,,,,,,,,,,,,2806964.0,,,,,,,,,,,0.0,5.6911516189575195,0.0,,,,,,,,,,,,""
6542543180,"Jan 18, 2022, 11:15:27 AM",Run / X (Lento difficoltoso),Run,,3034,10.01,185.0,123,false,,,activities/6956858593.fit.gz,,,3034.0,3030.0,10018.1396484375,5.994042873382568,3.306316614151001,305.0,308.0,381.6000061035156,689.2000122070312,29.38581657409668,-0.021960286423563957,,,101.0,80.12467193603516,,164.29827880859375,,,809.0,,20.0,123.0,,,,,,,,,,,0.0,,0.0,,1.0,10781.900390625,,,,,,,,,,,,,,,,,,,,,,,,,,0.0,3.301957607269287,0.0,,,,,,,,,,,,""
6543836165,"Jan 18, 2022, 3:55:44 PM",Bike / X (In discesa 🥰),Ride,,2666,23.66,162.0,20,false,,Scott,activities/6958242559.fit.gz,,7.0,2666.0,2666.0,23661.810546875,15.288330078125,8.875397682189941,30.0,470.0,237.1999969482422,678.5999755859375,5.349849700927734,-1.8654531240463257,,,,,,128.30882263183594,,89.03507232666016,505.0,,16.0,20.0,,,,,,,,,,,0.0,,0.0,,1.0,,,,,,,,,,,,,,,,2806964.0,,,,,,,,,,,0.0,8.875397682189941,0.0,,,,,,,,,,,,""
6548064900,"Jan 19, 2022, 11:19:59 AM","Run / X (2*1km, 1*2km, 1*1km)",Run,,3048,11.00,179.0,72,false,,,activities/6962748129.fit.gz,,,3048.0,2862.0,11005.419921875,5.637988090515137,3.8453598022460938,64.0,59.0,209.8000030517578,227.39999389648438,20.2873477935791,0.03816312551498413,,,87.0,81.70507049560547,,152.16397094726562,,,780.0,,15.0,72.0,,,,,,,,,,,0.0,,0.0,,1.0,11173.2001953125,,,,,,,,,,,,,,,,,,,,,,,,,,0.0,3.6107020378112793,6720.2001953125,,,,,,,,,,,,""
6554432458,"Jan 20, 2022, 4:38:43 PM",Afternoon Swim,Swim,,2857,"2,325",160.0,45,false,,,activities/6969537665.fit.gz,,,2857.0,2641.0,2325.0,5.739999771118164,0.8803483247756958,0.0,,,,0.0,0.0,,,,28.0,,132.63467407226562,,,465.0,,27.0,45.0,,,,,,,,,,,,,0.0,,1.0,,,,,,,,,,,,,,,,,,,,,,,,,,,0.0,0.8137906789779663,0.0,,,,,,,,,,,,""
6558269656,"Jan 21, 2022, 11:06:26 AM",Bike / X (Test del Ganda 😍),Ride,Finalmente il misuratore è tornato ad andare!,5359,32.75,179.0,71,false,,Scott,activities/6973626133.fit.gz,,7.0,5359.0,5005.0,32752.541015625,15.982007026672363,6.54396390914917,813.0,454.0,295.6000061035156,1072.4000244140625,21.60375213623047,1.0851067304611206,,,110.0,70.11097717285156,,140.5240936279297,,224.6508026123047,1244.0,,14.0,71.0,1120715.0,,,,,,,,237.0,5170.0,0.0,,0.0,,1.0,,,,,,,,,,,,,,,,2806964.0,,,,,,,,,,,0.0,6.111688613891602,0.0,,,,,,,,,,,,""
6562199731,"Jan 22, 2022, 8:50:01 AM",Run / X (Lungo con Galaxy imprevista),Run,Powered by Vov and lasagne,6593,20.40,188.0,249,false,,,activities/6977845712.fit.gz,,,6593.0,6096.0,20403.759765625,5.967993259429932,3.347073554992676,640.0,638.0,551.2000122070312,1071.199951171875,49.046478271484375,0.023525016382336617,,,86.0,80.84432220458984,,164.7864990234375,,,1635.0,,11.0,249.0,,,,,,,,,,,0.0,,0.0,,1.0,22250.099609375,,,,,,,,,,,,,,,,,,,,,,,,,,0.0,3.0947611331939697,0.0,,,,,,,,,,,,media/a55b6a03-4948-4e89-9a3c-52ae2d3591c2.jpg|media/f53035f0-2326-4f9d-b4ba-2dcf3b0dcb3d.jpg
6567469575,"Jan 23, 2022, 8:57:14 AM","Bike / X (Quando il freddo chiama, Tacx risponde)",Virtual Ride,,4920,51.16,,,false,,Scott,activities/6983523931.fit.gz,,7.0,4920.0,4920.0,51167.73828125,12.110156059265137,10.399947166442871,0.0,,,,0.0,0.0,,,93.0,77.61625671386719,,,,212.17276000976562,1043.0,,,,,,,,,,,,225.0,4921.0,0.0,,0.0,,1.0,,,,,,,,,,,,,,,,2806964.0,,,,,,,,,,,0.0,10.399947166442871,0.0,,,,,,,,,,,,""
6570810637,"Jan 23, 2022, 3:28:03 PM",Bike / X (Da Mimmo a casa),Ride,,3980,25.31,166.0,47,false,,Scott,activities/6987102495.fit.gz,,7.0,3980.0,3905.0,25311.05859375,10.8740234375,6.481705188751221,491.0,43.0,237.39999389648438,687.7999877929688,22.00096321105957,1.7794592380523682,,,,,,137.05908203125,,181.43663024902344,783.0,,10.0,47.0,,,,,,,,,,,0.0,,0.0,,1.0,,,,,,,,,,,,,,,,2806964.0,,,,,,,,,,,0.0,6.359562873840332,0.0,,,,,,,,,,,,media/7994ff17-9e71-41d7-94b9-b20a96f7b321.jpg|media/0fd8f5ee-963b-4202-808e-dd3fa31452d4.jpg|media/c1c4fc0c-b315-4f03-8188-4dc7240aed9a.jpg
6572772438,"Jan 24, 2022, 6:12:32 AM",Morning Ride,Ride,,2461,23.61,179.0,39,false,,Scott,activities/6989229990.fit.gz,,7.0,2461.0,2434.0,23609.798828125,14.690014839172363,9.699999809265137,31.0,473.0,237.39999389648438,679.7999877929688,3.9609835147857666,-1.8737982511520386,,,,,,142.17091369628906,,117.78802490234375,571.0,,13.0,39.0,,,,,,,,,,,,,0.0,,1.0,,,,,,,,,,,,,,,,2806964.0,,,,,,,,,,,0.0,9.593579292297363,0.0,,,,,,,,,,,,""
6575102826,"Jan 24, 2022, 4:46:40 PM",Run / X (Solo km nelle gambe),Run,Vabbè Phoenix il cardiofrequenzimetro non sembra il tuo,3119,10.23,185.0,114,false,,,activities/6991743025.fit.gz,,,3119.0,3045.0,10238.0703125,7.713964939117432,3.3622562885284424,150.0,151.0,234.39999389648438,378.3999938964844,15.113190650939941,-0.03320947289466858,,,81.0,78.20869445800781,,162.29685974121094,,,806.0,,14.0,114.0,,,,,,,,,,,0.0,,0.0,,1.0,10504.7001953125,,,,,,,,,,,,,,,,,,,,,,,,,,0.0,3.282485008239746,47.29999923706055,,,,,,,,,,,,""
6578684503,"Jan 25, 2022, 11:09:12 AM",Run / X (12k variati 🙃),Run,,2938,12.01,184.0,120,false,,,activities/6995546530.fit.gz,,,2938.0,2938.0,12011.5400390625,5.8600006103515625,4.088338851928711,40.0,37.0,227.60000610351562,240.8000030517578,14.220855712890625,0.01665065437555313,,,88.0,82.03170776367188,,164.89785766601562,,,848.0,,12.0,120.0,,,,,,,,,,,0.0,,0.0,,1.0,12099.7001953125,,,,,,,,,,,,,,,,,,,,,,,,,,0.0,4.088338851928711,7999.60009765625,,,,,,,,,,,,""
6583029458,"Jan 26, 2022, 5:27:34 AM",Morning Ride,Virtual Ride,,3360,36.17,,,false,,Scott,activities/7000151830.fit.gz,,7.0,3360.0,3360.0,36173.53125,11.576171875,10.765931129455566,0.0,,,,0.0,0.0,,,79.0,66.91606903076172,,,,232.6157684326172,781.0,,,,,,,,,,,,240.0,3361.0,,,0.0,,1.0,,,,,,,,,,,,,,,,2806964.0,,,,,,,,,,,0.0,10.765931129455566,0.0,,,,,,,,,,,,""
6584212050,"Jan 26, 2022, 11:46:28 AM",Lunch Swim,Swim,,2573,"2,000",171.0,65,false,,,activities/7001430352.fit.gz,,,2573.0,2151.0,2000.0,4.107999801635742,0.9298000931739807,0.0,,,,0.0,0.0,,,,29.0,,143.1821746826172,,,400.0,,27.0,65.0,,,,,,,,,,,,,0.0,,1.0,,,,,,,,,,,,,,,,,,,,,,,,,,,0.0,0.7773027420043945,0.0,,,,,,,,,,,,""
6589401944,"Jan 27, 2022, 11:20:45 AM",Bike / X (Ora di libertà e salite dure in Pegeaut),Ride,,3708,22.80,154.0,25,false,,Scott,activities/7006972978.fit.gz,,7.0,3708.0,3689.0,22801.12109375,13.458203315734863,6.180840492248535,531.0,540.0,237.39999389648438,474.0,45.85944366455078,0.022805949673056602,,,,,,127.32170104980469,,165.4336395263672,612.0,,16.0,25.0,,,,,,,,,,,0.0,,0.0,,1.0,,,,,,,,,,,,,,,,2806964.0,,,,,,,,,,,0.0,6.149169445037842,56.29999923706055,,,,,,,,,,,,""
6593947672,"Jan 28, 2022, 11:01:55 AM",Run / X (Porticati e San Luca),Run,Corsetta dai feelz bellissimi. Forse però il colonnato ha accelerato il passo 🥰🤭,4037,13.00,184.0,117,false,,,activities/7011826170.fit.gz,,,4037.0,3585.0,13007.669921875,12.2080078125,3.628359794616699,231.0,234.0,57.0,297.0,45.45619583129883,0.027675967663526535,,,95.0,79.58319091796875,,158.65721130371094,,,942.0,,13.0,117.0,,,,,,,,,,,0.0,,0.0,,1.0,14097.7001953125,,,,,,,,,,,,,,,,,,,,,,,,,,0.0,3.2221128940582275,4.300000190734863,,,,,,,,,,,,media/60cdce48-5c98-4cf8-8e62-aacbc24f7cbd.jpg|media/b4db8490-4a59-474b-98a9-0fc349a375a2.jpg|media/2bb7091b-1539-41db-a709-430b712522e0.jpg
6603578848,"Jan 30, 2022, 9:17:32 AM",Run / X (Val di Mello Winter Trail),Run,Scoppiato ,3149,10.71,181.0,127,false,,,activities/7022159709.fit.gz,,,3149.0,3145.0,10716.9794921875,6.654004096984863,3.4076247215270996,261.0,255.0,913.4000244140625,1109.0,44.62444305419922,0.05971797555685043,,,122.0,81.87447357177734,,164.78359985351562,,,835.0,,14.0,127.0,,,,,,,,,,,0.0,,0.0,,1.0,11892.599609375,,,,,,,,,,,,,,,,,,,,,,,,,,0.0,3.4032962322235107,7236.5,,,,,,,,,,,,media/07484b14-e78d-477d-83ba-87356fc50a43.jpg
6610725996,"Jan 31, 2022, 4:51:27 PM",Afternoon Ride,Virtual Ride,,3579,38.13,,,false,,Scott,activities/7029839723.fit.gz,,7.0,3579.0,3579.0,38131.37890625,11.949999809265137,10.65419864654541,0.0,,,,0.0,0.0,,,85.0,70.21537780761719,,,,229.63369750976562,822.0,,,,,,,,,,,,251.0,3580.0,,,0.0,,1.0,,,,,,,,,,,,,,,,2806964.0,,,,,,,,,,,0.0,10.65419864654541,0.0,,,,,,,,,,,,""
6614212992,"Feb 1, 2022, 10:54:14 AM",Lunch Run,Run,,3371,12.01,168.0,63,false,,,activities/7033552731.fit.gz,,,3371.0,3362.0,12011.1591796875,5.633999824523926,3.5726232528686523,35.0,32.0,225.39999389648438,241.8000030517578,11.9135160446167,0.023311680182814598,,,84.0,79.19195556640625,,146.50819396972656,,,846.0,,19.0,63.0,,,,,,,,,,,,,0.0,,1.0,12084.0,,,,,,,,,,,,,,,,,,,,,,,,,,0.0,3.5630850791931152,5390.7998046875,,,,,,,,,,,,""
6619649239,"Feb 2, 2022, 11:33:11 AM",Lunch Swim,Swim,,2546,"2,000",159.0,24,false,,,activities/7039337312.fit.gz,,,2546.0,2122.0,2000.0,6.0,0.9425070881843567,0.0,,,,0.0,0.0,,,,30.0,,120.42772674560547,,,400.0,,28.0,24.0,,,,,,,,,,,,,0.0,,1.0,,,,,,,,,,,,,,,,,,,,,,,,,,,0.0,0.7855459451675415,0.0,,,,,,,,,,,,""
6621322946,"Feb 2, 2022, 5:11:58 PM",Evening Ride,Virtual Ride,,3457,37.24,,,false,,Scott,activities/7041116172.fit.gz,,7.0,3457.0,3457.0,37242.98046875,12.601953506469727,10.773207664489746,0.0,,,,0.0,0.0,,,85.0,70.28666687011719,,,,232.04107666015625,802.0,,,,,,,,,,,,240.0,3458.0,,,0.0,,1.0,,,,,,,,,,,,,,,,2806964.0,,,,,,,,,,,0.0,10.773207664489746,0.0,,,,,,,,,,,,""
6624558622,"Feb 3, 2022, 10:50:50 AM",Run / X (Fartlek 15*1'),Run,😵‍💫,2324,9.44,195.0,110,false,,,activities/7044562645.fit.gz,,,2324.0,2324.0,9441.1806640625,5.414013862609863,4.062469959259033,28.0,34.0,224.0,236.0,14.13437271118164,-0.06355137377977371,,,89.0,82.12882232666016,,169.365478515625,,,662.0,,18.0,110.0,,,,,,,,,,,0.0,,0.0,,1.0,9513.900390625,,,,,,,,,,,,,,,,,,,,,,,,,,0.0,4.062469959259033,7697.2998046875,,,,,,,,,,,,""
6629726098,"Feb 4, 2022, 11:37:05 AM",Bike / X (Selvino test),Ride,85% - 313 W - 73.5 k,4660,33.74,191.0,89,false,,Scott,activities/7050075576.fit.gz,,7.0,4660.0,4606.0,33744.53125,16.714061737060547,7.326211929321289,847.0,823.0,311.3999938964844,1070.199951171875,28.984912872314453,0.04326619580388069,,,109.0,75.1373291015625,,145.37820434570312,,241.65414428710938,1229.0,,14.0,89.0,1114620.0,,,,,,,,272.0,4646.0,0.0,,0.0,,1.0,,,,,,,,,,,,,,,,2806964.0,,,,,,,,,,,0.0,7.241315841674805,0.0,,,,,,,,,,,,""
6634011851,"Feb 5, 2022, 9:36:21 AM",Run / X (The Lodetti Long),Run,,6169,23.01,188.0,248,false,,,activities/7054659734.fit.gz,,,6169.0,6166.0,23009.619140625,7.347949028015137,3.7316930294036865,161.0,168.0,385.3999938964844,525.5999755859375,10.513386726379395,-0.03476806730031967,,,86.0,80.78291320800781,,164.43609619140625,,,1683.0,,13.0,248.0,,,,,,,,,,,0.0,,0.0,,1.0,23224.5,,,,,,,,,,,,,,,,,,,,,,,,,,0.0,3.7298781871795654,5422.7998046875,,,,,,,,,,,,media/a1baac9d-cc3c-4501-8cdb-02940337c26b.jpg
6640025283,"Feb 6, 2022, 8:00:51 AM",Bike / X (Il gruppo delle salite tranquille...),Ride,"Prima vera uscita 2022: Gandosso, Formiche, Colle Gallo, Ganda 😍",16436,101.65,178.0,198,false,,Scott,activities/7061121360.fit.gz,,7.0,16436.0,14325.0,101654.75,16.90625,7.096317768096924,2057.0,2040.0,194.60000610351562,1073.5999755859375,24.03745460510254,0.01003397535532713,,,105.0,71.4107437133789,,138.53968811035156,,197.95481872558594,3195.0,,11.0,198.0,2838922.0,,,,,,,,233.0,15711.0,0.0,,0.0,,1.0,,,,,,,,,,,,,,,,2806964.0,,,,,,,,,,,0.0,6.1848835945129395,79.5,,,,,,,,,,,,""
6643803318,"Feb 7, 2022, 6:01:53 AM",Morning Run,Run,,4275,13.61,185.0,95,false,,,activities/7065204519.fit.gz,,,4275.0,4058.0,13615.3994140625,7.319921970367432,3.3551995754241943,262.0,264.0,232.39999389648438,461.6000061035156,21.524797439575195,-0.02937849797308445,,,86.0,80.43045806884766,,151.17112731933594,,,1006.0,,15.0,95.0,,,,,,,,,,,,,0.0,,1.0,14260.0,,,,,,,,,,,,,,,,,,,,,,,,,,0.0,3.1848888397216797,15.699999809265137,,,,,,,,,,,,""
6649670903,"Feb 8, 2022, 11:10:20 AM",Lunch Run,Run,,2450,10.01,187.0,93,false,,,activities/7071486518.fit.gz,,,2450.0,2404.0,10013.3203125,5.732031345367432,4.165274620056152,50.0,46.0,208.8000030517578,225.39999389648438,11.904746055603027,0.03794948011636734,,,89.0,83.1120834350586,,163.33514404296875,,,708.0,,18.0,93.0,,,,,,,,,,,,,0.0,,1.0,10125.599609375,,,,,,,,,,,,,,,,,,,,,,,,,,0.0,4.087069511413574,6773.39990234375,,,,,,,,,,,,""
6656963178,"Feb 9, 2022, 4:29:26 PM",Bike / X (Amazing afterwork),Ride,,3559,24.75,178.0,51,false,,Scott,activities/7079276315.fit.gz,,7.0,3559.0,3559.0,24752.76953125,10.799996376037598,6.954978942871094,484.0,41.0,236.60000610351562,681.4000244140625,14.89716911315918,1.793738842010498,,,,,,140.03428649902344,,202.21844482421875,770.0,,14.0,51.0,,,,,,,,,,,0.0,,0.0,,1.0,,,,,,,,,,,,,,,,2806964.0,,,,,,,,,,,0.0,6.954978942871094,0.0,,,,,,,,,,,,""
6659638406,"Feb 10, 2022, 5:57:55 AM",Morning Run,Run,,3055,10.01,182.0,99,false,,,activities/7082123097.fit.gz,,,3055.0,3052.0,10016.9599609375,5.966015815734863,3.282097101211548,312.0,310.0,372.6000061035156,685.4000244140625,23.636140823364258,0.04791921749711037,,,84.0,79.9506607055664,,159.05162048339844,,,802.0,,11.0,99.0,,,,,,,,,,,,,0.0,,1.0,10819.2998046875,,,,,,,,,,,,,,,,,,,,,,,,,,0.0,3.278874158859253,0.0,,,,,,,,,,,,""
6660756386,"Feb 10, 2022, 11:10:36 AM",Lunch Ride,Ride,,5081,36.32,173.0,94,false,,Scott,activities/7083332511.fit.gz,,7.0,5081.0,4973.0,36319.4296875,16.635936737060547,7.303323745727539,799.0,794.0,341.6000061035156,769.7999877929688,21.053794860839844,0.02092537097632885,,,102.0,72.60370635986328,,145.2356719970703,,218.6923370361328,1212.0,,16.0,94.0,1089115.0,,,,,,,,244.0,5082.0,,,0.0,,1.0,,,,,,,,,,,,,,,,2806964.0,,,,,,,,,,,0.0,7.148087024688721,0.0,,,,,,,,,,,,""
6664798270,"Feb 11, 2022, 5:48:28 AM",Bike / X (Risvegli selvinesi),Ride,,5364,33.84,161.0,59,false,,Scott,activities/7087654452.fit.gz,,7.0,5364.0,5364.0,33841.03125,17.432031631469727,6.308917045593262,803.0,795.0,313.3999938964844,1064.199951171875,19.80039405822754,0.018320990726351738,,,98.0,69.99105072021484,,134.5517578125,,189.2275848388672,1145.0,,11.0,59.0,1012516.0,,,,,,,,213.0,5365.0,0.0,,0.0,,1.0,,,,,,,,,,,,,,,,2806964.0,,,,,,,,,,,0.0,6.308917045593262,0.0,,,,,,,,,,,,""
6667328257,"Feb 11, 2022, 3:46:36 PM",Afternoon Ride,Ride,,2624,23.63,170.0,39,false,,Scott,activities/7090382200.fit.gz,,7.0,2624.0,2544.0,23636.08984375,14.773999214172363,9.290915489196777,25.0,463.0,239.8000030517578,677.4000244140625,4.977000713348389,-1.851406216621399,,,,,,139.8429412841797,,105.74220275878906,591.0,,20.0,39.0,,,,,,,,,,,,,0.0,,1.0,,,,,,,,,,,,,,,,2806964.0,,,,,,,,,,,0.0,9.00765609741211,0.0,,,,,,,,,,,,""
6670548983,"Feb 12, 2022, 8:54:12 AM",Morning Run,Hike,,6515,7.82,145.0,20,false,,,activities/7093841281.fit.gz,,,6515.0,5858.0,7822.7001953125,2.640000104904175,1.3353874683380127,675.5999755859375,642.0,671.2000122070312,1344.800048828125,49.122806549072266,0.007669986225664616,,,122.0,52.7841682434082,,115.78296661376953,,,743.0,,16.0,20.0,,,,,,,,,,,0.0,,0.0,,1.0,12325.2998046875,,,,,,,,,,,,,,,,,,,,,,,,,,0.0,1.2007213830947876,6722.10009765625,,,,,,,,,,,,""
6677505500,"Feb 13, 2022, 1:27:04 PM",Run / X (2° tappa regionale cross),Run,Parco delle cave,2213,9.49,194.0,119,false,,,activities/7101360264.fit.gz,,,2213.0,2213.0,9490.7802734375,5.741999626159668,4.288649082183838,74.0,73.0,112.4000015258789,131.0,39.56794357299805,0.008429184556007385,,,91.0,83.64979553222656,,173.10122680664062,,,677.0,,15.0,119.0,,,,,,,,,,,0.0,,0.0,,1.0,9847.400390625,,,,,,,,,,,,,,,,,,,,,,,,,,0.0,4.288649082183838,4639.7001953125,,,,,,,,,,,,media/f852ab7b-82ef-467b-b1f7-7d9996c37ba4.jpg
6683147812,"Feb 14, 2022, 4:28:37 PM",Swim / X (Tonnaio di Stezzano 🐟),Swim,,3247,"2,525",163.0,62,false,,,activities/7107490817.fit.gz,,,3247.0,2945.0,2525.0,4.25,0.8573853969573975,0.0,,,,0.0,0.0,,,,27.0,,136.00717163085938,,,512.0,,27.0,62.0,,,,,,,,,,,0.0,,0.0,,1.0,,,,,,,,,,,,,,,,,,,,,,,,,,,0.0,0.7776408791542053,0.0,,,,,,,,,,,,""
6685806389,"Feb 15, 2022, 5:57:25 AM",Morning Run,Run,,1595,5.26,185.0,51,false,,,activities/7110349834.fit.gz,,,1595.0,1574.0,5268.44970703125,7.030077934265137,3.347172737121582,146.0,12.0,237.1999969482422,382.6000061035156,23.99993896484375,2.554831027984619,,,84.0,80.51258850097656,,158.2333984375,,,420.0,,15.0,51.0,,,,,,,,,,,,,0.0,,1.0,5778.0,,,,,,,,,,,,,,,,,,,,,,,,,,0.0,3.303103446960449,14.199999809265137,,,,,,,,,,,,""
6685935580,"Feb 15, 2022, 11:21:50 AM",Run / X (Comeback without Garmin),Run,,1560,5.20,,,false,,,,,,1560.0,1560.0,5200.0,,3.3333332538604736,,,,,,0.0,,,,,,,,,482.3797607421875,,,,,,,,,,,,,,0.0,,0.0,,0.0,,,,,,,,,,,,,,,,,,,,,,,,,,,0.0,3.3333332538604736,0.0,,,,,,,,,,,,""
6692126216,"Feb 16, 2022, 8:17:22 AM",Bike / X (Tra centrali geotermiche e il Tirli),Ride,Scoppiato fino alla pizza di San Vincenzo,24163,180.26,182.0,352,false,,Scott,activities/7117109445.fit.gz,,7.0,24163.0,21059.0,180262.078125,18.682031631469727,8.559859275817871,2322.0,2313.0,0.4000000059604645,684.2000122070312,26.666656494140625,0.0022189912851899862,,,110.0,74.48075103759766,,142.98602294921875,,206.73876953125,4867.0,,14.0,352.0,4346892.0,,,,,,,,225.0,22126.0,0.0,,0.0,,1.0,,,,,,,,,,,,,,,,2806964.0,,,,,,,,,,,0.0,7.460252285003662,40.900001525878906,,,,,,,,,,,,media/39a66608-36bc-402f-916e-c2b648961627.jpg|media/245b4a0b-07f4-4e6b-9c61-bef777181e14.jpg|media/58b0c60f-ba8f-4a16-ac6b-0d97d0baa674.jpg|media/edf1b55e-30a0-4371-b1a1-a6b80431700c.jpg
6695267798,"Feb 17, 2022, 6:03:27 AM",Run / X (Vagare random per bruciare pizza),Run,Tra rovi,3616,11.09,181.0,68,false,,,activities/7120470045.fit.gz,,,3616.0,3229.0,11098.4501953125,5.011914253234863,3.437116861343384,203.0,192.0,50.400001525878906,162.0,26.209945678710938,0.005406180862337351,,,84.0,79.42698669433594,,149.859375,,,790.0,,12.0,68.0,,,,,,,,,,,0.0,,0.0,,1.0,11579.7998046875,,,,,,,,,,,,,,,,,,,,,,,,,,0.0,3.0692615509033203,3940.300048828125,,,,,,,,,,,,""
6701076023,"Feb 18, 2022, 10:35:40 AM","Bike / X (Vetulonnia ""agile"")",Ride,🔥🔥🔥,5233,37.40,177.0,107,false,,Scott,activities/7126738896.fit.gz,,7.0,5233.0,4675.0,37399.6484375,16.648046493530273,7.999924659729004,674.0,669.0,18.200000762939453,337.6000061035156,22.80263328552246,0.011764820665121078,,,95.0,74.465087890625,,148.73870849609375,,233.47314453125,1207.0,,17.0,107.0,1092038.0,,,,,,,,259.0,5134.0,0.0,,0.0,,1.0,,,,,,,,,,,,,,,,2806964.0,,,,,,,,,,,0.0,7.146884918212891,0.0,,,,,,,,,,,,""
6701983122,"Feb 18, 2022, 3:14:42 PM",Run / X (Finitudine al vento),Run,,3364,12.01,176.0,80,false,,,activities/7127722420.fit.gz,,,3364.0,3253.0,12012.830078125,4.720019340515137,3.6928465366363525,57.0,59.0,2.799999952316284,56.400001525878906,11.299312591552734,-0.003329754341393709,,,84.0,79.58296966552734,,152.2021484375,,,855.0,,18.0,80.0,,,,,,,,,,,0.0,,0.0,,1.0,12120.2001953125,,,,,,,,,,,,,,,,,,,,,,,,,,0.0,3.570995807647705,23.600000381469727,,,,,,,,,,,,media/947cf9b2-f846-40b0-8c5c-03f56cd8820d.jpg
6709526851,"Feb 19, 2022, 7:29:09 AM",Bike / X (Finalmente a Siena),Ride,"Una giornata tra nebbia, strade bianche, Mathieu e strappi termali al 20%.

Il Garmin si è ripreso con me il giorno dopo.",29021,192.12,185.0,335,false,,Scott,activities/7135863631.fit.gz,,7.0,29021.0,25210.0,192126.953125,19.653125762939453,7.621061325073242,2994.0,2978.0,7.599999904632568,589.7999877929688,30.649398803710938,0.0018737622303888202,,,109.0,72.15469360351562,,138.95431518554688,,191.7355194091797,5455.0,,16.0,335.0,4829471.0,,,,,,,,213.0,27410.0,0.0,,0.0,,1.0,,,,,,,,,,,,,,,,2806964.0,,,,,,,,,,,0.0,6.620273113250732,7974.89990234375,,,,,,,,,,,,""
6710341597,"Feb 20, 2022, 8:30:26 AM",Bike / X (Fight for brioches ()🤤),Ride,,8054,45.20,,,false,,Scott,activities/6710341597.gpx,,7.0,8054.0,6512.0,45201.3203125,17.527929306030273,6.941234588623047,570.3660888671875,570.7659912109375,3.0999999046325684,418.29998779296875,13.495436668395996,-0.0008849299047142267,,,,,,,,145.252685546875,1054.66455078125,,,,,,,,,,,,,,0.0,,0.0,,1.0,,,,,,,,,,,,,,,,2806964.0,,,,,,,,,,,0.0,5.6122822761535645,0.0,,,,,,,,,,,,media/f283e07f-d3ee-4945-a7ce-fe9d8dbd89a2.jpg|media/0fbebcd1-e74f-40f2-b189-896f871e8f6d.jpg
6716893067,"Feb 21, 2022, 4:13:48 PM",Run / X (1*6km+2*1.5km),Run,"Tempo a gambe stanche, buone sensazioni con il vento",2850,11.00,180.0,76,false,,,activities/7143822742.fit.gz,,,2850.0,2620.0,11006.580078125,5.743945121765137,4.200984954833984,34.0,46.0,222.1999969482422,239.8000030517578,20.76108741760254,-0.12174543738365173,,,88.0,81.21575927734375,,157.08103942871094,,,754.0,,17.0,76.0,,,,,,,,,,,0.0,,0.0,,1.0,11101.400390625,,,,,,,,,,,,,,,,,,,,,,,,,,0.0,3.8619580268859863,5610.7001953125,,,,,,,,,,,,media/2d0620ef-8d26-43f4-8871-fe061e96883c.jpg|media/19d87da3-cf45-4b7d-a058-59f0f3496902.jpg
6718789375,"Feb 21, 2022, 10:52:21 PM",Bike / X (Quando non riesci a dormire perché Putin sta invadendo 🇺🇦),Ride,,3717,24.37,156.0,32,false,,Scott,activities/7145831415.fit.gz,,7.0,3717.0,3717.0,24377.560546875,11.422070503234863,6.558396339416504,502.0,58.0,238.1999969482422,682.4000244140625,19.07797622680664,1.8221677541732788,,,93.0,69.85526275634766,,133.48748779296875,,224.62147521972656,928.0,,16.0,32.0,835140.0,,,,,,,,231.0,3718.0,0.0,,0.0,,1.0,,,,,,,,,,,,,,,,2806964.0,,,,,,,,,,,0.0,6.558396339416504,0.0,,,,,,,,,,,,""
6721808377,"Feb 22, 2022, 2:50:48 PM",Afternoon Ride,Ride,"",3394,18.61,171.0,52,false,"",Scott,activities/7149078349.fit.gz,,7.0,3394.0,3043.0,18617.12890625,17.513866424560547,6.11801815032959,667.0,656.0,391.6000061035156,1059.5999755859375,22.31553077697754,0.026856986805796623,,,97.0,66.97071075439453,,141.87118530273438,,234.21951293945312,789.0,,18.0,52.0,712918.0,,,,,7.0,,,264.0,3296.0,,97.0,0.0,,1.0,,,,,,,,,,,,,,,,2806964.0,,,,,,,,,,,0.0,5.485306262969971,0.0,,,,,,,,,,,,""
6724790814,"Feb 23, 2022, 5:23:19 AM",Run / X (Lunghetto mattutino pre work),Run,,5678,20.69,198.0,242,false,,,activities/7152253287.fit.gz,,,5678.0,5614.0,20696.060546875,5.362011909484863,3.6865086555480957,27.0,466.0,240.0,684.7999877929688,9.980506896972656,-2.1482348442077637,,,91.0,80.5002670288086,,166.80917358398438,,,1517.0,,13.0,242.0,,,,,,,,,,,0.0,,0.0,,1.0,20494.900390625,,,,,,,,,,,,,,,,,,,,,,,,,,0.0,3.64495587348938,808.0999755859375,,,,,,,,,,,,media/0d00af49-dfd6-4c0a-8163-572108592ff9.jpg
6727555198,"Feb 23, 2022, 4:54:31 PM",Afternoon Swim,Swim,,2713,"2,200",152.0,38,false,,,activities/7155252194.fit.gz,,,2713.0,2526.0,2200.0,4.185999870300293,0.8709421753883362,0.0,,,,0.0,0.0,,,,28.0,,130.59481811523438,,,440.0,,27.0,38.0,,,,,,,,,,,,,0.0,,1.0,,,,,,,,,,,,,,,,,,,,,,,,,,,0.0,0.8109104037284851,0.0,,,,,,,,,,,,""
6733405265,"Feb 24, 2022, 7:06:14 PM",Evening Activity,Backcountry Ski,,9822,1.98,106.0,4,false,,,activities/7161545351.fit.gz,,,9822.0,2070.0,1982.8199462890625,4.009985446929932,0.9578840136528015,436.0,0.0,1194.800048828125,1635.4000244140625,45.73832321166992,-0.030258702114224434,,,,,,90.8528823852539,,,190.0,,17.0,4.0,,,,,,,,,,,,,0.0,,1.0,,,,,,,,,,,,,,,,,,,,,,,,,,,0.0,0.20187537372112274,771.0999755859375,,,,,,,,,,,,""
6735392718,"Feb 25, 2022, 10:53:59 AM",Bike / X (Test Selvino - Così così),Ride,Giornata con altri pensieri,3374,23.76,182.0,98,false,"",Scott,activities/7163697627.fit.gz,,7.0,3374.0,3318.0,23759.080078125,16.037988662719727,7.16066312789917,651.0,403.0,307.20001220703125,926.2000122070312,23.768444061279297,1.0404443740844727,,,118.0,80.5167465209961,,156.03834533691406,,257.7756652832031,937.0,,17.0,98.0,855689.0,,,,,,,,282.0,3375.0,,,0.0,,1.0,,,,,,,,,,,,,,,,2806964.0,,,,,,,,,,,0.0,7.041813850402832,0.0,,,,,,,,,,,,""
6735539964,"Feb 25, 2022, 11:54:05 AM",Lunch Ride,Ride,,1559,10.58,160.0,14,false,,Scott,activities/7163855455.fit.gz,,7.0,1559.0,1470.0,10581.0,16.399999618530273,7.1979594230651855,184.0,428.0,681.2000122070312,1065.0,39.920082092285156,-2.2568752765655518,,,97.0,67.02015686035156,,131.4498291015625,,143.19180297851562,248.0,,13.0,14.0,211406.0,,,,,,,,190.0,1560.0,,,0.0,,1.0,,,,,,,,,,,,,,,,2806964.0,,,,,,,,,,,0.0,6.78704309463501,0.0,,,,,,,,,,,,""
6740804925,"Feb 26, 2022, 12:45:44 PM",Afternoon Run,Run,,4346,15.04,181.0,73,false,,,activities/7169527721.fit.gz,,,4346.0,4241.0,15039.5693359375,6.154980659484863,3.546231985092163,78.0,76.0,388.6000061035156,456.6000061035156,15.344551086425781,0.014628159813582897,,,84.0,79.25059509277344,,146.41017150878906,,,1060.0,,18.0,73.0,,,,,,,,,,,,,0.0,,1.0,15180.7998046875,,,,,,,,,,,,,,,,,,,,,,,,,,0.0,3.460554361343384,5620.2998046875,,,,,,,,,,,,""
6745635720,"Feb 27, 2022, 8:02:41 AM",Morning Ride,Ride,,13338,81.79,186.0,123,false,,Scott,activities/7174764207.fit.gz,,7.0,13338.0,12060.0,81793.6015625,17.807811737060547,6.782222270965576,1289.0,1274.0,236.8000030517578,1071.0,30.036523818969727,0.007580069825053215,,,106.0,69.55489349365234,,134.42599487304688,,160.3572540283203,2220.0,,13.0,123.0,1921892.0,,,,,,,,190.0,13098.0,,,0.0,,1.0,,,,,,,,,,,,,,,,2806964.0,,,,,,,,,,,0.0,6.132373809814453,0.0,,,,,,,,,,,,""
6751265876,"Feb 28, 2022, 7:59:30 AM",Bike / X (A vent'anni la vita è Oltre il Colle),Ride,"Alino, Dossena, Ganda. Fine febbraio. Può andare bene così. ",18268,116.43,179.0,181,false,,Scott,activities/7180915431.fit.gz,,7.0,18268.0,16987.0,116431.7109375,17.331249237060547,6.854165554046631,2496.0,2490.0,268.79998779296875,1272.800048828125,48.00004577636719,0.003950845450162888,,,110.0,68.63008880615234,,133.90513610839844,,194.48910522460938,3716.0,,13.0,181.0,3296104.0,,,,,,,,218.0,18255.0,0.0,,0.0,,1.0,,,,,,,,,,,,,,,,2806964.0,,,,,,,,,,,0.0,6.373533248901367,492.70001220703125,,,,,,,,,,,,media/b406ce88-5417-45e0-b877-eb6b7481dc24.jpg|media/f2d71b59-4f5d-4899-90f5-f5efca203de3.jpg|media/f2706a00-c0b8-4943-9923-a803d3604b25.jpg
6755346201,"Mar 1, 2022, 9:58:06 AM",Run / X (Chilling / 1),Run,,3144,10.01,184.0,90,false,,,activities/7185323700.fit.gz,,,3144.0,3008.0,10018.2197265625,5.954003810882568,3.3305251598358154,304.5666809082031,306.0,372.6000061035156,678.2999877929688,20.231353759765625,0.01197819970548153,,,87.0,79.43395233154297,,156.31422424316406,,,783.0,,16.0,90.0,,,,,,,,,,,0.0,,0.0,,1.0,10849.234375,,,,,,,,,,,,,,,,,,,,,,,,,,0.0,3.1864566802978516,0.0,,,,,,,,,,,,""
6758574770,"Mar 1, 2022, 7:50:40 PM","Run / X (Call me Bergamo, WeRunBergamo)",Run,,5895,10.10,189.0,77,false,,,activities/7188789201.fit.gz,,,5895.0,2963.0,10102.8896484375,7.171972751617432,3.4096827507019043,183.0,186.0,224.0,390.0,47.66704559326172,0.045531585812568665,,,93.0,79.78561401367188,,153.01426696777344,,,749.0,,13.0,77.0,,,,,,,,,,,0.0,,0.0,,1.0,10776.099609375,,,,,,,,,,,,,,,,,,,,,,,,,,0.0,1.7138066291809082,1900.4000244140625,,,,,,,,,,,,media/a96b901d-f9ad-4726-9cdb-2fe1296235eb.jpg
6760966583,"Mar 2, 2022, 11:27:23 AM",Lunch Swim,Swim,,2619,"2,000",178.0,70,false,,,activities/7191378512.fit.gz,,,2619.0,2172.0,2000.0,5.369999885559082,0.920810341835022,0.0,,,,0.0,0.0,,,,29.0,,143.12973022460938,,,400.0,,27.0,70.0,,,,,,,,,,,,,0.0,,1.0,,,,,,,,,,,,,,,,,,,,,,,,,,,0.0,0.7636502385139465,0.0,,,,,,,,,,,,""
6766001256,"Mar 3, 2022, 10:57:47 AM",Lunch Run,Run,,2896,11.01,198.0,126,false,,,activities/7196775811.fit.gz,,,2896.0,2587.0,11011.009765625,6.091998100280762,4.256285190582275,39.0,47.0,225.8000030517578,240.1999969482422,15.483831405639648,-0.061756398528814316,,,88.0,82.28004455566406,,170.74087524414062,,,777.0,,18.0,126.0,,,,,,,,,,,,,0.0,,1.0,11123.2998046875,,,,,,,,,,,,,,,,,,,,,,,,,,0.0,3.8021442890167236,9065.7998046875,,,,,,,,,,,,""
6772027703,"Mar 4, 2022, 2:51:27 PM",Afternoon Ride,Ride,,3378,17.56,175.0,46,false,,Scott,activities/7203256130.fit.gz,,7.0,3378.0,2849.0,17563.75,17.108007431030273,6.164882659912109,536.0,535.0,654.5999755859375,1067.0,23.054058074951172,-0.011387089267373085,,,89.0,56.646522521972656,,142.58306884765625,,183.35968017578125,617.0,,11.0,46.0,546362.0,,,,,,,,225.0,3133.0,0.0,,0.0,,1.0,,,,,,,,,,,,,,,,2806964.0,,,,,,,,,,,0.0,5.1994524002075195,0.0,,,,,,,,,,,,""
6775164367,"Mar 5, 2022, 7:57:59 AM",Bike / X (A Orezzo c'era la neve),Ride,"Uscite così un po' a caso.
Domani bisogna spingere ",8056,57.03,194.0,128,false,,Scott,activities/7206645258.fit.gz,,7.0,8056.0,7666.0,57037.16015625,17.18798828125,7.440276622772217,1053.0,1042.0,259.6000061035156,776.4000244140625,20.259105682373047,0.01998690515756607,,,100.0,73.45977783203125,,143.6033935546875,,225.05335998535156,1917.0,,8.0,128.0,1725781.0,,,,,,,,241.0,7947.0,0.0,,0.0,,1.0,,,,,,,,,,,,,,,,2806964.0,,,,,,,,,,,0.0,7.080084800720215,0.0,,,,,,,,,,,,""
6780913931,"Mar 6, 2022, 10:17:34 AM","Run / X (Altro giorno, altra sofferenza)",Run,Lo stomaco è rimasto sui Navigli,1600,6.74,185.0,52,false,,,activities/7212866146.fit.gz,,,1600.0,1597.0,6745.66015625,7.495999813079834,4.223957538604736,44.0,46.0,381.3999938964844,389.6000061035156,27.181856155395508,-0.029648691415786743,,,99.0,83.1359634399414,,159.2010040283203,,,457.0,,12.0,52.0,,,,,,,,,,,0.0,,0.0,,1.0,6958.39990234375,,,,,,,,,,,,,,,,,,,,,,,,,,0.0,4.216037750244141,6745.7001953125,,,,,,,,,,,,media/b7838ea1-2606-4801-80f8-b50649da6a19.jpg
6782422303,"Mar 6, 2022, 12:23:10 PM",Afternoon Ride,Ride,,5508,33.98,171.0,59,false,,Scott,activities/7214489474.fit.gz,,7.0,5508.0,5323.0,33981.30859375,16.635936737060547,6.383864402770996,816.0,809.0,313.79998779296875,1073.0,36.6072883605957,0.021188152953982353,,,109.0,71.10399627685547,,136.03927612304688,,205.95640563964844,1229.0,,18.0,59.0,1096318.0,,,,,,,,224.0,5509.0,,,0.0,,1.0,,,,,,,,,,,,,,,,2806964.0,,,,,,,,,,,0.0,6.1694464683532715,0.0,,,,,,,,,,,,""
6791667212,"Mar 8, 2022, 11:02:39 AM",Lunch Run,Run,,4437,15.01,183.0,126,false,,,activities/7224490183.fit.gz,,,4437.0,4194.0,15009.7197265625,7.652001857757568,3.578855514526367,225.0,219.0,235.39999389648438,393.6000061035156,15.873722076416016,0.027981847524642944,,,87.0,79.53814697265625,,156.85745239257812,,,1114.0,,15.0,126.0,,,,,,,,,,,,,0.0,,1.0,15488.2001953125,,,,,,,,,,,,,,,,,,,,,,,,,,0.0,3.3828532695770264,0.0,,,,,,,,,,,,""
6795694555,"Mar 9, 2022, 5:44:56 AM",Morning Ride,Virtual Ride,,3441,37.75,,,false,,Scott,activities/7228803592.fit.gz,,7.0,3441.0,3441.0,37750.37109375,11.846094131469727,10.970755577087402,0.0,,,,0.0,0.0,,,90.0,69.27906799316406,,,,245.818359375,845.0,,,,,,,,,,,,255.0,3442.0,,,0.0,,1.0,,,,,,,,,,,,,,,,2806964.0,,,,,,,,,,,0.0,10.970755577087402,0.0,,,,,,,,,,,,""
6798279192,"Mar 9, 2022, 4:45:10 PM",Afternoon Run,Run,,2284,9.38,185.0,111,false,,,activities/7231594704.fit.gz,,,2284.0,2274.0,9381.919921875,6.25,4.125734329223633,27.0,41.0,222.39999389648438,239.1999969482422,13.769662857055664,-0.14709146320819855,,,91.0,82.11619567871094,,169.45338439941406,,,651.0,,15.0,111.0,,,,,,,,,,,,,0.0,,1.0,9428.7998046875,,,,,,,,,,,,,,,,,,,,,,,,,,0.0,4.107670783996582,7641.5,,,,,,,,,,,,""
6801876137,"Mar 10, 2022, 11:13:31 AM",Lunch Run,Run,,2986,10.27,170.0,51,false,,,activities/7235489561.fit.gz,,,2986.0,2889.0,10273.3701171875,6.337988376617432,3.556029796600342,157.0,150.0,237.60000610351562,382.0,15.424162864685059,0.04088236764073372,,,86.0,80.18092346191406,,146.41818237304688,,,721.0,,20.0,51.0,,,,,,,,,,,,,0.0,,1.0,10568.2998046875,,,,,,,,,,,,,,,,,,,,,,,,,,0.0,3.4405124187469482,12.800000190734863,,,,,,,,,,,,""
6803242759,"Mar 10, 2022, 4:06:59 PM",Bike / X (McK 9*3'*300W),Virtual Ride,,3224,35.21,,,false,,Scott,activities/7236960379.fit.gz,,7.0,3224.0,3224.0,35210.1796875,12.130078315734863,10.921271324157715,0.0,,,,0.0,0.0,,,97.0,83.21681213378906,,,,242.6702880859375,782.0,,,,,,,,,,,,258.0,3225.0,0.0,,0.0,,1.0,,,,,,,,,,,,,,,,2806964.0,,,,,,,,,,,0.0,10.921271324157715,0.0,,,,,,,,,,,,""
6806908006,"Mar 11, 2022, 10:48:00 AM",Lunch Ride,Ride,,5070,32.97,171.0,53,false,,Scott,activities/7240904806.fit.gz,,7.0,5070.0,4888.0,32973.83984375,16.467967987060547,6.745875835418701,922.0,915.0,333.6000061035156,831.7999877929688,23.23306655883789,0.009704699739813805,,,111.0,68.23897552490234,,135.36361694335938,,218.80601501464844,1192.0,,11.0,53.0,1070788.0,,,,,,,,251.0,5048.0,,,0.0,,1.0,,,,,,,,,,,,,,,,2806964.0,,,,,,,,,,,0.0,6.503716468811035,0.0,,,,,,,,,,,,""
6810571796,"Mar 12, 2022, 7:48:13 AM",Run / X (Finally good feelz 🥰),Run,,3391,15.01,188.0,136,false,,,activities/7244855098.fit.gz,,,3391.0,3391.0,15014.6904296875,6.436132907867432,4.4278059005737305,60.747989654541016,133.0,300.5,306.3999938964844,22.83694839477539,-0.017316363751888275,,,,,,164.36195373535156,,,1020.0,,12.0,136.0,,,,,,,,,,,0.0,,0.0,,1.0,15049.2548828125,,,,,,,,,,,,,,,,,,,,,,,,,,0.0,4.4278059005737305,0.0,,,,,,,,,,,,""
6815574112,"Mar 12, 2022, 1:27:02 PM",Ski trash ♻️✨,Hike,,2683,2.10,135.0,7,false,,,activities/7250271721.fit.gz,,,2683.0,2384.0,2107.60009765625,1.836363673210144,0.8840603828430176,495.20001220703125,0.0,1186.0,1585.5999755859375,50.0,18.9599552154541,,,,,,112.14549255371094,,,348.0,,19.0,7.0,,,,,,,,,,,0.0,,0.0,,1.0,5355.2001953125,,,,,,,,,,,,,,,,,,,,,,,,,,0.0,0.7855385541915894,2107.60009765625,,,,,,,,,,,,media/480dec5d-20a2-48ae-9d75-a46f63a7bc82.jpg
6816924707,"Mar 13, 2022, 7:50:30 AM","Bike / X (Il sacro trittico, con calma) 🇺🇦",Ride,,13568,83.64,174.0,151,false,,Scott,activities/7251726615.fit.gz,,7.0,13568.0,12821.0,83647.0,17.543750762939453,6.524218559265137,2065.0,2047.0,287.0,1070.5999755859375,23.137407302856445,0.006216541863977909,,,101.0,68.86192321777344,,136.23582458496094,,187.83621215820312,2733.0,,12.0,151.0,2415196.0,,,,,,,,221.0,13473.0,0.0,,0.0,,1.0,,,,,,,,,,,,,,,,2806964.0,,,,,,,,,,,0.0,6.165020942687988,0.0,,,,,,,,,,,,""
6821205563,"Mar 14, 2022, 5:48:44 AM",Run / X (Hamburger powered),Run,,2692,9.58,177.0,49,false,,,activities/7256383611.fit.gz,,,2692.0,2656.0,9588.080078125,6.0400390625,3.6099698543548584,30.0,28.0,225.1999969482422,239.8000030517578,7.057201862335205,0.0041717831045389175,,,86.0,79.22032928466797,,147.9163818359375,,,678.0,,16.0,49.0,,,,,,,,,,,0.0,,0.0,,1.0,9633.5,,,,,,,,,,,,,,,,,,,,,,,,,,0.0,3.5616939067840576,2546.300048828125,,,,,,,,,,,,media/aa232660-864a-4fbd-9871-205e5724028c.jpg
6822177895,"Mar 14, 2022, 11:18:06 AM",Lunch Swim,Swim,,2372,"2,000",162.0,68,false,,,activities/7257444986.fit.gz,,,2372.0,2226.0,2000.0,3.125999927520752,0.8984726071357727,0.0,,,,0.0,0.0,,,,29.0,,146.1425018310547,,,400.0,,27.0,68.0,,,,,,,,,,,,,0.0,,1.0,,,,,,,,,,,,,,,,,,,,,,,,,,,0.0,0.8431703448295593,0.0,,,,,,,,,,,,""
6827451319,"Mar 15, 2022, 11:01:16 AM",Lunch Run,Run,,2286,9.31,184.0,73,false,,,activities/7263105998.fit.gz,,,2286.0,2286.0,9315.0498046875,5.616015434265137,4.074824810028076,27.0,35.0,221.0,236.8000030517578,12.222807884216309,-0.09017658978700638,,,88.0,81.32005310058594,,158.49343872070312,,,635.0,,17.0,73.0,,,,,,,,,,,,,0.0,,1.0,9367.099609375,,,,,,,,,,,,,,,,,,,,,,,,,,0.0,4.074824810028076,7001.5,,,,,,,,,,,,""
6834132707,"Mar 16, 2022, 4:21:11 PM",Afternoon Ride,Ride,,4025,24.70,167.0,40,false,,Scott,activities/7270263175.fit.gz,,7.0,4025.0,3756.0,24708.080078125,11.269922256469727,6.578296184539795,470.0,27.0,237.60000610351562,680.2000122070312,11.835021018981934,1.7888885736465454,,,,,,134.89212036132812,,187.04566955566406,797.0,,19.0,40.0,,,,,,,,,,,,,0.0,,1.0,,,,,,,,,,,,,,,,2806964.0,,,,,,,,,,,0.0,6.13865327835083,0.0,,,,,,,,,,,,""
6837678942,"Mar 17, 2022, 11:06:57 AM",Lunch Run,Hike,,3593,6.01,160.0,27,false,,,activities/7274058226.fit.gz,,,3593.0,3540.0,6015.2998046875,3.9800000190734863,1.69923734664917,416.6000061035156,430.0,684.7999877929688,1088.800048828125,35.29411697387695,4.003125190734863,,,123.0,56.75834655761719,,131.91236877441406,,,606.0,,16.0,27.0,,,,,,,,,,,0.0,,0.0,,1.0,8563.5,,,,,,,,,,,,,,,,,,,,,,,,,,0.0,1.674172043800354,4072.60009765625,,,,,,,,,,,,""
6841510975,"Mar 18, 2022, 5:43:23 AM",Morning Run,Run,,2329,7.00,181.0,52,false,,,activities/7278172378.fit.gz,,,2329.0,2284.0,7004.2900390625,4.897997856140137,3.0666768550872803,213.0,206.0,482.20001220703125,689.4000244140625,21.589439392089844,0.0628189966082573,,,84.0,79.48987579345703,,149.76956176757812,,,534.0,,16.0,52.0,,,,,,,,,,,,,0.0,,1.0,7548.7998046875,,,,,,,,,,,,,,,,,,,,,,,,,,0.0,3.0074238777160645,0.0,,,,,,,,,,,,""
6849542858,"Mar 19, 2022, 3:55:31 PM",Afternoon Ride,Ride,,2652,22.42,168.0,15,false,,Scott,activities/7286829509.fit.gz,,7.0,2652.0,2652.0,22428.41015625,15.447998046875,8.457168579101562,30.0,456.0,249.39999389648438,678.2000122070312,6.351396560668945,-1.906510591506958,,,,,,123.30241394042969,,74.45262908935547,459.0,,18.0,15.0,,,,,,,,,,,,,0.0,,1.0,,,,,,,,,,,,,,,,2806964.0,,,,,,,,,,,0.0,8.457168579101562,225.3000030517578,,,,,,,,,,,,""
6852352699,"Mar 20, 2022, 8:40:09 AM",Run / X (Mezza Maratona di Bergamo),Run,"Gambe lasciate all'Italcementi e all'Accademia di Guardia di Finanza.
Dure come il cemento, vuote come il conto dopo un loro controllo.",4885,21.25,206.0,294,false,,,activities/7289910032.fit.gz,,,4885.0,4882.0,21249.810546875,6.939843654632568,4.352685451507568,114.0,114.0,240.1999969482422,280.20001220703125,15.222238540649414,0.0037646819837391376,,,95.0,82.92732238769531,,177.9193115234375,,,1506.0,,14.0,294.0,,,,,,,,,,,0.0,,0.0,,1.0,21414.69921875,,,,,,,,,,,,,,,,,,,,,,,,,,0.0,4.350012302398682,685.5999755859375,,,,,,,,,,,,""
6858575561,"Mar 21, 2022, 11:25:46 AM",Lunch Swim,Swim,,2541,"2,100",163.0,50,false,,,activities/7296696642.fit.gz,,,2541.0,2381.0,2100.0,3.869999885559082,0.8819823861122131,0.0,,,,0.0,0.0,,,,28.0,,138.02093505859375,,,420.0,,28.0,50.0,,,,,,,,,,,,,0.0,,1.0,,,,,,,,,,,,,,,,,,,,,,,,,,,0.0,0.8264462947845459,0.0,,,,,,,,,,,,""
6862626018,"Mar 22, 2022, 6:06:14 AM",Bike / X (Si torna fuori 🥰),Ride,Gambe ancora belle imballate,4025,38.46,164.0,92,false,,Scott,activities/7301063432.fit.gz,,7.0,4025.0,3874.0,38467.171875,12.138086318969727,9.929574966430664,180.0,181.0,129.0,236.1999969482422,9.31112289428711,-0.0031195352785289288,,,,,,148.76368713378906,,221.6613311767578,1013.0,,13.0,92.0,,,,,,,,,,,0.0,,0.0,,1.0,,,,,,,,,,,,,,,,2806964.0,,,,,,,,,,,0.0,9.557061195373535,0.0,,,,,,,,,,,,""
6863866941,"Mar 22, 2022, 11:51:47 AM",Lunch Run,Run,,2147,8.01,189.0,64,false,,,activities/7302395984.fit.gz,,,2147.0,2147.0,8013.7998046875,6.564001560211182,3.7325570583343506,24.0,23.0,225.0,241.0,6.992983341217041,0.014974132180213928,,,85.0,79.45895385742188,,156.9319610595703,,,578.0,,20.0,64.0,,,,,,,,,,,,,0.0,,1.0,8061.2998046875,,,,,,,,,,,,,,,,,,,,,,,,,,0.0,3.7325570583343506,3072.60009765625,,,,,,,,,,,,""
6868214493,"Mar 23, 2022, 5:54:54 AM",Run / X (Pizzoccheri e San Vigilio),Run,,4091,14.01,191.0,175,false,,,activities/7307048942.fit.gz,,,4091.0,3859.0,14014.099609375,12.386002540588379,3.6315364837646484,261.0,260.0,237.39999389648438,465.20001220703125,22.01518440246582,0.01855267770588398,,,88.0,81.68836975097656,,167.32321166992188,,,1099.0,,13.0,175.0,,,,,,,,,,,0.0,,0.0,,1.0,14640.5,,,,,,,,,,,,,,,,,,,,,,,,,,0.0,3.4255926609039307,0.0,,,,,,,,,,,,media/32e4e63e-d05d-451f-9b75-7df91ade30b3.jpg|media/04f1ca1f-86a4-434d-bbe7-9ddf61229c1a.jpg
6873676709,"Mar 24, 2022, 6:01:23 AM",Bike / X (Ma che venticello bello bello),Ride,,4074,24.69,171.0,51,false,,Scott,activities/7312929387.fit.gz,,7.0,4074.0,4049.0,24693.599609375,10.018229484558105,6.098690986633301,478.0,36.0,237.8000030517578,681.7999877929688,18.595516204833984,1.7980366945266724,,,,,,138.11953735351562,,160.2491912841797,855.0,,16.0,51.0,,,,,,,,,,,0.0,,0.0,,1.0,,,,,,,,,,,,,,,,2806964.0,,,,,,,,,,,0.0,6.0612664222717285,0.0,,,,,,,,,,,,""
6874475152,"Mar 24, 2022, 10:53:10 AM",Run / X (10*1' di dolore),Run,,2881,9.60,186.0,75,false,,,activities/7313796319.fit.gz,,,2881.0,2640.0,9608.080078125,5.3800048828125,3.6394240856170654,273.0,302.0,379.3999938964844,680.4000244140625,19.08112144470215,-0.3143189251422882,,,89.0,81.05496215820312,,155.95529174804688,,,707.0,,23.0,75.0,,,,,,,,,,,0.0,,0.0,,1.0,10247.400390625,,,,,,,,,,,,,,,,,,,,,,,,,,0.0,3.3349807262420654,0.0,,,,,,,,,,,,""
6879884590,"Mar 25, 2022, 11:33:52 AM",Bike / X (Ganda Digestivo),Ride,,3464,18.64,169.0,45,false,,Scott,activities/7319637842.fit.gz,,7.0,3464.0,3009.0,18644.990234375,17.1279296875,6.196407318115234,666.0,654.0,393.20001220703125,1066.0,38.26350784301758,0.060069821774959564,,,98.0,67.28972625732422,,139.61781311035156,,228.29046630859375,763.0,,23.0,45.0,688057.0,,,,,,,,261.0,3212.0,0.0,,0.0,,1.0,,,,,,,,,,,,,,,,2806964.0,,,,,,,,,,,0.0,5.382503032684326,0.0,,,,,,,,,,,,media/8c0c5f09-7afe-4757-887d-2ac6ffdfbb14.jpg
6880933398,"Mar 25, 2022, 3:49:18 PM",Afternoon Ride,Ride,,2828,23.78,156.0,14,false,,Scott,activities/7320771573.fit.gz,,7.0,2828.0,2706.0,23780.400390625,16.47334861755371,8.788026809692383,35.0,474.0,242.1999969482422,688.4000244140625,7.805906295776367,-1.8712890148162842,,,,,,124.55473327636719,,95.43815612792969,485.0,,21.0,14.0,,,,,,,,,,,,,0.0,,1.0,,,,,,,,,,,,,,,,2806964.0,,,,,,,,,,,0.0,8.408910751342773,0.0,,,,,,,,,,,,""
6885322652,"Mar 26, 2022, 7:34:28 AM",Bike / X (Tutte le salite +1 ✈️),Ride,"Lonno, Maresana, Barlino, Berbenno, Sant'Antonio Abbandonato, Miragolo, Perello",21394,119.54,179.0,242,false,,Scott,activities/7325547198.fit.gz,,7.0,21394.0,19673.0,119543.7421875,18.508203506469727,6.076538562774658,3207.0,3191.0,253.0,1103.199951171875,32.507938385009766,0.008532444946467876,,,105.0,65.08161926269531,,136.66848754882812,,181.70022583007812,4069.0,,20.0,242.0,3578230.0,,,,,,,,219.0,20733.0,0.0,,0.0,,1.0,,,,,,,,,,,,,,,,2806964.0,,,,,,,,,,,0.0,5.5877227783203125,2231.89990234375,,,,,,,,,,,,""
6889302858,"Mar 27, 2022, 7:20:51 AM",Run / X (Scarico chiacchierato),Run,BPM che boh 😂,4974,17.00,189.0,230,false,,,activities/7329903489.fit.gz,,,4974.0,4892.0,17007.91015625,5.949999809265137,3.4766783714294434,57.0,352.0,376.6000061035156,678.7999877929688,19.168746948242188,-1.746246337890625,,,86.0,80.23847961425781,,168.30877685546875,,,1346.0,,15.0,230.0,,,,,,,,,,,0.0,,0.0,,1.0,16659.5,,,,,,,,,,,,,,,,,,,,,,,,,,0.0,3.419362783432007,5044.5,,,,,,,,,,,,""
6895716404,"Mar 28, 2022, 10:24:36 AM",Lunch Swim,Swim,,2645,"2,000",148.0,22,false,,,activities/7336998870.fit.gz,,,2645.0,2177.0,2000.0,6.334000110626221,0.9186954498291016,0.0,,,,0.0,0.0,,,,29.0,,122.01969909667969,,,400.0,,28.0,22.0,,,,,,,,,,,,,0.0,,1.0,,,,,,,,,,,,,,,,,,,,,,,,,,,0.0,0.7561436891555786,0.0,,,,,,,,,,,,""
6900617190,"Mar 29, 2022, 9:42:44 AM",Bike / X (2*13' frizzanti),Ride,,4021,40.06,177.0,64,false,,Scott,activities/7342297847.fit.gz,,7.0,4021.0,4021.0,40067.47265625,13.817968368530273,9.964553833007812,107.0,101.0,198.1999969482422,260.0,5.757067680358887,0.016472192481160164,,,,,,141.9130096435547,,226.08493041992188,920.0,,20.0,64.0,,,,,,,,,,,0.0,,0.0,,1.0,,,,,,,,,,,,,,,,2806964.0,,,,,,,,,,,0.0,9.964553833007812,0.0,,,,,,,,,,,,""
6902072629,"Mar 29, 2022, 3:09:55 PM",Afternoon Run,Run,,3492,12.50,181.0,39,false,,,activities/7343874923.fit.gz,,,3492.0,3410.0,12500.3701171875,5.789990425109863,3.665797710418701,48.0,47.0,211.1999969482422,240.8000030517578,13.549901962280273,0.011199741624295712,,,86.0,79.96839904785156,,141.04623413085938,,,862.0,,22.0,39.0,,,,,,,,,,,,,0.0,,1.0,12592.2001953125,,,,,,,,,,,,,,,,,,,,,,,,,,0.0,3.579716444015503,3441.300048828125,,,,,,,,,,,,""
6907347141,"Mar 30, 2022, 3:40:06 PM",Run / X (Variazioni varie svogliate),Run,,2690,11.01,186.0,119,false,,,activities/7349601130.fit.gz,,,2690.0,2683.0,11010.58984375,6.705999851226807,4.103835105895996,26.0,27.0,228.0,239.0,10.05759334564209,-0.0036328108981251717,,,100.0,80.46231079101562,,167.0309295654297,,,778.0,,17.0,119.0,,,,,,,,,,,0.0,,0.0,,1.0,11076.7001953125,,,,,,,,,,,,,,,,,,,,,,,,,,0.0,4.093155860900879,1760.0,,,,,,,,,,,,""
6920558951,"Apr 2, 2022, 5:01:50 AM",Bike / X (Ronde Van Vlaanderen),Ride,"Si torna nelle Fiandre, decisamente meglio di qualche anno fa! 🇧🇪🍟♥️",32412,256.36,176.0,309,false,,Scott,activities/6920558951.gpx,,7.0,32412.0,29874.0,256367.8125,19.432201385498047,8.581636428833008,2300.879150390625,2292.8798828125,1.899999976158142,147.89999389648438,46.689640045166016,0.00312051665969193,,,117.0,76.03987884521484,,133.00067138671875,,197.67984008789062,6584.6240234375,,12.0,309.0,,,,,,,,,,,0.0,,0.0,,1.0,,,,,,,,,,,,,,,,2806964.0,,,,,,,,,,,0.0,7.909657001495361,526.2999877929688,,,,,,,,,,,,media/6bd9b3e3-fb8e-4e02-9616-a558e351859e.jpg|media/3afdd990-5104-42d3-9694-dee1f3da4a5f.jpg|media/e245ace4-3b3b-4c6a-869a-cd5607219b57.jpg|media/55ebd049-0b59-4319-a78b-2878810e56de.jpg
6927651204,"Apr 3, 2022, 3:55:13 PM",Afternoon Ride,Ride,,1973,14.16,182.0,32,false,,Scott,activities/7371639500.fit.gz,,7.0,1973.0,1909.0,14166.8701171875,10.635937690734863,7.42109489440918,67.0,62.0,2.0,20.0,12.815361022949219,0.021176166832447052,,,84.0,69.01228332519531,,142.96578979492188,,164.27845764160156,357.0,,17.0,32.0,310067.0,,,,,,,,165.0,1974.0,,,0.0,,1.0,,,,,,,,,,,,,,,,2806964.0,,,,,,,,,,,0.0,7.180369853973389,0.0,,,,,,,,,,,,""
6934305420,"Apr 5, 2022, 10:22:05 AM",Lunch Run,Run,,3132,10.03,195.0,158,false,,,activities/7378852351.fit.gz,,,3132.0,2989.0,10035.390625,6.591992378234863,3.357440710067749,311.0,303.0,377.20001220703125,688.5999755859375,19.736454010009766,0.08171094208955765,,,85.0,79.64434051513672,,172.77342224121094,,,885.0,,21.0,158.0,,,,,,,,,,,,,0.0,,1.0,10831.7998046875,,,,,,,,,,,,,,,,,,,,,,,,,,0.0,3.2041475772857666,0.0,,,,,,,,,,,,""
6935861925,"Apr 5, 2022, 3:15:18 PM",Afternoon Ride,Ride,,4207,18.48,181.0,49,false,,Scott,activities/7380520079.fit.gz,,7.0,4207.0,3135.0,18488.310546875,18.247852325439453,5.897387981414795,666.0,650.0,392.0,1059.0,20.76540756225586,0.04110725224018097,,,101.0,65.86126708984375,,141.4899444580078,,221.75486755371094,769.0,,18.0,49.0,696968.0,,,,,,,,258.0,3376.0,,,0.0,,1.0,,,,,,,,,,,,,,,,2806964.0,,,,,,,,,,,0.0,4.394654273986816,0.0,,,,,,,,,,,,""
6939472189,"Apr 6, 2022, 10:31:24 AM",Swim / X (Si torna a nuotare decentemente),Swim,,2470,"2,000",152.0,20,false,,,activities/7384406707.fit.gz,,,2470.0,2057.0,2000.0,4.276000022888184,0.9722897410392761,0.0,,,,0.0,0.0,,,,29.0,,123.64326477050781,,,400.0,,28.0,20.0,,,,,,,,,,,0.0,,0.0,,1.0,,,,,,,,,,,,,,,,,,,,,,,,,,,0.0,0.8097165822982788,0.0,,,,,,,,,,,,""
6941973399,"Apr 6, 2022, 6:11:54 PM",Evening Run,Run,,7112,15.00,179.0,92,false,,,activities/7387097419.fit.gz,,,7112.0,4259.0,15007.5498046875,6.389843940734863,3.523726224899292,211.0,211.0,233.60000610351562,386.79998779296875,46.92079162597656,0.018657295033335686,,,89.0,80.62246704101562,,149.6903533935547,,,1095.0,,20.0,92.0,,,,,,,,,,,,,0.0,,1.0,15641.2998046875,,,,,,,,,,,,,,,,,,,,,,,,,,0.0,2.110172986984253,1787.0,,,,,,,,,,,,""
6944377208,"Apr 7, 2022, 9:52:48 AM",Bike / X (Esplorazioni errate),Ride,,5558,46.01,167.0,35,false,,Scott,activities/7389696069.fit.gz,,7.0,5558.0,4600.0,46016.80078125,14.696986198425293,10.003652572631836,163.5933380126953,345.0,125.5,237.39999389648438,13.940091133117676,-0.0036943028680980206,,,,,,130.2833709716797,,222.91893005371094,827.0,,21.0,35.0,,,,,,,,,,,0.0,,0.0,,1.0,,,,,,,,,,,,,,,,2806964.0,,,,,,,,,,,0.0,8.279380798339844,256.29998779296875,,,,,,,,,,,,media/e508e0dd-7aa2-405f-9248-979c38aeb334.jpg|media/65eddfd1-ca37-4689-8d8d-6e5135097732.jpg
6948892762,"Apr 8, 2022, 10:00:04 AM",Lunch Run,Run,,3073,11.67,191.0,117,false,,,activities/7394565132.fit.gz,,,3073.0,3053.0,11671.759765625,6.184002876281738,3.8230462074279785,41.0,40.0,225.60000610351562,239.1999969482422,12.958402633666992,0.0051405346021056175,,,85.0,80.4611587524414,,162.91314697265625,,,863.0,,23.0,117.0,,,,,,,,,,,,,0.0,,1.0,11775.400390625,,,,,,,,,,,,,,,,,,,,,,,,,,0.0,3.7981646060943604,2270.199951171875,,,,,,,,,,,,""
6958566555,"Apr 10, 2022, 8:01:49 AM",Run / X (Innovation Run),Run,"Buone sensazioni, pieno di pizze e pasta fritta! Che bello correre al chilometro rosso, dove solitamente si lavora!
",2178,10.07,190.0,84,false,"",,activities/7405026599.fit.gz,,,2178.0,2178.0,10070.2001953125,6.97998046875,4.623599529266357,39.0,35.0,202.60000610351562,214.1999969482422,12.931129455566406,0.039721157401800156,,,91.0,83.33333587646484,,162.96142578125,,,689.0,,15.0,84.0,,,,,,,,,,,0.0,,0.0,,1.0,10166.7998046875,,,,,,,,,,,,,,,,,,,,,,,,,,0.0,4.623599529266357,109.9000015258789,,,,,,,,,,,,media/bd276d34-2c90-4440-85fb-bc8964701ae8.jpg|media/a893d4de-9065-44fd-bffe-e735aba26a32.jpg
6963213423,"Apr 11, 2022, 5:04:34 AM",Morning Swim,Swim,,2408,"2,025",167.0,57,false,,,activities/7410096184.fit.gz,,,2408.0,2307.0,2025.0,2.5,0.8777633309364319,0.0,,,,0.0,0.0,,,,28.0,,139.492919921875,,,405.0,,27.0,57.0,,,,,,,,,,,,,0.0,,1.0,,,,,,,,,,,,,,,,,,,,,,,,,,,0.0,0.8409468531608582,0.0,,,,,,,,,,,,""
6971199019,"Apr 12, 2022, 2:30:07 PM",Bike / X (Partire presto e arrivare presto),Ride,,9777,91.03,175.0,150,false,,Scott,activities/7418743567.fit.gz,,7.0,9777.0,9137.0,91033.84375,22.628644943237305,9.96320915222168,378.38739013671875,533.0,186.5,399.79998779296875,34.115718841552734,0.009996287524700165,,,,,,142.4701385498047,,228.3381805419922,1879.0,,20.0,150.0,,,,,,,,,,,0.0,,0.0,,1.0,,,,,,,,,,,,,,,,2806964.0,,,,,,,,,,,0.0,9.311019897460938,0.0,,,,,,,,,,,,""
6973549877,"Apr 13, 2022, 4:29:39 AM",Morning Run,Run,,3879,12.39,179.0,106,false,,,activities/7421272423.fit.gz,,,3879.0,3567.0,12398.830078125,5.9840087890625,3.475982666015625,241.0,239.0,237.8000030517578,460.6000061035156,17.730066299438477,0.017743585631251335,,,88.0,80.87584686279297,,156.76832580566406,,,930.0,,15.0,106.0,,,,,,,,,,,,,0.0,,1.0,12951.7998046875,,,,,,,,,,,,,,,,,,,,,,,,,,0.0,3.1963984966278076,0.0,,,,,,,,,,,,""
6981113319,"Apr 14, 2022, 2:11:48 PM",Afternoon Run,Run,,6438,7.79,168.0,27,false,,,activities/7429459254.fit.gz,,,6438.0,4704.0,7794.8701171875,4.01806640625,1.65707266330719,656.0,632.0,680.0,1332.5999755859375,48.4178581237793,0.06414475291967392,,,118.0,55.885475158691406,,117.04553985595703,,,746.0,,25.0,27.0,,,,,,,,,,,,,0.0,,1.0,12090.599609375,,,,,,,,,,,,,,,,,,,,,,,,,,0.0,1.2107595205307007,6665.5,,,,,,,,,,,,""
6984850504,"Apr 15, 2022, 5:11:26 AM",Bike X (Passione di Resinelli),Ride,"Piano abortito a metà, per freni, gambe e cibo mancanti.",21371,155.33,189.0,285,false,,Scott,activities/7433509282.fit.gz,,7.0,21371.0,20124.0,155335.40625,16.985937118530273,7.7189130783081055,2523.0,2528.0,196.39999389648438,1282.199951171875,34.30936050415039,0.0,,,103.0,75.50462341308594,,139.49754333496094,,194.9571990966797,4431.0,,20.0,285.0,3927415.0,,,,,,,,218.0,21173.0,0.0,,0.0,,1.0,,,,,,,,,,,,,,,,2806964.0,,,,,,,,,,,0.0,7.2685136795043945,0.0,,,,,,,,,,,,""
6990108340,"Apr 16, 2022, 7:00:37 AM",Bike / X (The PP reunion),Ride,,10374,58.65,171.0,113,false,,Scott,activities/7439214259.fit.gz,,7.0,10374.0,8945.0,58656.77734375,17.678125381469727,6.557493209838867,1392.0,1367.0,383.3999938964844,1255.800048828125,23.031465530395508,0.02182183973491192,,,103.0,68.83087921142578,,137.8614501953125,,186.49691772460938,1891.0,,20.0,113.0,1666810.0,,,,,,,,215.0,9822.0,0.0,,0.0,,1.0,,,,,,,,,,,,,,,,2806964.0,,,,,,,,,,,0.0,5.654210567474365,0.0,,,,,,,,,,,,media/b00335d4-517b-4459-a07e-e039807bdb81.jpg
6994630744,"Apr 17, 2022, 6:23:58 AM",Run / X (4 volte al medio e si risorge),Run,,3458,14.00,172.0,91,false,,,activities/7444156533.fit.gz,,,3458.0,3393.0,14001.1796875,5.661913871765137,4.126489639282227,65.0,65.0,389.6000061035156,450.79998779296875,7.640961647033691,0.008570793084800243,,,83.0,82.33333587646484,,151.9834747314453,,,919.0,,13.0,91.0,,,,,,,,,,,0.0,,0.0,,1.0,14103.400390625,,,,,,,,,,,,,,,,,,,,,,,,,,0.0,4.048924446105957,5378.7998046875,,,,,,,,,,,,""
6995235458,"Apr 17, 2022, 8:20:23 AM",Morning Ride,Ride,,3725,18.43,163.0,30,false,,Scott,activities/7444809599.fit.gz,,7.0,3725.0,3149.0,18436.220703125,17.475976943969727,5.8546271324157715,672.0,667.0,391.6000061035156,1061.199951171875,28.16887855529785,0.0216964203864336,,,107.0,67.33631134033203,,127.4393539428711,,210.18051147460938,740.0,,17.0,30.0,661124.0,,,,,,,,237.0,3356.0,,,0.0,,1.0,,,,,,,,,,,,,,,,2806964.0,,,,,,,,,,,0.0,4.9493207931518555,0.0,,,,,,,,,,,,""
7003247827,"Apr 18, 2022, 7:14:59 AM",Bike / X (Fight for grigliata),Ride,,36901,96.05,174.0,68,false,,Scott,activities/7453561552.fit.gz,,7.0,36901.0,10516.0,96053.046875,12.037760734558105,9.133990287780762,451.0,448.0,106.5999984741211,261.6000061035156,13.967445373535156,0.003331489162519574,,,,,,126.9708023071289,,183.51670837402344,1732.0,,20.0,68.0,,,,,,,,,,,0.0,,0.0,,1.0,,,,,,,,,,,,,,,,2806964.0,,,,,,,,,,,0.0,2.6029930114746094,0.0,,,,,,,,,,,,media/269e2206-4cc1-40cf-bc1f-9040d81dce16.jpg|media/748d87bd-60ec-4984-98df-44c4b467f59a.jpg
7007786847,"Apr 19, 2022, 3:14:33 PM",Afternoon Run,Run,,3865,12.47,177.0,31,false,,,activities/7458504699.fit.gz,,,3865.0,3675.0,12474.4501953125,6.533984184265137,3.3944082260131836,243.0,241.0,237.0,461.3999938964844,14.80234146118164,0.028859036043286324,,,87.0,79.5738525390625,,135.07066345214844,,,894.0,,23.0,31.0,,,,,,,,,,,,,0.0,,1.0,13053.0,,,,,,,,,,,,,,,,,,,,,,,,,,0.0,3.2275421619415283,0.0,,,,,,,,,,,,""
7010667769,"Apr 20, 2022, 5:08:33 AM",Morning Swim,Swim,,3880,"3,100",162.0,51,false,,,activities/7461607913.fit.gz,,,3880.0,3626.0,3100.0,4.072000026702881,0.8549365401268005,0.0,,,,0.0,0.0,,,,29.0,,129.31362915039062,,,620.0,,26.0,51.0,,,,,,,,,,,,,0.0,,1.0,,,,,,,,,,,,,,,,,,,,,,,,,,,0.0,0.7989690899848938,0.0,,,,,,,,,,,,""
7013680168,"Apr 20, 2022, 4:56:39 PM",Run / X (Sparatina cittadina),Run,,3107,10.02,188.0,61,false,,,activities/7464857812.fit.gz,,,3107.0,2818.0,10019.6298828125,7.1920166015625,3.555582046508789,153.0,150.0,236.0,378.0,22.123966217041016,0.02195686846971512,,,84.0,80.05131530761719,,149.48252868652344,,,714.0,,19.0,61.0,,,,,,,,,,,0.0,,0.0,,1.0,10343.7998046875,,,,,,,,,,,,,,,,,,,,,,,,,,0.0,3.2248568534851074,95.5999984741211,,,,,,,,,,,,""
7018556729,"Apr 21, 2022, 3:07:54 PM",Afternoon Ride,Ride,,4875,33.80,174.0,86,false,,Scott,activities/7470128615.fit.gz,,7.0,4875.0,4734.0,33806.37890625,18.708202362060547,7.1411871910095215,802.0,789.0,316.79998779296875,1066.199951171875,18.631120681762695,0.029580214992165565,,,96.0,72.98970794677734,,144.05323791503906,,224.3717803955078,1179.0,,15.0,86.0,1062254.0,,,,,,,,254.0,4876.0,,,0.0,,1.0,,,,,,,,,,,,,,,,2806964.0,,,,,,,,,,,0.0,6.9346418380737305,0.0,,,,,,,,,,,,""
7022026914,"Apr 22, 2022, 9:52:17 AM",Lunch Ride,Ride,,3446,22.65,188.0,68,false,,Scott,activities/7473873971.fit.gz,,7.0,3446.0,3446.0,22649.158203125,19.840917587280273,6.572594165802002,613.0,619.0,382.20001220703125,679.4000244140625,42.96925354003906,-0.0026492667384445667,,,100.0,67.14354705810547,,145.39405822753906,,213.368896484375,829.0,,18.0,68.0,745424.0,,,,,,,,259.0,3447.0,,,0.0,,1.0,,,,,,,,,,,,,,,,2806964.0,,,,,,,,,,,0.0,6.572594165802002,444.0,,,,,,,,,,,,""
7026032792,"Apr 23, 2022, 6:40:26 AM",Run / X (Maro'),Run,,2461,10.01,191.0,90,false,,,activities/7478232254.fit.gz,,,2461.0,2461.0,10011.490234375,5.941992282867432,4.068058013916016,28.0,35.0,224.1999969482422,238.60000610351562,7.667520523071289,-0.06192881241440773,,,86.0,80.3125991821289,,162.57740783691406,,,704.0,,16.0,90.0,,,,,,,,,,,0.0,,0.0,,1.0,10050.5,,,,,,,,,,,,,,,,,,,,,,,,,,0.0,4.068058013916016,7809.5,,,,,,,,,,,,""
7027519711,"Apr 23, 2022, 11:48:47 AM",Afternoon Swim,Swim,,2519,"1,975",175.0,91,false,,,activities/7479831023.fit.gz,,,2519.0,2115.0,1975.0,4.199999809265137,0.9338061213493347,0.0,,,,0.0,0.0,,,,28.0,,151.25807189941406,,,396.0,,27.0,91.0,,,,,,,,,,,,,0.0,,1.0,,,,,,,,,,,,,,,,,,,,,,,,,,,0.0,0.7840412855148315,0.0,,,,,,,,,,,,""
7031806935,"Apr 24, 2022, 7:43:55 AM",Morning Run,Run,,5403,17.61,191.0,217,false,,,activities/7484531085.fit.gz,,,5403.0,5179.0,17615.419921875,5.401953220367432,3.4013168811798096,358.0,347.0,366.79998779296875,683.7999877929688,24.541580200195312,0.036331597715616226,,,86.0,79.95789337158203,,165.495361328125,,,1432.0,,12.0,217.0,,,,,,,,,,,,,0.0,,1.0,18526.099609375,,,,,,,,,,,,,,,,,,,,,,,,,,0.0,3.260303497314453,2047.0,,,,,,,,,,,,""
7037441332,"Apr 25, 2022, 5:39:03 AM",Bike / X (Obbiettivo 3 ore 🎉✅),Ride,Fight for grigliata parte 2,11041,96.57,190.0,248,false,,Scott,activities/7490698749.fit.gz,,7.0,11041.0,10730.0,96570.4765625,18.1484375,9.000044822692871,1155.0,1149.0,183.0,678.7999877929688,22.209369659423828,0.00041416732710786164,,,108.0,80.43668365478516,,149.76657104492188,,239.6124725341797,2835.0,,15.0,248.0,2567422.0,,,,,,,,256.0,11042.0,0.0,,0.0,,1.0,,,,,,,,,,,,,,,,2806964.0,,,,,,,,,,,0.0,8.746533393859863,0.0,,,,,,,,,,,,""
7044951795,"Apr 26, 2022, 2:46:55 PM",Bike / X (Crema Tour),Ride,,8953,83.03,174.0,63,false,,Scott,activities/7498807174.fit.gz,,7.0,8953.0,8184.0,83035.3515625,13.624218940734863,10.1460599899292,350.0,349.0,71.0,237.0,15.443016052246094,0.0,,,,,,127.07905578613281,,235.94313049316406,1425.0,,20.0,63.0,,,,,,,,,,,0.0,,0.0,,1.0,,,,,,,,,,,,,,,,2806964.0,,,,,,,,,,,0.0,9.27458381652832,0.0,,,,,,,,,,,,media/eae60f05-e2ac-41a1-baa2-5ea4d5341f83.jpg
7050065764,"Apr 27, 2022, 3:35:38 PM",Run / X (Podcast contratto),Run,,3091,10.01,182.0,50,false,,,activities/7504325240.fit.gz,,,3091.0,2850.0,10011.259765625,7.243994235992432,3.5127227306365967,145.0,140.0,235.8000030517578,373.79998779296875,21.43604850769043,0.003995440434664488,,,84.0,79.02165222167969,,146.34817504882812,,,721.0,,24.0,50.0,,,,,,,,,,,0.0,,0.0,,1.0,10285.900390625,,,,,,,,,,,,,,,,,,,,,,,,,,0.0,3.2388417720794678,0.0,,,,,,,,,,,,""
7060567795,"Apr 29, 2022, 3:31:02 PM",Afternoon Run,Run,,2570,7.15,176.0,44,false,,,activities/7515660346.fit.gz,,,2570.0,2182.0,7158.97021484375,5.243945121765137,3.280921220779419,43.0,46.0,1.600000023841858,35.599998474121094,36.67914962768555,-0.025143276900053024,,,83.0,78.45345306396484,,146.88438415527344,,,545.0,,21.0,44.0,,,,,,,,,,,,,0.0,,1.0,7364.7001953125,,,,,,,,,,,,,,,,,,,,,,,,,,0.0,2.7855913639068604,1062.699951171875,,,,,,,,,,,,""
7060571166,"Apr 29, 2022, 4:17:40 PM",Run / X (Ghent Tour ☀️),Run,,2774,9.24,171.0,50,false,,,activities/7515663932.fit.gz,,,2774.0,2545.0,9243.2099609375,6.179980278015137,3.6319096088409424,59.0,56.0,4.400000095367432,28.799999237060547,26.247997283935547,0.023801254108548164,,,85.0,80.13906860351562,,148.8349151611328,,,642.0,,18.0,50.0,,,,,,,,,,,0.0,,0.0,,1.0,9422.7001953125,,,,,,,,,,,,,,,,,,,,,,,,,,0.0,3.332087278366089,311.20001220703125,,,,,,,,,,,,""
7068979721,"May 1, 2022, 8:33:02 AM",Run / X (Modul'air modulato),Run,Vabbè dopo 6 ore di sonno e un festival techno bisogna anche sapersi accontentare ,4352,17.01,198.0,156,false,,,activities/7524820656.fit.gz,,,4352.0,4304.0,17011.73046875,6.016015529632568,3.9525396823883057,16.0,19.0,5.800000190734863,10.800000190734863,8.279051780700684,-0.008229618892073631,,,86.0,81.16903686523438,,161.88742065429688,,,1217.0,,17.0,156.0,,,,,,,,,,,0.0,,0.0,,1.0,17073.80078125,,,,,,,,,,,,,,,,,,,,,,,,,,0.0,3.908945322036743,930.2000122070312,,,,,,,,,,,,media/ba1145ee-038c-4e4f-bb8e-b7cbf8cdff94.jpg
7076865636,"May 2, 2022, 3:22:32 PM",Afternoon Ride,Ride,"",4670,25.39,156.0,28,false,,Scott,activities/7533441167.fit.gz,,7.0,4670.0,4124.0,25391.73046875,9.820068359375,6.1570634841918945,491.0,53.0,236.39999389648438,678.4000244140625,28.19900894165039,1.7383613586425781,,,,,,124.7916488647461,,167.12384033203125,716.0,,23.0,28.0,,,,,,,,,,,0.0,,0.0,,1.0,,,,,,,,,,,,,,,,2806964.0,,,,,,,,,,,0.0,5.437201023101807,0.0,,,,,,,,,,,,""
7080647188,"May 3, 2022, 10:58:22 AM",Lunch Run,Run,,3369,11.63,185.0,112,false,,,activities/7537556994.fit.gz,,,3369.0,3250.0,11633.6201171875,5.17999267578125,3.579575300216675,313.0,308.0,388.79998779296875,686.0,17.271039962768555,0.04126014932990074,,,85.0,80.49352264404297,,159.6641082763672,,,889.0,,19.0,112.0,,,,,,,,,,,,,0.0,,1.0,12408.7998046875,,,,,,,,,,,,,,,,,,,,,,,,,,0.0,3.4531373977661133,1183.699951171875,,,,,,,,,,,,""
7082746393,"May 3, 2022, 4:43:20 PM",Evening Ride,Ride,,2615,23.42,161.0,14,false,,Scott,activities/7539816281.fit.gz,,7.0,2615.0,2615.0,23419.359375,13.889989852905273,8.955778121948242,40.0,473.0,245.8000030517578,679.5999755859375,7.658221244812012,-1.849751591682434,,,,,,122.52220153808594,,100.87413787841797,446.0,,21.0,14.0,,,,,,,,,,,,,0.0,,1.0,,,,,,,,,,,,,,,,2806964.0,,,,,,,,,,,0.0,8.955778121948242,0.0,,,,,,,,,,,,""
7085027769,"May 4, 2022, 5:09:39 AM",Morning Swim,Swim,,2571,"2,000",174.0,23,false,,,activities/7542264269.fit.gz,,,2571.0,2138.0,2000.0,5.909999847412109,0.9354537129402161,0.0,,,,0.0,0.0,,,,29.0,,114.68852233886719,,,400.0,,27.0,23.0,,,,,,,,,,,,,0.0,,1.0,,,,,,,,,,,,,,,,,,,,,,,,,,,0.0,0.7779074311256409,0.0,,,,,,,,,,,,""
7087751126,"May 4, 2022, 3:27:25 PM",Bike / X (Brevemente a Brivio),Ride,"",4908,48.03,176.0,43,false,,Scott,activities/7545221233.fit.gz,,7.0,4908.0,4859.0,48031.37109375,17.564062118530273,9.885031700134277,312.2511901855469,438.0,198.5,304.6000061035156,15.818410873413086,-0.004372139926999807,,,,,,128.34934997558594,,236.33001708984375,888.0,,21.0,43.0,,,,,,,,,,,0.0,,0.0,,1.0,,,,,,,,,,,,,,,,2806964.0,,,,,,,,,,,0.0,9.78634262084961,0.0,,,,,,,,,,,,""
7091386371,"May 5, 2022, 10:05:40 AM",Run / X (Fartlek 18x della Trucca),Run,💀⚰️,2661,10.86,189.0,109,false,,,activities/7549155727.fit.gz,,,2661.0,2622.0,10859.5400390625,5.996002197265625,4.1417012214660645,30.0,37.0,225.39999389648438,239.39999389648438,9.417481422424316,-0.046042464673519135,,,87.0,81.5206298828125,,164.60137939453125,,,752.0,,21.0,109.0,,,,,,,,,,,0.0,,0.0,,1.0,10909.400390625,,,,,,,,,,,,,,,,,,,,,,,,,,0.0,4.080999851226807,8463.2998046875,,,,,,,,,,,,""
7096480447,"May 6, 2022, 9:45:52 AM",Bike / X (9*3'@310W ish),Virtual Ride,"",3010,33.38,,,false,,Scott,activities/7554690285.fit.gz,,7.0,3010.0,3010.0,33384.8984375,12.243749618530273,11.091328620910645,0.0,,,,0.0,0.0,,,92.0,76.21794128417969,,,,253.4697723388672,762.0,,,,,,,,,,,,268.0,3011.0,0.0,,0.0,,1.0,,,,,,,,,,,,,,,,2806964.0,,,,,,,,,,,0.0,11.091328620910645,0.0,,,,,,,,,,,,""
7098075985,"May 6, 2022, 3:32:35 PM",Afternoon Swim,Swim,,2857,"2,500",164.0,57,false,,,activities/7556433329.fit.gz,,,2857.0,2738.0,2500.0,2.2739999294281006,0.9130752086639404,0.0,,,,0.0,0.0,,,,29.0,,138.1222686767578,,,500.0,,27.0,57.0,,,,,,,,,,,,,0.0,,1.0,,,,,,,,,,,,,,,,,,,,,,,,,,,0.0,0.8750437498092651,0.0,,,,,,,,,,,,""
7100923687,"May 7, 2022, 6:11:52 AM",Bike / X (Provando a sciogliere la contrattura),Ride,"",8180,62.06,182.0,129,false,,Scott,activities/7559545853.fit.gz,,7.0,8180.0,7748.0,62065.4296875,16.557958602905273,8.010509490966797,805.0,800.0,257.0,681.4000244140625,30.274728775024414,0.005800389219075441,,,98.0,73.08626556396484,,143.3145751953125,,206.02813720703125,1791.0,,16.0,129.0,1596482.0,,,,,,,,225.0,8093.0,0.0,,0.0,,1.0,,,,,,,,,,,,,,,,2806964.0,,,,,,,,,,,0.0,7.587460994720459,50.900001525878906,,,,,,,,,,,,""
7106727480,"May 8, 2022, 7:26:37 AM",Morning Ride,Ride,,6867,37.17,182.0,74,false,,Scott,activities/7565898762.fit.gz,,7.0,6867.0,6424.0,37171.41015625,16.361719131469727,5.786334037780762,1319.0,1307.0,392.79998779296875,1056.0,37.830604553222656,0.009146716445684433,,,101.0,63.50210952758789,,136.2767791748047,,207.76089477539062,1494.0,,18.0,74.0,1334706.0,,,,,,,,241.0,6858.0,,,0.0,,1.0,,,,,,,,,,,,,,,,2806964.0,,,,,,,,,,,0.0,5.413049221038818,0.0,,,,,,,,,,,,""
7111709773,"May 9, 2022, 5:12:37 AM",Morning Swim,Swim,,2466,"2,000",151.0,18,false,,,activities/7571347084.fit.gz,,,2466.0,2071.0,2000.0,4.22599983215332,0.9657170176506042,0.0,,,,0.0,0.0,,,,31.0,,119.75996398925781,,,400.0,,27.0,18.0,,,,,,,,,,,,,0.0,,1.0,,,,,,,,,,,,,,,,,,,,,,,,,,,0.0,0.8110300302505493,0.0,,,,,,,,,,,,""
7114803261,"May 9, 2022, 3:51:59 PM",Afternoon Ride,Ride,,3885,32.48,165.0,25,false,,Scott,activities/7574720466.fit.gz,,7.0,3885.0,3539.0,32479.669921875,14.677929878234863,9.177640914916992,353.0,342.0,237.0,384.3999938964844,38.673763275146484,0.019704613834619522,,,,,,126.8197250366211,,226.0504913330078,634.0,,25.0,25.0,,,,,,,,,,,,,0.0,,1.0,,,,,,,,,,,,,,,,2806964.0,,,,,,,,,,,0.0,8.360275268554688,0.0,,,,,,,,,,,,""
7119888314,"May 10, 2022, 2:26:31 PM",Bike / X (It's officially sedern-period),Ride,"",5329,54.03,159.0,72,false,,Scott,activities/7580217117.fit.gz,,7.0,5329.0,5329.0,54035.53125,14.820068359375,10.139901161193848,309.0,306.0,110.5999984741211,241.8000030517578,15.857765197753906,0.002590904710814357,,,,,,138.70033264160156,,242.89744567871094,1155.0,,28.0,72.0,,,,,,,,,,,0.0,,0.0,,1.0,,,,,,,,,,,,,,,,2806964.0,,,,,,,,,,,0.0,10.139901161193848,0.0,,,,,,,,,,,,""
7119895030,"May 10, 2022, 3:59:10 PM",Run / X (First brick killing brick),Run,"",2492,10.50,197.0,154,false,,,activities/7580224308.fit.gz,,,2492.0,2476.0,10499.9794921875,5.759961128234863,4.2407026290893555,37.0,35.0,226.1999969482422,240.60000610351562,8.526284217834473,0.007619091309607029,,,85.0,80.85266876220703,,178.56373596191406,,,757.0,,26.0,154.0,,,,,,,,,,,0.0,,0.0,,1.0,10567.2001953125,,,,,,,,,,,,,,,,,,,,,,,,,,0.0,4.213475227355957,993.7999877929688,,,,,,,,,,,,""
7123995603,"May 11, 2022, 10:12:31 AM",Lunch Swim,Swim,,2378,"2,000",173.0,36,false,,,activities/7584654039.fit.gz,,,2378.0,2164.0,2000.0,4.165999889373779,0.9242144227027893,0.0,,,,0.0,0.0,,,,29.0,,127.14286041259766,,,400.0,,27.0,36.0,,,,,,,,,,,,,0.0,,1.0,,,,,,,,,,,,,,,,,,,,,,,,,,,0.0,0.8410428762435913,0.0,,,,,,,,,,,,""
7128446456,"May 12, 2022, 4:25:46 AM",Run / X (ZZZ-2),Run,"",2557,8.17,152.0,15,false,,,activities/7589452450.fit.gz,,,2557.0,2453.0,8173.900390625,5.641992092132568,3.3322055339813232,109.0,111.0,236.39999389648438,347.6000061035156,16.587600708007812,-0.0073405117727816105,,,104.0,81.25062561035156,,131.75909423828125,,,560.0,,21.0,15.0,,,,,,,,,,,0.0,,0.0,,1.0,8373.599609375,,,,,,,,,,,,,,,,,,,,,,,,,,0.0,3.1966757774353027,0.0,,,,,,,,,,,,""
7131421090,"May 12, 2022, 4:32:19 PM",Evening Run,Run,,3146,9.00,153.0,16,false,,,activities/7592705185.fit.gz,,,3146.0,2641.0,9003.830078125,4.910058498382568,3.409250497817993,30.0,27.0,261.6000061035156,282.20001220703125,9.165976524353027,0.011106383986771107,,,85.0,80.27401733398438,,129.8052520751953,,,628.0,,30.0,16.0,,,,,,,,,,,,,0.0,,1.0,9064.900390625,,,,,,,,,,,,,,,,,,,,,,,,,,0.0,2.8619930744171143,573.5999755859375,,,,,,,,,,,,""
7131809843,"May 12, 2022, 6:10:32 PM",Run / X (Beer Mile),Run,"",87,0.43,129.0,0,false,,,activities/7593121397.fit.gz,,,87.0,87.0,432.80999755859375,6.7480010986328125,4.974827766418457,1.0,1.0,279.3999938964844,282.20001220703125,10.519434928894043,0.23104827105998993,,,107.0,90.98780822753906,,111.9425277709961,,,21.0,,29.0,0.0,,,,,,,,,,,0.0,,0.0,,1.0,441.20001220703125,,,,,,,,,,,,,,,,,,,,,,,,,,0.0,4.974827766418457,0.0,,,,,,,,,,,,""
7134924021,"May 13, 2022, 9:54:52 AM",Lunch Ride,Ride,,4907,34.48,165.0,82,false,,Scott,activities/7596516753.fit.gz,,7.0,4907.0,4793.0,34482.5,16.99609375,7.194345951080322,788.0,766.0,322.20001220703125,1054.0,20.259105682373047,0.051620353013277054,,,100.0,72.5377426147461,,141.4300079345703,,218.60150146484375,1171.0,,26.0,82.0,1051697.0,,,,,,,,252.0,4906.0,,,0.0,,1.0,,,,,,,,,,,,,,,,2806964.0,,,,,,,,,,,0.0,7.027205944061279,0.0,,,,,,,,,,,,""
7139111268,"May 14, 2022, 6:30:13 AM","Swim / X (E' sempre noioso, ma a volte un po' meno)",Swim,"",2371,"2,000",118.0,7,false,,,activities/7601070096.fit.gz,,,2371.0,1996.0,2000.0,5.800000190734863,1.0020040273666382,0.0,,,,0.0,0.0,,,,30.0,,101.49915313720703,,,400.0,,,7.0,,,,,,,,,,,0.0,,0.0,,1.0,,,,,,,,,,,,,,,,,,,,,,,,,,,0.0,0.8435259461402893,0.0,,,,,,,,,,,,""
7139115133,"May 14, 2022, 7:24:19 AM",Run / X (FINALLY 🤩🤩🤩🤩🤩),Run,Non pensavo che avrei mai gestito una corsa post nuoto e invece... 🥰,3250,14.00,185.0,138,false,,,activities/7601073974.fit.gz,,,3250.0,3240.0,14007.6005859375,5.808007717132568,4.323333263397217,59.0,56.0,277.6000061035156,308.0,9.441510200500488,0.02427249401807785,,,92.0,83.79351043701172,,165.9039764404297,,,967.0,,24.0,138.0,,,,,,,,,,,0.0,,0.0,,1.0,14134.7998046875,,,,,,,,,,,,,,,,,,,,,,,,,,0.0,4.310030937194824,6028.60009765625,,,,,,,,,,,,""
7144410338,"May 15, 2022, 6:01:12 AM",Run / X (Pre-Suchello),Run,"",2031,5.68,165.0,40,false,,,activities/7606856338.fit.gz,,,2031.0,1917.0,5688.68017578125,4.444043159484863,2.9674909114837646,383.0,8.0,680.4000244140625,1062.5999755859375,20.352092742919922,6.581491947174072,,,91.0,82.572998046875,,147.7718505859375,,,519.0,,22.0,40.0,,,,,,,,,,,0.0,,0.0,,1.0,7326.89990234375,,,,,,,,,,,,,,,,,,,,,,,,,,0.0,2.8009257316589355,0.0,,,,,,,,,,,,""
7146185654,"May 15, 2022, 7:04:18 AM",Morning Hike,Hike,,16198,12.86,134.0,23,false,,,activities/7608796108.fit.gz,,,16198.0,11994.0,12868.7099609375,2.6783854961395264,1.0729289054870605,854.0,829.0,1047.199951171875,1510.199951171875,49.65330123901367,0.10723628848791122,,,124.0,55.600074768066406,,88.24666595458984,,,1002.0,,25.0,23.0,,,,,,,,,,,,,0.0,,1.0,,,,,,,,,,,,,,,,,,,,,,,,,,,0.0,0.7944628596305847,11720.900390625,,,,,,,,,,,,""
7150461089,"May 16, 2022, 5:03:32 AM",Morning Swim,Swim,,2736,"2,350",126.0,8,false,,,activities/7613521524.fit.gz,,,2736.0,2538.0,2350.0,4.177999973297119,0.9259259104728699,0.0,,,,0.0,0.0,,,,29.0,,102.29841613769531,,,470.0,,,8.0,,,,,,,,,,,,,0.0,,1.0,,,,,,,,,,,,,,,,,,,,,,,,,,,0.0,0.8589181303977966,0.0,,,,,,,,,,,,""
7158532310,"May 17, 2022, 2:33:19 PM",Bike / X (Brick afoso),Ride,🫠🫠🫠,6286,66.50,165.0,145,false,,Scott,activities/7622277866.fit.gz,,7.0,6286.0,6286.0,66499.921875,13.2783203125,10.579051971435547,331.0,333.0,194.39999389648438,260.6000061035156,10.978936195373535,-0.005714296828955412,,,,,,148.16549682617188,,264.65069580078125,1552.0,,32.0,145.0,,,,,,,,,,,0.0,,0.0,,1.0,,,,,,,,,,,,,,,,2806964.0,,,,,,,,,,,0.0,10.579051971435547,0.0,,,,,,,,,,,,""
7158537462,"May 17, 2022, 4:22:55 PM",Run / X (Rischiando un infarto ❤️‍🩹),Run,"",2819,10.02,179.0,97,false,,,activities/7622283320.fit.gz,,,2819.0,2742.0,10019.1298828125,11.932031631469727,3.653949737548828,139.0,137.0,237.60000610351562,372.3999938964844,16.587902069091797,0.03193886950612068,,,88.0,82.92313385009766,,162.20248413085938,,,748.0,,29.0,97.0,,,,,,,,,,,0.0,,0.0,,1.0,10288.099609375,,,,,,,,,,,,,,,,,,,,,,,,,,0.0,3.554143190383911,0.0,,,,,,,,,,,,""
7161375491,"May 18, 2022, 5:07:59 AM",Morning Swim,Swim,,2376,"2,000",145.0,14,false,,,activities/7625339507.fit.gz,,,2376.0,2026.0,2000.0,4.306000232696533,0.9871668219566345,0.0,,,,0.0,0.0,,,,30.0,,117.9481201171875,,,400.0,,,14.0,,,,,,,,,,,,,0.0,,1.0,,,,,,,,,,,,,,,,,,,,,,,,,,,0.0,0.8417508602142334,0.0,,,,,,,,,,,,""
7164102244,"May 18, 2022, 3:56:59 PM",Afternoon Run,Run,,2890,10.00,137.0,11,false,,,activities/7628310129.fit.gz,,,2890.0,2890.0,10008.7197265625,11.682000160217285,3.4632248878479004,30.0,32.0,223.39999389648438,240.60000610351562,16.393836975097656,-0.021980801597237587,,,84.0,80.01835632324219,,126.88923645019531,,,639.0,,29.0,11.0,,,,,,,,,,,,,0.0,,1.0,10129.2001953125,,,,,,,,,,,,,,,,,,,,,,,,,,0.0,3.4632248878479004,6348.2998046875,,,,,,,,,,,,""
7169759690,"May 19, 2022, 2:32:49 PM",Bike / X (Bossico afterwork) ,Ride,🙃,10224,71.68,169.0,87,false,,Scott,activities/7634435583.fit.gz,,7.0,10224.0,8755.0,71682.0078125,16.660009384155273,8.18755054473877,1132.0,1136.0,384.6000061035156,833.2000122070312,17.979562759399414,-0.015903521329164505,,,104.0,77.30249786376953,,132.00709533691406,,210.56410217285156,2060.0,,27.0,87.0,1841152.0,,,,,,,,233.0,9441.0,0.0,,0.0,,1.0,,,,,,,,,,,,,,,,2806964.0,,,,,,,,,,,0.0,7.01115083694458,37.0,,,,,,,,,,,,media/6c551aab-2d82-418c-a9ae-d847c116c63a.jpg
7175158980,"May 20, 2022, 2:48:09 PM",Afternoon Ride,Ride,,8747,38.49,153.0,40,false,,Scott,activities/7640300731.fit.gz,,7.0,8747.0,5477.0,38495.48828125,18.966405868530273,7.028572082519531,773.0,759.0,312.3999938964844,1047.5999755859375,22.080806732177734,0.015066669322550297,,,104.0,70.96781921386719,,125.57842254638672,,203.48146057128906,1254.0,,29.0,40.0,1115365.0,,,,,,,,224.0,6294.0,,,0.0,,1.0,,,,,,,,,,,,,,,,2806964.0,,,,,,,,,,,0.0,4.400993347167969,0.0,,,,,,,,,,,,""
7177818410,"May 21, 2022, 7:46:44 AM",Run / X (The Stelvio Half Marathon),Run,🚀🏔️ Cima Coppi,7809,20.86,179.0,247,false,,,activities/7643189157.fit.gz,,,7809.0,7768.0,20859.169921875,6.925976753234863,2.6852691173553467,1532.0,0.0,1209.5999755859375,2742.60009765625,46.731319427490234,7.349286079406738,,,89.0,81.52375793457031,,157.66856384277344,,,2030.0,,19.0,247.0,,,,,,,,,,,0.0,,0.0,,1.0,27498.19921875,,,,,,,,,,,,,,,,,,,,,,,,,,0.0,2.671170473098755,0.0,,,,,,,,,,,,media/482fddbc-4d01-43a1-8f13-4c2295a49688.jpg|media/ea750460-29e0-47fd-ad95-5b27123be4b7.jpg
7183753035,"May 22, 2022, 5:45:24 AM",Bike / X (Colli da Vigolo sempre top),Ride,"Con Renni 🙌
PS 15 ore questa settimana, sono finito ",17132,113.94,170.0,112,false,,Scott,activities/7649677860.fit.gz,,7.0,17132.0,15293.0,113943.7578125,18.751562118530273,7.450713157653809,1971.0,1966.0,186.60000610351562,1227.4000244140625,24.037599563598633,-0.005441291723400354,,,105.0,73.3150863647461,,128.373046875,,198.0155029296875,3411.0,,26.0,112.0,3029863.0,,,,,,,,221.0,16071.0,0.0,,0.0,,1.0,,,,,,,,,,,,,,,,2806964.0,,,,,,,,,,,0.0,6.650931358337402,2949.800048828125,,,,,,,,,,,,media/241e42e6-a160-45a6-bf97-5e903a7327a4.jpg
7194353750,"May 24, 2022, 10:04:31 AM",Run / X (Ri-finire o ri-finirsi),Run,3*2km gestiti,2169,8.00,167.0,34,false,,,activities/7661254642.fit.gz,,,2169.0,1926.0,8007.0703125,5.18408203125,4.157357215881348,23.0,34.0,223.8000030517578,238.8000030517578,11.68216323852539,-0.14736980199813843,,,85.0,81.1215591430664,,143.04566955566406,,,539.0,,28.0,34.0,,,,,,,,,,,0.0,,0.0,,1.0,8048.2998046875,,,,,,,,,,,,,,,,,,,,,,,,,,0.0,3.6915953159332275,6325.39990234375,,,,,,,,,,,,""
7198683159,"May 25, 2022, 5:06:16 AM",Swim / X (The last dance),Swim,"",2023,"1,750",124.0,6,false,,,activities/7665926960.fit.gz,,,2023.0,1871.0,1750.0,4.165999889373779,0.9353287220001221,0.0,,,,0.0,0.0,,,,29.0,,102.40716552734375,,,350.0,,,6.0,,,,,,,,,,,0.0,,0.0,,1.0,,,,,,,,,,,,,,,,,,,,,,,,,,,0.0,0.8650519251823425,0.0,,,,,,,,,,,,""
7201849652,"May 25, 2022, 4:38:30 PM",Evening Ride,Ride,,6500,20.39,164.0,27,false,,Scott,activities/7669358584.fit.gz,,7.0,6500.0,3799.0,20390.369140625,17.866016387939453,5.3672990798950195,655.0,671.0,397.3999938964844,1052.800048828125,19.16986846923828,-0.06767895072698593,,,91.0,61.586936950683594,,128.1772003173828,,171.31858825683594,747.0,,23.0,27.0,651272.0,,,,,,,,203.0,4174.0,,,0.0,,1.0,,,,,,,,,,,,,,,,2806964.0,,,,,,,,,,,0.0,3.1369800567626953,0.0,,,,,,,,,,,,""
7204879014,"May 26, 2022, 9:44:02 AM",Lunch Run,Run,,3504,8.81,164.0,36,false,,,activities/7672661423.fit.gz,,,3504.0,2520.0,8814.099609375,5.189990043640137,3.4976584911346436,228.0,302.0,384.3999938964844,685.2000122070312,45.66332244873047,-0.7873750925064087,,,102.0,80.79561614990234,,141.486083984375,,,620.0,,28.0,36.0,,,,,,,,,,,,,0.0,,1.0,9279.099609375,,,,,,,,,,,,,,,,,,,,,,,,,,0.0,2.51543927192688,0.0,,,,,,,,,,,,""
7210286970,"May 27, 2022, 9:53:33 AM",Bike / X (Lo scarico infinito),Ride,"Qualche ripetuta per tenere le gambe sveglie.
Bello quando ti raggiungono e ti dicono ""ti sei impiantato"".
Semplicemente, si gestisce lo sforzo.",3748,29.04,170.0,58,false,,Scott,activities/7678545240.fit.gz,,7.0,3748.0,3716.0,29043.380859375,18.208202362060547,7.815764427185059,624.0,625.0,369.79998779296875,679.2000122070312,18.273948669433594,0.0,,,109.0,76.34405517578125,,139.13462829589844,,223.08750915527344,914.0,,27.0,58.0,830518.0,,,,,,,,261.0,3749.0,0.0,,0.0,,1.0,,,,,,,,,,,,,,,,2806964.0,,,,,,,,,,,0.0,7.7490339279174805,0.0,,,,,,,,,,,,""
7220941009,"May 29, 2022, 5:52:21 AM",Morning Swim,Swim,,2131,"2,011",131.0,8,false,,,activities/7690209558.fit.gz,,,2131.0,2131.0,2011.3699951171875,4.418000221252441,0.9438620209693909,0.0,0.0,187.60000610351562,187.60000610351562,0.0,0.0,,,42.0,31.823530197143555,,110.23270416259766,,,426.0,,21.0,8.0,,,,,,,,,,,,,0.0,,1.0,,,,,,,,,,,,,,,,,,,,,,,,,,,0.0,0.9438620209693909,0.0,,,,,,,,,,,,""
7220956371,"May 29, 2022, 6:34:40 AM",Morning Ride,Ride,,9788,78.55,170.0,141,false,,Scott,activities/7690225914.fit.gz,,7.0,9788.0,9733.0,78554.3671875,18.745702743530273,8.070930480957031,1465.0,1291.0,221.8000030517578,603.4000244140625,46.40929412841797,0.22073885798454285,,,105.0,72.64080047607422,,140.65525817871094,,209.27383422851562,2286.0,,14.0,141.0,2043858.0,,,,,,,,239.0,9767.0,,,0.0,,1.0,,,,,,,,,,,,,,,,2806964.0,,,,,,,,,,,0.0,8.025579452514648,0.0,,,,,,,,,,,,""
7230082785,"May 31, 2022, 3:56:53 AM",Morning Run,Run,,4218,13.86,155.0,26,false,,,activities/7700265437.fit.gz,,,4218.0,3996.0,13861.669921875,17.091991424560547,3.468886375427246,258.0,254.0,237.60000610351562,462.20001220703125,26.51984214782715,0.02741374634206295,,,87.0,80.97396087646484,,131.68466186523438,,,941.0,,20.0,26.0,,,,,,,,,,,,,0.0,,1.0,14463.0,,,,,,,,,,,,,,,,,,,,,,,,,,0.0,3.286313533782959,15.100000381469727,,,,,,,,,,,,""
7232782500,"May 31, 2022, 2:55:34 PM",Afternoon Ride,Ride,,6320,40.84,160.0,52,false,,Scott,activities/7703213676.fit.gz,,7.0,6320.0,5635.0,40842.4609375,16.8359375,7.2479963302612305,729.0,711.0,234.0,849.5999755859375,14.405529975891113,0.04358210414648056,,,,,,132.3248748779297,,179.89593505859375,1054.0,,24.0,52.0,,,,,,,,,,,,,0.0,,1.0,,,,,,,,,,,,,,,,2806964.0,,,,,,,,,,,0.0,6.462414741516113,0.0,,,,,,,,,,,,""
7238872030,"Jun 1, 2022, 4:17:00 PM",Evening Run,Run,,4707,7.77,150.0,26,false,,,activities/7709845516.fit.gz,,,4707.0,3857.0,7772.25,4.97998046875,2.0151023864746094,649.0,634.0,679.2000122070312,1329.0,49.646484375,0.1698351502418518,,,100.0,67.28890991210938,,132.7455596923828,,,720.0,,23.0,26.0,,,,,,,,,,,,,0.0,,1.0,12029.400390625,,,,,,,,,,,,,,,,,,,,,,,,,,0.0,1.651210904121399,6697.10009765625,,,,,,,,,,,,""
7243131429,"Jun 2, 2022, 6:39:50 AM",Bike / X (Gavia Mortirolo Classic with PP),Ride,"",26540,127.80,172.0,280,false,,Scott,activities/7714457432.fit.gz,,7.0,26540.0,20045.0,127804.1796875,21.666406631469727,6.375863075256348,3588.0,3488.0,559.5999755859375,2598.39990234375,39.74167251586914,0.029576487839221954,,,108.0,68.75757598876953,,138.0605926513672,,193.70314025878906,4452.0,,24.0,280.0,3870532.0,,,,,,,,226.0,21564.0,0.0,,0.0,,1.0,,,,,,,,,,,,,,,,2806964.0,,,,,,,,,,,0.0,4.815530300140381,40.5,,,,,,,,,,,,media/cf860151-8cc5-4dd0-a99e-b59f7398c625.jpg|media/95c35fba-68f4-486e-98cb-7dd971205fef.jpg
7252830009,"Jun 4, 2022, 6:17:39 AM",Bike / X (Coppa Asteria quasi tutta),Ride,"",18955,100.74,183.0,214,false,,Scott,activities/7725000727.fit.gz,,7.0,18955.0,15667.0,100745.0234375,19.340625762939453,6.430396556854248,2331.83544921875,2281.0,228.89999389648438,708.0,35.22911834716797,0.0,,,,,,139.08609008789062,,171.4174346923828,2847.0,,26.0,214.0,,,,,,,,,,,0.0,,0.0,,1.0,,,,,,,,,,,,,,,,2806964.0,,,,,,,,,,,0.0,5.314957618713379,6869.39990234375,,,,,,,,,,,,media/32307aa3-d171-4d4c-b3bf-d146dc6ef32c.jpg|media/324f5642-4860-4763-9275-8f87ffbdf4f1.jpg|media/06d6e78f-55ce-47d8-b7e9-063a691c5230.jpg|media/fcaa91c4-6e58-491d-9e6e-c72571e9f6c3.jpg
7257916590,"Jun 5, 2022, 8:17:28 AM",Run / X (Campionato Italiano Corsa Montagna e Accoppata),Run,"",4359,11.38,178.0,174,false,,,activities/7730574246.fit.gz,,,4359.0,4353.0,11388.9404296875,7.5,2.616342782974243,757.0,750.0,386.3999938964844,765.0,49.35891342163086,0.05970694124698639,,,112.0,77.43108367919922,,163.45530700683594,,,1211.0,,28.0,174.0,,,,,,,,,,,0.0,,0.0,,1.0,16128.599609375,,,,,,,,,,,,,,,,,,,,,,,,,,0.0,2.612741470336914,4220.7001953125,,,,,,,,,,,,media/824200d0-c0a6-4ca5-9745-68bfc064cfef.jpg|media/7ca1eff7-4867-4d3a-a7e1-9b84c66c4c6d.jpg|media/c3bcaf51-7557-43fa-a966-87f0c5b0a4b1.jpg
7265734223,"Jun 6, 2022, 5:09:08 AM",Bike to work / 1 (Defaticamento on),Ride,"",43964,48.54,154.0,30,false,,Scott,activities/7739181048.fit.gz,,7.0,43964.0,5945.0,48547.21875,16.303979873657227,8.166058540344238,476.0,504.0,252.39999389648438,696.5999755859375,43.8675422668457,-0.043668847531080246,,,101.0,75.38407135009766,,121.97566223144531,,179.3138885498047,1212.0,,26.0,30.0,1064681.0,,,,,,,,198.0,6176.0,0.0,,0.0,,1.0,,,,,,,,,,,,,,,,2806964.0,,,,,,,,,,,0.0,1.104249358177185,0.0,,,,,,,,,,,,""
7270690808,"Jun 7, 2022, 2:24:07 PM",Bike / X (New Jersey Day - Polpacci Pelosi),Ride,Passo Zambla PR (?) ,8669,58.78,160.0,84,false,,Scott,activities/7744544178.fit.gz,,7.0,8669.0,8141.0,58779.21875,19.348438262939453,7.220147132873535,1375.0,1349.0,395.3999938964844,1253.0,20.322349548339844,0.03810874745249748,,,106.0,71.04754638671875,,134.16795349121094,,205.7293243408203,1878.0,,24.0,84.0,1674588.0,,,,,,,,235.0,8356.0,0.0,,0.0,,1.0,,,,,,,,,,,,,,,,2806964.0,,,,,,,,,,,0.0,6.780392169952393,0.0,,,,,,,,,,,,media/a79d55eb-608a-49d2-b72a-e65a47ac4598.jpg|media/53ca44c4-2617-4ea6-9b26-b0a978bd7470.jpg|media/b3659ba8-ca3c-4aad-8fe8-ad4a83a67257.jpg
7273452502,"Jun 8, 2022, 4:40:34 AM",Run / X (Provando a ritrovare le gambe),Run,Non pervenute,2243,7.01,165.0,25,false,,,activities/7747520339.fit.gz,,,2243.0,2143.0,7011.93994140625,4.676001071929932,3.2720205783843994,25.0,23.0,227.60000610351562,243.0,11.687346458435059,0.034227464348077774,,,85.0,80.05156707763672,,136.8548126220703,,,500.0,,21.0,25.0,,,,,,,,,,,0.0,,0.0,,1.0,7062.2998046875,,,,,,,,,,,,,,,,,,,,,,,,,,0.0,3.126143455505371,2599.39990234375,,,,,,,,,,,,""
7284018681,"Jun 9, 2022, 4:05:13 PM",Evening Run,Run,"",370,1.26,128.0,1,false,,,activities/7758976862.fit.gz,,,370.0,343.0,1266.77001953125,4.35400390625,3.693207025527954,0.0,77.0,600.0,680.5999755859375,0.0,-6.362637042999268,,,84.0,80.45882415771484,,115.40469360351562,,,62.0,,26.0,1.0,,,,,,,,,,,0.0,,0.0,,1.0,1134.0,,,,,,,,,,,,,,,,,,,,,,,,,,0.0,3.4237027168273926,0.0,,,,,,,,,,,,""
7284023946,"Jun 10, 2022, 4:22:40 AM","Bike / X (Fuori dal mondo, di mattina)",Ride,"0 macchine, tanti pensieri ",7595,42.87,159.0,67,false,,Scott,activities/7758982449.fit.gz,,7.0,7595.0,7114.0,42872.58203125,18.241796493530273,6.026508331298828,1415.0,1412.0,397.20001220703125,1096.800048828125,24.8986873626709,0.00046652709715999663,,,118.0,65.99824523925781,,133.14605712890625,,202.3441162109375,1620.0,,17.0,67.0,1442488.0,,,,,,,,238.0,7542.0,0.0,,0.0,,1.0,,,,,,,,,,,,,,,,2806964.0,,,,,,,,,,,0.0,5.644842624664307,0.0,,,,,,,,,,,,media/0623dc76-b7c0-4ff8-a3ca-ebc01fa3b8eb.jpg
7289843768,"Jun 11, 2022, 4:10:39 AM",Bike / X (Via Mala Malissimo - Vivione),Ride,"Oggi lavori. 1*2h@245W e scogli gamba 1*20'@295W
Finitudine assoluta. Solitaria.",21945,157.12,170.0,329,false,,Scott,activities/7765345324.fit.gz,,7.0,21945.0,20897.0,157121.65625,18.015625,7.518861770629883,3207.4013671875,3058.0,187.60000610351562,1820.300048828125,36.816162109375,0.001209253678098321,,,107.0,72.7155532836914,,141.40890502929688,,210.9784698486328,4924.0,,21.0,329.0,4402969.0,,,,,,,,233.0,21504.0,0.0,,0.0,,1.0,,,,,,,,,,,,,,,,2806964.0,,,,,,,,,,,0.0,7.159792900085449,1543.0999755859375,,,,,,,,,,,,""
7295916157,"Jun 12, 2022, 7:32:44 AM","Bike / X (Festival Techno, Gin e laghetto di Valcanale)",Ride,"Tanto mal,benessere. Scarico domani?",12315,69.40,162.0,71,false,,Scott,activities/7772005582.fit.gz,,7.0,12315.0,9166.0,69406.6875,18.435937881469727,7.5721893310546875,1133.0,1141.0,384.20001220703125,1038.5999755859375,21.9386043548584,-0.008932874538004398,,,104.0,74.23873901367188,,127.81339263916016,,196.35704040527344,2025.0,,28.0,71.0,1798112.0,,,,,,,,218.0,9836.0,0.0,,0.0,,1.0,,,,,,,,,,,,,,,,2806964.0,,,,,,,,,,,0.0,5.635947227478027,0.0,,,,,,,,,,,,media/7433b766-fa92-4a6a-81f4-a43987deaa79.jpg|media/bb60c908-7fda-46b9-ae71-0f9c044eb1fa.jpg|media/63a8153b-911c-4f8b-a629-9fc3ff0ef8ba.jpg
7308688876,"Jun 14, 2022, 2:18:40 PM",Bike / X (After Work Colli 🤩),Ride,"",11980,74.64,174.0,165,false,,Scott,activities/7785944659.fit.gz,,7.0,11980.0,11110.0,74645.140625,18.284374237060547,6.7187347412109375,1987.0792236328125,1951.0,306.20001220703125,1191.0,31.745771408081055,0.0009377708774991333,,,111.0,71.77957916259766,,138.58676147460938,,214.31517028808594,2660.0,,28.0,165.0,2387253.0,,,,,,,,249.0,11879.0,0.0,,0.0,,1.0,,,,,,,,,,,,,,,,2806964.0,,,,,,,,,,,0.0,6.230813026428223,0.0,,,,,,,,,,,,media/e375aa5d-df43-4ebe-8f62-4fc6c818296d.jpg|media/cd3017b5-d7be-4d4f-a767-4e5d7846e366.jpg|media/d708fe7c-6abe-486e-8e9f-f2c009c05b0c.jpg
7314193702,"Jun 15, 2022, 5:17:24 AM","Bike to work / 2 (Home, Work, Liuke, Finitudine, Home)",Ride,"",43348,70.60,165.0,54,false,,Scott,activities/7791938289.fit.gz,,7.0,43348.0,8766.0,70604.2421875,16.246007919311523,8.054327964782715,687.0,708.0,221.1999969482422,677.5999755859375,19.12499237060547,-0.011047477833926678,,,102.0,73.47962951660156,,124.35165405273438,,179.39117431640625,1791.0,,29.0,54.0,1573472.0,,,,,,,,194.0,9251.0,0.0,,0.0,,1.0,,,,,,,,,,,,,,,,2806964.0,,,,,,,,,,,0.0,1.6287773847579956,44.099998474121094,,,,,,,,,,,,""
7316668908,"Jun 16, 2022, 5:12:19 AM",Run / X (Si torna pian piano a correre),Run,"",3921,13.07,173.0,77,false,,,activities/7794616305.fit.gz,,,3921.0,3743.0,13075.669921875,5.484033107757568,3.493366241455078,309.0,312.0,374.6000061035156,678.4000244140625,21.163583755493164,-0.018354887142777443,,,85.0,80.7316665649414,,148.62510681152344,,,954.0,,21.0,77.0,,,,,,,,,,,0.0,,0.0,,1.0,13803.400390625,,,,,,,,,,,,,,,,,,,,,,,,,,0.0,3.3347792625427246,1318.5999755859375,,,,,,,,,,,,""
7322093076,"Jun 17, 2022, 4:28:44 AM","Bike / X (Relax, podcast e Porecche)",Ride,"",5140,33.73,166.0,54,false,,Scott,activities/7800570414.fit.gz,,7.0,5140.0,4886.0,33730.859375,16.3359375,6.903573513031006,762.0,753.0,329.0,1044.0,21.77973175048828,0.011265612207353115,,,98.0,72.07984161376953,,132.83135986328125,,188.4514923095703,1043.0,,23.0,54.0,923839.0,,,,,,,,224.0,5113.0,0.0,,0.0,,1.0,,,,,,,,,,,,,,,,2806964.0,,,,,,,,,,,0.0,6.562424182891846,0.0,,,,,,,,,,,,""
7328449866,"Jun 18, 2022, 4:02:17 AM",Bike / X (Un Gioco chiamato Maniva),Ride,"Forse la giornata che più mi son goduto su due ruote. Tutto perfetto: alimentazione, gestione, paesaggi, la solitudine meditativa.
Grazie, bici. Un po' meno grazie Lovere Clusone a 35 gradi.",28260,203.81,165.0,408,false,,Scott,activities/7807526320.fit.gz,,7.0,28260.0,26307.0,203811.25,20.796875,7.747415065765381,3495.0,3501.0,169.0,2109.0,21.236331939697266,-0.007850401103496552,,,109.0,78.68861389160156,,139.80885314941406,,199.41644287109375,5913.0,,26.0,408.0,5254887.0,,,,,,,,222.0,27452.0,0.0,,0.0,,1.0,,,,,,,,,,,,,,,,2806964.0,,,,,,,,,,,0.0,7.212004661560059,6063.7998046875,,,,,,,,,,,,media/10d749c9-6b94-4b1a-874c-06a355f98ae8.jpg|media/de974ee9-1cab-4f26-ad5f-cdb240d46413.jpg|media/93550bd4-5245-48da-9c5c-d44a2fa0f964.jpg|media/5191ddf5-7fbc-484d-9cb9-e0af951f14fe.jpg
7334082728,"Jun 19, 2022, 11:40:37 AM",Run / X (Ammazzando la noia e acclimatandosi),Run,"",2866,9.01,166.0,24,false,,,activities/7813745451.fit.gz,,,2866.0,2534.0,9016.599609375,5.349999904632568,3.5582475662231445,189.0,184.0,565.7999877929688,686.4000244140625,16.468059539794922,0.004435855895280838,,,86.0,81.12261199951172,,133.4700469970703,,,624.0,,30.0,24.0,,,,,,,,,,,0.0,,0.0,,1.0,9508.900390625,,,,,,,,,,,,,,,,,,,,,,,,,,0.0,3.14605712890625,4200.2998046875,,,,,,,,,,,,""
7340047382,"Jun 20, 2022, 5:03:34 AM",Bike / X (Afterwork Selvino + Podcast),Ride,"",41383,61.30,152.0,45,false,,Scott,activities/7820334467.fit.gz,,7.0,41383.0,8029.0,61307.171875,18.640625,7.635716915130615,871.0,883.0,227.8000030517578,1044.800048828125,18.067359924316406,0.008481898345053196,,,103.0,74.99526977539062,,124.85552215576172,,175.61444091796875,1610.0,,29.0,45.0,1410013.0,,,,,,,,202.0,8437.0,0.0,,0.0,,1.0,,,,,,,,,,,,,,,,2806964.0,,,,,,,,,,,0.0,1.4814579486846924,24.5,,,,,,,,,,,,""
7346017630,"Jun 21, 2022, 3:18:33 PM",Bike / X (MTB non mi mancavi),Ride,"",8001,26.72,164.0,43,false,,Scott,activities/7826839009.fit.gz,,7.0,8001.0,6310.0,26727.271484375,14.729687690734863,4.235700607299805,782.0,782.0,391.3999938964844,848.0,49.06242752075195,-0.029183629900217056,,,,,,118.71378326416016,,125.97730255126953,1012.0,,31.0,43.0,,,,,,,,,,,0.0,,0.0,,1.0,,,,,,,,,,,,,,,,2806964.0,,,,,,,,,,,0.0,3.34049129486084,7239.7001953125,,,,,,,,,,,,media/80a33ec5-2bea-4248-ac7f-2210b69b6a7d.jpg
7351945421,"Jun 22, 2022, 4:41:00 PM",Bike / X (Test per Poli),Ride,"",5820,35.39,161.0,45,false,,Scott,activities/7833285108.fit.gz,,7.0,5820.0,5148.0,35389.75,17.212108612060547,6.8744659423828125,888.0,875.0,374.79998779296875,1047.5999755859375,29.255952835083008,0.02769159898161888,,,99.0,72.27030944824219,,130.3744659423828,,208.597900390625,1201.0,,25.0,45.0,1072060.0,,,,,,,,235.0,5740.0,0.0,,0.0,,1.0,,,,,,,,,,,,,,,,2806964.0,,,,,,,,,,,0.0,6.080713272094727,0.0,,,,,,,,,,,,""
7356900045,"Jun 23, 2022, 2:53:39 PM",Bike / X (L'Alben di un nuovo giorno),Ride,"",8959,43.44,172.0,85,false,,Scott,activities/7838697284.fit.gz,,7.0,8959.0,7225.0,43439.5703125,16.040000915527344,6.012397289276123,1079.0,1057.0,398.0,946.7999877929688,49.6815299987793,-0.00782695971429348,,,,,,136.23733520507812,,162.79576110839844,1390.0,,26.0,85.0,,,,,,,,,,,0.0,,0.0,,1.0,,,,,,,,,,,,,,,,2806964.0,,,,,,,,,,,0.0,4.848707675933838,15968.599609375,,,,,,,,,,,,media/3effd945-1823-4540-b4dd-aa70624843c8.jpg
7359379375,"Jun 24, 2022, 3:40:39 AM",Bike / X (Parafulmine al risveglio),Ride,"",9375,40.46,176.0,120,false,,Scott,activities/7841408612.fit.gz,,7.0,9375.0,8367.0,40466.80078125,17.34000015258789,4.836476802825928,1535.4000244140625,1502.0,395.0,1519.800048828125,45.871559143066406,-0.013344272039830685,,,,,,139.05487060546875,,167.28265380859375,1555.0,,21.0,120.0,,,,,,,,,,,0.0,,0.0,,1.0,,,,,,,,,,,,,,,,2806964.0,,,,,,,,,,,0.0,4.316458702087402,11907.599609375,,,,,,,,,,,,media/dd30f0fa-c388-432e-b182-5ee74a63753b.jpg
7365184963,"Jun 25, 2022, 6:29:25 AM",Bike / X (Culmine di sderenatezza),Ride,Con liukas,16021,108.70,179.0,208,false,,Scott,activities/7847774121.fit.gz,,7.0,16021.0,14927.0,108705.8203125,22.435937881469727,7.282495975494385,2345.445556640625,2289.0,326.3999938964844,1248.5999755859375,19.33534812927246,0.0008279227185994387,,,115.0,74.5619888305664,,139.85064697265625,,195.82391357421875,3301.0,,23.0,208.0,2929155.0,,,,,,,,229.0,15368.0,0.0,,0.0,,1.0,,,,,,,,,,,,,,,,2806964.0,,,,,,,,,,,0.0,6.785208225250244,0.0,,,,,,,,,,,,media/d5ce0865-b333-42db-98ae-1862e452124d.jpg
7372179907,"Jun 26, 2022, 8:53:53 AM",Bike / X (Cavlera Sunday Perfection),Ride,"　
💪 12.43 new kilometers

-- From ",21021,26.14,164.0,53,false,,Scott,activities/7855476391.fit.gz,,7.0,21021.0,6551.0,26146.759765625,14.574870109558105,3.991262435913086,1232.0,1264.0,450.0,1290.4000244140625,49.322654724121094,-0.032126445323228836,,,,,,125.3218002319336,,167.46092224121094,1275.0,,27.0,53.0,,,,,,,,,,,0.0,,0.0,,1.0,,,,,,,,,,,,,,,,2806964.0,,,,,,,,,,,0.0,1.243839979171753,5029.7001953125,,,,,,,,,,,,media/117a2c29-fdd6-43fc-a562-c260a0826849.jpg|media/455f413b-4a70-49a9-9da0-d1ff6f5d71b0.jpg|media/1c4a371c-982d-4214-9b5f-86be710de416.jpg|media/86e7c8e6-d843-4ba9-b7fa-0b763cc49722.jpg
7380099484,"Jun 28, 2022, 3:20:19 AM",Bike / X (Sellaronda solo per me),Ride,"　
🎷🐛 51.21 new kilometers

-- From ",8265,50.59,167.0,157,false,,Scott,activities/7864176883.fit.gz,,7.0,8265.0,7744.0,50591.12109375,20.8203125,6.532944202423096,1686.993408203125,1597.0,1524.5,2240.699951171875,20.151487350463867,-0.033405084162950516,,,104.0,72.3080062866211,,143.64772033691406,,223.35911560058594,1926.0,,13.0,157.0,1732614.0,,,,,,,,254.0,8128.0,0.0,,0.0,,1.0,,,,,,,,,,,,,,,,2806964.0,,,,,,,,,,,0.0,6.121127605438232,0.0,,,,,,,,,,,,media/01bfcb07-0a0a-40c4-91fb-7a1dbaf4c8f0.jpg|media/5260163d-d8a9-4530-9f5a-7ae8983edca2.jpg|media/2b8b01fb-99f4-4fad-97d3-c93eb8a93d94.mp4
7388161017,"Jun 29, 2022, 12:19:47 PM",Bike / X (Fedaia Malga Ciape-la-pioggia?),Ride,"Test FTP (finirsi troppo presto) devastante ciao　
👏 45.96 new kilometers

-- From ",13365,81.42,179.0,203,false,,Scott,activities/7872979970.fit.gz,,7.0,13365.0,12588.0,81426.109375,18.102344512939453,6.468549728393555,2406.0,2152.0,1078.4000244140625,2233.0,22.715173721313477,-0.015474122948944569,,,113.0,71.51121520996094,,141.65696716308594,,211.80943298339844,2976.0,,21.0,203.0,2663948.0,,,,,,,,245.0,13201.0,0.0,,0.0,,1.0,,,,,,,,,,,,,,,,2806964.0,,,,,,,,,,,0.0,6.0924882888793945,294.0,,,,,,,,,,,,media/13ebddb0-24ae-4a2c-a0a3-605d46a78942.jpg|media/726415f5-287b-41de-b3ec-0944568310e8.jpg|media/cdfe223c-a973-4078-bb1b-42d0d394393a.jpg
7391139567,"Jun 30, 2022, 3:00:53 AM",Bike / X (Falzarego con l'hamburger ancora lì),Ride,"　
👏 33.12 new kilometers

-- From ",9566,55.89,168.0,91,false,,Scott,activities/7876221079.fit.gz,,7.0,9566.0,9157.0,55889.26953125,19.598438262939453,6.103447437286377,1428.0,1422.0,1411.199951171875,2189.0,26.046966552734375,-0.005725738126784563,,,104.0,65.50422668457031,,133.1911163330078,,162.62815856933594,1720.0,,13.0,91.0,1490353.0,,,,,,,,190.0,9510.0,0.0,,0.0,,1.0,,,,,,,,,,,,,,,,2806964.0,,,,,,,,,,,0.0,5.842491149902344,110.0,,,,,,,,,,,,media/3facfa45-f756-4663-a75a-3527f69ca3f0.jpg|media/693fca65-cf74-42aa-975c-ca2e7aa59b63.jpg
7397171821,"Jul 1, 2022, 7:36:40 AM",Bike / X (Dolomites Gravel Edition!),Ride,"Wow. 　
👏 25.99 new kilometers

-- From ",13432,36.92,162.0,64,false,,Scott,activities/7882811947.fit.gz,,7.0,13432.0,8645.0,36921.05859375,19.75,4.270799160003662,1287.0,1394.0,1416.199951171875,2147.0,49.20943069458008,0.002166586695238948,,,,,,123.57720947265625,,141.4627685546875,1553.0,,23.0,64.0,,,,,,,,,,,0.0,,0.0,,1.0,,,,,,,,,,,,,,,,2806964.0,,,,,,,,,,,0.0,2.7487387657165527,24334.5,,,,,,,,,,,,media/e285f227-aaf7-4352-a880-463ddc29df0b.jpg|media/20f7f5a1-cc6d-409e-985a-3e2e1eb1d3f4.jpg|media/f7d57ce0-b9dc-470b-ae60-73f7ab5d7b1e.jpg|media/c069b2ed-9b34-443e-9a35-e78ceb8faa9c.jpg
7407234230,"Jul 2, 2022, 6:58:02 AM",Morning Ride,Ride,"",6928,20.66,156.0,23,false,,Scott,activities/7893867360.fit.gz,,7.0,6928.0,3877.0,20664.169921875,15.543993949890137,5.329937934875488,557.0,556.0,1526.199951171875,1872.800048828125,20.797807693481445,-0.08904313296079636,,,105.0,69.73221588134766,,118.34935760498047,,138.73695373535156,634.0,,26.0,23.0,537124.0,,,,,,,,173.0,4649.0,0.0,,0.0,,1.0,,,,,,,,,,,,,,,,2806964.0,,,,,,,,,,,0.0,2.982703447341919,150.5,,,,,,,,,,,,""
7407270237,"Jul 3, 2022, 4:31:59 AM",Bike / X (Maratona Dles Dolomites 2022: Griglia Rossa!),Ride,"45° assoluto, tanti sacrifici, un po' di lacrime e un sogno che non sapevo di avere.　
👍 43.24 new kilometers

-- From ",18850,135.75,169.0,498,false,,Scott,activities/7893905713.fit.gz,,7.0,18850.0,18813.0,135757.0625,22.670312881469727,7.216130256652832,4024.0,3925.0,1329.199951171875,2233.199951171875,22.51670265197754,0.07660743594169617,,,127.0,79.46887969970703,,154.40443420410156,,238.7261962890625,4966.0,,18.0,498.0,4499703.0,,,,,,,,264.0,18851.0,0.0,,0.0,,1.0,,,,,,,,,,,,,,,,2806964.0,,,,,,,,,,,0.0,7.201966285705566,0.0,,,,,,,,,,,,media/e9872c12-ece8-459b-a48c-cb93c61959cc.jpg|media/7a23f323-9a64-4b54-a1cc-8119379c44fe.jpg
7412075271,"Jul 4, 2022, 5:01:31 AM",Bike / X (Si torna al lavoro 🥲 ma con la gravel 🤩),Ride,"　
👍 10.07 new kilometers

-- From ",3260,25.75,153.0,16,false,,Scott,activities/7899235101.fit.gz,,7.0,3260.0,3220.0,25749.990234375,18.60833168029785,7.996891021728516,28.0,477.0,252.39999389648438,708.2000122070312,12.666213035583496,-1.766991138458252,,,,,,123.03568267822266,,91.92564392089844,536.0,,25.0,16.0,,,,,,,,,,,0.0,,0.0,,1.0,,,,,,,,,,,,,,,,2806964.0,,,,,,,,,,,0.0,7.898769855499268,4922.0,,,,,,,,,,,,""
7417233969,"Jul 5, 2022, 4:17:41 AM",Bike / X (Poieto Exploration),Ride,"　
👍 5.27 new kilometers

-- From ",5325,19.54,162.0,36,false,,Scott,activities/7904878633.fit.gz,,7.0,5325.0,4451.0,19542.740234375,16.765819549560547,4.3906402587890625,735.0,724.0,707.4000244140625,1356.5999755859375,44.0257453918457,0.09415242820978165,,,,,,128.5254364013672,,159.01380920410156,786.0,,22.0,36.0,,,,,,,,,,,0.0,,0.0,,1.0,,,,,,,,,,,,,,,,2806964.0,,,,,,,,,,,0.0,3.6699981689453125,3820.300048828125,,,,,,,,,,,,media/6b34b13e-4c34-4574-a763-17be87d85f71.jpg|media/745aec8c-4506-4abd-a716-f4588cbbf3bb.jpg
7418125154,"Jul 5, 2022, 9:32:51 AM",Run / X (Tornare a correre parte 2),Run,"　
👍 3.13 new kilometers

-- From ",2541,8.27,166.0,37,false,,,activities/7905857757.fit.gz,,,2541.0,2520.0,8276.1796875,8.333984375,3.28419828414917,225.0,230.0,591.4000244140625,750.5999755859375,36.54761505126953,-0.04591549187898636,,,94.0,79.5299301147461,,142.07281494140625,,,608.0,,27.0,37.0,,,,,,,,,,,0.0,,0.0,,1.0,9113.900390625,,,,,,,,,,,,,,,,,,,,,,,,,,0.0,3.25705623626709,5485.5,,,,,,,,,,,,""
7425484874,"Jul 6, 2022, 5:01:21 AM",Bike / X (Gravvellata ignorante 🥲),Ride,"　
2.54 new kilometers

-- From ",41067,50.93,161.0,59,false,,Scott,activities/7913900710.fit.gz,,7.0,41067.0,6593.0,50929.87890625,15.878326416015625,7.724841117858887,420.0,521.0,250.39999389648438,707.4000244140625,46.87050247192383,-0.05811919644474983,,,,,,130.52699279785156,,147.95068359375,1302.0,,28.0,59.0,,,,,,,,,,,0.0,,0.0,,1.0,,,,,,,,,,,,,,,,2806964.0,,,,,,,,,,,0.0,1.2401655912399292,766.2000122070312,,,,,,,,,,,,media/56445ba8-85cd-4621-b149-1c7aa15adcdd.jpg
7428395166,"Jul 7, 2022, 5:16:29 AM","Run / X (It is always hard, but worth it)",Run,"　
0.47 new kilometers

-- From ",3517,11.01,185.0,69,false,,,activities/7917070389.fit.gz,,,3517.0,3281.0,11009.76953125,6.043993949890137,3.355613946914673,251.0,305.0,404.0,707.4000244140625,15.984451293945312,-0.46322494745254517,,,84.0,79.57212829589844,,149.78759765625,,,789.0,,23.0,69.0,,,,,,,,,,,0.0,,0.0,,1.0,11523.7998046875,,,,,,,,,,,,,,,,,,,,,,,,,,0.0,3.1304433345794678,153.5,,,,,,,,,,,,""
7433377720,"Jul 8, 2022, 4:04:32 AM","Bike / X (Giro spremuta, spremuto)",Ride,"　
2.31 new kilometers

-- From ",2837,17.31,156.0,30,false,,Scott,activities/7922504439.fit.gz,,7.0,2837.0,2641.0,17318.03125,15.58599853515625,6.557375907897949,353.0,355.0,379.3999938964844,708.0,19.324399948120117,0.003464456181973219,,,97.0,68.45196533203125,,134.21665954589844,,172.42349243164062,522.0,,19.0,30.0,455628.0,,,,,,,,195.0,2830.0,0.0,,0.0,,1.0,,,,,,,,,,,,,,,,2806964.0,,,,,,,,,,,0.0,6.10434627532959,0.0,,,,,,,,,,,,""
7438519373,"Jul 9, 2022, 4:38:01 AM","Bike / X (Bella la gravel, ma...)",Ride,"Fine corsa Lovere. Non so come tornerò a casa.　
👏 25.0 new kilometers
🏘 Completed 25% of Ponte Nossa
-- From ",10298,41.02,167.0,85,false,,Scott,activities/7928162614.fit.gz,,7.0,10298.0,8056.0,41024.4296875,17.56640625,5.092406749725342,841.0,1337.0,383.79998779296875,1298.800048828125,45.17913055419922,-0.7858732342720032,,,,,,133.9644012451172,,130.84461975097656,1376.0,,21.0,85.0,,,,,,,,,,,0.0,,0.0,,1.0,,,,,,,,,,,,,,,,2806964.0,,,,,,,,,,,0.0,3.9837279319763184,16200.7998046875,,,,,,,,,,,,media/d5136001-46bb-448c-b492-e962076856f7.jpg|media/62480ca2-6f77-4595-984a-ba01c6094e1b.jpg
7440625817,"Jul 9, 2022, 12:47:54 PM",Run / X (Extra 1 h),Run,"　
0.29 new kilometers

-- From ",4274,9.53,150.0,16,false,,,activities/7930472965.fit.gz,,,4274.0,4065.0,9530.1796875,5.108984470367432,2.344447612762451,545.0,530.0,707.4000244140625,1254.0,48.89299392700195,0.11332407593727112,,,97.0,67.55719757080078,,120.00768280029297,,,700.0,,26.0,16.0,,,,,,,,,,,0.0,,0.0,,1.0,12386.0,,,,,,,,,,,,,,,,,,,,,,,,,,0.0,2.2298033237457275,3644.800048828125,,,,,,,,,,,,""
7445044627,"Jul 10, 2022, 5:51:48 AM",Bike / X (Green Lago Moro featuring PopX),Ride,"　
👍 35.19 new kilometers
🏘 Completed 25% of Gazzaniga
🏘 Completed 25% of Colere
-- From ",17098,109.71,168.0,190,false,,Scott,activities/7935339205.fit.gz,,7.0,17098.0,14975.0,109712.4375,23.952342987060547,7.326373100280762,2488.5078125,2228.0,187.60000610351562,1287.5999755859375,27.421754837036133,-0.00027344218688085675,,,115.0,77.06415557861328,,136.23736572265625,,200.96279907226562,3425.0,,26.0,190.0,3042601.0,,,,,,,,225.0,16161.0,0.0,,0.0,,1.0,,,,,,,,,,,,,,,,2806964.0,,,,,,,,,,,0.0,6.416682720184326,2261.39990234375,,,,,,,,,,,,media/24ed4c4a-1514-4773-af8c-73056726b8eb.jpg|media/b50a106e-4e41-4b9e-b0df-8815c551f398.jpg|media/4638516c-6a62-4181-8d19-ca0e6c7ce60f.jpg|media/d4deec20-aa9f-4e3b-88f3-ab462c6ba8e8.mp4
7452227727,"Jul 11, 2022, 5:00:50 AM",Bike / X (Orezzo Km Rosso Valbondione),Ride,"Prendere una coppa in un segmento che parte dal Bier Stube ✅😅　
16.69 new kilometers

-- From ",42976,83.05,170.0,91,false,,Scott,activities/7943273507.fit.gz,,7.0,42976.0,9243.0,83056.7109375,15.336010932922363,8.9859037399292,713.0,535.0,247.1999969482422,892.2000122070312,47.534854888916016,0.22225774824619293,,,114.0,81.59784698486328,,132.1532440185547,,187.7848663330078,1971.0,,27.0,91.0,1739527.0,,,,,,,,215.0,9461.0,0.0,,0.0,,1.0,,,,,,,,,,,,,,,,2806964.0,,,,,,,,,,,0.0,1.9326300621032715,27.899999618530273,,,,,,,,,,,,""
7457686317,"Jul 12, 2022, 4:00:10 PM",Evening Ride,Ride,"　
1.29 new kilometers
🏘 Completed 25% of Vertova
-- From ",1567,11.51,151.0,8,false,,Scott,activities/7949224867.fit.gz,,7.0,1567.0,1424.0,11510.51953125,16.756006240844727,8.083230018615723,80.0,368.0,413.6000061035156,708.7999877929688,20.351245880126953,-2.512484550476074,,,105.0,72.94384765625,,120.63345336914062,,128.1999969482422,216.0,,30.0,8.0,180774.0,,,,,,,,169.0,1568.0,0.0,,0.0,,1.0,,,,,,,,,,,,,,,,2806964.0,,,,,,,,,,,0.0,7.345577239990234,277.70001220703125,,,,,,,,,,,,""
7457688975,"Jul 12, 2022, 4:40:15 PM",Bike / X (Cronoscalata Ignorante Ganda 🥉),Ride,Fagianate e tanti minuti da Pogačar ,1894,9.15,185.0,80,false,,Scott,activities/7949227685.fit.gz,,7.0,1894.0,1894.0,9149.4599609375,7.079980373382568,4.8307600021362305,653.0,0.0,393.6000061035156,1047.800048828125,23.874094009399414,7.150149345397949,,,101.0,80.04751586914062,,160.31890869140625,,331.2365417480469,675.0,,26.0,80.0,627404.0,,,,,,,,332.0,1895.0,0.0,,0.0,,1.0,,,,,,,,,,,,,,,,2806964.0,,,,,,,,,,,0.0,4.8307600021362305,0.0,,,,,,,,,,,,media/ed329f81-26c2-4ee1-bd88-6dab913ae9a9.jpg
7464241054,"Jul 13, 2022, 4:58:55 AM",Bike / X (Orezzo - Km Rosso - Gualdi bike - Gallo - Lujo river - Orezzo),Ride,"Una giornata campale di bici.　
13.21 new kilometers

-- From ",53229,103.33,169.0,87,false,"",Scott,activities/7956392295.fit.gz,,7.0,53229.0,13061.0,103328.75,19.690038681030273,7.911243438720703,1202.0,1240.5999755859375,213.39999389648438,749.4000244140625,35.67588424682617,-0.037356529384851456,,,108.0,76.92988586425781,,125.1607894897461,,177.9029998779297,2590.803955078125,,28.0,87.0,,,,,,,,,197.0,14436.0,,,0.0,,1.0,,,,,,,,,,,,,,,,2806964.0,,,,,,,,,,,0.0,1.9412115812301636,1056.0999755859375,,,,,,,,,,,,""
7468245312,"Jul 14, 2022, 1:17:34 PM",Afternoon Run,Run,"　
0.36 new kilometers

-- From ",3308,10.37,164.0,37,false,,,activities/7960791233.fit.gz,,,3308.0,3002.0,10369.7998046875,9.472070693969727,3.4542970657348633,281.0,291.0,417.3999938964844,707.4000244140625,15.39970874786377,-0.07521889358758926,,,84.0,79.73413848876953,,135.76116943359375,,,708.0,,31.0,37.0,,,,,,,,,,,0.0,,0.0,,1.0,11030.2001953125,,,,,,,,,,,,,,,,,,,,,,,,,,0.0,3.1347641944885254,304.0,,,,,,,,,,,,""
7473032929,"Jul 15, 2022, 7:40:10 AM",Galibier - Ancienne Route ,Ride,"　
🎷🐛 67.57 new kilometers

-- From ",22427,110.64,167.0,140,false,,Scott,activities/7966079834.fit.gz,,7.0,22427.0,15984.0,110645.9453125,20.16796875,6.9222941398620605,2030.0,2029.0,1281.199951171875,2626.800048828125,46.56238555908203,-0.016087282449007034,,,,,,129.34161376953125,,168.72174072265625,2772.0,,28.0,140.0,,,,,,,,,,,0.0,,0.0,,1.0,,,,,,,,,,,,,,,,2806964.0,,,,,,,,,,,0.0,4.933604717254639,4929.10009765625,,,,,,,,,,,,media/86acbc13-255a-44c8-be96-1badd245e5d0.jpg|media/b9930b3f-2275-440a-99ff-80706bc2c0cc.jpg|media/a897db94-1716-41ab-91d8-993c0fbc290f.jpg|media/a1ecb261-64ab-438e-ad98-05d91fdf8ae0.jpg|media/b7d9d12b-d486-4285-9d02-2a7770b00a19.jpg
7476476787,"Jul 16, 2022, 6:33:06 AM",La Expl del M ha un B in una G,Ride,"　
🎷🐛 15.77 new kilometers

-- From ",5644,20.14,194.0,87,false,,Scott,activities/7969903890.fit.gz,,7.0,5644.0,5284.0,20142.228515625,8.173998832702637,3.8119282722473145,926.0,202.0,1264.199951171875,2172.60009765625,46.53409194946289,3.6123111248016357,,,,,,143.23634338378906,,163.35702514648438,1121.0,,22.0,87.0,,,,,,,,,,,0.0,,0.0,,1.0,,,,,,,,,,,,,,,,2806964.0,,,,,,,,,,,0.0,3.568786144256592,14186.0,,,,,,,,,,,,media/e1c290f8-cc0d-4234-86ff-4b2aeced9c74.jpg|media/6df94c7e-1937-42eb-b106-b8bf9efd59a4.jpg|media/441b1e04-5672-4ee9-9c15-b13a8c6a3e0d.jpg|media/38660d33-022a-43ed-a7a3-b6cc21077016.jpg
7478335635,"Jul 16, 2022, 9:42:02 AM",Sestriere Gravel Ignorante ,Ride,"　
🎷🐛 51.75 new kilometers

-- From ",15248,70.34,159.0,71,false,,Scott,activities/7971930734.fit.gz,,7.0,15248.0,10945.0,70345.6328125,17.546092987060547,6.427193641662598,1446.0,1457.0,1072.199951171875,2111.800048828125,49.270748138427734,0.014784179627895355,,,,,,122.8296890258789,,165.00758361816406,1714.0,,31.0,71.0,,,,,,,,,,,0.0,,0.0,,1.0,,,,,,,,,,,,,,,,2806964.0,,,,,,,,,,,0.0,4.613433361053467,15373.2998046875,,,,,,,,,,,,media/8685ade8-cd9e-475d-9666-c3c253a8494f.jpg|media/08fb0e6f-35b5-46a6-a6d6-abeb884dbe67.jpg|media/72ad48cd-e833-4e57-8310-a1b11dd28620.jpg
7483120280,"Jul 17, 2022, 8:58:44 AM",Morning Hike,Hike,"　
💪 5.46 new kilometers

-- From ",8040,5.80,116.0,8,false,,,activities/7977246583.fit.gz,,,8040.0,4964.0,5801.10986328125,3.447949171066284,1.1686362028121948,432.0,418.0,1915.800048828125,2345.0,46.04278564453125,0.17927435040473938,,,123.0,54.49599838256836,,81.1213607788086,,,346.0,,28.0,8.0,,,,,,,,,,,,,0.0,,1.0,,,,,,,,,,,,,,,,,,,,,,,,,,,0.0,0.721531093120575,4823.7998046875,,,,,,,,,,,,""
7489523460,"Jul 18, 2022, 4:52:18 AM",Il solito KM rosso + 1,Ride,"",40426,54.79,160.0,42,false,,Scott,activities/7984366817.fit.gz,,7.0,40426.0,6430.0,54790.87109375,16.735986709594727,8.521130561828613,491.0,511.0,257.79998779296875,707.4000244140625,46.07059097290039,-0.0040152897126972675,,,117.0,79.75653839111328,,124.05853271484375,,190.32098388671875,1384.0,,30.0,42.0,1222732.0,,,,,,,,218.0,6618.0,0.0,,0.0,,1.0,,,,,,,,,,,,,,,,2806964.0,,,,,,,,,,,0.0,1.355337381362915,38.400001525878906,,,,,,,,,,,,""
7493296363,"Jul 19, 2022, 9:43:54 AM",Variazioni e sudorazioni ,Run,"　
0.26 new kilometers

-- From ",2671,9.15,170.0,48,false,,,activities/7988515955.fit.gz,,,2671.0,2612.0,9154.0595703125,6.067968845367432,3.5046169757843018,284.0,282.0,423.6000061035156,708.5999755859375,45.690975189208984,0.013108404353260994,,,91.0,80.2360610961914,,147.02069091796875,,,657.0,,31.0,48.0,,,,,,,,,,,0.0,,0.0,,1.0,9910.0,,,,,,,,,,,,,,,,,,,,,,,,,,0.0,3.4272031784057617,0.0,,,,,,,,,,,,""
7500591519,"Jul 20, 2022, 4:57:05 AM",Ciclabili del cazzo 💥,Ride,"Schiena a pezzi post caduta, un miragolo tornare a casa　
👍 26.59 new kilometers

-- From ",42845,62.33,155.0,62,false,,Scott,activities/7996492494.fit.gz,,7.0,42845.0,8378.0,62329.90234375,26.462053298950195,7.439711093902588,855.0,701.0,258.6000061035156,970.4000244140625,23.549419403076172,0.26279520988464355,,,,,,128.0392303466797,,176.453369140625,1534.0,,31.0,62.0,,,,,,,,,,,0.0,,0.0,,1.0,,,,,,,,,,,,,,,,2806964.0,,,,,,,,,,,0.0,1.4547765254974365,1043.699951171875,,,,,,,,,,,,media/a7a7ba4b-1eae-4b69-baaf-00999a6384c0.jpg
7506068369,"Jul 21, 2022, 5:29:31 PM",Ciclopodistica con qualche acciacco,Ride,"",751,3.70,179.0,26,false,,Scott,activities/8002516575.fit.gz,,7.0,751.0,751.0,3708.530029296875,6.365991115570068,4.938122749328613,251.0,0.0,397.20001220703125,649.0,22.541086196899414,6.789752006530762,,,104.0,80.52278900146484,,159.18072509765625,,335.5260925292969,269.0,,31.0,26.0,250804.0,,,,,,,,335.0,752.0,0.0,,0.0,,1.0,,,,,,,,,,,,,,,,2806964.0,,,,,,,,,,,0.0,4.938122749328613,0.0,,,,,,,,,,,,media/271a459f-dec3-4e56-b492-9f5458fa653e.jpg
7510675157,"Jul 22, 2022, 2:14:28 PM",Strength a Luglio,Ride,"　
1.06 new kilometers

-- From ",4444,21.17,163.0,32,false,,Scott,activities/8007611356.fit.gz,,7.0,4444.0,3775.0,21172.609375,16.802001953125,5.608638286590576,802.796875,743.0,389.20001220703125,1075.4000244140625,49.82416534423828,0.007084628101438284,,,94.0,62.74991989135742,,129.7565155029297,,203.59457397460938,865.0,,33.0,32.0,770065.0,,,,,,,,245.0,4080.0,0.0,,0.0,,1.0,,,,,,,,,,,,,,,,2806964.0,,,,,,,,,,,0.0,4.764313697814941,0.0,,,,,,,,,,,,""
7513415224,"Jul 23, 2022, 5:05:45 AM",Regalarsi un Vaccaro,Ride,"　
👍 10.13 new kilometers
🏘 Completed 50% of Fiorano al Serio
-- From ",8910,44.29,169.0,94,false,,Scott,activities/8010658109.fit.gz,,7.0,8910.0,8575.0,44291.02734375,16.964061737060547,5.165134429931641,1515.06884765625,1464.0,382.3999938964844,1518.5999755859375,44.241111755371094,-0.0065476056188344955,,,,,,132.81613159179688,,176.9429168701172,1626.0,,26.0,94.0,,,,,,,,,,,0.0,,0.0,,1.0,,,,,,,,,,,,,,,,2806964.0,,,,,,,,,,,0.0,4.970934867858887,5184.89990234375,,,,,,,,,,,,media/7d9d2b2b-45a9-4786-bf29-466ede9ded41.jpg|media/f97aa424-cc57-4913-9060-de1bb988b024.jpg
7519376638,"Jul 24, 2022, 5:12:29 AM","Detox: Zambla, Selvino, Hidden Ganda",Ride,"　
6.98 new kilometers

-- From ",13711,84.99,162.0,89,false,,Scott,activities/8017319051.fit.gz,,7.0,13711.0,13117.0,84998.859375,18.792186737060547,6.480053424835205,2240.01806640625,2140.0,378.70001220703125,1253.199951171875,26.792612075805664,0.0012941344175487757,,,101.0,69.97068786621094,,127.35424041748047,,183.36325073242188,2740.0,,26.0,89.0,2410583.0,,,,,,,,223.0,13446.0,0.0,,0.0,,1.0,,,,,,,,,,,,,,,,2806964.0,,,,,,,,,,,0.0,6.199318885803223,28.700000762939453,,,,,,,,,,,,""
7526955315,"Jul 25, 2022, 5:06:01 AM",Selvinello cercando il fresco (non pervenuto),Ride,"　
0.31 new kilometers

-- From ",40949,62.42,164.0,66,false,,Scott,activities/8025805366.fit.gz,,7.0,40949.0,7902.0,62424.33984375,19.303905487060547,7.899815082550049,845.0,871.0,251.8000030517578,1070.0,34.59670639038086,0.01762133091688156,,,104.0,80.61505126953125,,127.57347869873047,,184.17620849609375,1654.0,,32.0,66.0,1456748.0,,,,,,,,222.0,8172.0,0.0,,0.0,,1.0,,,,,,,,,,,,,,,,2806964.0,,,,,,,,,,,0.0,1.524441123008728,31.100000381469727,,,,,,,,,,,,""
7535354948,"Jul 27, 2022, 4:48:48 AM",Ganda prima di 8 ore seduto,Ride,"　
0.34 new kilometers

-- From ",4652,35.41,158.0,27,false,,Scott,activities/8035107537.fit.gz,,7.0,4652.0,4529.0,35415.5,16.5380859375,7.8197174072265625,429.0,880.0,255.8000030517578,1085.0,21.052263259887695,-1.2723243236541748,,,99.0,68.98785400390625,,125.15823364257812,,162.64794921875,850.0,,21.0,27.0,736374.0,,,,,,,,193.0,4653.0,0.0,,0.0,,1.0,,,,,,,,,,,,,,,,2806964.0,,,,,,,,,,,0.0,7.612962245941162,35.29999923706055,,,,,,,,,,,,media/0ad25d38-f3b6-427d-a9bf-51fa63ce4ec1.jpg
7542110585,"Jul 28, 2022, 9:44:02 AM",When in Valpolicella - Testing my back,Run,"　
🎷🐛 9.22 new kilometers

-- From ",5057,10.51,167.0,44,false,,,activities/8042560689.fit.gz,,,5057.0,3154.0,10509.580078125,5.81201171875,3.3321433067321777,341.0,334.0,174.0,483.20001220703125,40.62062454223633,-0.0019029965624213219,,,122.0,79.09925842285156,,139.03860473632812,,,741.0,,32.0,44.0,,,,,,,,,,,0.0,,0.0,,1.0,11938.7998046875,,,,,,,,,,,,,,,,,,,,,,,,,,0.0,2.0782241821289062,3160.60009765625,,,,,,,,,,,,media/f0615a54-2c7b-4ece-8837-577d9fab69ed.jpg|media/e1e32a0c-bf8f-48a1-9b05-5993b9c9cf48.jpg
7544087763,"Jul 28, 2022, 3:36:50 PM",Palio del Recioto post lavoro Lessinia,Ride,"Bello fino al gravel random finale　
🎷🐛 33.17 new kilometers

-- From ",6341,33.01,162.0,101,false,,Scott,activities/8044736262.fit.gz,,7.0,6341.0,6223.0,33011.6796875,16.716014862060547,5.30478572845459,1377.0,311.0,176.8000030517578,1480.199951171875,25.13134002685547,3.2073497772216797,,,103.0,72.84769439697266,,142.2650909423828,,227.5654296875,1571.0,,28.0,101.0,1415780.0,,,,,,,,258.0,6327.0,0.0,,0.0,,1.0,,,,,,,,,,,,,,,,2806964.0,,,,,,,,,,,0.0,5.206068515777588,5273.2001953125,,,,,,,,,,,,media/9c4da331-b44a-40c0-b191-f2bbf7e21d26.jpg|media/c4972407-e572-4dab-953d-51294ae389a7.jpg|media/974cf0f6-4b36-44b9-9297-0330ac866068.jpg
7547549892,"Jul 29, 2022, 9:55:46 AM",Bardolino per pranzo,Ride,"　
🎷🐛 23.01 new kilometers

-- From ",2715,22.34,140.0,9,false,,Scott,activities/8048590970.fit.gz,,7.0,2715.0,2715.0,22343.029296875,14.050000190734863,8.229476928710938,139.0,239.0,72.0,188.1999969482422,12.765448570251465,-0.46636468172073364,,,98.0,75.58757781982422,,110.30675506591797,,179.7135467529297,555.0,,32.0,9.0,487795.0,,,,,,,,200.0,2716.0,0.0,,0.0,,1.0,,,,,,,,,,,,,,,,2806964.0,,,,,,,,,,,0.0,8.229476928710938,355.5,,,,,,,,,,,,media/625dc2dc-fabb-482b-83ef-1434654534f9.jpg
7548343655,"Jul 29, 2022, 1:41:42 PM",Il drittone di Bardolino 😂,Swim,"",576,348,128.0,1,false,,,activities/8049471636.fit.gz,,,576.0,436.0,347.8299865722656,1.962005615234375,0.7977752089500427,0.0,74.19999694824219,66.4000015258789,140.60000610351562,0.0,-21.332260131835938,,,44.0,28.562841415405273,,115.27127838134766,,,93.0,,28.0,1.0,,,,,,,,,,,0.0,,0.0,,1.0,,,,,,,,,,,,,,,,,,,,,,,,,,,0.0,0.6038715243339539,0.0,,,,,,,,,,,,""
7553137541,"Jul 30, 2022, 4:19:05 AM",Vivione da di là con extra da di qua,Ride,"Presolana, Salven, Vivione, Dezzo, Orezzo = Umido garantito (ah, e i paesi alti)
👏 74.6 new kilometers

-- From ",28673,175.49,172.0,317,false,,Scott,activities/8054802209.fit.gz,,7.0,28673.0,25325.0,175490.0,17.403905868530273,6.929516315460205,4010.011474609375,3920.0,280.3999938964844,1820.300048828125,27.548521041870117,0.0006268163560889661,,,117.0,72.30396270751953,,136.2303009033203,,190.07632446289062,5444.0,,23.0,317.0,4809076.0,,,,,,,,226.0,26536.0,0.0,,0.0,,1.0,,,,,,,,,,,,,,,,2806964.0,,,,,,,,,,,0.0,6.120391845703125,0.0,,,,,,,,,,,,media/b1a5d293-297e-49e3-813b-3e7a3d58f3a8.jpg|media/357b1285-3979-44bf-96af-fa3a77214646.jpg|media/7c8df8c9-ae7e-402f-97d0-515c8049968a.jpg
7558232550,"Jul 31, 2022, 5:55:29 AM",Valcava gravel,Ride,"　
👍 32.36 new kilometers

-- From ",17251,104.97,156.0,97,false,,Scott,activities/8060494918.fit.gz,,7.0,17251.0,15152.0,104975.90625,17.184375762939453,6.928188323974609,1829.8238525390625,1799.0,251.39999389648438,1321.0999755859375,38.208953857421875,-0.020099852234125137,,,,,,125.12159729003906,,160.6711883544922,2464.0,,27.0,97.0,,,,,,,,,,,0.0,,0.0,,1.0,,,,,,,,,,,,,,,,2806964.0,,,,,,,,,,,0.0,6.085206985473633,6819.7001953125,,,,,,,,,,,,media/3ef3662d-6f80-4d61-97fd-c425dcc2f74a.jpg|media/c85107ba-1ead-4df9-946f-71217cad315c.jpg|media/818fcba3-b478-453d-8a3a-093495b9a82f.jpg|media/25476a9c-89ea-4962-9861-8d730e7e3ab5.jpg|media/5d55d2a1-5cf8-4afd-b864-a50c2cac39f5.jpg
7563382248,"Aug 1, 2022, 5:05:15 AM",Morning Ride,Ride,"　
0.16 new kilometers

-- From ",2910,27.21,146.0,12,false,,Scott,activities/8066281358.fit.gz,,7.0,2910.0,2881.0,27214.599609375,16.059179306030273,9.446233749389648,27.0,483.0,251.1999969482422,707.4000244140625,7.462553024291992,-1.6696921586990356,,,,,,118.47518157958984,,117.12960815429688,585.0,,23.0,12.0,,,,,,,,,,,,,0.0,,1.0,,,,,,,,,,,,,,,,2806964.0,,,,,,,,,,,0.0,9.352096557617188,0.0,,,,,,,,,,,,""
7565190171,"Aug 1, 2022, 3:12:46 PM",La ritirata dei Merelli - Finitudine ,Ride,"　
👏 17.05 new kilometers

-- From ",5561,32.69,151.0,17,false,,Scott,activities/8068275765.fit.gz,,7.0,5561.0,5237.0,32692.0,12.293293952941895,6.2425055503845215,524.0,78.0,214.60000610351562,667.0,38.71348190307617,1.3838247060775757,,,,,,109.90494537353516,,160.8358154296875,678.0,,32.0,17.0,,,,,,,,,,,0.0,,0.0,,1.0,,,,,,,,,,,,,,,,2806964.0,,,,,,,,,,,0.0,5.878798961639404,7128.10009765625,,,,,,,,,,,,""
7571542585,"Aug 2, 2022, 2:13:48 PM",Capanna 2000 in gravel,Ride,"Mai fatta una cosa tanto dura e ignorante in bici. Follia
10.62 new kilometers

-- From ",14303,74.19,164.0,118,false,,Scott,activities/8075283668.fit.gz,,7.0,14303.0,13110.0,74193.0703125,18.632030487060547,5.659273147583008,2163.0,2158.0,435.79998779296875,1974.4000244140625,47.23723602294922,0.006469590589404106,,,,,,130.1774444580078,,174.13897705078125,2263.0,,27.0,118.0,,,,,,,,,,,0.0,,0.0,,1.0,,,,,,,,,,,,,,,,2806964.0,,,,,,,,,,,0.0,5.1872382164001465,5338.39990234375,,,,,,,,,,,,media/d153150d-863d-49a9-b5f4-21633caa5fbf.jpg|media/144b1997-6b60-437f-87b4-8670e20a8ca2.jpg|media/66fa9034-2e9b-4731-a8c8-8aaea3a31fd6.jpg|media/10d624cd-2caa-4ce1-902f-87d4a019e394.jpg|media/2e27447e-f396-4637-b00a-aca02f5a574e.jpg
7579479924,"Aug 4, 2022, 4:19:08 AM",Ganda without legs (:,Run,"",4085,12.15,165.0,68,false,,,activities/8084067000.fit.gz,,,4085.0,3778.0,12151.01953125,4.779882907867432,3.216257095336914,437.127685546875,422.0,619.5,1057.199951171875,19.802745819091797,-0.0074067977257072926,,,107.0,80.17594146728516,,146.077880859375,,,979.0,,23.0,68.0,,,,,,,,,,,0.0,,0.0,,1.0,13403.7998046875,,,,,,,,,,,,,,,,,,,,,,,,,,0.0,2.97454571723938,0.0,,,,,,,,,,,,media/789d7e4d-4c8c-4d96-ad29-8d8c3a7f2d55.jpg|media/c3338723-5e53-4d15-a599-619a9c7302f3.jpg
7582282198,"Aug 4, 2022, 2:34:28 PM","Random gravel, why not",Ride,"　
👍 7.82 new kilometers

-- From ",6105,24.18,159.0,39,false,,Scott,activities/8087175480.fit.gz,,7.0,6105.0,4910.0,24179.548828125,18.864063262939453,4.924551963806152,965.5777587890625,912.0,557.7999877929688,1157.0,49.67050552368164,-0.021092159673571587,,,,,,129.79212951660156,,171.07073974609375,891.0,,29.0,39.0,,,,,,,,,,,0.0,,0.0,,1.0,,,,,,,,,,,,,,,,2806964.0,,,,,,,,,,,0.0,3.9606142044067383,8743.599609375,,,,,,,,,,,,media/2380150a-827d-40ee-bf9d-d79525dcba8a.jpg|media/420feca5-f129-4097-b487-07ad6a22c404.jpg|media/77320abf-520c-4f51-a0ea-3bf282817432.jpg
7591016707,"Aug 5, 2022, 2:42:47 PM",Rifugio Olmo per cambiare un po',Hike,"　
🎷🐛 17.85 new kilometers

-- From ",69504,18.02,149.0,30,false,,,activities/8096883927.fit.gz,,,69504.0,16048.0,18025.869140625,3.783984422683716,1.1232470273971558,1406.0,1348.0,900.2000122070312,2150.199951171875,49.90974044799805,0.27405038475990295,,,124.0,55.87067413330078,,85.76901245117188,,,1262.0,,27.0,30.0,,,,,,,,,,,0.0,,0.0,,1.0,,,,,,,,,,,,,,,,,,,,,,,,,,,0.0,0.25935009121894836,17052.400390625,,,,,,,,,,,,media/9e7850db-6a36-4d07-a660-20060c56f1ec.jpg|media/a94bb0d5-db4e-4fa7-bb41-93d7a276e2e5.jpg|media/e5961107-0354-40cf-b62c-d220c2210401.jpg|media/b673172b-0015-41f8-a00b-c3ff84340cf7.jpg|media/7a170208-6a72-4c9b-bf8f-e7334a33975f.jpg
7596170164,"Aug 7, 2022, 5:15:45 AM",Slippery Fonteno,Ride,"　
👍 22.34 new kilometers

-- From ",12707,66.33,159.0,85,false,,Scott,activities/8102704953.fit.gz,,7.0,12707.0,11903.0,66336.0625,17.815624237060547,5.57305383682251,1945.8709716796875,1919.0,314.3999938964844,1243.9000244140625,45.60231399536133,0.0013567273272201419,,,,,,127.88833618164062,,161.73785400390625,1929.0,,23.0,85.0,,,,,,,,,,,0.0,,0.0,,1.0,,,,,,,,,,,,,,,,2806964.0,,,,,,,,,,,0.0,5.220434665679932,7417.0,,,,,,,,,,,,media/6797c654-134a-4b75-afdc-88108e7c3690.jpg|media/ac59896c-65d5-487c-97a2-aec561c05a3b.jpg|media/4d7c7b4f-fdc0-4f4b-9a90-9ae358ba2b82.jpg
7607748490,"Aug 8, 2022, 5:01:50 AM",Morning Ride,Ride,"　
1.01 new kilometers

-- From ",38973,51.48,164.0,32,false,,Scott,activities/8115668510.fit.gz,,7.0,38973.0,5863.0,51487.1484375,14.74000072479248,8.781706809997559,248.0,534.0,254.0,707.4000244140625,34.00448226928711,-0.5286756157875061,,,,,,123.05567169189453,,155.9659881591797,1149.0,,27.0,32.0,,,,,,,,,,,,,0.0,,1.0,,,,,,,,,,,,,,,,2806964.0,,,,,,,,,,,0.0,1.32109797000885,49.70000076293945,,,,,,,,,,,,""
7607751449,"Aug 9, 2022, 9:11:06 AM",Lunch Run,Run,"　
👍 3.89 new kilometers

-- From ",3217,11.36,176.0,82,false,,,activities/8115671797.fit.gz,,,3217.0,3189.0,11361.98046875,5.195996284484863,3.5628662109375,253.0,274.0,369.6000061035156,621.4000244140625,16.289770126342773,-0.1760256588459015,,,112.0,80.23422241210938,,154.62754821777344,,,805.0,,29.0,82.0,,,,,,,,,,,,,0.0,,1.0,11937.099609375,,,,,,,,,,,,,,,,,,,,,,,,,,0.0,3.531855821609497,559.2999877929688,,,,,,,,,,,,""
7615647633,"Aug 10, 2022, 5:20:24 AM","Con un aperitivo, una gravel e due zaini da portare a casa. Ma sono FERIE!",Ride,"　
0.39 new kilometers

-- From ",40107,54.14,164.0,49,false,,Scott,activities/8124387750.fit.gz,,7.0,40107.0,6898.0,54139.2421875,14.454004287719727,7.848541736602783,486.0,518.0,252.60000610351562,707.4000244140625,47.61732482910156,-0.010343765839934349,,,,,,127.96405029296875,,157.7853240966797,1363.0,,27.0,49.0,,,,,,,,,,,0.0,,0.0,,1.0,,,,,,,,,,,,,,,,2806964.0,,,,,,,,,,,0.0,1.3498700857162476,30.299999237060547,,,,,,,,,,,,""
7619174609,"Jun 25, 2022, 2:46:12 PM",Afternoon Ride,Ride,,1,0,,,false,,Scott,activities/8128291115.fit.gz,,7.0,1.0,1.0,0.0,0.0,0.0,0.0,0.0,682.7999877929688,682.7999877929688,0.0,0.0,,,,,,,,0.0,0.0,,,,,,,,,,,,,,,,0.0,,1.0,,,,,,,,,,,,,,,,2806964.0,,,,,,,,,,,0.0,0.0,0.0,,,,,,,,,,,,""
7619177652,"Jun 29, 2021, 11:40:48 AM",Bici,Ride,,8706,30.90,159.0,94,false,,Scott,activities/8128294376.fit.gz,,7.0,8706.0,8533.0,30903.869140625,15.055859565734863,3.6216886043548584,971.0,952.0,363.6000061035156,1049.199951171875,29.905460357666016,0.06277519464492798,,,,,,133.40814208984375,,101.5920181274414,2037.0,,31.0,94.0,,,,,,,,,,,,,0.0,,1.0,,,,,,,,,,,,,,,,2806964.0,,,,,,,,,,,0.0,3.5497207641601562,0.0,,,,,,,,,,,,""
7619180304,"Jul 2, 2022, 7:11:37 AM",Morning Ride,Ride,,4511,14.33,,,false,,Scott,activities/8128297496.fit.gz,,7.0,4511.0,4220.0,14338.599609375,16.525976181030273,3.3977723121643066,485.0,486.0,1651.5999755859375,2134.60009765625,15.07938289642334,-0.00976402498781681,,,,,,,,99.00348663330078,465.84112548828125,,21.0,,,,,,,,,,,,,,0.0,,1.0,,,,,,,,,,,,,,,,2806964.0,,,,,,,,,,,0.0,3.1785855293273926,0.0,,,,,,,,,,,,""
7626034360,"Aug 12, 2022, 4:20:06 AM",Orezzo - Capanna GrossAlp,Ride,"Dopo aver mangiato il Magnum, mi sono ripreso all'istante

💪 158.47 new kilometers
🏘 Completed 25% of Lago di Lugano
🏘 Completed 25% of Melide
-- From ",33574,192.95,170.0,381,false,,Scott,activities/8135911162.fit.gz,,7.0,33574.0,28817.0,192952.875,21.515625,6.695799827575684,3514.36865234375,1986.0,197.89999389648438,1908.5,35.2293586730957,0.6384459733963013,,,,,,137.7034912109375,,162.78614807128906,5446.0,,26.0,381.0,,,,,,,,,,,0.0,,0.0,,1.0,,,,,,,,,,,,,,,,2806964.0,,,,,,,,,,,0.0,5.747092247009277,9515.599609375,,,,,,,,,,,,media/6f8a63cb-4c86-49e4-a373-c27549699d51.jpg|media/f3b4c016-9d3a-4b15-9dcc-373c8ef1826c.jpg|media/3ead8ce3-00f9-41fc-8d22-7d245549370c.jpg|media/c84c005c-1a93-4414-9a76-8509385c4f42.jpg|media/1dcb39bd-b39e-4571-ab02-e55077c8a0d5.jpg|media/42d4d93a-6fa0-474f-8daa-ed2d9d87d504.jpg|media/a4575b09-cfca-467e-bceb-3c975b930ef1.jpg
7631181990,"Aug 13, 2022, 4:14:40 AM",Bosco Gurin - San Bernardino - Spluga - Gordona ,Ride,"Inizio ad essere finito　
💪 138.47 new kilometers

-- From ",33657,179.23,153.0,155,false,,Scott,activities/8141638977.fit.gz,,7.0,33657.0,26682.0,179235.828125,19.424543380737305,6.7174811363220215,2960.33642578125,4127.0,197.89999389648438,2112.39990234375,44.82940673828125,-0.6966238617897034,,,,,,122.56146240234375,,139.66722106933594,4029.0,,23.0,155.0,,,,,,,,,,,0.0,,0.0,,1.0,,,,,,,,,,,,,,,,2806964.0,,,,,,,,,,,0.0,5.3253655433654785,3363.0,,,,,,,,,,,,media/3eaa350a-675b-4c96-ab31-5b521548780a.jpg|media/62cd8282-17ba-4f93-9c0d-7941f9c06c9f.jpg|media/e05a9e8f-be9b-49b8-a42a-1c32707d9f74.jpg|media/41d097d6-d8d6-4e0f-9970-75544f41d511.jpg|media/97687267-3580-4a10-9ce1-d502c7085ed9.jpg
7636367383,"Aug 14, 2022, 4:20:57 AM",Gordona - Passo Dordona - Orezzo (casa),Ride,"Quando al terzo giorno di cicloviaggio ti inventi una salita da 21km al 8.4% (in gravel).
Non avevo mai bevuto un litro di Coca-Cola ma ho scoperto che ti porta a casa.
Domani vacanza.　
💪 99.74 new kilometers
🏘 Completed 25% of Fusine
-- From ",27365,135.16,168.0,180,false,,Scott,activities/8147465504.fit.gz,,7.0,27365.0,24262.0,135161.828125,21.24739646911621,5.570926666259766,2973.97216796875,2538.0,200.39999389648438,2061.699951171875,44.43115234375,0.2663474380970001,,,,,,128.57464599609375,,139.43508911132812,3845.0,,23.0,180.0,,,,,,,,,,,0.0,,0.0,,1.0,,,,,,,,,,,,,,,,2806964.0,,,,,,,,,,,0.0,4.939222812652588,27964.19921875,,,,,,,,,,,,media/1568154c-2224-4238-9e05-b2e0b948c4ab.jpg|media/0f05253e-d15c-442a-a384-338e57cc9db1.jpg|media/5b3c4b9e-6f1a-430c-956c-a88db2638211.jpg|media/a7aa352c-f89a-4ffb-bea4-eeff0639629d.jpg|media/af0a4898-8bdf-4ab0-9111-5e6965d8559a.jpg|media/76f936fb-1c29-4f16-8753-c75fe9a00342.jpg|media/cdc56454-5e7d-4cfe-8a90-ba3744dae1ca.jpg
7641934550,"Aug 15, 2022, 7:34:49 AM",Morning Hike,Hike,"　
👍 1.28 new kilometers

-- From ",5854,5.30,121.0,6,false,,,activities/8153727631.fit.gz,,,5854.0,4409.0,5308.47021484375,4.5439453125,1.2040077447891235,392.0,377.0,707.4000244140625,1098.5999755859375,37.08033752441406,0.22605383396148682,,,117.0,61.124202728271484,,75.72576141357422,,,267.0,,27.0,6.0,,,,,,,,,,,,,0.0,,1.0,,,,,,,,,,,,,,,,,,,,,,,,,,,0.0,0.9068107604980469,4217.60009765625,,,,,,,,,,,,""
7646500187,"Aug 16, 2022, 5:44:10 AM",Monte Pora solo per la pizza di Ian,Ride,"　
10.29 new kilometers

-- From ",13745,78.24,180.0,137,false,,Scott,activities/8158808005.fit.gz,,7.0,13745.0,10823.0,78245.234375,16.539844512939453,7.229532718658447,1477.0,1471.0,418.0,1537.0,17.627439498901367,-0.0033229331020265818,,,98.0,70.87659454345703,,136.31385803222656,,180.18341064453125,2224.0,,23.0,137.0,1952378.0,,,,,,,,214.0,11795.0,0.0,,0.0,,1.0,,,,,,,,,,,,,,,,2806964.0,,,,,,,,,,,0.0,5.69263219833374,1293.699951171875,,,,,,,,,,,,media/631035f6-6a3d-45b9-8f86-1cf7f148cd69.jpg|media/6152243f-fae8-4cb9-bdad-c0022e762e55.jpg
7651794807,"Aug 17, 2022, 6:07:00 AM","Running, always a bad idea up to the 5th km",Run,"　
0.59 new kilometers

-- From ",3828,13.11,170.0,63,false,,,activities/8164666574.fit.gz,,,3828.0,3828.0,13113.220703125,5.858007907867432,3.4256062507629395,311.0,316.0,401.6000061035156,707.4000244140625,22.449928283691406,-0.02745348960161209,,,85.0,80.34239959716797,,144.66143798828125,,,934.0,,23.0,63.0,,,,,,,,,,,0.0,,0.0,,1.0,13853.5,,,,,,,,,,,,,,,,,,,,,,,,,,0.0,3.4256062507629395,1314.4000244140625,,,,,,,,,,,,""
7657951352,"Aug 18, 2022, 9:01:37 AM",Coldre' KOM tra uno scrollo e l'altro,Run,"　
1.23 new kilometers

-- From ",3287,8.22,163.0,39,false,,,activities/8171513398.fit.gz,,,3287.0,3205.0,8222.7001953125,4.659999847412109,2.565585136413574,438.0,423.0,707.4000244140625,1147.0,45.0450439453125,0.13620829582214355,,,122.0,75.13124084472656,,139.2998809814453,,,720.0,,19.0,39.0,,,,,,,,,,,0.0,,0.0,,1.0,10369.900390625,,,,,,,,,,,,,,,,,,,,,,,,,,0.0,2.501581907272339,2910.10009765625,,,,,,,,,,,,""
7663378763,"Aug 19, 2022, 6:55:42 AM",Rifugio V Alpini - Giro Confinale / 1,Hike,"　
🎷🐛 12.06 new kilometers

-- From ",10792,12.18,152.0,41,false,,,activities/8177593525.fit.gz,,,10792.0,9878.0,12185.9697265625,2.5,1.2336505651474,1286.199951171875,25.0,1599.4000244140625,2860.60009765625,49.01960754394531,10.300344467163086,,,80.0,48.03581237792969,,111.98919677734375,,,1360.0,,18.0,41.0,,,,,,,,,,,0.0,,0.0,,1.0,19560.19921875,,,,,,,,,,,,,,,,,,,,,,,,,,0.0,1.1291669607162476,12190.2001953125,,,,,,,,,,,,media/2bd68ad3-8f38-48ff-8df7-b3197244c6cd.jpg|media/3fdb91dd-972d-4d64-8ddd-522658f894df.jpg|media/729418ab-1ca7-4b92-80ee-e5907123cbea.jpg
7669728483,"Aug 20, 2022, 7:22:35 AM",Ghiacciaio Forni - Giro del Confinale / 2,Hike,"　
🎷🐛 16.69 new kilometers

-- From ",22735,18.36,138.0,33,false,,,activities/8184740296.fit.gz,,,22735.0,14245.0,18364.849609375,2.75390625,1.28921377658844,789.0,1434.0,2164.60009765625,2996.60009765625,49.772727966308594,-3.6504526138305664,,,122.0,52.32197952270508,,96.08655548095703,,,1431.0,,19.0,33.0,,,,,,,,,,,0.0,,0.0,,1.0,,,,,,,,,,,,,,,,,,,,,,,,,,,0.0,0.8077787160873413,18364.80078125,,,,,,,,,,,,media/8073762e-e061-4bea-8d12-069ec068ec92.jpg|media/4ad37569-ea6d-42aa-83d9-fb8baf5f0566.jpg|media/e114a397-7d2b-4ece-9ea4-ee6d35f20558.jpg|media/0d8bf489-a145-4b49-8e53-5ff2f751452b.jpg
7673554713,"Aug 21, 2022, 6:40:34 AM",Running for something more - Giro del Confinale / 3,Run,"　
🎷🐛 14.33 new kilometers

-- From ",6699,15.30,173.0,82,false,,,activities/8189107352.fit.gz,,,6699.0,6495.0,15308.900390625,4.340000152587891,2.3570284843444824,362.0,901.0,1620.4000244140625,2383.60009765625,49.122806549072266,-3.6070520877838135,,,119.0,70.15721130371094,,138.48915100097656,,,1438.0,,15.0,82.0,,,,,,,,,,,0.0,,0.0,,1.0,17082.0,,,,,,,,,,,,,,,,,,,,,,,,,,0.0,2.2852516174316406,14033.900390625,,,,,,,,,,,,""
7675335230,"Aug 21, 2022, 9:29:09 AM",Laghi di Cancano gravel 🤩,Ride,"　
🎷🐛 26.97 new kilometers

-- From ",7634,39.98,169.0,90,false,,Scott,activities/8191113838.fit.gz,,7.0,7634.0,6553.0,39982.33984375,16.143749237060547,6.10137939453125,965.0,934.0,1214.800048828125,1968.199951171875,21.982295989990234,0.052523188292980194,,,,,,139.593505859375,,163.35321044921875,1285.0,,26.0,90.0,,,,,,,,,,,0.0,,0.0,,1.0,,,,,,,,,,,,,,,,2806964.0,,,,,,,,,,,0.0,5.237403869628906,20072.30078125,,,,,,,,,,,,media/429b4f46-3a7a-43c9-9606-23dddb37ffac.jpg|media/4513e9f3-35ad-404f-b822-4bb6c499be9d.jpg|media/3957d1cd-82ce-4b89-a675-d3fb2b85bc66.jpg
7679920544,"Aug 22, 2022, 7:34:14 AM",Il primo Stelvio di PMT,Ride,"　
🎷🐛 20.73 new kilometers

-- From ",11941,44.44,154.0,42,false,,Scott,activities/8196372810.fit.gz,,7.0,11941.0,8895.0,44444.05078125,21.510156631469727,4.996520519256592,1533.0,1514.0,1203.800048828125,2747.0,39.31953048706055,0.0648006871342659,,,,,,120.35676574707031,,162.3094482421875,1299.0,,20.0,42.0,,,,,,,,,,,0.0,,0.0,,1.0,,,,,,,,,,,,,,,,2806964.0,,,,,,,,,,,0.0,3.721970558166504,0.0,,,,,,,,,,,,media/8b2d7d9e-4222-4df5-8162-d650a71db307.jpg|media/b591c9a3-4c6a-43dc-83f8-5e4beb0236c9.jpg|media/c791e341-0be1-4c86-92ac-8950841022a2.jpg
7684936256,"Aug 23, 2022, 7:45:06 AM",Morning Run,Run,"　
0.22 new kilometers

-- From ",3139,10.03,171.0,49,false,,,activities/8201966533.fit.gz,,,3139.0,3041.0,10030.6201171875,5.685986518859863,3.2984609603881836,295.0,296.0,410.3999938964844,707.4000244140625,23.430477142333984,-0.023926980793476105,,,82.0,79.76371765136719,,145.801513671875,,,711.0,,27.0,49.0,,,,,,,,,,,,,0.0,,1.0,10742.5,,,,,,,,,,,,,,,,,,,,,,,,,,0.0,3.1954824924468994,0.0,,,,,,,,,,,,""
7692201918,"Aug 24, 2022, 4:23:11 AM",Orezzo - Saint Moritz (Passo Bernina),Ride,"　
👏 113.39 new kilometers

-- From ",30633,181.28,168.0,353,false,,Scott,activities/8210085598.fit.gz,,7.0,30633.0,26093.0,181285.5625,20.140625,6.9476704597473145,3477.6640625,2373.0,187.60000610351562,2314.89990234375,49.16887664794922,0.6049570441246033,,,100.0,70.1751937866211,,137.38526916503906,,187.40501403808594,5566.0,,23.0,353.0,4910152.0,,,,,,,,206.0,27570.0,0.0,,0.0,,1.0,,,,,,,,,,,,,,,,2806964.0,,,,,,,,,,,0.0,5.917982578277588,750.0,,,,,,,,,,,,media/7261d18c-97c8-4364-bed4-676429b79e73.jpg|media/f5eef4c4-6436-4710-8c8d-569ed0ff37cb.jpg|media/7ee6e0d2-2286-4daf-b010-4d2fc77e13ec.jpg|media/4aaf0a8c-a336-4470-a827-febccce497b0.jpg|media/6d4cf8ba-d8ba-4d39-8e18-15ff02c175f2.jpg|media/bd1ff113-3f05-400f-af88-a4eb7a7e7dbd.jpg|media/0b85dfe2-a315-4e97-9f37-f081150f3fc7.jpg
7697676143,"Aug 25, 2022, 5:31:48 AM",St. Moritz - Orezzo (Passo San Marco),Ride,"San Moritz = Son Mortiz . Vicinissimo alla finitudine.　
👏 113.88 new kilometers

-- From ",25627,174.35,166.0,159,false,,Scott,activities/8216205552.fit.gz,,7.0,25627.0,23950.0,174348.6875,21.6123046875,7.2796950340271,2796.181884765625,3890.0,200.39999389648438,1958.199951171875,20.67851448059082,-0.6375728845596313,,,112.0,69.98281860351562,,128.3655242919922,,95.63802337646484,4055.0,,24.0,159.0,2287542.0,,,,,,,,186.0,17973.0,0.0,,0.0,,1.0,,,,,,,,,,,,,,,,2806964.0,,,,,,,,,,,0.0,6.803320407867432,0.0,,,,,,,,,,,,media/ed6783b4-5c36-463b-b1f9-78df074cc049.jpg|media/89964fee-263d-48d0-9cea-788df64c2865.mp4|media/de4f0e60-097a-4d0a-9a5e-c3d2583afe6f.jpg
7708848590,"Aug 27, 2022, 11:35:30 AM",Poieto zero sbatti ,Hike,"",5602,7.94,141.0,14,false,,,activities/8228967549.fit.gz,,,5602.0,4850.0,7940.43994140625,4.5859375,1.6372041702270508,656.6875,627.0,676.5,1337.300048828125,43.91111373901367,0.0012593823485076427,,,101.0,56.77070999145508,,108.57275390625,,,624.0,,26.0,14.0,,,,,,,,,,,0.0,,0.0,,1.0,,,,,,,,,,,,,,,,,,,,,,,,,,,0.0,1.4174294471740723,6800.7998046875,,,,,,,,,,,,""
7713313142,"Aug 28, 2022, 8:28:26 AM",Ganda zero sbatti detox,Ride,"",3945,20.03,157.0,38,false,,Scott,activities/8234058764.fit.gz,,7.0,3945.0,3553.0,20029.130859375,17.517969131469727,5.637244701385498,661.0,647.0,422.79998779296875,1077.800048828125,17.16119384765625,0.0549200065433979,,,,,,133.09385681152344,,178.82061767578125,711.0,,28.0,38.0,,,,,,,,,,,0.0,,0.0,,1.0,,,,,,,,,,,,,,,,2806964.0,,,,,,,,,,,0.0,5.07709264755249,0.0,,,,,,,,,,,,""
7720947118,"Aug 29, 2022, 5:08:30 AM",Ritorno alla routine,Ride,"　
0.21 new kilometers

-- From ",40385,54.91,164.0,64,false,,Scott,activities/8242722836.fit.gz,,7.0,40385.0,6404.0,54915.69921875,15.043993949890137,8.575218200683594,484.0,497.0,256.6000061035156,707.4000244140625,36.68165588378906,-0.004370379261672497,,,,,,132.2423858642578,,182.9387969970703,1379.0,,26.0,64.0,,,,,,,,,,,0.0,,0.0,,1.0,,,,,,,,,,,,,,,,2806964.0,,,,,,,,,,,0.0,1.359804391860962,500.5,,,,,,,,,,,,""
7724473786,"Aug 30, 2022, 9:49:30 AM","Up and up, just for consistency.",Run,"",3004,10.01,171.0,44,false,,,activities/8246670289.fit.gz,,,3004.0,2992.0,10015.7392578125,5.804003715515137,3.347506523132324,373.0,360.0,707.4000244140625,1081.800048828125,18.108022689819336,0.1317920833826065,,,85.0,80.3938980102539,,143.5824737548828,,,707.0,,25.0,44.0,,,,,,,,,,,0.0,,0.0,,1.0,11105.0,,,,,,,,,,,,,,,,,,,,,,,,,,0.0,3.334134340286255,0.0,,,,,,,,,,,,""
7732197244,"Aug 31, 2022, 4:08:43 PM",ARKetipo THOUGHTS ,Run,"",3083,10.03,167.0,49,false,,,activities/8255283626.fit.gz,,,3083.0,3080.0,10029.25,6.1259765625,3.2562501430511475,338.0,341.0,414.0,707.4000244140625,48.39916229248047,-0.041877631098032,,,83.0,79.76670837402344,,143.36767578125,,,719.0,,23.0,49.0,,,,,,,,,,,0.0,,0.0,,1.0,11303.099609375,,,,,,,,,,,,,,,,,,,,,,,,,,0.0,3.2530815601348877,0.0,,,,,,,,,,,,""
7734838577,"Sep 1, 2022, 5:09:24 AM",Orezzo KM Rosso PR ? ,Ride,Try that with a car!,2427,26.62,163.0,34,false,,Scott,activities/8258220067.fit.gz,,7.0,2427.0,2427.0,26622.12890625,15.251989364624023,10.96915054321289,41.0,491.0,257.0,707.4000244140625,6.893552303314209,-1.6918257474899292,,,,,,138.11660766601562,,183.057373046875,569.0,,20.0,34.0,,,,,,,,,,,0.0,,0.0,,1.0,,,,,,,,,,,,,,,,2806964.0,,,,,,,,,,,0.0,10.96915054321289,0.0,,,,,,,,,,,,""
7737507540,"Sep 1, 2022, 3:16:48 PM",Afternoon Ride,Ride,"　
0.29 new kilometers

-- From ",3995,28.18,154.0,24,false,,Scott,activities/8261230679.fit.gz,,7.0,3995.0,3980.0,28179.6015625,10.703288078308105,7.080301761627197,497.68499755859375,45.0,211.89999389648438,677.0,14.62543773651123,1.6455166339874268,,,,,,126.83760833740234,,195.21078491210938,703.0,,25.0,24.0,,,,,,,,,,,,,0.0,,1.0,,,,,,,,,,,,,,,,2806964.0,,,,,,,,,,,0.0,7.053717136383057,34.599998474121094,,,,,,,,,,,,""
7740247651,"Sep 2, 2022, 4:45:02 AM",Gazzaniga pre work empty stomach ,Run,"",2504,8.51,177.0,51,false,,,activities/8264291901.fit.gz,,,2504.0,2468.0,8516.919921875,5.400000095367432,3.450939893722534,283.0,277.0,427.79998779296875,711.7999877929688,23.360862731933594,0.05166143923997879,,,87.0,81.73861694335938,,148.66368103027344,,,605.0,,19.0,51.0,,,,,,,,,,,0.0,,0.0,,1.0,9244.5,,,,,,,,,,,,,,,,,,,,,,,,,,0.0,3.4013259410858154,0.0,,,,,,,,,,,,""
7745573197,"Sep 3, 2022, 5:22:52 AM",Ganda x 3 ,Ride,Le gambe si sono svegliate alla seconda spigla ,10155,55.70,164.0,99,false,,Scott,activities/8270411410.fit.gz,,7.0,10155.0,9578.0,55701.9609375,18.759374618530273,5.815614700317383,1928.0,1931.0,428.79998779296875,1093.4000244140625,15.597762107849121,0.03303288295865059,,,,,,134.91236877441406,,186.48313903808594,1619.0,,19.0,99.0,,,,,,,,,,,0.0,,0.0,,1.0,,,,,,,,,,,,,,,,2806964.0,,,,,,,,,,,0.0,5.485175609588623,0.0,,,,,,,,,,,,media/621b4c05-ebe1-4778-af6d-d54e3af6b7f4.jpg|media/fbd7cd82-de2f-4ef4-ab56-5e26f044947e.jpg
7751633636,"Sep 4, 2022, 5:48:11 AM",2000 m ascension in 60km is the new cool,Ride,"　
5.55 new kilometers
🏘 Completed 25% of Ranzanico
-- From ",13115,66.35,159.0,109,false,,Scott,activities/8277298774.fit.gz,,7.0,13115.0,11335.0,66358.5390625,18.1640625,5.854304313659668,2023.0,1990.0,376.6000061035156,1086.199951171875,33.68993377685547,0.021700240671634674,,,,,,131.76736450195312,,177.7692108154297,1957.0,,21.0,109.0,,,,,,,,,,,0.0,,0.0,,1.0,,,,,,,,,,,,,,,,2806964.0,,,,,,,,,,,0.0,5.059743881225586,7767.5,,,,,,,,,,,,media/2d91955a-0aee-4424-b7fa-f95575d6c50d.jpg
7758907590,"Sep 5, 2022, 2:35:51 PM",Valenciaga - Back to running in the flatlands ,Run,"Touristic run with variations 　
🎷🐛 13.5 new kilometers

-- From ",4228,14.01,175.0,78,false,,,activities/8285607764.fit.gz,,,4228.0,3609.0,14010.0498046875,11.241991996765137,3.8819756507873535,25.0,29.0,6.599999904632568,30.799999237060547,11.006523132324219,-0.021413199603557587,,,85.0,81.33390045166016,,149.09031677246094,,,944.0,,31.0,78.0,,,,,,,,,,,0.0,,0.0,,1.0,14089.7001953125,,,,,,,,,,,,,,,,,,,,,,,,,,0.0,3.3136353492736816,5406.89990234375,,,,,,,,,,,,""
7762010275,"Sep 6, 2022, 4:56:47 AM",Pre-bruciando la colazione,Run,"",2584,9.07,176.0,82,false,,,activities/8289069254.fit.gz,,,2584.0,2520.0,9078.2900390625,4.224023342132568,3.6024961471557617,0.0,,,,0.0,0.0,,,86.0,79.95291900634766,,158.2894744873047,,,712.0,,28.0,82.0,,,,,,,,,,,0.0,,0.0,,1.0,,,,,,,,,,,,,,,,,,,,,,,,,,,0.0,3.513270139694214,0.0,,,,,,,,,,,,media/8727c9f7-8a8c-41fe-a7a5-458a539e4fda.jpg
7770256225,"Sep 7, 2022, 3:23:26 PM",Chilling post conference 😁,Run,"　
🎷🐛 9.37 new kilometers

-- From ",3080,11.04,165.0,49,false,,,activities/8298318821.fit.gz,,,3080.0,3007.0,11045.7998046875,8.463964462280273,3.6733620166778564,32.0,30.0,10.399999618530273,25.600000381469727,17.769201278686523,0.0325915589928627,,,85.0,80.49516296386719,,144.69537353515625,,,773.0,,33.0,49.0,,,,,,,,,,,0.0,,0.0,,1.0,11177.7001953125,,,,,,,,,,,,,,,,,,,,,,,,,,0.0,3.586298704147339,6609.2001953125,,,,,,,,,,,,""
7783912761,"Sep 10, 2022, 5:44:04 AM",Giro del Tavolo 2022 - Umidi a metà ,Ride,"　
👍 13.67 new kilometers

-- From ",16285,79.07,166.0,145,false,,Scott,activities/8313742298.fit.gz,,7.0,16285.0,12506.0,79071.6875,16.965625762939453,6.322700500488281,1969.0,1953.0,388.79998779296875,1066.199951171875,28.484294891357422,-0.0015176255255937576,,,,,,132.5426788330078,,188.59214782714844,2357.0,,21.0,145.0,,,,,,,,,,,0.0,,0.0,,1.0,,,,,,,,,,,,,,,,2806964.0,,,,,,,,,,,0.0,4.855492115020752,9169.099609375,,,,,,,,,,,,media/819da7be-87f3-4fbb-b5ed-f897b99230ad.jpg|media/ae2e8828-9226-4336-abdb-22f0d83f803b.jpg|media/1ab09277-67fb-4495-a108-923cac250eeb.jpg|media/29c001f3-947f-41d1-b597-8f8e290e12a6.jpg|media/031e2ad9-3488-499c-87a9-7cb9669fc990.jpg
7791100564,"Sep 11, 2022, 12:16:56 PM","Pizza, Gin Tonic e Ganda di corsa",Run,When you are full of carbs,5718,18.25,177.0,100,false,,,activities/8321901928.fit.gz,,,5718.0,5577.0,18251.609375,6.091796875,3.2726571559906006,654.0,628.0,437.0,1093.800048828125,23.636695861816406,0.12930352985858917,,,85.0,81.15167999267578,,145.292724609375,,,1352.0,,27.0,100.0,,,,,,,,,,,0.0,,0.0,,1.0,20098.69921875,,,,,,,,,,,,,,,,,,,,,,,,,,0.0,3.1919567584991455,49.5,,,,,,,,,,,,media/bd82957d-779b-4c2d-b729-206cba563296.jpg|media/e0c9e17f-07c8-4d11-af22-a1749a2e4fc2.jpg
7796900556,"Sep 12, 2022, 5:03:57 AM",Monday motivation,Ride,"　
0.26 new kilometers

-- From ",40494,54.03,172.0,64,false,,Scott,activities/8328516001.fit.gz,,7.0,40494.0,6469.0,54033.4765625,15.43499755859375,8.352678298950195,515.0,511.0,251.0,707.4000244140625,19.176029205322266,-0.0029611948411911726,,,,,,131.7649383544922,,181.38101196289062,1316.0,,23.0,64.0,,,,,,,,,,,0.0,,0.0,,1.0,,,,,,,,,,,,,,,,2806964.0,,,,,,,,,,,0.0,1.3343576192855835,47.599998474121094,,,,,,,,,,,,""
7800805722,"Sep 13, 2022, 9:55:42 AM",Some PRs without even trying,Ride,"",4778,33.85,158.0,62,false,,Scott,activities/8332878992.fit.gz,,7.0,4778.0,4778.0,33856.7890625,18.33203125,7.085975170135498,768.0,748.0,353.0,1080.4000244140625,16.296972274780273,0.03248979151248932,,,,,,139.13290405273438,,187.8675079345703,979.0,,26.0,62.0,,,,,,,,,,,0.0,,0.0,,1.0,,,,,,,,,,,,,,,,2806964.0,,,,,,,,,,,0.0,7.085975170135498,0.0,,,,,,,,,,,,""
7807993315,"Sep 14, 2022, 5:28:18 AM",9k YTD!,Ride,"",40129,55.02,159.0,71,false,,Scott,activities/8340902614.fit.gz,,7.0,40129.0,6563.0,55026.05078125,17.909997940063477,8.384283065795898,518.0,517.0,262.3999938964844,715.7999877929688,23.936418533325195,0.014901943504810333,,,,,,135.79844665527344,,180.53125,1409.0,,24.0,71.0,,,,,,,,,,,0.0,,0.0,,1.0,,,,,,,,,,,,,,,,2806964.0,,,,,,,,,,,0.0,1.3712290525436401,36.79999923706055,,,,,,,,,,,,""
7812846738,"Sep 15, 2022, 2:53:19 PM",A volte bisognerebbe rimanere sul divano,Run,"",2338,8.00,165.0,29,false,,,activities/8346335414.fit.gz,,,2338.0,2326.0,8005.73974609375,4.989990234375,3.4418487548828125,174.0,175.0,595.0,708.5999755859375,21.705968856811523,0.0,,,82.0,79.17235565185547,,140.62472534179688,,,567.0,,26.0,29.0,,,,,,,,,,,0.0,,0.0,,1.0,8457.7001953125,,,,,,,,,,,,,,,,,,,,,,,,,,0.0,3.4241831302642822,4140.60009765625,,,,,,,,,,,,""
7821602709,"Sep 17, 2022, 5:57:29 AM",Coppa Coppi 2022 - 10 x Direttissima,Ride,"",18144,66.57,164.0,120,false,,Scott,activities/8356169834.fit.gz,,7.0,18144.0,13905.0,66575.0859375,16.212499618530273,4.7878522872924805,2795.0,2803.0,420.6000061035156,711.4000244140625,42.823646545410156,0.005707822274416685,,,,,,130.33787536621094,,178.3501434326172,2164.0,,19.0,120.0,,,,,,,,,,,0.0,,0.0,,1.0,,,,,,,,,,,,,,,,2806964.0,,,,,,,,,,,0.0,3.669261932373047,0.0,,,,,,,,,,,,""
7826205575,"Sep 18, 2022, 7:19:08 AM",It's all about shoes,Run,"　
👍 4.45 new kilometers

-- From ",4083,16.01,175.0,82,false,,,activities/8361399008.fit.gz,,,4083.0,4054.0,16011.470703125,5.300000190734863,3.9495487213134766,104.0,344.0,376.0,707.4000244140625,15.907225608825684,-1.4989255666732788,,,85.0,81.19004821777344,,147.57766723632812,,,1055.0,,19.0,82.0,,,,,,,,,,,0.0,,0.0,,1.0,15835.7001953125,,,,,,,,,,,,,,,,,,,,,,,,,,0.0,3.921496629714966,0.0,,,,,,,,,,,,""
7833946755,"Sep 19, 2022, 5:01:03 AM",Gravellata Hot n Cold,Ride,"　
0.46 new kilometers

-- From ",41287,53.76,168.0,69,false,,Scott,activities/8370189193.fit.gz,,7.0,41287.0,7111.0,53768.0703125,13.949999809265137,7.561253070831299,545.0,534.0,243.1999969482422,707.4000244140625,14.35057258605957,0.0,,,,,,130.79713439941406,,150.84329223632812,1474.0,,21.0,69.0,,,,,,,,,,,0.0,,0.0,,1.0,,,,,,,,,,,,,,,,2806964.0,,,,,,,,,,,0.0,1.302300214767456,40.79999923706055,,,,,,,,,,,,""
7835900812,"Sep 20, 2022, 12:11:26 AM",Night Run / Insomnia digestion ,Run,"　
0.72 new kilometers

-- From ",1815,6.11,163.0,32,false,,,activities/8372368764.fit.gz,,,1815.0,1801.0,6112.81982421875,5.387988090515137,3.394125461578369,161.0,156.0,647.7999877929688,740.7999877929688,25.66404914855957,0.08506632596254349,,,85.0,81.47058868408203,,143.5083770751953,,,450.0,,18.0,32.0,,,,,,,,,,,0.0,,0.0,,1.0,6542.89990234375,,,,,,,,,,,,,,,,,,,,,,,,,,0.0,3.3679447174072266,0.0,,,,,,,,,,,,""
7848432833,"Sep 22, 2022, 9:37:26 AM",Una scappata in Ganda 😪,Ride,"",3138,18.65,165.0,37,false,,Scott,activities/8386401343.fit.gz,,7.0,3138.0,3034.0,18652.44140625,17.358007431030273,6.147805213928223,667.0,651.0,422.0,1091.199951171875,15.355259895324707,0.060045499354600906,,,,,,136.48118591308594,,208.3883819580078,704.0,,21.0,37.0,,,,,,,,,,,0.0,,0.0,,1.0,,,,,,,,,,,,,,,,2806964.0,,,,,,,,,,,0.0,5.944053649902344,0.0,,,,,,,,,,,,""
7852596993,"Sep 23, 2022, 4:29:35 AM",🦵🫁☠️,Run,"",2419,8.51,175.0,53,false,,,activities/8391055410.fit.gz,,,2419.0,2409.0,8513.7998046875,6.05999755859375,3.534163475036621,168.0,296.0,409.3999938964844,707.4000244140625,24.528976440429688,-1.5222349166870117,,,85.0,81.60450744628906,,150.136962890625,,,580.0,,16.0,53.0,,,,,,,,,,,0.0,,0.0,,1.0,8714.2001953125,,,,,,,,,,,,,,,,,,,,,,,,,,0.0,3.5195534229278564,294.79998779296875,,,,,,,,,,,,""
7857573481,"Sep 24, 2022, 7:26:45 AM",Bello fino a quando il Tacx non è esploso,Virtual Ride,"",2033,21.28,,,false,,Scott,activities/8396674834.fit.gz,,7.0,2033.0,2033.0,21280.25,12.267969131469727,10.467412948608398,0.0,,,,0.0,0.0,,,90.0,80.00296020507812,,,,216.6719207763672,440.0,,,,,,,,,,,,226.0,2034.0,0.0,,0.0,,1.0,,,,,,,,,,,,,,,,2806964.0,,,,,,,,,,,0.0,10.467412948608398,0.0,,,,,,,,,,,,""
7857870941,"Sep 24, 2022, 8:19:07 AM",Duathlon di Coldre',Run,"",2551,4.90,165.0,19,false,,,activities/8397001394.fit.gz,,,2551.0,2374.0,4904.2001953125,5.659999847412109,2.065796136856079,398.0,382.0,707.4000244140625,1106.199951171875,47.22222137451172,0.17128175497055054,,,97.0,61.32863998413086,,133.65626525878906,,,482.0,,18.0,19.0,,,,,,,,,,,0.0,,0.0,,1.0,7351.5498046875,,,,,,,,,,,,,,,,,,,,,,,,,,0.0,1.922461748123169,3875.39990234375,,,,,,,,,,,,""
7863085837,"Sep 25, 2022, 6:51:43 AM","Tra podcast, gleno e le Hoka che volano in discesa ",Run,"　
👍 5.11 new kilometers

-- From ",5987,10.61,178.0,54,false,,,activities/8402937236.fit.gz,,,5987.0,5831.0,10611.76953125,5.5,1.819893717765808,832.0,837.0,389.20001220703125,1209.5999755859375,49.57265090942383,-0.09800411015748978,,,122.0,59.799964904785156,,128.50946044921875,,,930.0,,16.0,54.0,,,,,,,,,,,0.0,,0.0,,1.0,16205.5,,,,,,,,,,,,,,,,,,,,,,,,,,0.0,1.772473692893982,7145.5,,,,,,,,,,,,""
7870423697,"Sep 26, 2022, 3:04:39 PM",Nice-ly done 🏃,Run,"　
💪 7.13 new kilometers

-- From ",3249,12.02,182.0,103,false,,,activities/8411363023.fit.gz,,,3249.0,3116.0,12025.830078125,6.407995700836182,3.8593807220458984,100.0,98.0,14.399999618530273,77.0,44.63051986694336,0.013304698280990124,,,86.0,82.0915298461914,,158.7032470703125,,,849.0,,27.0,103.0,,,,,,,,,,,0.0,,0.0,,1.0,12309.2001953125,,,,,,,,,,,,,,,,,,,,,,,,,,0.0,3.7013943195343018,21.5,,,,,,,,,,,,media/222c013d-746e-484b-aff8-c17bc1200793.jpg|media/264c00b7-13e6-4161-ba7d-b1d954c9bd6f.jpg
7873085787,"Sep 27, 2022, 4:37:05 AM",Pre-conference 10k,Run,"　
💪 8.35 new kilometers

-- From ",2971,10.01,172.0,58,false,,,activities/8414331347.fit.gz,,,2971.0,2642.0,10010.419921875,5.567968845367432,3.7889552116394043,14.0,11.0,16.600000381469727,23.0,5.361953258514404,0.025972940027713776,,,85.0,82.24169158935547,,149.03074645996094,,,710.0,,22.0,58.0,,,,,,,,,,,0.0,,0.0,,1.0,10051.2998046875,,,,,,,,,,,,,,,,,,,,,,,,,,0.0,3.369377374649048,0.0,,,,,,,,,,,,media/9aeafa80-b128-4b64-92ac-0df86cbcd1d0.jpg|media/a783e8b9-fb61-49e4-9db3-2fffc478a09e.jpg
7888104427,"Sep 30, 2022, 5:04:19 AM",Morning Weight Training,Weight Training,,1510,0,125.0,3,false,,,activities/8431081216.fit.gz,,,1510.0,1510.0,0.0,0.0,0.0,0.0,,,,0.0,0.0,,,,,,92.05628967285156,,,139.0,,26.0,3.0,,,,,,,,,,,,,0.0,,1.0,,,,,,,,,,,,,,,,,,,,,,,,,,,0.0,0.0,0.0,,,,,,,,,,,,""
7888736191,"Sep 29, 2022, 9:37:26 AM",Un'altra scappata in Ganda (old file),Ride,"",3138,18.70,165.0,37,false,"",Scott,activities/8431800525.gpx.gz,,7.0,3138.0,3034.0,18705.056640625,17.374996185302734,6.165147304534912,662.5599975585938,662.760009765625,389.29998779296875,1049.0999755859375,36.066871643066406,-0.0010692295618355274,,,,,,136.39979553222656,,199.3229522705078,674.291748046875,,21.0,37.0,,,,,,,,,,,,,0.0,,1.0,,,,,,,,,,,,,,,,2806964.0,,,,,,,,,,,0.0,5.960821151733398,0.0,,,,,,,,,,,,""
7893500598,"Oct 1, 2022, 7:05:09 AM",Tornare a pedalare. Con le donne ✌️,Ride,"　
9.55 new kilometers

-- From ",11205,73.75,171.0,149,false,,Scott,activities/8437152164.fit.gz,,7.0,11205.0,9643.0,73751.3359375,16.21842384338379,7.648172855377197,1243.0,1239.0,216.0,713.5999755859375,30.361949920654297,0.0084065617993474,,,,,,140.79563903808594,,190.03648376464844,1932.0,,16.0,149.0,,,,,,,,,,,0.0,,0.0,,1.0,,,,,,,,,,,,,,,,2806964.0,,,,,,,,,,,0.0,6.58200216293335,0.0,,,,,,,,,,,,media/22e858e1-446b-4b28-9671-8e0eb7931005.jpg
7898087855,"Oct 2, 2022, 7:03:54 AM","Autopilot ON, good feelz",Run,"　
👍 6.36 new kilometers
🏘 Completed 25% of Fiorano al Serio
-- From ",4820,18.02,192.0,189,false,,,activities/8442374060.fit.gz,,,4820.0,4488.0,18028.3203125,9.010058403015137,4.017005443572998,58.0,353.0,398.6000061035156,707.4000244140625,9.677212715148926,-1.661829948425293,,,84.0,81.54655456542969,,165.29774475097656,,,1216.0,,16.0,189.0,,,,,,,,,,,0.0,,0.0,,1.0,17631.69921875,,,,,,,,,,,,,,,,,,,,,,,,,,0.0,3.7403154373168945,4271.60009765625,,,,,,,,,,,,""
7905504433,"Oct 3, 2022, 4:58:54 AM",Monday traffic 🥲,Ride,"",40049,55.01,165.0,70,false,,Scott,activities/8450793830.fit.gz,,7.0,40049.0,6615.0,55009.171875,15.110000610351562,8.315823554992676,517.0,519.0,251.60000610351562,707.4000244140625,13.923637390136719,-0.0010907937539741397,,,,,,134.50802612304688,,177.84812927246094,1440.0,,21.0,70.0,,,,,,,,,,,0.0,,0.0,,1.0,,,,,,,,,,,,,,,,2806964.0,,,,,,,,,,,0.0,1.3735467195510864,33.5,,,,,,,,,,,,""
7909108534,"Oct 4, 2022, 9:16:47 AM",Believe the process ,Ride,"",3950,23.96,161.0,44,false,,Scott,activities/8454825666.fit.gz,,7.0,3950.0,3910.0,23959.75,17.298046112060547,6.127813339233398,774.02001953125,776.0,355.3999938964844,816.0999755859375,18.98377799987793,0.010016778483986855,,,,,,135.4552459716797,,195.96824645996094,875.0,,21.0,44.0,,,,,,,,,,,0.0,,0.0,,1.0,,,,,,,,,,,,,,,,2806964.0,,,,,,,,,,,0.0,6.065759181976318,0.0,,,,,,,,,,,,""
7917362961,"Oct 5, 2022, 6:40:25 PM",The We Run Comeback!,Run,"　
👏 5.88 new kilometers

-- From ",5428,9.36,169.0,38,false,,,activities/8464037534.fit.gz,,,5428.0,2501.0,9359.2900390625,10.220019340515137,3.7422192096710205,129.0,125.0,255.0,377.20001220703125,21.917640686035156,0.02350618690252304,,,90.0,80.34986114501953,,140.60549926757812,,,632.0,,21.0,38.0,,,,,,,,,,,0.0,,0.0,,1.0,9634.099609375,,,,,,,,,,,,,,,,,,,,,,,,,,0.0,1.7242612838745117,623.0999755859375,,,,,,,,,,,,""
7919977309,"Oct 6, 2022, 10:40:08 AM",Lunch Ride,Ride,,3354,19.15,161.0,27,false,,Scott,activities/8466977522.fit.gz,,7.0,3354.0,3354.0,19150.689453125,17.58984375,5.709806442260742,667.0,653.0,433.20001220703125,1087.800048828125,17.254966735839844,0.07310441881418228,,,,,,128.35105895996094,,187.61143493652344,683.0,,24.0,27.0,,,,,,,,,,,,,0.0,,1.0,,,,,,,,,,,,,,,,2806964.0,,,,,,,,,,,0.0,5.709806442260742,0.0,,,,,,,,,,,,""
7926755680,"Oct 7, 2022, 5:03:17 PM",Tennis 🎾,Workout,"",3595,1.38,113.0,4,false,,,activities/8474670815.fit.gz,,,3595.0,1973.0,1380.6700439453125,2.346020460128784,0.6997820734977722,1.0,2.0,303.20001220703125,306.0,18.518539428710938,-0.057941995561122894,,,91.0,52.56753158569336,,98.43464660644531,,,336.0,,22.0,4.0,,,,,,,,,,,0.0,,0.0,,1.0,,,,,,,,,,,,,,,,,,,,,,,,,,,0.0,0.3840528726577759,0.0,,,,,,,,,,,,""
7931250344,"Oct 8, 2022, 7:18:45 AM",Il Lombardia 2022,Ride,"",16785,30.41,161.0,56,false,,Scott,activities/8479744996.fit.gz,,7.0,16785.0,5971.0,30413.66015625,18.522069931030273,5.093562126159668,1145.0,926.0,422.79998779296875,1086.800048828125,16.23003578186035,0.6898215413093567,,,,,,131.85972595214844,,178.19422912597656,1246.0,,22.0,56.0,,,,,,,,,,,0.0,,0.0,,1.0,,,,,,,,,,,,,,,,2806964.0,,,,,,,,,,,0.0,1.8119547367095947,0.0,,,,,,,,,,,,media/82041b6b-f489-4f65-b8ed-ab5a05213689.jpg|media/8efe34f1-288b-4331-a694-c76d2d0a548c.jpg|media/16376e10-5843-431b-9de9-101bf6eea5da.jpg
7936368975,"Oct 9, 2022, 12:29:05 PM",Carbo-alcoholic unloading 💩,Run,"　
0.23 new kilometers

-- From ",3739,13.23,197.0,203,false,,,activities/8485574751.fit.gz,,,3739.0,3709.0,13232.41015625,7.131933689117432,3.5676488876342773,319.0,314.0,403.79998779296875,712.2000122070312,19.563798904418945,0.03627447783946991,,,85.0,81.12709045410156,,174.2784423828125,,,1065.0,,21.0,203.0,,,,,,,,,,,0.0,,0.0,,1.0,13993.400390625,,,,,,,,,,,,,,,,,,,,,,,,,,0.0,3.5390238761901855,1344.5999755859375,,,,,,,,,,,,""
7941952405,"Oct 10, 2022, 4:51:21 AM",Grave(l) Monday,Ride,"　
0.57 new kilometers

-- From ",41046,54.00,170.0,83,false,,Scott,activities/8491993149.fit.gz,,7.0,41046.0,6861.0,54003.140625,14.97998046875,7.871030330657959,526.0,528.0,247.60000610351562,707.4000244140625,14.247282981872559,-0.0033332298044115305,,,,,,136.4186553955078,,158.76589965820312,1560.0,,20.0,83.0,,,,,,,,,,,0.0,,0.0,,1.0,,,,,,,,,,,,,,,,2806964.0,,,,,,,,,,,0.0,1.3156737089157104,25.399999618530273,,,,,,,,,,,,""
7944621453,"Oct 11, 2022, 4:37:34 AM",Earlyish elvish ,Run,"　
0.25 new kilometers

-- From ",2971,10.01,180.0,65,false,,,activities/8494983676.fit.gz,,,2971.0,2920.0,10018.0400390625,7.628027439117432,3.430835485458374,308.0,299.0,406.3999938964844,714.7999877929688,26.443012237548828,0.07386638224124908,,,85.0,80.6793212890625,,150.41262817382812,,,721.0,,16.0,65.0,,,,,,,,,,,0.0,,0.0,,1.0,10777.2998046875,,,,,,,,,,,,,,,,,,,,,,,,,,0.0,3.3719420433044434,0.0,,,,,,,,,,,,media/c1d3e36b-8248-4bba-af42-30cba4e3313c.jpg
7952670547,"Oct 12, 2022, 2:47:51 PM",Afternoon Hike,Hike,"　
0.35 new kilometers

-- From ",3552,3.96,142.0,7,false,,,activities/8504007201.fit.gz,,,3552.0,2737.0,3959.510009765625,2.7300000190734863,1.4466606378555298,245.0,240.0,578.7999877929688,810.0,35.60233688354492,0.025255650281906128,,,125.0,52.1130256652832,,104.56339263916016,,,323.0,,24.0,7.0,,,,,,,,,,,,,0.0,,1.0,,,,,,,,,,,,,,,,,,,,,,,,,,,0.0,1.1147269010543823,1046.199951171875,,,,,,,,,,,,""
7957520230,"Oct 13, 2022, 1:45:13 PM",Fratellanza di MTB,Ride,"　
👍 11.21 new kilometers

-- From ",7981,27.66,160.0,53,false,,Scott,activities/8509484096.fit.gz,,7.0,7981.0,7199.0,27661.3515625,12.569921493530273,3.8423879146575928,914.0,920.0,434.6000061035156,1004.0,47.80091094970703,-0.0289212204515934,,,,,,127.83930206298828,,126.50989532470703,1282.0,,22.0,53.0,,,,,,,,,,,0.0,,0.0,,1.0,,,,,,,,,,,,,,,,2806964.0,,,,,,,,,,,0.0,3.465900421142578,13077.7001953125,,,,,,,,,,,,""
7960132484,"Oct 14, 2022, 4:53:56 AM",The 7AM routine,Run,"",2938,10.00,179.0,72,false,,,activities/8512412476.fit.gz,,,2938.0,2913.0,10006.5703125,5.843945503234863,3.4351425170898438,299.0,306.0,400.3999938964844,707.4000244140625,21.679550170898438,-0.06395822018384933,,,84.0,80.47567749023438,,152.7887725830078,,,719.0,,17.0,72.0,,,,,,,,,,,0.0,,0.0,,1.0,10727.7001953125,,,,,,,,,,,,,,,,,,,,,,,,,,0.0,3.405912399291992,0.0,,,,,,,,,,,,""
7964957371,"Oct 15, 2022, 6:37:49 AM",Relax 🙂,Hike,"　
1.79 new kilometers

-- From ",6956,11.80,143.0,25,false,,,activities/8517847291.fit.gz,,,6956.0,6389.0,11800.5595703125,5.54833459854126,1.8470120429992676,964.0,960.0,404.79998779296875,1362.800048828125,49.71724319458008,0.03559163585305214,,,100.0,57.91183853149414,,124.0722427368164,,,952.0,,19.0,25.0,,,,,,,,,,,0.0,,0.0,,1.0,,,,,,,,,,,,,,,,,,,,,,,,,,,0.0,1.6964576244354248,7949.0,,,,,,,,,,,,""
7977895300,"Oct 17, 2022, 5:06:40 AM",✨,Ride,"　
1.18 new kilometers

-- From ",39617,53.92,165.0,87,false,,Scott,activities/8533536415.fit.gz,,7.0,39617.0,6300.0,53922.78125,15.7659912109375,8.559171676635742,532.0,535.0,244.0,707.4000244140625,17.501529693603516,-0.01038528885692358,,,,,,138.61546325683594,,189.63201904296875,1526.0,,21.0,87.0,,,,,,,,,,,0.0,,0.0,,1.0,,,,,,,,,,,,,,,,2806964.0,,,,,,,,,,,0.0,1.3611021041870117,26.899999618530273,,,,,,,,,,,,""
7981493219,"Oct 18, 2022, 9:39:12 AM",🦉,Ride,"",4678,33.97,167.0,68,false,,Scott,activities/8537600428.fit.gz,,7.0,4678.0,4678.0,33978.19921875,17.637889862060547,7.263402938842773,784.0,768.0,357.0,1087.800048828125,15.496478080749512,0.04708901792764664,,,,,,139.0806121826172,,198.06820678710938,1026.0,,23.0,68.0,,,,,,,,,,,0.0,,0.0,,1.0,,,,,,,,,,,,,,,,2806964.0,,,,,,,,,,,0.0,7.263402938842773,0.0,,,,,,,,,,,,""
7989441605,"Oct 19, 2022, 6:31:51 PM",We run Caccia al Tesoro,Run,"　
👏 4.18 new kilometers

-- From ",6165,7.00,151.0,9,false,,,activities/8546525027.fit.gz,,,6165.0,2186.0,7005.40966796875,12.054003715515137,3.2046706676483154,128.0,135.0,249.0,376.79998779296875,48.140541076660156,0.017129575833678246,,,112.0,79.93787384033203,,121.31291961669922,,,418.0,,22.0,9.0,,,,,,,,,,,0.0,,0.0,,1.0,7465.5,,,,,,,,,,,,,,,,,,,,,,,,,,0.0,1.1363195180892944,411.70001220703125,,,,,,,,,,,,""
7992018476,"Oct 20, 2022, 10:44:50 AM",🥔🥔,Ride,"",3230,18.73,159.0,31,false,,Scott,activities/8549423777.fit.gz,,7.0,3230.0,3204.0,18729.51953125,18.117969512939453,5.845667839050293,661.0,647.0,426.3999938964844,1089.5999755859375,15.636930465698242,0.07901958376169205,,,,,,130.84454345703125,,193.0358123779297,661.0,,22.0,31.0,,,,,,,,,,,0.0,,0.0,,1.0,,,,,,,,,,,,,,,,2806964.0,,,,,,,,,,,0.0,5.79861307144165,0.0,,,,,,,,,,,,""
7995500915,"Oct 21, 2022, 4:50:18 AM",🥱,Run,"",2971,10.01,172.0,71,false,,,activities/8553325658.fit.gz,,,2971.0,2971.0,10014.2900390625,5.732031345367432,3.3706798553466797,305.0,302.0,408.6000061035156,714.2000122070312,33.530059814453125,0.0319538488984108,,,84.0,81.33626556396484,,151.8201141357422,,,717.0,,18.0,71.0,,,,,,,,,,,0.0,,0.0,,1.0,10764.2001953125,,,,,,,,,,,,,,,,,,,,,,,,,,0.0,3.3706798553466797,0.0,,,,,,,,,,,,""
8001876577,"Oct 22, 2022, 12:37:28 PM",🔁,Run,"",3281,10.02,186.0,120,false,,,activities/8560525730.fit.gz,,,3281.0,2963.0,10028.5703125,5.949999809265137,3.3846001625061035,380.0,365.0,707.4000244140625,1088.0,21.276533126831055,0.06381730735301971,,,86.0,81.96784210205078,,163.85226440429688,,,738.0,,21.0,120.0,,,,,,,,,,,0.0,,0.0,,1.0,11151.0,,,,,,,,,,,,,,,,,,,,,,,,,,0.0,3.0565590858459473,0.0,,,,,,,,,,,,""
8006579715,"Oct 23, 2022, 7:16:57 AM",Scedrina Death Race 📸,Hike,"",2430,2.85,137.0,7,false,,,activities/8565895649.fit.gz,,,2430.0,2310.0,2856.860107421875,2.2550048828125,1.2367359399795532,394.0,31.0,707.4000244140625,1103.0,39.07172393798828,12.685256004333496,,,79.0,46.44620895385742,,116.3664779663086,,,330.0,,22.0,7.0,,,,,,,,,,,0.0,,0.0,,1.0,,,,,,,,,,,,,,,,,,,,,,,,,,,0.0,1.175662636756897,2298.199951171875,,,,,,,,,,,,""
8010679683,"Oct 24, 2022, 5:53:26 AM",⏮️☔,Ride,"",3447,18.79,161.0,29,false,,Scott,activities/8570658671.fit.gz,,7.0,3447.0,3296.0,18789.990234375,17.273828506469727,5.7008466720581055,661.0,654.0,426.3999938964844,1094.800048828125,32.42118453979492,0.06705684959888458,,,,,,132.26585388183594,,183.34237670898438,700.0,,19.0,29.0,,,,,,,,,,,0.0,,0.0,,1.0,,,,,,,,,,,,,,,,2806964.0,,,,,,,,,,,0.0,5.451114177703857,0.0,,,,,,,,,,,,""
8015207698,"Oct 25, 2022, 4:45:51 AM",🔦,Run,"",2954,10.02,174.0,72,false,,,activities/8575764255.fit.gz,,,2954.0,2939.0,10026.0400390625,8.428027153015137,3.4113779067993164,304.0,300.0,408.3999938964844,712.7999877929688,29.643924713134766,0.025932230055332184,,,84.0,80.92845153808594,,152.1731414794922,,,727.0,,17.0,72.0,,,,,,,,,,,0.0,,0.0,,1.0,10783.099609375,,,,,,,,,,,,,,,,,,,,,,,,,,0.0,3.3940553665161133,0.0,,,,,,,,,,,,""
8022828250,"Oct 26, 2022, 4:57:16 AM",👩‍👦‍👦,Ride,"　
0.8 new kilometers

-- From ",39117,54.78,167.0,47,false,,Scott,activities/8584348453.fit.gz,,7.0,39117.0,6661.0,54788.51171875,16.014001846313477,8.225268363952637,514.0,514.0,256.3999938964844,707.4000244140625,13.16458797454834,-0.00036506232572719455,,,,,,128.99337768554688,,175.45860290527344,1267.0,,22.0,47.0,,,,,,,,,,,0.0,,0.0,,1.0,,,,,,,,,,,,,,,,2806964.0,,,,,,,,,,,0.0,1.4006317853927612,35.599998474121094,,,,,,,,,,,,""
8026596840,"Oct 27, 2022, 9:56:46 AM",⛩️,Ride,"",4852,33.96,165.0,65,false,,Scott,activities/8588594707.fit.gz,,7.0,4852.0,4823.0,33966.23046875,17.378124237060547,7.042552471160889,787.0,776.0,352.6000061035156,1080.4000244140625,19.423030853271484,0.025908049196004868,,,,,,138.60336303710938,,188.52870178222656,1062.0,,23.0,65.0,,,,,,,,,,,0.0,,0.0,,1.0,,,,,,,,,,,,,,,,2806964.0,,,,,,,,,,,0.0,7.000459671020508,11.399999618530273,,,,,,,,,,,,""
8032626916,"Oct 28, 2022, 3:07:54 PM",🍜,Run,"　
💪 6.72 new kilometers

-- From ",2494,10.01,174.0,75,false,,,activities/8595408250.fit.gz,,,2494.0,2472.0,10009.4296875,9.983983993530273,4.049121856689453,37.0,36.0,207.39999389648438,224.0,11.450519561767578,0.013986749574542046,,,85.0,81.13597106933594,,157.78652954101562,,,681.0,,25.0,75.0,,,,,,,,,,,0.0,,0.0,,1.0,10080.2998046875,,,,,,,,,,,,,,,,,,,,,,,,,,0.0,4.01340389251709,4415.7998046875,,,,,,,,,,,,media/2428c5cc-7689-4633-b12a-6faf6d00af6f.jpg
8035305550,"Oct 29, 2022, 5:50:09 AM",🍂,Ride,"SFOGARE ARK　
0.37 new kilometers

-- From ",8769,58.98,180.0,176,false,,Scott,activities/8598446089.fit.gz,,7.0,8769.0,8639.0,58980.828125,19.551563262939453,6.827274799346924,1391.0,1381.0,413.79998779296875,1266.4000244140625,25.694581985473633,0.013224615715444088,,,,,,147.0161895751953,,180.468017578125,1756.0,,16.0,176.0,,,,,,,,,,,0.0,,0.0,,1.0,,,,,,,,,,,,,,,,2806964.0,,,,,,,,,,,0.0,6.72606086730957,0.0,,,,,,,,,,,,""
8041618144,"Oct 30, 2022, 10:10:44 AM",🎮,Run,"",2875,10.03,184.0,97,false,,,activities/8605616846.fit.gz,,,2875.0,2832.0,10031.2802734375,5.35400390625,3.542118787765503,296.0,295.0,411.3999938964844,708.0,21.01869010925293,0.005981047172099352,,,85.0,81.68537139892578,,160.65170288085938,,,738.0,,24.0,97.0,,,,,,,,,,,0.0,,0.0,,1.0,10747.7001953125,,,,,,,,,,,,,,,,,,,,,,,,,,0.0,3.4891409873962402,0.0,,,,,,,,,,,,""
8047251960,"Oct 31, 2022, 7:23:47 AM",🎃,Ride,"Le gambe sono pronte per i morti　
👍 42.49 new kilometers

-- From ",17255,122.65,179.0,221,false,,Scott,activities/8612195556.fit.gz,,7.0,17255.0,14554.0,122651.2421875,15.769994735717773,8.427321434020996,1019.0,1037.0,197.60000610351562,707.4000244140625,13.143094062805176,-0.018100112676620483,,,,,,141.1824493408203,,173.50440979003906,2870.0,,22.0,221.0,,,,,,,,,,,0.0,,0.0,,1.0,,,,,,,,,,,,,,,,2806964.0,,,,,,,,,,,0.0,7.108156681060791,0.0,,,,,,,,,,,,media/d3728b43-c673-4422-8890-2cea81fc01d6.jpg
8058795611,"Nov 2, 2022, 5:57:18 AM",🌑,Ride,"　
0.16 new kilometers

-- From ",39750,52.75,168.0,69,false,,Scott,activities/8625255642.fit.gz,,7.0,39750.0,6529.0,52753.890625,15.683984756469727,8.079934120178223,524.0,539.0,241.0,707.4000244140625,28.433914184570312,-0.016302185133099556,,,,,,133.99432373046875,,171.51324462890625,1419.0,,17.0,69.0,,,,,,,,,,,0.0,,0.0,,1.0,,,,,,,,,,,,,,,,2806964.0,,,,,,,,,,,0.0,1.3271418809890747,28.700000762939453,,,,,,,,,,,,""
8061040338,"Nov 3, 2022, 5:51:00 AM",🆕🏠,Run,"　
0.73 new kilometers

-- From ",2644,9.31,179.0,40,false,,,activities/8627773980.fit.gz,,,2644.0,2613.0,9317.6298828125,6.5419921875,3.5658745765686035,188.0,200.0,385.6000061035156,563.2000122070312,19.504579544067383,-0.12878811359405518,,,84.0,80.30748748779297,,143.21475219726562,,,650.0,,16.0,40.0,,,,,,,,,,,0.0,,0.0,,1.0,9735.2001953125,,,,,,,,,,,,,,,,,,,,,,,,,,0.0,3.5240659713745117,1477.0,,,,,,,,,,,,""
8066843774,"Nov 4, 2022, 11:45:52 AM",🫥,Run,"　
1.36 new kilometers

-- From ",2486,9.01,160.0,40,false,,,activities/8634302193.fit.gz,,,2486.0,2376.0,9011.5703125,8.968066215515137,3.792748212814331,50.0,53.0,206.39999389648438,227.0,13.916358947753906,-0.01997418701648712,,,84.0,80.19013214111328,,144.89202880859375,,,610.0,,22.0,40.0,,,,,,,,,,,0.0,,0.0,,1.0,9134.900390625,,,,,,,,,,,,,,,,,,,,,,,,,,0.0,3.624927520751953,3565.699951171875,,,,,,,,,,,,""
8078049193,"Nov 6, 2022, 10:08:40 AM",🥃 (Monte Grappa - Grappa Bocchino edition) - 10.000 km YTD,Ride,"1/3 Monte Grappa, 1 foratura, 2 shots di grappa, ritorno a Bassano e Monte Grappa completo
Bello.　
🎷🐛 27.6 new kilometers

-- From ",18505,72.89,170.0,160,false,,Scott,activities/8647087811.fit.gz,,7.0,18505.0,11510.0,72896.921875,20.701562881469727,6.33335542678833,2396.0,2360.0,165.39999389648438,1756.4000244140625,31.905698776245117,0.006310288794338703,,,,,,139.31289672851562,,212.4058837890625,2374.0,,18.0,160.0,,,,,,,,,,,0.0,,0.0,,1.0,,,,,,,,,,,,,,,,2806964.0,,,,,,,,,,,0.0,3.9393093585968018,0.0,,,,,,,,,,,,media/548d4a1a-b421-4930-b0de-96b9d0aea684.mp4|media/d9a3c0e5-92bd-46cb-835d-4934ddae1ea7.jpg|media/51d665dd-bbf3-4d93-b805-36d77f20e8bd.jpg|media/d7f35e57-15f7-4c2d-a69f-7233250508ee.jpg|media/3331eb6c-8c99-429a-90a7-9368e5d22e6d.jpg
8082908850,"Nov 7, 2022, 5:56:13 AM",🥶,Ride,"",39818,44.56,163.0,68,false,,Scott,activities/8652669354.fit.gz,,7.0,39818.0,5460.0,44567.77734375,13.5283203125,8.162596702575684,415.0,216.0,226.60000610351562,569.0,28.57805061340332,0.00987252127379179,,,,,,137.5336456298828,,181.1895751953125,1255.0,,14.0,68.0,,,,,,,,,,,0.0,,0.0,,1.0,,,,,,,,,,,,,,,,2806964.0,,,,,,,,,,,0.0,1.1192872524261475,40.900001525878906,,,,,,,,,,,,""
8086513263,"Nov 8, 2022, 10:41:28 AM",🍝,Run,"",4707,13.30,181.0,112,false,,,activities/8656700081.fit.gz,,,4707.0,3674.0,13302.6298828125,8.743993759155273,3.620748519897461,322.0,322.0,377.79998779296875,691.7999877929688,16.885190963745117,-0.025559039786458015,,,85.0,81.3238754272461,,156.808837890625,,,947.0,,19.0,112.0,,,,,,,,,,,0.0,,0.0,,1.0,14094.0,,,,,,,,,,,,,,,,,,,,,,,,,,0.0,2.8261375427246094,1347.9000244140625,,,,,,,,,,,,media/d19f951f-293d-4cd3-bf09-bb04dceeca94.jpg
8091577857,"Nov 9, 2022, 11:16:43 AM",🐹,Virtual Ride,Mi mancava tantissimo.,3124,33.41,,,false,,Scott,activities/8662353098.fit.gz,,7.0,3124.0,3124.0,33413.9609375,11.8740234375,10.695890426635742,0.0,,,,0.0,0.0,,,90.0,73.97343444824219,,,,228.33322143554688,713.0,,,,,,,,,,,,240.0,3125.0,0.0,,0.0,,1.0,,,,,,,,,,,,,,,,2806964.0,,,,,,,,,,,0.0,10.695890426635742,0.0,,,,,,,,,,,,""
8100116695,"Nov 11, 2022, 5:58:01 AM",🩺,Run,"",2576,9.37,183.0,122,false,,,activities/8671904347.fit.gz,,,2576.0,2548.0,9370.69921875,5.400000095367432,3.677668571472168,182.0,199.0,395.20001220703125,563.2000122070312,17.734041213989258,-0.01067156158387661,,,84.0,81.10671997070312,,169.33621215820312,,,705.0,,13.0,122.0,,,,,,,,,,,0.0,,0.0,,1.0,9784.099609375,,,,,,,,,,,,,,,,,,,,,,,,,,0.0,3.6376938819885254,1218.199951171875,,,,,,,,,,,,""
8107596009,"Nov 12, 2022, 9:22:24 AM",♨️,Ride,"",24796,57.13,179.0,124,false,,Scott,activities/8680409487.fit.gz,,7.0,24796.0,6816.0,57138.91015625,18.001562118530273,8.383055686950684,812.0,830.0,388.6000061035156,968.5999755859375,49.783363342285156,-0.0024502119049429893,,,,,,144.01573181152344,,205.83175659179688,1680.0,,17.0,124.0,,,,,,,,,,,0.0,,0.0,,1.0,,,,,,,,,,,,,,,,2806964.0,,,,,,,,,,,0.0,2.3043599128723145,504.6000061035156,,,,,,,,,,,,media/2687cf01-930b-4a21-80f8-a142b043526e.jpg|media/e522ff59-6575-4631-803a-1adaf006bc3a.jpg|media/856a2218-5822-4f9c-8c61-28f7340b3dc9.jpg|media/6a3d4cfa-b48e-4d1d-b64e-17cef16b8ca2.jpg
8115395547,"Nov 14, 2022, 6:01:40 AM",🌄,Virtual Ride,"",3330,37.05,,,false,,Scott,activities/8689410204.fit.gz,,7.0,3330.0,3330.0,37052.58203125,12.024218559265137,11.126901626586914,0.0,,,,0.0,0.0,,,81.0,66.32882690429688,,,,253.4612579345703,843.0,,,,,,,,,,,,259.0,3331.0,0.0,,0.0,,1.0,,,,,,,,,,,,,,,,2806964.0,,,,,,,,,,,0.0,11.126901626586914,0.0,,,,,,,,,,,,""
8125941098,"Nov 16, 2022, 11:00:18 AM",🌰,Run,"　
0.31 new kilometers

-- From ",4381,13.01,181.0,82,false,,,activities/8701291485.fit.gz,,,4381.0,3690.0,13016.0205078125,10.220117568969727,3.527376651763916,332.0,313.0,391.3999938964844,701.4000244140625,39.08747482299805,0.13368113338947296,,,90.0,81.62248229980469,,151.09144592285156,,,909.0,,16.0,82.0,,,,,,,,,,,0.0,,0.0,,1.0,13906.7001953125,,,,,,,,,,,,,,,,,,,,,,,,,,0.0,2.9710159301757812,1321.800048828125,,,,,,,,,,,,""
8130378852,"Nov 17, 2022, 10:39:35 AM",💦,Ride,"",6622,34.10,171.0,80,false,,Scott,activities/8706268593.fit.gz,,7.0,6622.0,4765.0,34100.66796875,17.909765243530273,7.156488418579102,788.0,801.0,322.3999938964844,1057.199951171875,32.641021728515625,-0.04105491563677788,,,,,,142.4180450439453,,188.69287109375,1066.0,,15.0,80.0,,,,,,,,,,,0.0,,0.0,,1.0,,,,,,,,,,,,,,,,2806964.0,,,,,,,,,,,0.0,5.14960241317749,0.0,,,,,,,,,,,,media/a2ce8790-1877-4e88-9ce4-ffb15dd9adcb.jpg
8138355034,"Nov 19, 2022, 7:30:27 AM",🇳🇱,Run,"Long, touristic chill pre Ali/Kerri wedding  🥰　
🎷🐛 20.08 new kilometers

-- From ",9558,26.29,174.0,164,false,,,activities/8715244637.fit.gz,,,9558.0,7008.0,26293.759765625,12.272265434265137,3.7519633769989014,100.0,91.0,1.7999999523162842,37.400001525878906,37.63919448852539,0.012930823490023613,,,88.0,81.81474304199219,,151.69578552246094,,,1810.0,,13.0,164.0,,,,,,,,,,,0.0,,0.0,,1.0,26674.0,,,,,,,,,,,,,,,,,,,,,,,,,,0.0,2.7509686946868896,1850.5,,,,,,,,,,,,media/2fbdf2cc-6401-42d6-a085-e94ba3124956.jpg|media/d7b2fe46-04c4-4322-aad7-eef196293e31.jpg|media/0b4df895-ae4f-45e5-974e-2dbac425dfbf.jpg|media/0e185f9c-fb1c-4bf0-9b90-4d590ff8aeed.jpg|media/18d5e042-a01f-4e7a-a068-128ae358fddc.jpg|media/c8c2e20b-800e-408a-83d5-040dd9688c20.jpg|media/7c4972a5-187b-4f75-8d8e-7f4c4adada80.jpg
8142581116,"Nov 20, 2022, 6:35:19 AM",🚮,Run,"　
💪 8.84 new kilometers

-- From ",3283,11.07,157.0,38,false,,,activities/8720045848.fit.gz,,,3283.0,3151.0,11074.7001953125,5.756054878234863,3.514662027359009,18.0,13.0,4.199999809265137,12.0,12.075474739074707,0.03973019868135452,,,84.0,80.41065216064453,,140.43394470214844,,,788.0,,14.0,38.0,,,,,,,,,,,0.0,,0.0,,1.0,11131.099609375,,,,,,,,,,,,,,,,,,,,,,,,,,0.0,3.373347520828247,56.400001525878906,,,,,,,,,,,,media/6bf48fd8-9594-41eb-9a1a-b2924b0f16c9.jpg|media/7d49b52f-b595-47fb-9315-7af68c1d73bd.jpg
8153187739,"Nov 22, 2022, 1:44:37 PM",🥞,Run,How amazing 🇫🇷🥹🥰,3553,13.50,210.0,174,false,,,activities/8732138833.fit.gz,,,3553.0,3399.0,13507.7197265625,6.498046875,3.974027633666992,107.0,108.0,51.599998474121094,86.0,40.854095458984375,-0.014806347899138927,,,87.0,81.92111206054688,,174.54779052734375,,,1015.0,,18.0,174.0,,,,,,,,,,,0.0,,0.0,,1.0,13736.900390625,,,,,,,,,,,,,,,,,,,,,,,,,,0.0,3.801778793334961,4387.2998046875,,,,,,,,,,,,media/c6c92691-9968-4528-8715-fa71c592b967.jpg|media/09db74f1-c1ec-4331-bc94-7b702e1d5ac0.jpg|media/1d12237f-4089-4fd8-9b0c-c76788cf87d0.jpg|media/7f01d3cc-febd-49b8-b514-dfd75b2eb458.jpg|media/9f81fccd-c81b-48d9-b5c3-102126136324.jpg
8156230866,"Nov 23, 2022, 6:03:47 AM",👌,Run,"",2830,10.05,163.0,47,false,,,activities/8735517757.fit.gz,,,2830.0,2748.0,10058.2998046875,5.519921779632568,3.6602256298065186,84.0,86.0,59.79999923706055,84.19999694824219,13.513696670532227,0.017895622178912163,,,86.0,81.71954345703125,,145.5347900390625,,,694.0,,14.0,47.0,,,,,,,,,,,0.0,,0.0,,1.0,10231.2001953125,,,,,,,,,,,,,,,,,,,,,,,,,,0.0,3.5541696548461914,762.0999755859375,,,,,,,,,,,,""
8160801675,"Nov 24, 2022, 6:56:33 AM",🧀,Run,"",2807,11.02,183.0,104,false,,,activities/8740646453.fit.gz,,,2807.0,2764.0,11025.8896484375,5.905998229980469,3.9891061782836914,55.0,58.0,51.0,75.80000305175781,7.0796709060668945,-0.030836528167128563,,,86.0,83.17593383789062,,162.95616149902344,,,773.0,,14.0,104.0,,,,,,,,,,,0.0,,0.0,,1.0,11097.5,,,,,,,,,,,,,,,,,,,,,,,,,,0.0,3.9279978275299072,2496.199951171875,,,,,,,,,,,,""
8165161223,"Nov 25, 2022, 5:56:29 AM",🍞,Ride,"",2478,25.32,155.0,23,false,,Scott,activities/8745543240.fit.gz,,7.0,2478.0,2478.0,25323.69921875,16.089996337890625,10.21941089630127,62.0,394.0,230.1999969482422,563.2000122070312,9.730572700500488,-1.3149738311767578,,,,,,129.65805053710938,,173.71478271484375,535.0,,12.0,23.0,,,,,,,,,,,0.0,,0.0,,1.0,,,,,,,,,,,,,,,,2806964.0,,,,,,,,,,,0.0,10.21941089630127,0.0,,,,,,,,,,,,""
8167254125,"Nov 25, 2022, 3:56:10 PM",🔙,Ride,"",3216,23.89,169.0,70,false,,Scott,activities/8747900924.fit.gz,,7.0,3216.0,3187.0,23894.861328125,11.948046684265137,7.497602939605713,384.0,43.0,215.8000030517578,561.5999755859375,29.380260467529297,1.447172999382019,,,,,,148.77908325195312,,214.0375518798828,863.0,,15.0,70.0,,,,,,,,,,,0.0,,0.0,,1.0,,,,,,,,,,,,,,,,2806964.0,,,,,,,,,,,0.0,7.429994106292725,34.0,,,,,,,,,,,,""
8169474624,"Nov 26, 2022, 7:33:24 AM",🐕‍🦺🦴,Hike,"",5468,8.05,160.0,44,false,,,activities/8750419346.fit.gz,,,5468.0,4492.0,8050.68017578125,4.666015625,1.7922261953353882,656.0,654.0,707.4000244140625,1373.199951171875,48.71650695800781,0.002483655698597431,,,120.0,57.901588439941406,,134.70620727539062,,,860.0,,15.0,44.0,,,,,,,,,,,0.0,,0.0,,1.0,,,,,,,,,,,,,,,,,,,,,,,,,,,0.0,1.4723262786865234,6860.2001953125,,,,,,,,,,,,""
8176769591,"Nov 27, 2022, 10:04:13 AM",🍷,Ride,"",21916,56.57,154.0,55,false,,Scott,activities/8758704255.fit.gz,,7.0,21916.0,12742.0,56578.53125,13.474023818969727,4.440317630767822,1224.0,1168.0,171.1999969482422,519.2000122070312,46.809852600097656,0.009544245898723602,,,,,,120.5641860961914,,106.06124877929688,1855.0,,16.0,55.0,,,,,,,,,,,0.0,,0.0,,1.0,,,,,,,,,,,,,,,,2806964.0,,,,,,,,,,,0.0,2.581608295440674,5432.60009765625,,,,,,,,,,,,media/7af1d539-6b02-40fa-9133-157fe822ec7e.jpg|media/05ceeb54-4f96-468a-b4dc-60aebff4c6a2.jpg|media/1bff635c-719d-416c-9490-1a0681504e44.jpg|media/ae6cf271-e6df-4bf2-bcf7-001ab2d68aab.jpg
8179804994,"Nov 28, 2022, 9:01:49 AM",🌿,Ride,"",11603,36.37,148.0,33,false,,Scott,activities/8762200198.fit.gz,,7.0,11603.0,9033.0,36372.6015625,15.386393547058105,4.026635646820068,642.0,612.0,2.0,354.3999938964844,34.362422943115234,-0.03574118763208389,,,,,,116.54702758789062,,89.17805480957031,1212.0,,15.0,33.0,,,,,,,,,,,0.0,,0.0,,1.0,,,,,,,,,,,,,,,,2806964.0,,,,,,,,,,,0.0,3.134758472442627,7315.7001953125,,,,,,,,,,,,media/7a8a4fe0-f4ce-44c2-8f51-2c90f03ee2fc.jpg|media/cfbc338b-c696-43e5-89c1-ed3002e65812.jpg|media/b5ee5cad-0efe-4168-8a5d-046d89507961.jpg|media/396f9abf-bfe0-4080-9312-eae28b4febae.jpg
8184138384,"Nov 29, 2022, 10:46:04 AM",💼,Run,"",4372,12.03,177.0,81,false,,,activities/8767002730.fit.gz,,,4372.0,3378.0,12033.7900390625,5.697998046875,3.5624008178710938,328.04296875,322.0,365.5,678.0999755859375,22.382904052734375,0.004985956009477377,,,119.0,82.3747787475586,,151.3676300048828,,,852.0,,16.0,81.0,,,,,,,,,,,0.0,,0.0,,1.0,12919.9521484375,,,,,,,,,,,,,,,,,,,,,,,,,,0.0,2.7524678707122803,150.6999969482422,,,,,,,,,,,,""
8187803884,"Nov 30, 2022, 6:01:39 AM",⏰,Virtual Ride,"",3494,38.02,,,false,,Scott,activities/8771074135.fit.gz,,7.0,3494.0,3494.0,38020.8203125,12.283594131469727,10.881746292114258,0.0,,,,0.0,0.0,,,96.0,81.56868743896484,,,,242.36233520507812,846.0,,,,,,,,,,,,260.0,3495.0,0.0,,0.0,,1.0,,,,,,,,,,,,,,,,2806964.0,,,,,,,,,,,0.0,10.881746292114258,0.0,,,,,,,,,,,,""
8192109049,"Dec 1, 2022, 5:52:26 AM",🇦🇫,Run,"",2791,11.05,171.0,65,false,,,activities/8775895786.fit.gz,,,2791.0,2689.0,11057.990234375,5.410058498382568,4.112305641174316,11.0,13.0,16.0,24.600000381469727,11.571718215942383,-0.0036172904074192047,,,87.0,82.99474334716797,,151.63897705078125,,,782.0,,10.0,65.0,,,,,,,,,,,0.0,,0.0,,1.0,11099.7001953125,,,,,,,,,,,,,,,,,,,,,,,,,,0.0,3.962017297744751,2778.89990234375,,,,,,,,,,,,media/a3b0bd31-9662-4cb5-9498-2266683f59a1.jpg|media/cb80ef83-f1b6-4d58-a097-52231473e87b.jpg|media/94762c53-9f18-4750-acdc-c4b268b353d1.jpg|media/f1229847-b102-4788-b284-3b5e4cf29f43.jpg
8198683529,"Dec 2, 2022, 5:59:19 PM",♨️,Virtual Ride,"",3478,36.03,,,false,,Scott,activities/8783236853.fit.gz,,7.0,3478.0,3478.0,36038.12890625,12.544042587280273,10.361739158630371,0.0,,,,0.0,0.0,,,90.0,75.45501708984375,,,,213.6529541015625,742.0,,,,,,,,,,,,231.0,3479.0,0.0,,0.0,,1.0,,,,,,,,,,,,,,,,2806964.0,,,,,,,,,,,0.0,10.361739158630371,0.0,,,,,,,,,,,,""
8200596174,"Dec 3, 2022, 7:20:57 AM",🌨️,Hike,"",7602,11.62,144.0,26,false,,,activities/8785398362.fit.gz,,,7602.0,7236.0,11622.4697265625,4.593994140625,1.606200933456421,968.0,822.0,397.3999938964844,1361.5999755859375,47.774627685546875,1.175309419631958,,,123.0,57.564048767089844,,118.10071563720703,,,931.0,,13.0,26.0,,,,,,,,,,,0.0,,0.0,,1.0,,,,,,,,,,,,,,,,,,,,,,,,,,,0.0,1.5288699865341187,6810.7001953125,,,,,,,,,,,,media/5dd6f2b8-295a-4ba0-b755-7db08c44decd.jpg
8205059208,"Dec 4, 2022, 8:24:39 AM",🎠,Virtual Ride,Post fiera,5718,58.05,,,false,,Scott,activities/8790453351.fit.gz,,7.0,5718.0,5718.0,58052.94921875,10.796093940734863,10.152667045593262,0.0,,,,0.0,0.0,,,99.0,79.0302734375,,,,197.99038696289062,1132.0,,,,,,,,,,,,199.0,5719.0,0.0,,0.0,,1.0,,,,,,,,,,,,,,,,2806964.0,,,,,,,,,,,0.0,10.152667045593262,0.0,,,,,,,,,,,,media/824a2e4d-71c3-4414-8ee5-280e7e971860.jpg|media/3514a62a-9179-422d-aa79-661feb358cd0.jpg|media/990f5dcc-4180-4882-b57c-a9471e1cf0b3.jpg
8209254140,"Dec 5, 2022, 5:49:12 AM",⚽,Run,Acciaccato ancora dal calcetto ,2959,10.01,169.0,46,false,,,activities/8795272058.fit.gz,,,2959.0,2884.0,10011.75,5.601953029632568,3.47148060798645,195.0,200.0,376.79998779296875,563.2000122070312,18.691247940063477,-0.055934641510248184,,,83.0,80.54583740234375,,144.780029296875,,,711.0,,13.0,46.0,,,,,,,,,,,0.0,,0.0,,1.0,10498.0,,,,,,,,,,,,,,,,,,,,,,,,,,0.0,3.383491039276123,2552.89990234375,,,,,,,,,,,,""
8214209539,"Dec 6, 2022, 10:41:52 AM",😍,Ride,"",3436,13.32,174.0,29,false,,Scott,activities/8800843377.fit.gz,,7.0,3436.0,3069.0,13327.7998046875,17.032032012939453,4.34271764755249,596.0,602.0,706.5999755859375,1313.199951171875,48.99681091308594,0.021008627489209175,,,,,,128.95785522460938,,167.95867919921875,589.0,,17.0,29.0,,,,,,,,,,,0.0,,0.0,,1.0,,,,,,,,,,,,,,,,2806964.0,,,,,,,,,,,0.0,3.878870725631714,1414.800048828125,,,,,,,,,,,,media/20e66321-2871-4243-8cf5-3b2001aa314d.jpg
8219990467,"Dec 7, 2022, 6:10:04 AM",🪨,Ride,Pesantezza come una roccia,39996,48.61,159.0,76,false,,Scott,activities/8807289232.fit.gz,,7.0,39996.0,6536.0,48618.48828125,15.49200439453125,7.438569068908691,400.0,398.0,227.8000030517578,572.5999755859375,38.594635009765625,0.019334133714437485,,,,,,135.3903045654297,,135.09576416015625,1469.0,,11.0,76.0,,,,,,,,,,,0.0,,0.0,,1.0,,,,,,,,,,,,,,,,2806964.0,,,,,,,,,,,0.0,1.2155838012695312,40.099998474121094,,,,,,,,,,,,media/60929eae-61e8-45c8-abf0-9e3c1a89cc6c.jpg|media/5979fb59-c0ea-4aec-96d9-ec9943a93b2d.jpg
8222968835,"Dec 8, 2022, 7:18:23 AM",🦭,Backcountry Ski,Buona la seconda 😍😍,14702,15.05,110.0,19,false,,,activities/8810616216.fit.gz,,,14702.0,9139.0,15056.5703125,25.919921875,1.6475074291229248,1514.0,1536.0,1846.0,2998.800048828125,49.956443786621094,-0.17401008307933807,,,,,,91.9353256225586,,,785.0,,10.0,19.0,,,,,,,,,,,0.0,,0.0,,1.0,,,,,,,,,,,,,,,,,,,,,,,,,,,0.0,1.024117112159729,9219.2998046875,,,,,,,,,,,,media/7f706da5-a4ff-460a-b077-d4dcc33eb522.jpg|media/5617aed4-e855-4422-8a74-6085b9843f4b.jpg|media/31714b5b-0119-48f8-943f-126403f167a8.jpg|media/82790258-c906-4d1c-9f2e-d2d02ca31ce6.jpg
8227889529,"Dec 9, 2022, 1:57:38 PM",🛝,Hike,Nasturzio,5607,8.58,169.0,92,false,,,activities/8816684753.fit.gz,,,5607.0,4984.0,8580.3701171875,4.932031154632568,1.7215831279754639,798.0,656.0,562.5999755859375,1358.800048828125,48.24074935913086,1.545387625694275,,,103.0,59.990150451660156,,146.4049072265625,,,1081.0,,12.0,92.0,,,,,,,,,,,0.0,,0.0,,1.0,,,,,,,,,,,,,,,,,,,,,,,,,,,0.0,1.5302960872650146,6743.39990234375,,,,,,,,,,,,media/168eab51-70b2-4d23-889a-6fb597aad48e.jpg|media/bda0ae8b-490c-4f70-82d8-6a64a8a71406.jpg|media/9c045b33-6775-497d-8db9-7f93fb0f71f5.jpg
8231804614,"Dec 10, 2022, 1:17:54 PM",🪵,Run,"Mattina legna, pomeriggio gambe di legno",5568,19.54,167.0,67,false,,,activities/8821084343.fit.gz,,,5568.0,5529.0,19544.009765625,7.632031440734863,3.534818172454834,238.0,251.0,334.20001220703125,563.4000244140625,18.42113494873047,-0.0644700676202774,,,85.0,80.63275146484375,,139.89083862304688,,,1316.0,,20.0,67.0,,,,,,,,,,,0.0,,0.0,,1.0,20066.5,,,,,,,,,,,,,,,,,,,,,,,,,,0.0,3.510059118270874,10042.400390625,,,,,,,,,,,,""
8235295520,"Dec 11, 2022, 7:26:08 AM",🧔‍♀️🟥,Backcountry Ski,A sverginar il canale del Barbarossa,15009,10.42,112.0,14,false,,,activities/8825060808.fit.gz,,,15009.0,7896.0,10420.509765625,13.745996475219727,1.3197201490402222,1188.0,1025.0,1287.0,2128.60009765625,49.935035705566406,0.17081743478775024,,,,,,84.69459533691406,,,706.0,,13.0,14.0,,,,,,,,,,,0.0,,0.0,,1.0,,,,,,,,,,,,,,,,,,,,,,,,,,,0.0,0.6942840814590454,8256.7001953125,,,,,,,,,,,,media/4a98f498-31f8-4063-a2b6-b677cad68569.jpg|media/f371c8d5-6ce7-4d4f-a9af-b3503bf07f1e.jpg|media/39bd91c4-6614-4e53-9922-09f2e30ca775.jpg
8238553476,"Dec 12, 2022, 6:04:56 AM",🤷‍♂️,Virtual Ride,"",3062,32.94,,,false,,Scott,activities/8828787261.fit.gz,,7.0,3062.0,3062.0,32948.296875,12.237890243530273,10.760384559631348,0.0,,,,0.0,0.0,,,88.0,66.54833221435547,,,,232.66786193847656,712.0,,,,,,,,,,,,243.0,3063.0,0.0,,0.0,,1.0,,,,,,,,,,,,,,,,2806964.0,,,,,,,,,,,0.0,10.760384559631348,0.0,,,,,,,,,,,,""
8243230231,"Dec 13, 2022, 10:50:17 AM",🧖‍♀️,Run,"",4050,10.26,183.0,76,false,,,activities/8834023547.fit.gz,,,4050.0,2900.0,10261.919921875,5.819970607757568,3.538593053817749,314.0,306.0,386.0,693.4000244140625,25.002180099487305,0.03702998906373978,,,87.0,81.26192474365234,,153.3578338623047,,,742.0,,9.0,76.0,,,,,,,,,,,0.0,,0.0,,1.0,11104.400390625,,,,,,,,,,,,,,,,,,,,,,,,,,0.0,2.5338072776794434,0.0,,,,,,,,,,,,""
8248294007,"Dec 14, 2022, 6:09:02 AM",🎁,Ride,Magari una messa in sella per natale e per la gravel non sarebbe male,39855,48.19,165.0,101,false,,Scott,activities/8839679269.fit.gz,,7.0,39855.0,6650.0,48197.58984375,15.867999076843262,7.247757911682129,397.0,403.0,230.60000610351562,563.2000122070312,45.61235427856445,-0.0037346011959016323,,,,,,140.88148498535156,,127.07963562011719,1610.0,,9.0,101.0,,,,,,,,,,,0.0,,0.0,,1.0,,,,,,,,,,,,,,,,2806964.0,,,,,,,,,,,0.0,1.209323525428772,24.600000381469727,,,,,,,,,,,,""
8250971529,"Dec 15, 2022, 10:54:24 AM",🥱,Run,"",2865,9.86,170.0,57,false,,,activities/8842663761.fit.gz,,,2865.0,2844.0,9862.91015625,5.752001762390137,3.4679713249206543,320.0,183.0,385.0,699.2000122070312,21.346817016601562,1.3667364120483398,,,117.0,81.81177520751953,,147.5489501953125,,,744.0,,11.0,57.0,,,,,,,,,,,0.0,,0.0,,1.0,10904.599609375,,,,,,,,,,,,,,,,,,,,,,,,,,0.0,3.442551612854004,160.8000030517578,,,,,,,,,,,,""
8254012562,"Dec 16, 2022, 6:32:18 AM",🏋️‍♂️,Weight Training,"",927,0,123.0,2,false,,,activities/8846063041.fit.gz,,,927.0,927.0,0.0,0.0,0.0,0.0,,,,0.0,0.0,,,,,,95.12621307373047,,,96.0,,25.0,2.0,,,,,,,,,,,0.0,,0.0,,1.0,,,,,,,,,,,,,,,,,,,,,,,,,,,0.0,0.0,0.0,,,,,,,,,,,,""
8261747398,"Dec 18, 2022, 7:23:23 AM",🫁,Hike,"Senza polmoni, intasati",6574,10.69,171.0,99,false,,,activities/8854870758.fit.gz,,,6574.0,6289.0,10689.08984375,5.1298828125,1.6996486186981201,981.0,848.0,369.20001220703125,1343.0,48.7213020324707,1.2349040508270264,,,98.0,57.262535095214844,,143.84521484375,,,1285.0,,13.0,99.0,,,,,,,,,,,0.0,,0.0,,1.0,,,,,,,,,,,,,,,,,,,,,,,,,,,0.0,1.6259644031524658,8031.7001953125,,,,,,,,,,,,media/dbb49251-14c2-452e-af37-ea233460d2e4.jpg|media/34daae20-c911-459d-bbf5-d44ac7c4b37d.jpg|media/3328f33a-c665-4021-b5db-357c60ac575e.jpg
8265498509,"Dec 19, 2022, 5:48:30 AM",🤒,Virtual Ride,"",3002,30.56,,,false,,Scott,activities/8859146277.fit.gz,,7.0,3002.0,3002.0,30560.0703125,13.285937309265137,10.179903030395508,0.0,,,,0.0,0.0,,,93.0,74.47151184082031,,,,202.5532989501953,607.0,,,,,,,,,,,,217.0,3003.0,0.0,,0.0,,1.0,,,,,,,,,,,,,,,,2806964.0,,,,,,,,,,,0.0,10.179903030395508,0.0,,,,,,,,,,,,""
8277996907,"Dec 22, 2022, 10:43:36 AM",🦥,Run,"",2861,10.08,192.0,134,false,,,activities/8873099443.fit.gz,,,2861.0,2821.0,10079.599609375,6.245995998382568,3.57305908203125,303.0,303.0,405.0,708.5999755859375,23.173524856567383,0.011904750019311905,,,85.0,80.70759582519531,,168.84893798828125,,,756.0,,17.0,134.0,,,,,,,,,,,0.0,,0.0,,1.0,10836.0,,,,,,,,,,,,,,,,,,,,,,,,,,0.0,3.523103713989258,0.0,,,,,,,,,,,,""
8281570045,"Dec 23, 2022, 9:52:23 AM",Morning Hike,Hike,,5270,8.66,164.0,57,false,,,activities/8877092079.fit.gz,,,5270.0,5155.0,8662.8203125,3.993945360183716,1.6804695129394531,785.0,645.0,563.2000122070312,1345.4000244140625,45.97773742675781,1.5122096538543701,,,120.0,58.269920349121094,,132.90066528320312,,,932.0,,16.0,57.0,,,,,,,,,,,,,0.0,,1.0,,,,,,,,,,,,,,,,,,,,,,,,,,,0.0,1.6437989473342896,6782.89990234375,,,,,,,,,,,,""
8287019831,"Dec 24, 2022, 8:06:21 AM",⛷️,Alpine Ski,"",12968,9.32,99.0,1,false,,,activities/8883202625.fit.gz,,,12968.0,943.0,9319.8701171875,25.574024200439453,9.88321304321289,0.0,1751.0,1413.199951171875,2043.199951171875,49.565025329589844,5.040843486785889,,,,,,76.69989013671875,,,63.0,,19.0,1.0,,8,,,,,,,,,0.0,,0.0,,1.0,,,,,,,,,,,,,,,,,,,,,,,,,,,0.0,0.7186821699142456,2965.89990234375,,,,,,,,,,,,""
8288429405,"Dec 25, 2022, 5:59:33 AM",🎄,Run,"",5561,10.58,157.0,47,false,,,activities/8884838866.fit.gz,,,5561.0,4382.0,10584.900390625,4.706006050109863,2.415540933609009,669.0,639.0,707.4000244140625,1364.800048828125,37.32672882080078,0.07368975877761841,,,104.0,77.33179473876953,,136.03643798828125,,,895.0,,12.0,47.0,,,,,,,,,,,0.0,,0.0,,1.0,14193.900390625,,,,,,,,,,,,,,,,,,,,,,,,,,0.0,1.9034167528152466,4257.10009765625,,,,,,,,,,,,media/3eec6f8f-77aa-4fb6-a03b-17ac8137e309.jpg
8291801751,"Dec 26, 2022, 6:33:58 AM",🎁,Backcountry Ski,"",7953,12.02,95.0,10,false,,,activities/8888725388.fit.gz,,,7953.0,5955.0,12023.5,21.516016006469727,2.019059658050537,1090.0,899.0,1479.5999755859375,1866.4000244140625,46.70856475830078,0.8816068768501282,,,,,,82.55353546142578,,,379.0,,14.0,10.0,,,,,,,,,,,0.0,,0.0,,1.0,,,,,,,,,,,,,,,,,,,,,,,,,,,0.0,1.5118194818496704,10442.7001953125,,,,,,,,,,,,media/55db9d92-e79b-44a7-8447-3c226281212a.jpg
8294070078,"Dec 26, 2022, 2:09:22 PM",🐗,Hike,"",8628,8.24,131.0,16,false,,,activities/8891275491.fit.gz,,,8628.0,7689.0,8241.98046875,3.052050828933716,1.0719183683395386,655.0,660.0,706.7999877929688,1371.4000244140625,49.57052993774414,0.06551779061555862,,,119.0,55.179603576660156,,91.26548767089844,,,607.0,,17.0,16.0,,,,,,,,,,,0.0,,0.0,,1.0,,,,,,,,,,,,,,,,,,,,,,,,,,,0.0,0.9552596807479858,7129.2001953125,,,,,,,,,,,,""
8297124895,"Dec 27, 2022, 10:50:45 AM",🫄,Run,"",4081,10.20,182.0,85,false,,,activities/8894754060.fit.gz,,,4081.0,3009.0,10205.5302734375,6.934033393859863,3.3916683197021484,299.0,303.0,387.20001220703125,688.0,24.801319122314453,-0.04311411827802658,,,86.0,79.45055389404297,,154.90884399414062,,,743.0,,18.0,85.0,,,,,,,,,,,0.0,,0.0,,1.0,10928.0,,,,,,,,,,,,,,,,,,,,,,,,,,0.0,2.5007424354553223,0.0,,,,,,,,,,,,""
8303194503,"Dec 28, 2022, 4:11:48 PM",🍕,Virtual Ride,"",3504,36.32,,,false,,Scott,activities/8901605837.fit.gz,,7.0,3504.0,3504.0,36324.109375,12.445996284484863,10.366469383239746,0.0,,,,0.0,0.0,,,91.0,76.49272155761719,,,,213.36643981933594,747.0,,,,,,,,,,,,230.0,3505.0,0.0,,0.0,,1.0,,,,,,,,,,,,,,,,2806964.0,,,,,,,,,,,0.0,10.366469383239746,0.0,,,,,,,,,,,,""
8306279404,"Dec 29, 2022, 10:44:23 AM",🥔,Run,"",2965,10.01,180.0,66,false,,,activities/8905098618.fit.gz,,,2965.0,2961.0,10016.2197265625,6.089990139007568,3.3827154636383057,316.0,183.0,383.20001220703125,697.2000122070312,21.231597900390625,1.319859266281128,,,83.0,80.35984802246094,,150.15707397460938,,,754.0,,14.0,66.0,,,,,,,,,,,0.0,,0.0,,1.0,10990.2998046875,,,,,,,,,,,,,,,,,,,,,,,,,,0.0,3.3781518936157227,157.60000610351562,,,,,,,,,,,,""
8308837148,"Dec 29, 2022, 6:14:31 PM",🍛,Backcountry Ski,"",10298,3.83,98.0,3,false,,,activities/8907959720.fit.gz,,,10298.0,2281.0,3830.56005859375,13.013964653015137,1.6793336868286133,424.0,395.0,1194.800048828125,1622.5999755859375,46.417354583740234,0.18796078860759735,,,,,,76.19256591796875,,,117.0,,15.0,3.0,,,,,,,,,,,0.0,,0.0,,1.0,,,,,,,,,,,,,,,,,,,,,,,,,,,0.0,0.3719712495803833,2983.5,,,,,,,,,,,,media/d2308339-35e8-43cd-9223-9641e2b15fe8.jpg
8312263970,"Dec 30, 2022, 3:55:32 PM",🍾,Virtual Ride,"",3579,37.96,,,false,,Scott,activities/8911826493.fit.gz,,7.0,3579.0,3579.0,37960.5390625,12.125781059265137,10.606465339660645,0.0,,,,0.0,0.0,,,85.0,66.34745025634766,,,,236.60296630859375,846.0,,,,,,,,,,,,254.0,3580.0,0.0,,0.0,,1.0,,,,,,,,,,,,,,,,2806964.0,,,,,,,,,,,0.0,10.606465339660645,0.0,,,,,,,,,,,,""
8314883189,"Dec 31, 2022, 7:16:09 AM",🎇,Backcountry Ski,"",9629,7.50,118.0,12,false,,,activities/8914786085.fit.gz,,,9629.0,4941.0,7500.81982421875,19.15665626525879,1.5180772542953491,732.0,621.0,1464.4000244140625,1862.800048828125,49.357723236083984,0.5146117210388184,,,,,,99.81886291503906,,,496.0,,13.0,12.0,,,,,,,,,,,0.0,,0.0,,1.0,,,,,,,,,,,,,,,,,,,,,,,,,,,0.0,0.7789822220802307,5444.7998046875,,,,,,,,,,,,""
8319687160,"Jan 1, 2023, 8:34:31 AM",1️⃣,Hike,"",6376,8.56,163.0,23,false,,,activities/8920271241.fit.gz,,,6376.0,4962.0,8559.23046875,4.391992092132568,1.7249557971954346,774.0,639.0,563.2000122070312,1337.199951171875,49.571197509765625,1.5468676090240479,,,95.0,57.240718841552734,,119.42911529541016,,,728.0,,19.0,23.0,,,,,,,,,,,0.0,,0.0,,1.0,,,,,,,,,,,,,,,,,,,,,,,,,,,0.0,1.3424137830734253,6643.2998046875,,,,,,,,,,,,""
8326543887,"Jan 2, 2023, 2:36:49 PM",🥈,Run,"",4189,13.62,177.0,104,false,,,activities/8928072053.fit.gz,,,4189.0,3994.0,13623.599609375,7.004004001617432,3.4110164642333984,331.0,217.0,389.20001220703125,691.2000122070312,22.857084274291992,0.9395461082458496,,,84.0,80.46711730957031,,153.29879760742188,,,1010.0,,14.0,104.0,,,,,,,,,,,0.0,,0.0,,1.0,14622.400390625,,,,,,,,,,,,,,,,,,,,,,,,,,0.0,3.2522318363189697,2082.39990234375,,,,,,,,,,,,""
8330694535,"Jan 3, 2023, 8:18:20 AM",💩,Alpine Ski,"",13896,32.40,106.0,5,false,,,activities/8933171673.fit.gz,,,13896.0,3207.0,32405.609375,30.612110137939453,10.10464859008789,0.0,7394.0,1306.800048828125,3008.800048828125,27.397815704345703,-2.784702777862549,,,,,,85.3898696899414,,,234.0,,14.0,5.0,,17,,,,,,,,,0.0,,0.0,,1.0,,,,,,,,,,,,,,,,,,,,,,,,,,,0.0,2.332009792327881,25437.400390625,,,,,,,,,,,,""
8336191090,"Jan 4, 2023, 11:33:41 AM",👨‍👨‍👦‍👦,Run,"",2550,9.51,173.0,40,false,,,activities/8939335264.fit.gz,,,2550.0,2550.0,9509.859375,6.829992771148682,3.7293567657470703,49.0,46.0,298.0,332.0,8.620616912841797,0.0357523038983345,,,83.0,80.12903594970703,,143.2642364501953,,,676.0,,15.0,40.0,,,,,,,,,,,0.0,,0.0,,1.0,9594.099609375,,,,,,,,,,,,,,,,,,,,,,,,,,0.0,3.7293567657470703,6374.10009765625,,,,3409.0,,,,,,,,""
8336808352,"Jan 4, 2023, 12:41:42 PM",☕,Ride,"Da Erra, padrone del CSI",6080,24.42,152.0,20,false,,Scott,activities/8940022167.fit.gz,,7.0,6080.0,3436.0,24424.23046875,12.578765869140625,7.108332633972168,186.0,180.0,263.79998779296875,337.3999938964844,15.888345718383789,0.00982628297060728,,,,,,127.929443359375,,121.91219329833984,650.0,,16.0,20.0,,,,,,,,,,,0.0,,0.0,,1.0,,,,,,,,,,,,,,,,2806964.0,,,,,,,,,,,0.0,4.017143249511719,0.0,,,,,,,,,,,,""
8341278968,"Jan 5, 2023, 8:19:08 AM",🍰,Ride,"",11335,40.50,173.0,104,false,,Scott,activities/8945001083.fit.gz,,7.0,11335.0,8848.0,40504.8515625,16.0,4.577854156494141,1485.0,1455.0,397.79998779296875,1539.5999755859375,31.99978256225586,0.03209492191672325,,,,,,135.9899139404297,,160.80905151367188,1764.0,,16.0,104.0,,,,,,,,,,,0.0,,0.0,,1.0,,,,,,,,,,,,,,,,2806964.0,,,,,,,,,,,0.0,3.573431968688965,10947.0,,,,,,,,,,,,media/63769aa0-29ba-49a0-aa56-ca6362054b6c.jpg|media/0d4bc323-3255-4662-8efa-bc424704dff1.jpg|media/0c06668f-a6fb-404c-9e0c-d98765d78d74.jpg
8346584667,"Jan 6, 2023, 9:18:10 AM",🌁,Hike,"",8888,8.07,140.0,15,false,,,activities/8950909449.fit.gz,,,8888.0,6410.0,8069.8798828125,4.344042778015137,1.2589516639709473,708.0,565.0,678.4000244140625,1247.0,49.90393829345703,-0.3593609929084778,,,85.0,61.39301681518555,,98.44940948486328,,,641.0,,21.0,15.0,,,,,,,,,,,0.0,,0.0,,1.0,,,,,,,,,,,,,,,,,,,,,,,,,,,0.0,0.9079523086547852,6738.39990234375,,,,,,,,,,,,media/f1275a5e-6e50-4964-9f8c-17e2f7a7ea4a.jpg|media/ed998869-bdf4-42d6-ad3a-29138272442c.jpg
8350813257,"Jan 7, 2023, 7:56:01 AM",⛸️,Run,"",3928,8.42,161.0,35,false,,,activities/8955650400.fit.gz,,,3928.0,3516.0,8419.0498046875,4.78000020980835,2.394496440887451,488.0,484.0,1360.199951171875,1867.4000244140625,44.50125503540039,-0.175790935754776,,,122.0,75.88742065429688,,134.45350646972656,,,721.0,,16.0,35.0,,,,,,,,,,,0.0,,0.0,,1.0,11172.400390625,,,,,,,,,,,,,,,,,,,,,,,,,,0.0,2.1433427333831787,4949.2001953125,,,,8980.0,,,,,,,,""
8356347428,"Jan 8, 2023, 6:44:00 AM",💦,Run,Today test. Not perfect ,5275,9.41,158.0,46,false,,,activities/8961881261.fit.gz,,,5275.0,4546.0,9416.349609375,9.608007431030273,2.0713484287261963,784.0,765.0,563.2000122070312,1345.4000244140625,49.42574691772461,0.08283451944589615,,,124.0,75.11083984375,,132.70286560058594,,,840.0,,13.0,46.0,,,,,,,,,,,0.0,,0.0,,1.0,14451.099609375,,,,,,,,,,,,,,,,,,,,,,,,,,0.0,1.7850899696350098,6523.7001953125,,,,11430.0,,,,,,,,""
8361963237,"Jan 9, 2023, 5:32:19 AM",🐇,Virtual Ride,"",3061,33.41,,,false,,Scott,activities/8968226029.fit.gz,,7.0,3061.0,3061.0,33414.76953125,12.005859375,10.916292190551758,0.0,,,,0.0,0.0,,,75.0,62.19438171386719,,,,242.43939208984375,741.0,,,,,,,,,,,,253.0,3062.0,0.0,,0.0,,1.0,,,,,,,,,,,,,,,,2806964.0,,,,,,,,,,,0.0,10.916292190551758,0.0,,,,,,,,,,,,""
8365148672,"Jan 9, 2023, 6:14:30 PM",🌕,Backcountry Ski,"",3813,3.64,120.0,7,false,,,activities/8971770032.fit.gz,,,3813.0,2892.0,3644.85009765625,8.530029296875,1.2603216171264648,435.0,441.0,1455.199951171875,1879.800048828125,49.603389739990234,-0.34020671248435974,,,,,,102.75981140136719,,,315.0,,5.0,7.0,,,,,,,,,,,0.0,,0.0,,1.0,,,,,,,,,,,,,,,,,,,,,,,,,,,0.0,0.9559009075164795,1017.9000244140625,,,,,,,,,,,,media/f392d480-7028-4f16-8821-9e0187cd2685.jpg
8368716067,"Jan 10, 2023, 11:32:34 AM",🥵,Ride,"",5516,15.43,159.0,32,false,,Scott,activities/8975717826.fit.gz,,7.0,5516.0,3643.0,15430.849609375,17.655956268310547,4.235753536224365,694.0,700.0,555.2000122070312,1265.4000244140625,47.51555633544922,-0.05184419825673103,,,,,,131.8720245361328,,170.55226135253906,731.0,,18.0,32.0,,,,,,,,,,,0.0,,0.0,,1.0,,,,,,,,,,,,,,,,2806964.0,,,,,,,,,,,0.0,2.797470808029175,1208.0999755859375,,,,,,,,,,,,media/9f4bd391-ddda-4458-9719-4c1ee0532e4a.jpg|media/ab140ffb-43d3-41b0-b853-d1dffe77b6af.jpg
8374180278,"Jan 11, 2023, 6:06:29 AM",🌄,Ride,Pizzoccheri powered ,22951,48.77,174.0,124,false,,Scott,activities/8981734405.fit.gz,,7.0,22951.0,6099.0,48773.73828125,14.459997177124023,7.997005939483643,410.0,405.0,226.39999389648438,568.2000122070312,30.465194702148438,0.010251418687403202,,,,,,145.84475708007812,,157.89207458496094,1584.0,,12.0,124.0,,,,,,,,,,,0.0,,0.0,,1.0,,,,,,,,,,,,,,,,2806964.0,,,,,,,,,,,0.0,2.12512469291687,0.0,,,,,,,,,,,,media/f03ad364-82cd-4df2-a3b9-726c8a3e846d.jpg
8379899230,"Jan 12, 2023, 12:36:09 PM",🫡,Run,"",3074,11.01,181.0,72,false,,,activities/8988053182.fit.gz,,,3074.0,3071.0,11016.6201171875,6.35400390625,3.5873072147369385,204.0,196.0,390.6000061035156,572.0,28.88895606994629,0.0708020031452179,,,83.0,79.70941162109375,,151.6200408935547,,,787.0,,15.0,72.0,,,,,,,,,,,0.0,,0.0,,1.0,11534.7001953125,,,,,,,,,,,,,,,,,,,,,,,,,,0.0,3.583806037902832,3941.800048828125,,,,8180.0,,,,,,,,""
8382277768,"Jan 12, 2023, 4:35:18 PM",2️⃣,Backcountry Ski,"",19018,7.73,109.0,7,false,,,activities/8990656156.fit.gz,,,19018.0,3985.0,7735.669921875,14.501953125,1.9411969184875488,855.0,824.0,1198.4000244140625,1631.800048828125,49.85091018676758,0.18097980320453644,,,,,,86.07429504394531,,,287.0,,13.0,7.0,,,,,,,,,,,0.0,,0.0,,1.0,,,,,,,,,,,,,,,,,,,,,,,,,,,0.0,0.4067551791667938,5207.39990234375,,,,,,,,,,,,""
8383461039,"Jan 13, 2023, 5:21:50 AM",🧨,Run,"Some early morning dynamite
I wish I could sleep",2603,10.02,177.0,57,false,,,activities/8991960375.fit.gz,,,2603.0,2566.0,10027.990234375,5.89208984375,3.908024311065674,26.0,25.0,209.39999389648438,219.39999389648438,16.68194007873535,0.027921875938773155,,,86.0,81.36528015136719,,150.47406005859375,,,717.0,,14.0,57.0,,,,,,,,,,,0.0,,0.0,,1.0,10102.099609375,,,,,,,,,,,,,,,,,,,,,,,,,,0.0,3.8524742126464844,2037.300048828125,,,,6944.0,,,,,,,,""
8388752083,"Jan 14, 2023, 7:50:29 AM",🏡,Ride,Post house warming,5695,27.56,165.0,48,false,,Scott,activities/8997842760.fit.gz,,7.0,5695.0,5209.0,27563.9296875,16.562108993530273,5.291597366333008,900.0,790.0,391.3999938964844,960.0,44.02219772338867,0.43680259585380554,,,,,,131.4774627685547,,168.4705352783203,1038.0,,11.0,48.0,,,,,,,,,,,0.0,,0.0,,1.0,,,,,,,,,,,,,,,,2806964.0,,,,,,,,,,,0.0,4.840022563934326,3301.699951171875,,,,,,,,,,,,media/4a4d2831-b75e-473a-84a2-f4519266938d.jpg|media/08dfd68b-e0fd-44d5-9e80-bce8370bb1fd.jpg
8394349879,"Jan 15, 2023, 8:01:37 AM",👹,Run,"",5823,18.56,177.0,114,false,,,activities/9004111160.fit.gz,,,5823.0,5608.0,18565.109375,5.5679931640625,3.310468912124634,666.0,661.0,402.79998779296875,1079.199951171875,21.33629608154297,0.10557425767183304,,,87.0,81.3454818725586,,148.12452697753906,,,1376.0,,14.0,114.0,,,,,,,,,,,0.0,,0.0,,1.0,20414.0,,,,,,,,,,,,,,,,,,,,,,,,,,0.0,3.1882379055023193,46.900001525878906,,,,15206.0,,,,,,,,""
8399611619,"Jan 16, 2023, 5:51:13 AM",♥️,Run,Just show up. KM 🟥,2428,9.17,155.0,33,false,,,activities/9010044852.fit.gz,,,2428.0,2407.0,9171.8798828125,6.487988471984863,3.810502767562866,31.0,28.0,214.60000610351562,219.8000030517578,14.46418571472168,0.041431017220020294,,,84.0,81.310546875,,142.1411895751953,,,652.0,,12.0,33.0,,,,,,,,,,,0.0,,0.0,,1.0,9301.400390625,,,,,,,,,,,,,,,,,,,,,,,,,,0.0,3.777545213699341,0.0,,,,6522.0,,,,,,,,""
8405852915,"Jan 17, 2023, 10:47:14 AM",😇,Ride,"Sant'Antonio è una giornata speciale.
Con la neve.
In MTB.
Divertente ",3825,11.42,152.0,18,false,,Scott,activities/9016941497.fit.gz,,7.0,3825.0,3382.0,11426.6298828125,12.8740234375,3.3786604404449463,591.0,603.0,707.4000244140625,1179.5999755859375,34.5615119934082,0.022753652185201645,,,,,,125.38201904296875,,151.8300018310547,624.0,,10.0,18.0,,,,,,,,,,,0.0,,0.0,,1.0,,,,,,,,,,,,,,,,2806964.0,,,,,,,,,,,0.0,2.987354278564453,1974.9000244140625,,,,,,,,,,,,media/605e5016-7715-4b09-a41f-0aa0c5610d2f.jpg
8411359667,"Jan 18, 2023, 11:03:12 AM",⏱️,Run,"Tempo run. When you finally get
The medical certificate and the
Night before you slept 5h
And you had shit lot of pizza",2386,10.03,192.0,101,false,,,activities/9023012082.fit.gz,,,2386.0,2374.0,10031.5595703125,7.951952934265137,4.225593566894531,46.0,46.0,208.60000610351562,228.39999389648438,13.201371192932129,-0.02193075604736805,,,84.0,81.83382415771484,,166.20245361328125,,,705.0,,12.0,101.0,,,,,,,,,,,0.0,,0.0,,1.0,10109.7001953125,,,,,,,,,,,,,,,,,,,,,,,,,,0.0,4.204341888427734,5483.2998046875,,,,6460.0,,,,,,,,media/4fe9955d-9edb-4685-8aae-d8f6c1c8afbd.jpg
8417084101,"Jan 19, 2023, 11:28:42 AM",🙅,Backcountry Ski,Sono tutte cazzate ,4771,7.35,109.0,10,false,,,activities/9029313797.fit.gz,,,4771.0,4531.0,7351.64990234375,9.083984375,1.6225225925445557,463.0,433.0,798.5999755859375,1263.199951171875,43.43711471557617,0.4135129451751709,,,,,,94.17329406738281,,,398.0,,13.0,10.0,,,,,,,,,,,0.0,,0.0,,1.0,,,,,,,,,,,,,,,,,,,,,,,,,,,0.0,1.5409033298492432,878.5999755859375,,,,,,,,,,,,""
8420939255,"Jan 20, 2023, 5:58:14 AM",📵,Run,"Spaccare lo schermo all'ultima, inutile svolta",2682,10.22,184.0,90,false,,,activities/9033550356.fit.gz,,,2682.0,2649.0,10221.759765625,5.387988090515137,3.8587238788604736,29.0,25.0,225.8000030517578,239.60000610351562,10.29592514038086,0.023479413241147995,,,86.0,81.06489562988281,,160.26419067382812,,,731.0,,11.0,90.0,,,,,,,,,,,0.0,,0.0,,1.0,10280.900390625,,,,,,,,,,,,,,,,,,,,,,,,,,0.0,3.8112452030181885,2306.10009765625,,,,7154.0,,,,,,,,""
8444281205,"Jan 24, 2023, 2:01:13 PM",Afternoon Ride,Virtual Ride,"",3610,34.73,,,false,,Scott,activities/9059531282.fit.gz,,7.0,3610.0,3610.0,34735.0390625,10.314062118530273,9.621894836425781,0.0,,,,0.0,0.0,,,84.0,72.19722747802734,,,,170.46066284179688,615.0,,,,,,,,,,,,171.0,3611.0,0.0,,0.0,,1.0,,,,,,,,,,,,,,,,2806964.0,,,,,,,,,,,0.0,9.621894836425781,0.0,,,,,,,,,,,,""
8455079404,"Jan 26, 2023, 1:28:13 PM",Afternoon Run,Run,"",2716,8.47,181.0,71,false,,,activities/9071387458.fit.gz,,,2716.0,2614.0,8470.3701171875,5.287988185882568,3.240386486053467,289.0,283.0,421.6000061035156,712.5999755859375,33.11837387084961,0.06138989329338074,,,86.0,81.14582824707031,,154.4988555908203,,,632.0,,18.0,71.0,,,,,,,,,,,0.0,,0.0,,1.0,9243.400390625,,,,,,,,,,,,,,,,,,,,,,,,,,0.0,3.1186928749084473,0.0,,,,7080.0,,,,,,,,""
8460636375,"Jan 27, 2023, 12:46:33 PM",Afternoon Backcountry Ski,Backcountry Ski,"",6017,6.68,128.0,13,false,,,activities/9077516540.fit.gz,,,6017.0,5101.0,6685.31005859375,16.889989852905273,1.3105881214141846,965.0,477.0,1163.800048828125,1698.0,49.54563903808594,7.14102840423584,,,,,,101.44880676269531,,,510.0,,15.0,13.0,,,,,,,,,,,0.0,,0.0,,1.0,,,,,,,,,,,,,,,,,,,,,,,,,,,0.0,1.1110702753067017,3429.10009765625,,,,,,,,,,,,""
8469609451,"Jan 28, 2023, 9:25:46 AM",Morning Hike,Hike,,4278,7.76,169.0,58,false,,,activities/9087554675.fit.gz,,,4278.0,4081.0,7767.81005859375,4.301676273345947,1.9034085273742676,663.0,656.0,706.5999755859375,1371.4000244140625,49.95192337036133,-0.010299541987478733,,,102.0,67.7716293334961,,141.9097137451172,,,833.0,,11.0,58.0,,,,,,,,,,,,,0.0,,1.0,,,,,,,,,,,,,,,,,,,,,,,,,,,0.0,1.815757393836975,6537.60009765625,,,,,,,,,,,,""
8469612477,"Jan 29, 2023, 6:27:19 AM",🏁,Backcountry Ski,"",12259,12.28,161.0,27,false,,,activities/9087557476.fit.gz,,,12259.0,6409.0,12288.7001953125,21.112010955810547,1.9174129962921143,1213.0,1084.0,1435.5999755859375,1878.4000244140625,49.483795166015625,0.01464700698852539,,,,,,111.08545684814453,,,861.0,,19.0,27.0,,,,,,,,,,,0.0,,0.0,,1.0,,,,,,,,,,,,,,,,,,,,,,,,,,,0.0,1.0024226903915405,7295.2998046875,,,,,,,,,,,,""
8475903138,"Jan 30, 2023, 11:05:41 AM",Lunch Run,Run,,2593,10.02,167.0,63,false,,,activities/9094630855.fit.gz,,,2593.0,2576.0,10018.990234375,9.10400390625,3.889359474182129,48.0,43.0,212.1999969482422,230.8000030517578,12.434698104858398,0.05190156027674675,,,85.0,80.19241333007812,,151.26918029785156,,,705.0,,16.0,63.0,,,,,,,,,,,,,0.0,,1.0,10120.7998046875,,,,,,,,,,,,,,,,,,,,,,,,,,0.0,3.8638603687286377,4517.5,,,,6884.0,,,,,,,,""
8481553108,"Jan 31, 2023, 11:00:09 AM",🦋,Ride,Primo Selvino dell'anno hard Selvino Gravel,5102,31.87,174.0,99,false,,Scott,activities/9100863343.fit.gz,,7.0,5102.0,5004.0,31875.341796875,17.060155868530273,6.369972229003906,785.0,658.0,328.0,1062.4000244140625,20.33749771118164,0.3934074342250824,,,,,,145.54013061523438,,178.64108276367188,1185.0,,15.0,99.0,,,,,,,,,,,0.0,,0.0,,1.0,,,,,,,,,,,,,,,,2806964.0,,,,,,,,,,,0.0,6.247616767883301,0.0,,,,,,,,,,,,media/94f24304-1c7f-4ad0-b0c6-e7d3897e35d9.jpg|media/a659906f-7e43-4538-9d47-2965faeef7d3.jpg
8489089209,"Feb 1, 2023, 5:22:40 PM",🏓,Workout,"",4117,0,90.0,5,false,,,activities/9110254659.fit.gz,,,4117.0,4117.0,0.0,0.0,0.0,0.0,0.0,206.39999389648438,208.1999969482422,0.0,0.0,,,,,,69.63687133789062,,,158.0,,24.0,5.0,,,,,,,,,,,0.0,,0.0,,1.0,,,,,,,,,,,,,,,,,,,,,,,,,,,0.0,0.0,0.0,,,,,,,,,,,,""
8492431153,"Feb 2, 2023, 11:02:39 AM",⚰️,Run,Polmoni non ancora a 100,3271,11.12,180.0,80,false,,,activities/9113981820.fit.gz,,,3271.0,3266.0,11119.6904296875,7.432031154632568,3.40468168258667,314.0,195.0,378.6000061035156,683.4000244140625,23.430477142333984,1.080965518951416,,,83.0,80.06912231445312,,152.36636352539062,,,834.0,,18.0,80.0,,,,,,,,,,,0.0,,0.0,,1.0,12113.7998046875,,,,,,,,,,,,,,,,,,,,,,,,,,0.0,3.399477243423462,1177.9000244140625,,,,8748.0,,,,,,,,""
8494222160,"Feb 2, 2023, 5:10:22 PM",🐡,Swim,Una tonnaia per il ritorno in vasca,3320,"1,750",134.0,13,false,,,activities/9115974779.fit.gz,,,3320.0,2045.0,1750.0,10.555999755859375,0.8557457327842712,0.0,,,,0.0,0.0,,,,29.0,,107.8648452758789,,,350.0,,,13.0,,,,,,,,,,,0.0,,0.0,,1.0,,,,,,,,,,,,,,,,,,,,,,,,,,,0.0,0.5271084308624268,0.0,,,,,,,,,,,,""
8499157083,"Feb 3, 2023, 5:55:56 AM",🐻,Ride,Le gambe ancora in letargo,39399,48.80,171.0,109,false,,Scott,activities/9121434378.fit.gz,,7.0,39399.0,6284.0,48802.26171875,15.803997993469238,7.766114234924316,388.0,385.0,224.8000030517578,563.2000122070312,27.6231746673584,-0.00737678213045001,,,,,,143.16127014160156,,147.4044952392578,1580.0,,14.0,109.0,,,,,,,,,,,0.0,,0.0,,1.0,,,,,,,,,,,,,,,,2806964.0,,,,,,,,,,,0.0,1.2386674880981445,7.400000095367432,,,,,,,,,,,,""
8502098356,"Feb 4, 2023, 8:57:39 AM",🦥,Run,La calma prima della calma,3019,10.05,173.0,46,false,,,activities/9124696363.fit.gz,,,3019.0,3016.0,10049.240234375,6.112011909484863,3.3319761753082275,296.0,301.0,406.79998779296875,707.4000244140625,19.644336700439453,-0.04577497020363808,,,91.0,79.0857162475586,,142.85182189941406,,,710.0,,19.0,46.0,,,,,,,,,,,0.0,,0.0,,1.0,10728.900390625,,,,,,,,,,,,,,,,,,,,,,,,,,0.0,3.328665256500244,0.0,,,,7970.0,,,,,,,,""
8507880563,"Feb 5, 2023, 8:40:51 AM",👮,Run,"Maledetta guardia.
La forma non è al massimo ma comunque le gambe girano
📈",4907,21.45,188.0,236,false,,,activities/9131225909.fit.gz,,,4907.0,4901.0,21449.91015625,8.348047256469727,4.376639366149902,120.0,123.0,239.0,280.0,11.570570945739746,-0.012121290899813175,,,92.0,83.3209457397461,,169.47938537597656,,,1482.0,,10.0,236.0,,,,,,,,,,,0.0,,0.0,,1.0,21615.5,,,,,,,,,,,,,,,,,,,,,,,,,,0.0,4.371287822723389,339.5,,,,13598.0,,,,,,,,media/744975de-092a-4b37-ae83-ad93056c975a.jpg
8515906243,"Feb 6, 2023, 5:59:27 AM",‼️🤨,Ride,"",39806,48.44,173.0,84,false,,Scott,activities/9140274733.fit.gz,,7.0,39806.0,6432.0,48445.78125,15.324005126953125,7.531993389129639,402.0,422.0,221.39999389648438,563.2000122070312,31.251192092895508,-0.032201021909713745,,,,,,135.7645721435547,,139.25035095214844,1504.0,,10.0,84.0,,,,,,,,,,,0.0,,0.0,,1.0,,,,,,,,,,,,,,,,2806964.0,,,,,,,,,,,0.0,1.2170472145080566,28.899999618530273,,,,,,,,,,,,""
8520155721,"Feb 7, 2023, 11:10:27 AM",😱,Run,"",3127,11.71,190.0,90,false,,,activities/9144945826.fit.gz,,,3127.0,3124.0,11717.150390625,9.314013481140137,3.750688314437866,215.0,213.0,386.3999938964844,565.2000122070312,18.119953155517578,0.017068997025489807,,,85.0,80.70747375488281,,155.8954315185547,,,829.0,,11.0,90.0,,,,,,,,,,,0.0,,0.0,,1.0,12255.5,,,,,,,,,,,,,,,,,,,,,,,,,,0.0,3.7470901012420654,2122.10009765625,,,,8406.0,,,,,,,,media/50cc12e3-9d91-45b7-a37a-9f54faae38d8.jpg
8525850042,"Feb 8, 2023, 11:07:43 AM",🦵,Run,Mal di gambe,3284,12.14,176.0,68,false,,,activities/9151214816.fit.gz,,,3284.0,3234.0,12141.4501953125,5.5,3.7543137073516846,36.0,36.0,197.39999389648438,223.60000610351562,9.417120933532715,-0.0016472245333716273,,,84.0,80.45378112792969,,150.3386993408203,,,861.0,,14.0,68.0,,,,,,,,,,,0.0,,0.0,,1.0,12205.599609375,,,,,,,,,,,,,,,,,,,,,,,,,,0.0,3.697152853012085,802.2000122070312,,,,8664.0,,,,,,,,""
8531565914,"Feb 9, 2023, 11:36:33 AM",🥴,Virtual Ride,Il tacx è ubriaco,3319,37.52,,,false,,Scott,activities/9157526248.fit.gz,,7.0,3319.0,3319.0,37527.6796875,12.317968368530273,11.306923866271973,0.0,,,,0.0,0.0,,,77.0,63.622779846191406,,,,262.85235595703125,872.0,,,,,,,,,,,,268.0,3320.0,0.0,,0.0,,1.0,,,,,,,,,,,,,,,,2806964.0,,,,,,,,,,,0.0,11.306923866271973,0.0,,,,,,,,,,,,""
8534451844,"Feb 9, 2023, 6:36:04 PM",Evening Backcountry Ski,Backcountry Ski,,13013,4.03,116.0,4,false,,,activities/9160706125.fit.gz,,,13013.0,2478.0,4036.909912109375,14.550000190734863,1.6291000843048096,439.0,430.0,1197.4000244140625,1637.5999755859375,44.21129608154297,0.0,,,,,,80.88516235351562,,,160.0,,14.0,4.0,,,,,,,,,,,,,0.0,,1.0,,,,,,,,,,,,,,,,,,,,,,,,,,,0.0,0.3102213144302368,2398.5,,,,,,,,,,,,""
8535662927,"Feb 10, 2023, 5:33:54 AM",🍝,Run,Powered by pasta ragù vodala edition,3071,11.36,186.0,105,false,,,activities/9162042057.fit.gz,,,3071.0,2985.0,11363.7998046875,10.555956840515137,3.8069682121276855,172.0,171.0,226.1999969482422,382.20001220703125,18.604650497436523,0.021119777113199234,,,85.0,81.00472259521484,,160.30992126464844,,,817.0,,5.0,105.0,,,,,,,,,,,0.0,,0.0,,1.0,11751.400390625,,,,,,,,,,,,,,,,,,,,,,,,,,0.0,3.7003581523895264,1727.300048828125,,,,8036.0,,,,,,,,""
8541298095,"Feb 11, 2023, 7:46:04 AM",🛏️,Ride,Col Sedere per terra,7270,35.35,162.0,49,false,,Scott,activities/9168318429.fit.gz,,7.0,7270.0,7133.0,35349.25,17.719921112060547,4.955733776092529,1339.0,1205.0,399.20001220703125,1073.5999755859375,17.542049407958984,0.37794288992881775,,,,,,128.5473175048828,,167.84474182128906,1232.0,,10.0,49.0,,,,,,,,,,,0.0,,0.0,,1.0,,,,,,,,,,,,,,,,2806964.0,,,,,,,,,,,0.0,4.862345218658447,0.0,,,,,,,,,,,,""
8548939196,"Feb 12, 2023, 11:54:00 AM",🧀,Run,Lambrusco e gnocchi fritti con zola,6785,23.01,180.0,201,false,,,activities/9176867706.fit.gz,,,6785.0,6458.0,23016.19140625,6.751953125,3.563981294631958,362.0,375.0,360.79998779296875,709.5999755859375,17.474580764770508,-0.014772315509617329,,,84.0,80.9826431274414,,158.4700164794922,,,1640.0,,20.0,201.0,,,,,,,,,,,0.0,,0.0,,1.0,23834.69921875,,,,,,,,,,,,,,,,,,,,,,,,,,0.0,3.392216682434082,6022.0,,,,17448.0,,,,,,,,media/91106db8-a79a-4662-b2b7-d31253bdd086.jpg
8553612146,"Feb 13, 2023, 10:58:11 AM",Lunch Ride,Ride,,3852,18.76,157.0,21,false,,Scott,activities/9182172311.fit.gz,,7.0,3852.0,3642.0,18761.708984375,16.106054306030273,5.151485443115234,666.0,653.0,421.20001220703125,1089.199951171875,18.62451934814453,0.0522339791059494,,,,,,124.91487884521484,,165.05093383789062,679.0,,18.0,21.0,,,,,,,,,,,,,0.0,,1.0,,,,,,,,,,,,,,,,2806964.0,,,,,,,,,,,0.0,4.870641231536865,0.0,,,,,,,,,,,,""
8559144786,"Feb 14, 2023, 11:13:19 AM",🍜,Run,Noodles a mano,3386,13.39,178.0,74,false,,,activities/9188297253.fit.gz,,,3386.0,3381.0,13390.0703125,10.529980659484863,3.9603874683380127,65.0,63.0,212.8000030517578,231.0,11.834189414978027,0.0059744855388998985,,,84.0,80.4959945678711,,150.83140563964844,,,921.0,,20.0,74.0,,,,,,,,,,,0.0,,0.0,,1.0,13514.7998046875,,,,,,,,,,,,,,,,,,,,,,,,,,0.0,3.9545392990112305,7123.5,,,,9078.0,,,,,,,,media/da62da11-9b06-4445-9b58-428ade49a9b1.jpg|media/a2152236-6de6-43b6-b6fc-d3442bc48648.jpg
8566338225,"Feb 15, 2023, 6:00:18 AM",🐖,Ride,"Pàne crudo, pomodori, stracchino e salsa tarara",39418,48.50,166.0,72,false,,Scott,activities/9196279985.fit.gz,,7.0,39418.0,6260.0,48506.12109375,14.181994438171387,7.748581409454346,415.0,419.0,229.8000030517578,564.0,29.278167724609375,0.0,,,,,,135.58006286621094,,148.89894104003906,1424.0,,14.0,72.0,,,,,,,,,,,0.0,,0.0,,1.0,,,,,,,,,,,,,,,,2806964.0,,,,,,,,,,,0.0,1.2305576801300049,0.0,,,,,,,,,,,,""
8570463136,"Feb 16, 2023, 10:58:10 AM",🔋,Ride,"Altino gravel, col sole, bello.",3520,16.78,160.0,29,false,,Scott,activities/9200809977.fit.gz,,7.0,3520.0,3374.0,16779.669921875,16.845897674560547,4.9732279777526855,674.0,673.0,364.6000061035156,828.4000244140625,25.679859161376953,0.015494795516133308,,,,,,127.97801208496094,,187.24908447265625,687.0,,19.0,29.0,,,,,,,,,,,0.0,,0.0,,1.0,,,,,,,,,,,,,,,,2806964.0,,,,,,,,,,,0.0,4.766952037811279,798.4000244140625,,,,,,,,,,,,""
8571806988,"Feb 16, 2023, 3:48:07 PM",✌️,Run,Meglio doppiare oggi che domani mattina,3283,11.20,186.0,143,false,,,activities/9202305362.fit.gz,,,3283.0,3280.0,11200.3203125,8.717968940734863,3.414731740951538,316.0,193.0,383.6000061035156,687.2000122070312,21.91208267211914,1.1071112155914307,,,84.0,80.53756713867188,,166.0464324951172,,,861.0,,14.0,143.0,,,,,,,,,,,0.0,,0.0,,1.0,12175.5,,,,,,,,,,,,,,,,,,,,,,,,,,0.0,3.411611318588257,1194.5999755859375,,,,8822.0,,,,,,,,""
8579550622,"Feb 17, 2023, 5:46:34 AM",Morning Weight Training,Weight Training,"",760,0,106.0,1,false,,,activities/9210792059.fit.gz,,,760.0,760.0,0.0,0.0,0.0,0.0,,,,0.0,0.0,,,,,,83.13552856445312,,,56.0,,26.0,1.0,,,,,,,,,,,0.0,,0.0,,1.0,,,,,,,,,,,,,,,,,,,,,,,,,,,0.0,0.0,0.0,,,,,,,,,,,,""
8579600812,"Feb 18, 2023, 8:44:23 AM",Morning Ride,Ride,"",745,2.40,120.0,2,false,,Scott,activities/9210846945.fit.gz,,7.0,745.0,745.0,2408.469970703125,5.201666355133057,3.2328455448150635,167.0,1.0,393.0,560.5999755859375,31.523433685302734,6.875733375549316,,,,,,104.83870697021484,,196.1298370361328,106.0,,20.0,2.0,,,,,,,,,,,0.0,,0.0,,1.0,,,,,,,,,,,,,,,,2806964.0,,,,,,,,,,,0.0,3.2328455448150635,0.0,,,,,,,,,,,,""
8582046872,"Feb 18, 2023, 12:17:20 PM",🤖,Ride,Watt e Elon Musk,11653,74.00,170.0,133,false,,Scott,activities/9213466183.fit.gz,,7.0,11653.0,10103.0,74000.5234375,18.533985137939453,7.32460880279541,1457.0,1457.0,303.3999938964844,1085.0,16.42018699645996,0.01243227906525135,,,,,,136.86952209472656,,192.11375427246094,1988.0,,18.0,133.0,,,,,,,,,,,0.0,,0.0,,1.0,,,,,,,,,,,,,,,,2806964.0,,,,,,,,,,,0.0,6.350340843200684,0.0,,,,,,,,,,,,media/2e230865-2d1d-432a-8d4c-841e0a7b3cd2.mp4
8585852674,"Feb 19, 2023, 8:18:26 AM",🇬🇷,Run,Un giros con pita nel corpo. Digeriti solo dopo 10km.,7588,23.04,186.0,356,false,,,activities/9217573077.fit.gz,,,7588.0,7349.0,23046.580078125,5.566015720367432,3.1360158920288086,706.0,701.0,379.0,1062.5999755859375,24.292034149169922,0.02256305329501629,,,86.0,79.55534362792969,,168.74703979492188,,,1834.0,,12.0,356.0,,,,,,,,,,,0.0,,0.0,,1.0,24958.69921875,,,,,,,,,,,,,,,,,,,,,,,,,,0.0,3.037240505218506,1147.699951171875,,,,19540.0,,,,,,,,media/81035d27-44db-478c-bb60-b3c4087b947c.jpg|media/4647dc0e-8df8-4905-8744-cffe9319e7e7.jpg
8591130026,"Feb 20, 2023, 6:02:08 AM",🦵,Run,Fight for calves ,3539,11.22,166.0,71,false,,,activities/9223271994.fit.gz,,,3539.0,3539.0,11223.3701171875,5.218017578125,3.171339511871338,324.0,197.0,376.6000061035156,690.5999755859375,17.24135971069336,1.1351311206817627,,,83.0,80.23571014404297,,147.2784423828125,,,880.0,,17.0,71.0,,,,,,,,,,,0.0,,0.0,,1.0,12204.900390625,,,,,,,,,,,,,,,,,,,,,,,,,,0.0,3.171339511871338,1181.199951171875,,,,9480.0,,,,,,,,""
8597741681,"Feb 21, 2023, 6:00:39 AM",🎉,Ride,Panoramico e Cannondale is back,21840,50.06,190.0,132,false,,Scott,activities/9230289285.fit.gz,,7.0,21840.0,5827.0,50059.23046875,13.876001358032227,8.590909957885742,410.0,411.0,228.8000030517578,564.0,34.13322448730469,0.0015980824828147888,,,101.0,77.19664764404297,,148.61598205566406,,204.46754455566406,1334.0,,15.0,132.0,1188293.0,,,,,,,,218.0,6016.0,0.0,,0.0,,1.0,,,,,,,,,,,,,,,,2806964.0,,,,,,,,,,,0.0,2.2920892238616943,15.100000381469727,,,,,,,,,,,,media/317d4b84-e26b-47ae-bd66-e279322e4558.jpg|media/ec5578d7-2f8b-4bdf-820a-14ac2caeb440.jpg
8602310565,"Feb 22, 2023, 5:34:24 AM",🧁,Run,"",4841,15.71,180.0,112,false,,,activities/9235097138.fit.gz,,,4841.0,4276.0,15717.9296875,7.766015529632568,3.675848960876465,176.0,174.0,224.8000030517578,375.0,17.49308967590332,0.007634573616087437,,,85.0,80.89422607421875,,153.83180236816406,,,1090.0,,16.0,112.0,,,,,,,,,,,0.0,,0.0,,1.0,16107.099609375,,,,,,,,,,,,,,,,,,,,,,,,,,0.0,3.246835231781006,4106.5,,,,11488.0,,,,,,,,media/30ad0ca8-7c75-42aa-8afe-cf30217bedb6.jpg|media/84e413f5-7685-4f77-b2da-08ad8c2d046c.jpg
8608774280,"Feb 23, 2023, 10:41:11 AM",🔁➿,Ride,Selvino as usual per tenere i mitocondri attivi,5023,31.88,160.0,39,false,,Scott,activities/9241911839.fit.gz,,7.0,5023.0,4960.0,31884.7890625,16.308202743530273,6.428385257720947,797.0,674.0,327.20001220703125,1063.5999755859375,18.76978874206543,0.3964271545410156,,,96.0,68.650634765625,,129.6083526611328,,212.18603515625,1178.0,,15.0,39.0,1053106.0,,,,,,,,236.0,5024.0,0.0,,0.0,,1.0,,,,,,,,,,,,,,,,2806964.0,,,,,,,,,,,0.0,6.3477582931518555,0.0,,,,,,,,,,,,""
8612891974,"Feb 24, 2023, 5:45:18 AM",🫘,Run,"Pasta, fagioli e Imperial stout ",3483,12.04,169.0,84,false,,,activities/9246236000.fit.gz,,,3483.0,3473.0,12048.009765625,5.056005954742432,3.4690496921539307,193.0,208.0,359.20001220703125,563.2000122070312,17.34564208984375,-0.1411021500825882,,,83.0,80.02633666992188,,151.95059204101562,,,862.0,,14.0,84.0,,,,,,,,,,,0.0,,0.0,,1.0,12478.0,,,,,,,,,,,,,,,,,,,,,,,,,,0.0,3.459089756011963,5046.7001953125,,,,9296.0,,,,,,,,media/f012f918-97b3-4240-b55d-2a36507d4bde.jpg
8620531657,"Feb 25, 2023, 11:41:55 AM",🦶,Ride,"Jeremy Clarkson sui colli. Ma non sa guidare.
Fanale spaccato dalla mia caviglia.
Incontri ravvicinati del terzo tipo. ",14385,76.21,167.0,143,false,,Scott,activities/9254284559.fit.gz,,7.0,14385.0,11773.0,76218.234375,17.236328125,6.47398567199707,1918.0,1778.0,279.3999938964844,1216.5999755859375,28.899145126342773,0.1689884215593338,,,103.0,68.67288208007812,,136.2412872314453,,217.3254852294922,2856.0,,17.0,143.0,2559510.0,,,,,,,,236.0,13358.0,0.0,,0.0,,1.0,,,,,,,,,,,,,,,,2806964.0,,,,,,,,,,,0.0,5.298451900482178,79.30000305175781,,,,,,,,,,,,media/08c23aaa-3ff3-411c-9497-9853cecb8e90.jpg|media/788236a0-45df-4ce4-b5e0-4aadfb6a7f76.jpg|media/8c0df6f0-b7de-4eb1-8784-8b49588a93dd.jpg
8624441552,"Feb 26, 2023, 7:38:06 AM",🛡️ Coglia 2023,Ride,"Che cazzo di freddo
Coglia coglia 2023 corto
[strava://athletes/66130073/14]Enrico Merelli ",12173,72.06,166.0,103,false,"",Scott,activities/9258446840.fit.gz,,7.0,12173.0,11566.0,72060.78125,13.470312118530273,6.230397701263428,482.8992004394531,681.0,168.3000030517578,459.8999938964844,42.10835266113281,0.0,,,,,,132.0966796875,,94.90499114990234,2014.0,,9.0,103.0,,,,,,,,,,,0.0,,0.0,,1.0,,,,,,,,,,,,,,,,2806964.0,,,,,,,,,,,0.0,5.919722557067871,28301.400390625,,,,,,,,,,,,media/b59610b4-11c7-4b58-8684-a4c148513304.jpg|media/3191a627-dc00-4a70-a7c9-7350f952faf4.jpg|media/3ea334a1-bf2d-4d74-a4f4-8c71ea38f5b3.jpg
8630417021,"Feb 27, 2023, 11:39:32 AM",Lunch Ride,Virtual Ride,,3319,35.07,,,false,,Scott,activities/9264774110.fit.gz,,7.0,3319.0,3319.0,35077.5,11.84765625,10.568696022033691,0.0,,,,0.0,0.0,,,89.0,67.68665313720703,,,,220.41006469726562,731.0,,,,,,,,,,,,225.0,3320.0,,,0.0,,1.0,,,,,,,,,,,,,,,,2806964.0,,,,,,,,,,,0.0,10.568696022033691,0.0,,,,,,,,,,,,""
8634394724,"Feb 28, 2023, 5:45:13 AM",🍦,Run,Croccancrem da Marci con liuk e Marti ,3371,12.55,184.0,127,false,,,activities/9268922764.fit.gz,,,3371.0,3354.0,12552.44921875,8.341992378234863,3.7425312995910645,175.0,170.0,225.60000610351562,383.3999938964844,17.152429580688477,0.02389971725642681,,,88.0,81.41474151611328,,162.5922088623047,,,923.0,,10.0,127.0,,,,,,,,,,,0.0,,0.0,,1.0,12954.599609375,,,,,,,,,,,,,,,,,,,,,,,,,,0.0,3.7236576080322266,1992.0,,,,9112.0,,,,,,,,""
8643537137,"Mar 1, 2023, 6:29:36 PM",🍝,Run,Con un kg di pasta in corpo si prova un 3 x 2 come ai vecchi tempi,2417,10.34,175.0,59,false,,,activities/9278482390.fit.gz,,,2417.0,2401.0,10339.3603515625,6.185986518859863,4.306272506713867,53.0,58.0,295.3999938964844,313.3999938964844,45.756980895996094,-0.050293367356061935,,,85.0,81.4862289428711,,152.78916931152344,,,719.0,,10.0,59.0,,,,,,,,,,,0.0,,0.0,,1.0,10518.599609375,,,,,,,,,,,,,,,,,,,,,,,,,,0.0,4.27776575088501,18.100000381469727,,,,6510.0,,,,,,,,""
8645807421,"Mar 2, 2023, 5:52:41 AM",✨,Run,Ordinary day,4008,13.32,185.0,129,false,"",,activities/9280849333.fit.gz,,,4008.0,3805.0,13322.0703125,5.595995903015137,3.5012009143829346,336.0,330.0,377.3999938964844,694.2000122070312,20.74955177307129,0.027022644877433777,,,86.0,81.50382232666016,,159.99000549316406,,,981.0,,12.0,129.0,,,,,,,,,,,,,0.0,,1.0,14191.7001953125,,,,,,,,,,,,,,,,,,,,,,,,,,0.0,3.3238697052001953,1168.0,,,,10332.0,,,,,,,,""
8648291264,"Sep 12, 2022, 11:29:51 AM",Afternoon Ride,Ride,,9057,49.02,174.0,97,false,,Scott,activities/9283460264.fit.gz,,7.0,9057.0,9030.0,49028.8203125,16.259984970092773,5.429548263549805,557.0,544.0,244.8000030517578,668.4000244140625,15.474180221557617,0.010606031864881516,,,,,,134.538330078125,,91.04423522949219,2185.0,,26.0,97.0,,,,,,,,,,,,,0.0,,1.0,,,,,,,,,,,,,,,,2806964.0,,,,,,,,,,,0.0,5.4133620262146,0.0,,,,,,,,,,,,""
8648294677,"Aug 25, 2022, 9:36:04 AM",Lunch Ride,Ride,,13584,54.23,172.0,188,false,,Scott,activities/9283463741.fit.gz,,7.0,13584.0,13159.0,54232.48046875,16.7239990234375,4.121322154998779,994.0,654.0,244.8000030517578,1054.199951171875,16.259593963623047,0.5524364709854126,,,,,,138.72096252441406,,91.1568603515625,3320.0,,32.0,188.0,,,,,,,,,,,,,0.0,,1.0,,,,,,,,,,,,,,,,2806964.0,,,,,,,,,,,0.0,3.9923791885375977,9021.2998046875,,,,,,,,,,,,""
8649805813,"Mar 2, 2023, 6:52:30 PM",Evening Hike,Hike,,11226,4.33,124.0,9,false,,,activities/9285032573.fit.gz,,,11226.0,4317.0,4330.22998046875,4.579980373382568,1.0030646324157715,431.0,418.0,1193.4000244140625,1625.800048828125,48.9798469543457,-0.004620383959263563,,,104.0,60.43800735473633,,92.49507904052734,,,424.0,,22.0,9.0,,,,,,,,,,,,,0.0,,1.0,,,,,,,,,,,,,,,,,,,,,,,,,,,0.0,0.3857322037220001,2688.39990234375,,,,,,,,,,,,""
8653646791,"Mar 3, 2023, 4:14:04 PM",🦥,Run,"Slow and effective 🥹
Grazie mitocondri domani mi servite ",2698,10.04,150.0,17,false,,,activities/9289052316.fit.gz,,,2698.0,2685.0,10040.9599609375,5.583984375,3.739650011062622,39.0,38.0,210.60000610351562,226.0,11.3743257522583,0.0,,,84.0,79.98052215576172,,135.1193084716797,,,655.0,,22.0,17.0,,,,,,,,,,,0.0,,0.0,,1.0,10114.099609375,,,,,,,,,,,,,,,,,,,,,,,,,,0.0,3.7216310501098633,4488.0,,,,7166.0,,,,,,,,""
8658647836,"Mar 4, 2023, 6:01:51 AM",🍷,Ride,"Orezzo Alba per conquistare cantine.
Finirsi fino al midollo
Kebab salvifico al km 203
Treiso di felicità ma con strano retrogusto ",30333,237.28,175.0,564,false,,Scott,activities/9294288199.fit.gz,,7.0,30333.0,26551.0,237288.46875,14.996874809265137,8.937082290649414,1257.0,1629.0,67.4000015258789,563.2000122070312,32.089054107666016,-0.16039548814296722,,,102.0,76.53578186035156,,147.9248046875,,207.56549072265625,6185.0,,16.0,564.0,5518462.0,,,,,,,,210.0,28423.0,0.0,,0.0,,1.0,,,,,,,,,,,,,,,,2806964.0,,,,,,,,,,,0.0,7.82278299331665,1638.0,,,,,,,,,,,,media/2c836692-13e3-4f36-9c40-c4210e026f58.jpg|media/bb0dac23-cb93-4a64-8590-27a26a963101.jpg|media/4e1fdaaa-eaa7-4bab-afce-f7fea84a1bc3.jpg|media/3b6ae7cc-c4c7-4e81-82ad-127907bf8e85.jpg|media/a333facc-f1e5-4fc5-8788-9f5fb70dea73.jpg|media/dd5119c6-1bab-4238-8a70-6f2521aaa147.jpg
8661988058,"Mar 5, 2023, 6:52:22 AM",🥞,Run,"Fight for pancakes
Una delle corse più random in assoluto ",3193,10.33,162.0,28,false,,,activities/9298242862.fit.gz,,,3193.0,2921.0,10332.9404296875,8.175976753234863,3.5374667644500732,46.0,46.0,170.39999389648438,184.60000610351562,14.911404609680176,0.007742259185761213,,,83.0,80.34405517578125,,136.2261199951172,,,699.0,,9.0,28.0,,,,,,,,,,,0.0,,0.0,,1.0,10439.2001953125,,,,,,,,,,,,,,,,,,,,,,,,,,0.0,3.2361228466033936,0.0,,,,7818.0,,,,,,,,""
8669302971,"Mar 6, 2023, 10:48:43 AM",🍀,Run,"13 is a lucky number
Maybe",5191,13.36,171.0,62,false,,,activities/9306065596.fit.gz,,,5191.0,3830.0,13363.6796875,6.592041015625,3.489211320877075,323.0,315.0,380.20001220703125,694.5999755859375,17.43539047241211,0.0,,,122.0,80.75261688232422,,143.5765838623047,,,954.0,,16.0,62.0,,,,,,,,,,,0.0,,0.0,,1.0,14157.7001953125,,,,,,,,,,,,,,,,,,,,,,,,,,0.0,2.5743939876556396,1201.9000244140625,,,,10314.0,,,,,,,,""
8674851469,"Mar 7, 2023, 5:57:56 AM",🔁,Ride,"",23455,48.36,172.0,95,false,,Scott,activities/9311872532.fit.gz,,7.0,23455.0,5847.0,48360.94140625,13.616003036499023,8.271069526672363,401.0,400.0,229.1999969482422,563.2000122070312,40.29813003540039,-0.0033085306640714407,,,99.0,74.08585357666016,,141.76744079589844,,196.84925842285156,1297.0,,15.0,95.0,1150922.0,,,,,,,,218.0,6033.0,0.0,,0.0,,1.0,,,,,,,,,,,,,,,,2806964.0,,,,,,,,,,,0.0,2.0618605613708496,8.800000190734863,,,,,,,,,,,,""
8679217240,"Mar 8, 2023, 6:00:08 AM",🇲🇵,Run,Hills,3549,12.49,172.0,72,false,,,activities/9316428421.fit.gz,,,3549.0,3546.0,12496.83984375,5.829980373382568,3.524207592010498,224.0,231.0,384.3999938964844,563.2000122070312,28.340293884277344,-0.03360859304666519,,,84.0,81.39099884033203,,148.11325073242188,,,913.0,,10.0,72.0,,,,,,,,,,,0.0,,0.0,,1.0,13053.7998046875,,,,,,,,,,,,,,,,,,,,,,,,,,0.0,3.521228551864624,2021.0999755859375,,,,9600.0,,,,,,,,""
8685439650,"Mar 9, 2023, 10:50:54 AM",👩‍🎤,Run,"Post concerto
Half alive
",3743,12.78,162.0,51,false,,,activities/9322931067.fit.gz,,,3743.0,3272.0,12785.5302734375,8.079980850219727,3.9075582027435303,30.0,27.0,125.4000015258789,137.60000610351562,12.889336585998535,0.028156816959381104,,,86.0,81.22249603271484,,143.58062744140625,,,866.0,,20.0,51.0,,,,,,,,,,,0.0,,0.0,,1.0,12878.599609375,,,,,,,,,,,,,,,,,,,,,,,,,,0.0,3.415850877761841,2129.800048828125,,,,8858.0,,,,,,,,media/3d1b9506-edd8-40d0-8f62-9260633f0149.jpg|media/e12dbf42-abc6-496f-aefb-87c84d2e62a8.jpg|media/64f82c6e-afd4-40c4-b866-4b59b8983948.jpg|media/7f15541d-3a48-4be3-90e0-abd456dc08eb.jpg
8692019479,"Mar 10, 2023, 6:04:34 AM",🥣,Ride,Low cals more watts,41020,60.33,183.0,101,false,,Scott,activities/9329802424.fit.gz,,7.0,41020.0,7932.0,60333.96875,16.610157012939453,7.606400489807129,933.0,800.0,231.39999389648438,1066.800048828125,31.175716400146484,0.2151358425617218,,,106.0,74.59720611572266,,138.0434112548828,,210.37022399902344,1885.0,,18.0,101.0,1667520.0,,,,,,,,231.0,8254.0,0.0,,0.0,,1.0,,,,,,,,,,,,,,,,2806964.0,,,,,,,,,,,0.0,1.470842719078064,15.399999618530273,,,,,,,,,,,,""
8694754087,"Mar 11, 2023, 6:47:38 AM",🚮,Run,"Pre ski, trash.
Mancano 2 km che avrebbero allungato e abbassato 🥹
Restyling dei mitocondri ok ",10402,32.74,191.0,333,false,,,activities/9332674921.fit.gz,,,10402.0,9724.0,32748.560546875,6.062109470367432,3.367807626724243,797.0,659.0,328.0,1068.4000244140625,20.648426055908203,0.41101035475730896,,,86.0,81.665771484375,,159.75827026367188,,,2442.0,,18.0,333.0,,,,,,,,,,,0.0,,0.0,,1.0,34983.1015625,,,,,,,,,,,,,,,,,,,,,,,,,,0.0,3.148294687271118,7264.7998046875,,,,26460.0,,,,,,,,media/3f2bd965-9174-43db-8966-fba058ab2f71.mp4
8697449506,"Mar 11, 2023, 1:03:27 PM",🚁,Hike,Follia questo ski trash ,13655,4.61,137.0,11,false,,,activities/9335499417.fit.gz,,,13655.0,4389.0,4617.5400390625,2.5,1.0520710945129395,447.0,413.0,1158.4000244140625,1622.800048828125,49.314395904541016,0.9788751006126404,,,101.0,56.738101959228516,,102.490478515625,,,523.0,,24.0,11.0,,,,,,,,,,,0.0,,0.0,,1.0,,,,,,,,,,,,,,,,,,,,,,,,,,,0.0,0.3381574749946594,4158.10009765625,,,,,,,,,,,,media/9eeb123b-d431-42f4-88e2-83fa889a571f.mp4|media/74584311-62fd-49d1-ba24-af16d21bf967.mp4
8700273264,"Mar 12, 2023, 6:26:10 AM",🔚,Ride,Finito. Gambe che han sentito tutte le ultime 24 ore ,9115,59.10,165.0,111,false,,Scott,activities/9338471309.fit.gz,,7.0,9115.0,8985.0,59107.26171875,18.110157012939453,6.578437328338623,1436.0,1424.0,413.3999938964844,1294.199951171875,29.743526458740234,-0.04161931574344635,,,111.0,67.4851303100586,,137.765380859375,,202.48793029785156,2045.0,,13.0,111.0,1819604.0,,,,,,,,230.0,9116.0,0.0,,0.0,,1.0,,,,,,,,,,,,,,,,2806964.0,,,,,,,,,,,0.0,6.484614372253418,0.0,,,,,,,,,,,,""
8707039409,"Mar 13, 2023, 10:53:18 AM",⚰️,Run,Val de gru is never nice to you,4242,13.03,170.0,108,false,,,activities/9345637051.fit.gz,,,4242.0,4171.0,13032.3798828125,5.329980373382568,3.1245217323303223,451.0,438.0,552.7999877929688,832.5999755859375,39.331668853759766,0.11356320232152939,,,86.0,79.45836639404297,,153.73098754882812,,,1019.0,,18.0,108.0,,,,,,,,,,,0.0,,0.0,,1.0,15010.900390625,,,,,,,,,,,,,,,,,,,,,,,,,,0.0,3.072225332260132,10991.0,,,,11076.0,,,,,,,,""
8719500526,"Mar 15, 2023, 6:02:09 AM",🥪,Ride,"50km e non ho fame.
Il mercoledì di panini.",40553,50.98,163.0,47,false,,Scott,activities/9358871342.fit.gz,,7.0,40553.0,6895.0,50984.04296875,13.370000839233398,7.394349575042725,606.0,488.0,223.8000030517578,688.0,17.699657440185547,0.2447824478149414,,,,,,129.35003662109375,,162.02281188964844,1353.0,,16.0,47.0,,,,,,,,,,,0.0,,0.0,,1.0,,,,,,,,,,,,,,,,2806964.0,,,,,,,,,,,0.0,1.2572200298309326,815.4000244140625,,,,,,,,,,,,""
8722356829,"Mar 16, 2023, 5:43:54 AM",🌷,Run,"I tulipani stanno crescendo
E nuovi stimoli arrivano
Fight for fruyo",4515,14.09,167.0,99,false,,,activities/9361884674.fit.gz,,,4515.0,4219.0,14096.349609375,6.318066596984863,3.3411591053009033,526.0,536.0,551.0,1081.5999755859375,19.723600387573242,-0.08654731512069702,,,84.0,81.10050201416016,,150.21673583984375,,,1017.0,,12.0,99.0,,,,,,,,,,,0.0,,0.0,,1.0,15628.7998046875,,,,,,,,,,,,,,,,,,,,,,,,,,0.0,3.122115135192871,0.0,,,,11408.0,,,,,,,,media/9bb4572b-860e-4dbf-bd9a-549a15a710dd.jpg|media/aefecb78-5cec-400f-b499-a1273d805a06.jpg
8730462177,"Mar 17, 2023, 5:58:39 AM",💼,Ride,"",40111,48.27,160.0,51,false,,Scott,activities/9370405290.fit.gz,,7.0,40111.0,6140.0,48273.33984375,15.022003173828125,7.862107276916504,412.0,432.0,222.39999389648438,563.2000122070312,30.35893440246582,-0.03190171718597412,,,,,,129.6463623046875,,156.87005615234375,1244.0,,15.0,51.0,,,,,,,,,,,0.0,,0.0,,1.0,,,,,,,,,,,,,,,,2806964.0,,,,,,,,,,,0.0,1.2034938335418701,19.5,,,,,,,,,,,,""
8733557053,"Mar 18, 2023, 9:08:47 AM",✔️,Run,"Fanno tutto loro 😎🥹
5-5-3",3561,15.01,181.0,69,false,,,activities/9373670996.fit.gz,,,3561.0,3206.0,15013.9599609375,7.18603515625,4.68308162689209,64.0,66.0,301.0,309.79998779296875,12.106523513793945,-0.01998140476644039,,,85.0,82.77888488769531,,149.0524139404297,,,1008.0,,18.0,69.0,,,,,,,,,,,0.0,,0.0,,1.0,15127.5,,,,,,,,,,,,,,,,,,,,,,,,,,0.0,4.216220378875732,23.200000762939453,,,,8832.0,,,,,,,,media/0f335a1a-6f56-4fdb-a746-b2b47de92c6c.jpg
8740422391,"Mar 19, 2023, 7:12:46 AM",🏰 Castel Alberto Lessinia Gravel,Ride,"Al Castelalberto, ma quanta neve!
Sfacchinata incredibile ",15932,52.86,159.0,71,false,,Scott,activities/9380922664.fit.gz,,7.0,15932.0,11912.0,52863.1796875,16.049999237060547,4.437808990478516,1569.0,1254.0,315.79998779296875,1752.199951171875,49.08244323730469,0.6564115285873413,,,,,,123.57923126220703,,132.63055419921875,1774.0,,16.0,71.0,,,,,,,,,,,0.0,,0.0,,1.0,,,,,,,,,,,,,,,,2806964.0,,,,,,,,,,,0.0,3.3180503845214844,17536.0,,,,,,,,,,,,media/1d3aed9c-3e1f-4108-bf1e-e7277b6c706c.jpg|media/dd90a2b1-8ae7-44f3-91bd-7a498a454986.jpg
8747445371,"Mar 20, 2023, 3:40:55 PM",🍬,Run,"Condorello run
feat pippo",3895,13.02,168.0,59,false,,,activities/9388357916.fit.gz,,,3895.0,3877.0,13020.7998046875,5.51800012588501,3.358473062515259,328.0,319.0,396.3999938964844,716.4000244140625,20.406536102294922,0.06912017613649368,,,83.0,79.76409912109375,,144.15383911132812,,,915.0,,20.0,59.0,,,,,,,,,,,0.0,,0.0,,1.0,13831.7998046875,,,,,,,,,,,,,,,,,,,,,,,,,,0.0,3.3429524898529053,1142.4000244140625,,,,10332.0,,,,,,,,""
8751836086,"Mar 21, 2023, 11:29:18 AM",🗿,Run,Gambe di pietra,2681,10.01,162.0,53,false,,,activities/9392936826.fit.gz,,,2681.0,2672.0,10013.0400390625,5.751953125,3.7473952770233154,43.0,39.0,209.0,226.60000610351562,10.657388687133789,0.039947908371686935,,,84.0,80.670166015625,,147.87893676757812,,,698.0,,27.0,53.0,,,,,,,,,,,0.0,,0.0,,1.0,10098.900390625,,,,,,,,,,,,,,,,,,,,,,,,,,0.0,3.7348153591156006,4502.5,,,,7182.0,,,,,,,,""
8759310794,"Mar 22, 2023, 5:58:44 AM",🪨,Ride,"Gambe vuote parte 2
5 ore di sonno che si fan sentire sul recupero ",40390,59.56,165.0,89,false,,Scott,activities/9400753365.fit.gz,,7.0,40390.0,7933.0,59566.1015625,18.319530487060547,7.508647441864014,958.0,828.0,225.39999389648438,1068.199951171875,23.081369400024414,0.2185807228088379,,,98.0,72.2046890258789,,135.90174865722656,,206.78433227539062,1844.0,,20.0,89.0,1644845.0,,,,,,,,225.0,8158.0,0.0,,0.0,,1.0,,,,,,,,,,,,,,,,2806964.0,,,,,,,,,,,0.0,1.4747735261917114,6.199999809265137,,,,,,,,,,,,""
8764913447,"Mar 23, 2023, 3:14:11 PM",🍦,Ride,"10 anni di marci.
Si torna a prendere confidenza con i 300W
Cavlera infame",8028,37.22,172.0,86,false,,Scott,activities/9406626735.fit.gz,,7.0,8028.0,6414.0,37227.21875,16.576000213623047,5.804056644439697,1199.0,1172.0,392.20001220703125,1181.0,27.199079513549805,0.014505417086184025,,,99.0,64.97248840332031,,137.74205017089844,,222.42935180664062,1588.0,,21.0,86.0,1426622.0,,,,,,,,253.0,7210.0,0.0,,0.0,,1.0,,,,,,,,,,,,,,,,2806964.0,,,,,,,,,,,0.0,4.637172222137451,428.1000061035156,,,,,,,,,,,,media/96875086-8406-4ed9-b386-f70180bbd51c.jpg|media/14137fb8-93c2-4830-9b7e-62fd6e246f53.jpg
8767571081,"Mar 24, 2023, 5:34:50 AM",🦉,Run,Ieri OpenAI mi ha spaventato ,3640,12.54,178.0,105,false,,,activities/9409407867.fit.gz,,,3640.0,3629.0,12546.080078125,7.758008003234863,3.4571728706359863,186.0,183.0,225.8000030517578,387.3999938964844,46.97438430786133,0.019129553809762,,,84.0,80.22145080566406,,156.58164978027344,,,925.0,,17.0,105.0,,,,,,,,,,,0.0,,0.0,,1.0,13014.400390625,,,,,,,,,,,,,,,,,,,,,,,,,,0.0,3.446725368499756,1968.199951171875,,,,9716.0,,,,,,,,""
8773019093,"Mar 25, 2023, 6:03:47 AM",🍃,Ride,"Che bello con così tanti ciclisti
Cercando di non esagerare ",12120,96.11,167.0,183,false,,Scott,activities/9415136394.fit.gz,,7.0,12120.0,11704.0,96114.8125,17.109375,8.212133407592773,1130.0,1124.0,210.60000610351562,710.7999877929688,18.091903686523438,0.0035373978316783905,,,97.0,72.23763275146484,,140.99691772460938,,70.76632690429688,2210.0,,17.0,183.0,828008.0,,,,,,,,188.0,7206.0,0.0,,0.0,,1.0,,,,,,,,,,,,,,,,2806964.0,,,,,,,,,,,0.0,7.930264949798584,0.0,,,,,,,,,,,,""
8778972583,"Mar 26, 2023, 7:30:05 AM",😂 Sky del canto 2023 - quasi tutta,Run,"Da piangere
Che mal di tutto",6765,18.75,181.0,193,false,,,activities/9421492780.fit.gz,,,6765.0,6755.0,18757.3203125,6.77001953125,2.7768054008483887,1172.0,1173.0,288.6000061035156,713.2000122070312,49.90452194213867,-0.009596188552677631,,,117.0,77.60045623779297,,156.3363037109375,,,1627.0,,16.0,193.0,,,,,,,,,,,0.0,,0.0,,1.0,25860.19921875,,,,,,,,,,,,,,,,,,,,,,,,,,0.0,2.772700786590576,17595.400390625,,,,17484.0,,,,,,,,media/9b2cb419-d91f-4bba-95b2-f8ecbaa11996.jpg
8786740188,"Mar 27, 2023, 2:25:42 PM",📡,Ride,Defaticamento divertente ,5235,22.98,142.0,17,false,,Scott,activities/9429727093.fit.gz,,7.0,5235.0,4579.0,22983.80078125,17.542186737060547,5.019392967224121,810.0,809.0,416.0,1157.800048828125,25.942880630493164,-0.02175445295870304,,,,,,117.26184844970703,,166.07427978515625,702.0,,18.0,17.0,,,,,,,,,,,0.0,,0.0,,1.0,,,,,,,,,,,,,,,,2806964.0,,,,,,,,,,,0.0,4.390410900115967,1956.199951171875,,,,,,,,,,,,media/557da5e1-97be-4bcd-824f-17fa707aa774.jpg
8792247566,"Mar 28, 2023, 5:03:34 AM",🫥,Ride,"Non so bene perché
Ma almeno si evita il traffico ",39718,52.51,161.0,72,false,,Scott,activities/9435492849.fit.gz,,7.0,39718.0,6632.0,52516.51171875,12.656005859375,7.918653964996338,584.0,454.0,223.39999389648438,696.0,22.546161651611328,0.2528728246688843,,,97.0,72.30438995361328,,134.47459411621094,,199.3647918701172,1485.0,,17.0,72.0,1318660.0,,,,,,,,205.0,7156.0,0.0,,0.0,,1.0,,,,,,,,,,,,,,,,2806964.0,,,,,,,,,,,0.0,1.3222345113754272,7.0,,,,,,,,,,,,""
8798285981,"Mar 29, 2023, 3:41:22 PM",🍝,Run,Ma che bella non sei?,3682,12.06,168.0,56,false,,,activities/9441850667.fit.gz,,,3682.0,3404.0,12062.2900390625,8.220666885375977,3.5435633659362793,256.0,256.0,56.79999923706055,276.6000061035156,21.7391357421875,0.0,,,84.0,80.89450073242188,,144.80914306640625,,,830.0,,20.0,56.0,,,,,,,,,,,0.0,,0.0,,1.0,12816.099609375,,,,,,,,,,,,,,,,,,,,,,,,,,0.0,3.2760157585144043,733.0,,,,9156.0,,,,,,,,media/c5c49739-6134-4930-ad8e-93d06ac095ee.jpg|media/5073e4c8-ab36-4d9a-aa63-376c77921279.jpg|media/caf96831-93be-416d-a209-2dc7ac6d9981.mp4
8801245385,"Mar 30, 2023, 4:58:59 AM",🏛️,Run,Alla villa,5109,12.03,174.0,84,false,,,activities/9444942468.fit.gz,,,5109.0,3443.0,12036.5595703125,10.7340087890625,3.4959511756896973,187.0,181.0,55.0,219.8000030517578,23.931249618530273,0.008308022283017635,,,85.0,81.8609390258789,,153.32394409179688,,,877.0,,17.0,84.0,,,,,,,,,,,0.0,,0.0,,1.0,12665.2998046875,,,,,,,,,,,,,,,,,,,,,,,,,,0.0,2.355952262878418,1852.0999755859375,,,,9368.0,,,,,,,,media/9b6cb1f0-f7e9-4e43-a49f-7617f653dcad.jpg|media/8733220e-b10e-4644-8025-23aed2a81c3d.jpg
8813077343,"Apr 1, 2023, 5:24:52 AM",🐟 - Ronde Van Vlandeeren 2023,Ride,"Non è un pesce d'aprile.
6.35h di acqua, vento, misticità.
Una borraccia, una foratura, tante bestemming.
Va bene così per quest'anno.",25444,188.93,187.0,469,false,,Scott,activities/9457389252.fit.gz,,7.0,25444.0,23774.0,188935.28125,16.889062881469727,7.947138786315918,1692.0,1646.0,1.399999976158142,112.4000015258789,45.443817138671875,0.026358231902122498,,,106.0,69.547607421875,,146.6204833984375,,193.3018341064453,5178.0,,12.0,469.0,4582686.0,,,,,,,,208.0,24956.0,0.0,,0.0,,1.0,,,,,,,,,,,,,,,,2806964.0,,,,,,,,,,,0.0,7.425533771514893,33.900001525878906,,,,,,,,,,,,media/4be1ab59-6b59-4c8d-9342-f5819fc0c97a.jpg|media/5626cd7e-f770-4147-879b-32e624094eef.jpg|media/b809098d-8374-409c-aafa-bd3054c0203b.jpg
8830197667,"Apr 4, 2023, 5:00:56 AM",🇮🇹,Ride,Back in the wind and in the gravel!,22369,48.53,168.0,100,false,,Scott,activities/9475454423.fit.gz,,7.0,22369.0,6231.0,48537.19921875,16.11199951171875,7.789632320404053,405.0,393.0,217.39999389648438,566.5999755859375,32.66556930541992,0.006592906545847654,,,,,,140.7491912841797,,149.52716064453125,1491.0,,15.0,100.0,,,,,,,,,,,0.0,,0.0,,1.0,,,,,,,,,,,,,,,,2806964.0,,,,,,,,,,,0.0,2.16984224319458,0.0,,,,,,,,,,,,media/56e64566-ca44-4ddc-9211-f677a848ab13.jpg
8837670492,"Apr 5, 2023, 3:27:11 PM",🔂,Run,"7x1km-1km
🥵
Music: Contra - Vampire Weekend",3255,14.01,190.0,143,false,,,activities/9483296112.fit.gz,,,3255.0,3255.0,14013.2998046875,6.118017673492432,4.305161476135254,70.0,68.0,303.3999938964844,312.3999938964844,17.241430282592773,0.025689924135804176,,,87.0,82.76029205322266,,166.04486083984375,,,982.0,,17.0,143.0,,,,,,,,,,,0.0,,0.0,,1.0,14187.2001953125,,,,,,,,,,,,,,,,,,,,,,,,,,0.0,4.305161476135254,0.0,,,,8976.0,,,,,,,,media/8984ee67-9fa8-454d-a141-50a3b89cb5d0.jpg
8843067578,"Apr 6, 2023, 2:38:32 PM",🥵,Run,"si fa sentire tutto

Music: Motomami - Rosalia",4403,15.55,190.0,150,false,,,activities/9488980824.fit.gz,,,4403.0,4403.0,15553.25,5.184008598327637,3.532421112060547,215.0,227.0,348.79998779296875,563.2000122070312,16.514537811279297,-0.07329673320055008,,,84.0,80.95059967041016,,160.18475341796875,,,1126.0,,16.0,150.0,,,,,,,,,,,0.0,,0.0,,1.0,16075.5,,,,,,,,,,,,,,,,,,,,,,,,,,0.0,3.532421112060547,5708.39990234375,,,,11890.0,,,,,,,,media/6b6836a8-9a67-4aa6-b6ec-b614519a80a3.jpg
8846821008,"Apr 7, 2023, 5:34:25 AM",✝️,Ride,"Un po' in anticipo sulla tabella di marcia,
Ma morto
Almeno le gambe lo erano.",16663,114.11,179.0,214,false,,Scott,activities/9492922036.fit.gz,,7.0,16663.0,16103.0,114109.3828125,17.923437118530273,7.08621883392334,2096.0,2088.0,212.8000030517578,1272.199951171875,30.93128204345703,0.003154846141114831,,,104.0,70.1072998046875,,138.69297790527344,,193.42701721191406,3530.0,,13.0,214.0,3125500.0,,,,,,,,215.0,16358.0,0.0,,0.0,,1.0,,,,,,,,,,,,,,,,2806964.0,,,,,,,,,,,0.0,6.848069667816162,2953.699951171875,,,,,,,,,,,,media/3cf068ae-956c-4aed-9814-f5ae67ee310b.jpg
8852341964,"Apr 8, 2023, 7:42:45 AM",🦩,Run,"Easy fino a inizio Orezzo
Music: Split the atom - Noisia",6598,22.60,183.0,95,false,,,activities/9498715865.fit.gz,,,6598.0,6476.0,22600.96875,5.726000785827637,3.4899582862854004,370.0,367.0,356.6000061035156,709.7999877929688,17.573366165161133,0.009733879938721657,,,84.0,80.92302703857422,,143.2577362060547,,,1597.0,,17.0,95.0,,,,,,,,,,,0.0,,0.0,,1.0,23478.599609375,,,,,,,,,,,,,,,,,,,,,,,,,,0.0,3.4254274368286133,8132.2998046875,,,,17462.0,,,,,,,,media/9410db86-8d50-47b0-bc2c-5547076e6095.jpg
8859024845,"Apr 9, 2023, 5:11:27 AM",🥚,Ride,"Pasqua con chi vuoi
(ma non Valcava)
Music: Cosmotronics - Cosmo",18960,123.13,181.0,269,false,,Scott,activities/9505789893.fit.gz,,7.0,18960.0,18350.0,123135.5703125,17.385936737060547,6.710385322570801,2808.0,2795.0,279.3999938964844,1373.4000244140625,30.641889572143555,0.005684791132807732,,,109.0,70.36847686767578,,140.7071533203125,,199.3716583251953,4125.0,,13.0,269.0,3664365.0,,,,,,,,225.0,18752.0,0.0,,0.0,,1.0,,,,,,,,,,,,,,,,2806964.0,,,,,,,,,,,0.0,6.494492053985596,39.599998474121094,,,,,,,,,,,,media/b78a6e3c-580d-4020-aafb-e5164283b115.jpg
8863812168,"Apr 10, 2023, 6:13:28 AM",♨️,Run,"Fine carico maratona. Ora griglia
4 giorni di Pasqua belli carichi
Music: Radio whitemary - Whitemary",6194,22.01,182.0,184,false,,,activities/9510911381.fit.gz,,,6194.0,6152.0,22015.689453125,6.480078220367432,3.578623056411743,241.0,265.0,383.20001220703125,563.2000122070312,23.8087215423584,-0.09902023524045944,,,85.0,80.11504364013672,,156.7478790283203,,,1592.0,,14.0,184.0,,,,,,,,,,,0.0,,0.0,,1.0,22528.80078125,,,,,,,,,,,,,,,,,,,,,,,,,,0.0,3.5543572902679443,11009.5,,,,16446.0,,,,,,,,media/a86676c2-656b-4d0e-a769-15d05f0b0154.jpg
8872451934,"Apr 11, 2023, 2:30:52 PM",🚬,Ride,"Sigaretta ride finito
Music: Le Sigarette - Frah Quintale",5180,32.54,172.0,53,false,,Scott,activities/9520035589.fit.gz,,7.0,5180.0,4864.0,32548.029296875,15.921875,6.691617965698242,646.0,661.0,346.0,761.4000244140625,22.728412628173828,-0.04670025408267975,,,106.0,68.923095703125,,135.11122131347656,,185.45188903808594,1024.0,,22.0,53.0,902234.0,,,,,,,,205.0,5065.0,0.0,,0.0,,1.0,,,,,,,,,,,,,,,,2806964.0,,,,,,,,,,,0.0,6.283403396606445,0.0,,,,,,,,,,,,""
8878797947,"Apr 12, 2023, 4:59:03 AM",👊,Ride,Con Liuk sempre una botta nelh gambe,41779,60.51,182.0,129,false,,Scott,activities/9527262143.fit.gz,,7.0,41779.0,8066.0,60513.0,18.928125381469727,7.502231597900391,924.0,798.0,228.0,1071.199951171875,37.17094039916992,0.22110949456691742,,,105.0,75.5728988647461,,141.04469299316406,,204.02806091308594,1853.0,,17.0,129.0,1648008.0,,,,,,,,225.0,8282.0,0.0,,0.0,,1.0,,,,,,,,,,,,,,,,2806964.0,,,,,,,,,,,0.0,1.4484070539474487,13.899999618530273,,,,,,,,,,,,""
8883989981,"Apr 13, 2023, 2:13:58 PM",🫁,Run,Polmoni da ristrutturare parte 2,3014,10.00,182.0,85,false,,,activities/9532764830.fit.gz,,,3014.0,3001.0,9999.66015625,5.241991996765137,3.332109212875366,307.0,301.0,404.3999938964844,712.0,21.220264434814453,0.04400113224983215,,,82.0,79.36518859863281,,155.4104766845703,,,743.0,,15.0,85.0,,,,,,,,,,,0.0,,0.0,,1.0,10761.400390625,,,,,,,,,,,,,,,,,,,,,,,,,,0.0,3.317737102508545,33.400001525878906,,,,7946.0,,,,,,,,""
8887367202,"Apr 14, 2023, 4:38:30 AM",🧬,Run,Serendipity ,3462,12.55,176.0,98,false,,,activities/9536346370.fit.gz,,,3462.0,3424.0,12551.740234375,8.470019340515137,3.6658120155334473,178.0,173.0,226.1999969482422,385.79998779296875,20.111705780029297,0.023901067674160004,,,84.0,80.82911682128906,,155.9403076171875,,,895.0,,11.0,98.0,,,,,,,,,,,0.0,,0.0,,1.0,12961.7001953125,,,,,,,,,,,,,,,,,,,,,,,,,,0.0,3.625574827194214,2090.39990234375,,,,9230.0,,,,,,,,""
8895885537,"Apr 15, 2023, 1:25:37 PM",🧈,Ride,"Burro - Valbondione
Cervo powered
Caaaalma che domani c'è una gara 🤡
Music: Lex Friedman Podcast #371",9234,76.30,166.0,122,false,,Scott,activities/9545375283.fit.gz,,7.0,9234.0,9130.0,76299.9609375,16.228002548217773,8.357060432434082,930.0,926.0,411.0,907.4000244140625,24.172731399536133,0.0065530831925570965,,,110.0,77.38430786132812,,138.66966247558594,,200.36627197265625,2064.0,,18.0,122.0,1834573.0,,,,,,,,211.0,9235.0,0.0,,0.0,,1.0,,,,,,,,,,,,,,,,2806964.0,,,,,,,,,,,0.0,8.262937545776367,0.0,,,,,,,,,,,,media/a93d51aa-2e3a-4ca8-8bd0-46d9b5eb8d8d.jpg|media/628812e3-ab56-48ee-b58b-57cc45743e13.jpg|media/f22857fb-a674-4e00-979d-4fc460f2414d.jpg|media/6020ee7f-021c-4910-9a05-49140db5ff58.jpg
8899084551,"Apr 16, 2023, 8:02:24 AM",🔟 Innovation Run Kilometro Rosso,Run,Grande divertimento e test per settimana prossima!,2139,10.11,187.0,89,false,,,activities/9548788337.fit.gz,,,2139.0,2139.0,10109.5498046875,6.504004001617432,4.726297378540039,40.0,34.0,206.39999389648438,216.0,16.713090896606445,0.059349823743104935,,,94.0,83.98877716064453,,165.4212188720703,,,700.0,,18.0,89.0,,,,,,,,,,,0.0,,0.0,,1.0,10205.2001953125,,,,,,,,,,,,,,,,,,,,,,,,,,0.0,4.726297378540039,911.5,,,,5990.0,,,,,,,,""
8901234543,"Apr 16, 2023, 10:41:26 AM",🤡,Ride,"Tour of Zambla buone sensazioni
Scarico post innovation",8962,58.89,163.0,130,false,,Scott,activities/9551086933.fit.gz,,7.0,8962.0,8497.0,58896.51171875,18.151561737060547,6.931447982788086,1431.0,1418.0,412.79998779296875,1292.0,23.32198143005371,0.016978934407234192,,,109.0,73.9138412475586,,141.22996520996094,,208.64987182617188,1991.0,,20.0,130.0,1777913.0,,,,,,,,233.0,8813.0,0.0,,0.0,,1.0,,,,,,,,,,,,,,,,2806964.0,,,,,,,,,,,0.0,6.571804523468018,0.0,,,,,,,,,,,,""
8907477272,"Apr 17, 2023, 4:55:21 AM",👰,Ride,"30° anniversario
Auguri mamma e papà ♥️",39445,54.82,166.0,86,false,,Scott,activities/9557759104.fit.gz,,7.0,39445.0,6671.0,54827.62109375,15.876001358032227,8.218801498413086,546.0,532.0,247.60000610351562,721.0,18.123815536499023,0.024804970249533653,,,110.0,74.80039978027344,,136.435302734375,,187.22299194335938,1411.0,,18.0,86.0,1244522.0,,,,,,,,201.0,6855.0,0.0,,0.0,,1.0,,,,,,,,,,,,,,,,2806964.0,,,,,,,,,,,0.0,1.3899765014648438,6.900000095367432,,,,,,,,,,,,""
8911483883,"Apr 18, 2023, 9:07:02 AM",🔌,Run,Quando tolgono la corrente e devi inventare un nuovo orario,2986,10.09,173.0,52,false,,,activities/9561985389.fit.gz,,,2986.0,2986.0,10094.48046875,6.779980659484863,3.380603075027466,311.0,303.0,404.3999938964844,716.4000244140625,22.541650772094727,0.08915763348340988,,,83.0,78.87752532958984,,145.01312255859375,,,714.0,,23.0,52.0,,,,,,,,,,,0.0,,0.0,,1.0,10886.099609375,,,,,,,,,,,,,,,,,,,,,,,,,,0.0,3.380603075027466,41.099998474121094,,,,7876.0,,,,,,,,media/299b21df-f268-4427-9653-924dbf51e947.jpg|media/b5d49895-2936-404c-8782-7b38f1e78dc9.jpg
8919810199,"Apr 19, 2023, 5:08:26 AM",🌬️,Ride,"Vento, pioggia e grandine",39135,50.37,163.0,52,false,,Scott,activities/9570750603.fit.gz,,7.0,39135.0,6009.0,50376.15234375,14.986010551452637,8.38344955444336,441.0,450.0,226.8000030517578,563.2000122070312,18.46375846862793,-0.012307435274124146,,,111.0,77.36084747314453,,132.23802185058594,,208.39552307128906,1398.0,,20.0,52.0,1248136.0,,,,,,,,219.0,6201.0,0.0,,0.0,,1.0,,,,,,,,,,,,,,,,2806964.0,,,,,,,,,,,0.0,1.2872403860092163,13.0,,,,,,,,,,,,""
8922960157,"Apr 20, 2023, 4:46:13 AM",🐢,Run,Scarico time,3507,12.51,167.0,54,false,,,activities/9574036292.fit.gz,,,3507.0,3506.0,12513.1904296875,6.465918064117432,3.5690789222717285,174.0,171.0,226.1999969482422,381.0,21.403169631958008,0.02237641252577305,,,86.0,80.0902328491211,,145.07351684570312,,,877.0,,17.0,54.0,,,,,,,,,,,0.0,,0.0,,1.0,12910.5,,,,,,,,,,,,,,,,,,,,,,,,,,0.0,3.568061113357544,2017.0,,,,9358.0,,,,,,,,""
8931225998,"Apr 21, 2023, 2:17:48 PM",🙅,Ride,"BASTA.
Rischiato di essere investito
Specchietto di jepp tutta contro mano contro spalla ",5093,19.64,161.0,23,false,,Scott,activities/9582770989.fit.gz,,7.0,5093.0,4648.0,19646.568359375,16.344141006469727,4.226886749267578,850.0,722.0,563.2000122070312,1301.5999755859375,36.36342239379883,0.6342073082923889,,,,,,120.27835083007812,,163.8168182373047,728.0,,17.0,23.0,,,,,,,,,,,0.0,,0.0,,1.0,,,,,,,,,,,,,,,,2806964.0,,,,,,,,,,,0.0,3.8575632572174072,2706.199951171875,,,,,,,,,,,,media/a9c3ed5e-01ed-4f24-9762-f812d31b3f7f.jpg
8934525045,"Apr 22, 2023, 6:47:18 AM",🐂,Ride,Monte bue a tenere a mano ✋,5578,25.88,161.0,24,false,,Scott,activities/9586261910.fit.gz,,7.0,5578.0,5070.0,25888.779296875,15.3916015625,5.106267929077148,770.0,791.0,392.6000061035156,724.4000244140625,42.70953369140625,0.017768220975995064,,,,,,119.74215698242188,,152.64964294433594,792.0,,18.0,24.0,,,,,,,,,,,0.0,,0.0,,1.0,,,,,,,,,,,,,,,,2806964.0,,,,,,,,,,,0.0,4.641229629516602,2846.10009765625,,,,,,,,,,,,""
8941123113,"Apr 23, 2023, 6:29:43 AM",Maratona di Padova 2023,Run,"🎉
Felice come una pasqua 🗿
Dura come i testoni!",9923,42.44,187.0,395,false,,,activities/9593256812.fit.gz,,,9923.0,9920.0,42443.9609375,7.2265625,4.278625011444092,46.0,41.0,4.199999809265137,18.399999618530273,9.072270393371582,0.009895400144159794,,,92.0,82.76910400390625,,164.82485961914062,,,2966.0,,20.0,395.0,,,,,,,,,,,0.0,,0.0,,1.0,42591.80078125,,,,,,,,,,,,,,,,,,,,,,,,,,0.0,4.277331352233887,1062.699951171875,,,,27324.0,,,,,,,,media/86309aa3-0665-4411-8d47-2f822d6b999f.jpg|media/ff342f92-fabc-4cfa-9157-86657a0196c0.jpg|media/286ce733-0d2f-472e-8487-6eb211775afb.jpg
8949153340,"Apr 24, 2023, 2:37:40 PM",♻️,Ride,Giro riciclo post maratona,5388,32.21,151.0,36,false,,Scott,activities/9602092273.fit.gz,,7.0,5388.0,5138.0,32217.201171875,18.039844512939453,6.2703776359558105,812.0,683.0,320.79998779296875,1073.4000244140625,17.332429885864258,0.38674986362457275,,,97.0,67.29840850830078,,129.36947631835938,,198.59976196289062,1149.0,,21.0,36.0,1020256.0,,,,,,,,221.0,5335.0,0.0,,0.0,,1.0,,,,,,,,,,,,,,,,2806964.0,,,,,,,,,,,0.0,5.979435920715332,0.0,,,,,,,,,,,,""
8953195119,"Apr 25, 2023, 6:57:19 AM",🇮🇹,Ride,"25 aprile con Liuk alla malga lunga
3 ore, 2 Haribo, 1 grigliata",10773,45.91,160.0,65,false,,Scott,activities/9606350049.fit.gz,,7.0,10773.0,10034.0,45918.20703125,16.323827743530273,4.576261520385742,1716.0,1697.0,390.20001220703125,1372.5999755859375,43.288944244384766,0.0017422016244381666,,,,,,127.13866424560547,,164.69496154785156,1606.0,,17.0,65.0,,,,,,,,,,,0.0,,0.0,,1.0,,,,,,,,,,,,,,,,2806964.0,,,,,,,,,,,0.0,4.2623419761657715,12816.2001953125,,,,,,,,,,,,media/4ec4a6f4-df2f-4a7c-a6b7-587a4c217ab8.jpg|media/6c818211-c197-40c5-a00e-a632bd4e4a34.jpg|media/13b9ea39-5fdd-4f89-841c-ec7fd2be3e2b.jpg
8961681623,"Apr 26, 2023, 4:55:49 AM",💥,Ride,"Esplodere male
Miragolo post lavoro",44400,74.82,167.0,80,false,,Scott,activities/9615343806.fit.gz,,7.0,44400.0,10348.0,74825.7109375,18.051563262939453,7.2309346199035645,1391.0,1265.0,221.1999969482422,1115.4000244140625,35.92927551269531,0.16545113921165466,,,106.0,70.56484985351562,,128.24391174316406,,199.57470703125,2331.0,,19.0,80.0,2070978.0,,,,,,,,223.0,10768.0,0.0,,0.0,,1.0,,,,,,,,,,,,,,,,2806964.0,,,,,,,,,,,0.0,1.685263752937317,13.899999618530273,,,,,,,,,,,,""
8967171284,"Apr 27, 2023, 4:08:20 PM",🧘‍♂️,Hike,"Senza orologio.
Senza cellulare.
Detox.",4500,5.00,,,false,,,,,,4500.0,4500.0,5000.0,,1.1111111640930176,,,,,,0.0,,,,,,,,,457.68328857421875,,,,,,,,,,,,,,0.0,,0.0,,0.0,,,,,,,,,,,,,,,,,,,,,,,,,,,0.0,1.1111111640930176,0.0,,,,,,,,,,,,""
8970266199,"Apr 28, 2023, 5:04:58 AM",🐺,Run,Back easy,3082,10.71,177.0,65,false,,,activities/9624399738.fit.gz,,,3082.0,3075.0,10714.2998046875,5.145898342132568,3.4843251705169678,187.0,201.0,384.79998779296875,563.2000122070312,29.018051147460938,-0.11386662721633911,,,84.0,79.6617660522461,,149.11390686035156,,,769.0,,15.0,65.0,,,,,,,,,,,0.0,,0.0,,1.0,11166.900390625,,,,,,,,,,,,,,,,,,,,,,,,,,0.0,3.4764113426208496,3606.0,,,,8204.0,,,,,,,,""
8976470576,"Apr 29, 2023, 7:30:01 AM",Valzurio Trail 2023 ⛰️,Run,"Ammazzata unica anche questo weekend
18° e tanto mal di gambe
Follia il trail",8407,22.73,173.0,199,false,,,activities/9630996893.fit.gz,,,8407.0,8367.0,22733.16015625,6.977929592132568,2.7170026302337646,1363.0,1346.0,655.2000122070312,1572.5999755859375,49.75530242919922,0.08005904406309128,,,122.0,73.81771850585938,,152.150634765625,,,1887.0,,16.0,199.0,,,,,,,,,,,0.0,,0.0,,1.0,31265.5,,,,,,,,,,,,,,,,,,,,,,,,,,0.0,2.7040750980377197,18544.099609375,,,,20808.0,,,,,,,,media/59a1dcf7-7abc-411b-9065-1f61d36a22be.jpg|media/07befd0b-deb6-4779-ab5f-5f9439fa2cfa.jpg|media/0b2735ed-4db9-43af-9ed2-91df654e4e33.jpg
8982315887,"Apr 30, 2023, 5:35:11 AM",💓,Ride,"Il cuore bloccato lì
Ma va bene, fieno in cascina
",13406,90.62,154.0,72,false,,Scott,activities/9637210246.fit.gz,,7.0,13406.0,12922.0,90627.9921875,18.882030487060547,7.01346492767334,1726.0,1720.0,228.8000030517578,1126.800048828125,33.34275436401367,0.00816520769149065,,,102.0,69.60856628417969,,124.84042358398438,,189.304443359375,2779.0,,19.0,72.0,2454145.0,,,,,,,,215.0,13104.0,0.0,,0.0,,1.0,,,,,,,,,,,,,,,,2806964.0,,,,,,,,,,,0.0,6.760255813598633,0.0,,,,,,,,,,,,""
8988574426,"May 1, 2023, 8:05:45 AM",🍚,Run,Pre risotto primo maggio in Selvino ,3073,10.49,156.0,22,false,,,activities/9643908862.fit.gz,,,3073.0,2992.0,10496.2900390625,5.689843654632568,3.5081183910369873,163.0,161.0,897.4000244140625,955.5999755859375,23.55231285095215,-0.005716654472053051,,,87.0,81.64822387695312,,134.23550415039062,,,777.0,,15.0,22.0,,,,,,,,,,,0.0,,0.0,,1.0,10914.599609375,,,,,,,,,,,,,,,,,,,,,,,,,,0.0,3.415649175643921,384.5,,,,8140.0,,,,,,,,""
8997685300,"May 2, 2023, 4:16:28 PM",🖥️,Ride,Dopo 10 ore di schermi e di traffico,3661,18.64,140.0,13,false,,Scott,activities/9653568366.fit.gz,,7.0,3661.0,3344.0,18641.23046875,17.850000381469727,5.574530601501465,671.0,670.0,419.20001220703125,1091.4000244140625,24.834598541259766,0.0,,,104.0,62.900794982910156,,119.43463897705078,,198.5267791748047,749.0,,19.0,13.0,665038.0,,,,,,,,232.0,3543.0,0.0,,0.0,,1.0,,,,,,,,,,,,,,,,2806964.0,,,,,,,,,,,0.0,5.091841220855713,0.0,,,,,,,,,,,,""
9004103212,"May 3, 2023, 2:29:07 PM",🚡,Ride,Spiazzante,9430,66.44,166.0,119,false,,Scott,activities/9660349410.fit.gz,,7.0,9430.0,8768.0,66443.390625,17.653905868530273,7.577941417694092,1200.0,1076.0,388.0,1201.800048828125,24.46136474609375,0.18933409452438354,,,100.0,74.23328399658203,,138.71258544921875,,203.26573181152344,2007.0,,21.0,119.0,1786647.0,,,,,,,,225.0,9156.0,0.0,,0.0,,1.0,,,,,,,,,,,,,,,,2806964.0,,,,,,,,,,,0.0,7.045958518981934,0.0,,,,,,,,,,,,""
9008470639,"May 4, 2023, 9:53:47 AM",🍔,Run,"Hamburger run.
Cotto a puntino ",5314,13.13,181.0,134,false,,,activities/9664944605.fit.gz,,,5314.0,3769.0,13136.7294921875,5.2239990234375,3.4854681491851807,329.0,328.0,378.3999938964844,695.4000244140625,15.345450401306152,-0.025881817564368248,,,84.0,81.0999984741211,,161.6345977783203,,,973.0,,23.0,134.0,,,,,,,,,,,0.0,,0.0,,1.0,13979.7001953125,,,,,,,,,,,,,,,,,,,,,,,,,,0.0,2.4720981121063232,1164.800048828125,,,,10198.0,,,,,,,,""
9020904469,"May 6, 2023, 5:44:33 AM","🦅 (Lizzola, Spiazzi Gromo, Valcanale, Valzurio)",Ride,"Dal Falco Saoldel.
Con qualche deviazione.
Aperitivi e aperture.",25474,131.48,171.0,245,false,,Scott,activities/9678071441.fit.gz,,7.0,25474.0,19155.0,131486.171875,18.332813262939453,6.864326477050781,3011.0,2987.0,396.20001220703125,1300.800048828125,46.24900436401367,-0.00030420985422097147,,,108.0,69.42345428466797,,136.00794982910156,,173.8710174560547,4515.0,,22.0,245.0,3325406.0,,,,,,,,233.0,18607.0,0.0,,0.0,,1.0,,,,,,,,,,,,,,,,2806964.0,,,,,,,,,,,0.0,5.161583423614502,261.29998779296875,,,,,,,,,,,,media/f578f8d6-2bad-49d9-add2-35f0ed793494.jpg|media/b1ef8cb4-4a42-4d45-a347-2bd2bbbd53bb.jpg|media/ec8ecb23-b587-4b87-8e4b-4d7f49cc3cc6.jpg
9025878568,"May 7, 2023, 8:12:22 AM",🐻 (Scappando dall'orso Yoghi in Val de Gru),Run,"",4666,15.01,183.0,109,false,,,activities/9683357718.fit.gz,,,4666.0,4503.0,15013.0400390625,6.163964748382568,3.3340084552764893,513.0,500.0,542.5999755859375,805.7999877929688,49.759368896484375,0.10390950739383698,,,87.0,80.23076629638672,,151.6349639892578,,,1128.0,,20.0,109.0,,,,,,,,,,,0.0,,0.0,,1.0,17067.900390625,,,,,,,,,,,,,,,,,,,,,,,,,,0.0,3.2175395488739014,10852.2998046875,,,,12040.0,,,,,,,,media/6c304aee-cdb1-4ee1-ab1e-4000f9715682.mp4
9034393603,"May 8, 2023, 5:03:14 AM",🌯,Ride,Ale di  ritorno 🇯🇵⛩️,38722,48.63,168.0,65,false,,Scott,activities/9692448689.fit.gz,,7.0,38722.0,6236.0,48634.3984375,16.4119873046875,7.798973560333252,449.0,444.0,225.0,569.7999877929688,32.261165618896484,0.013570590876042843,,,,,,131.2232208251953,,156.506103515625,1358.0,,21.0,65.0,,,,,,,,,,,0.0,,0.0,,1.0,,,,,,,,,,,,,,,,2806964.0,,,,,,,,,,,0.0,1.2559888362884521,25.200000762939453,,,,,,,,,,,,""
9037556062,"May 9, 2023, 4:58:16 AM",🥊,Run,Dopo Raging Bull 🐂,2735,10.04,186.0,90,false,,,activities/9695794694.fit.gz,,,2735.0,2603.0,10047.51953125,7.334033012390137,3.8599767684936523,67.0,65.0,252.8000030517578,289.0,11.450519561767578,0.025876790285110474,,,85.0,82.13198852539062,,160.4585723876953,,,717.0,,19.0,90.0,,,,,,,,,,,0.0,,0.0,,1.0,10161.2998046875,,,,,,,,,,,,,,,,,,,,,,,,,,0.0,3.6736817359924316,500.79998779296875,,,,7122.0,,,,,,,,""
9043785613,"May 10, 2023, 4:39:23 AM",🏰 Erfurt ,Run,Poca pioggia oggi a Erfurt,3324,11.13,161.0,33,false,,,activities/9702448367.fit.gz,,,3324.0,2960.0,11132.26953125,9.102002143859863,3.760901927947998,34.0,35.0,195.60000610351562,214.60000610351562,21.824155807495117,-0.030541785061359406,,,85.0,82.11701965332031,,139.6690216064453,,,732.0,,15.0,33.0,,,,,,,,,,,0.0,,0.0,,1.0,11244.2998046875,,,,,,,,,,,,,,,,,,,,,,,,,,0.0,3.349058151245117,4683.39990234375,,,,8064.0,,,,,,,,media/da13e1b0-df4a-44f3-90ee-bf64c61d2b61.jpg|media/92ebdf6d-d7b7-48da-b8a7-7bb9ee7aa32f.jpg|media/a70927d3-5aad-4ac5-a3f6-431fbe363e0f.jpg|media/1f5f5b6a-0c1f-4262-9a08-7218e8d4192f.jpg
9050000432,"May 11, 2023, 4:51:07 AM",💩,Run,Quando la trasferta scombussola tutto,4682,14.03,166.0,32,false,,,activities/9708999548.fit.gz,,,4682.0,3958.0,14031.2099609375,5.792016506195068,3.54502534866333,137.0,156.0,194.0,320.79998779296875,37.158565521240234,-0.1297108232975006,,,84.0,80.13899230957031,,135.3872833251953,,,928.0,,17.0,32.0,,,,,,,,,,,0.0,,0.0,,1.0,14374.400390625,,,,,,,,,,,,,,,,,,,,,,,,,,0.0,2.9968411922454834,5833.7001953125,,,,10564.0,,,,,,,,media/99e3cd55-7b9c-4690-8769-bfaab0595832.jpg|media/97e0213f-6034-4e73-bbda-e1aa210344ca.jpg|media/945082e2-2947-49c2-b909-89110eb55287.jpg|media/5d42154b-d14c-40c7-b957-5604210dbc0c.jpg
9057131225,"May 12, 2023, 10:07:16 AM",👣,Ride,Sulle orme di Coppa Coppi - come ai vecchi tempi,4298,24.27,160.0,31,false,,Scott,activities/9716525893.fit.gz,,7.0,4298.0,4147.0,24277.388671875,15.794140815734863,5.854205131530762,724.0,739.0,327.79998779296875,686.7999877929688,48.30207061767578,-0.018123960122466087,,,,,,128.40463256835938,,180.32786560058594,807.0,,18.0,31.0,,,,,,,,,,,0.0,,0.0,,1.0,,,,,,,,,,,,,,,,2806964.0,,,,,,,,,,,0.0,5.648531913757324,997.0,,,,,,,,,,,,""
9063147028,"May 13, 2023, 7:10:36 AM",🖐️ (Ganda manita),Ride,"Me sto be' po' a che, semper in ac an dre
Kentucky Ganda senza idee
Serve dislivello ",18558,91.26,167.0,82,false,,Scott,activities/9722860718.fit.gz,,7.0,18558.0,16455.0,91265.25,17.587499618530273,5.546353816986084,3437.0,3279.0,398.3999938964844,1094.0,49.554710388183594,0.1573435366153717,,,,,,123.26066589355469,,191.4207305908203,2491.0,,17.0,82.0,,,,,,,,,,,0.0,,0.0,,1.0,,,,,,,,,,,,,,,,2806964.0,,,,,,,,,,,0.0,4.9178385734558105,2.5,,,,,,,,,,,,""
9069140048,"May 14, 2023, 6:58:14 AM",🥧 (Bossico - San Lucio),Ride,"Strudel ride with Liuk
💥😍",14561,87.67,168.0,137,false,,Scott,activities/9729267927.fit.gz,,7.0,14561.0,13035.0,87678.828125,16.024219512939453,6.726415634155273,2006.0,1992.0,367.6000061035156,1083.199951171875,26.431758880615234,0.012773837894201279,,,,,,133.131591796875,,182.8640594482422,2473.0,,17.0,137.0,,,,,,,,,,,0.0,,0.0,,1.0,,,,,,,,,,,,,,,,2806964.0,,,,,,,,,,,0.0,6.021483898162842,1555.5,,,,,,,,,,,,media/fbcdd00d-eff6-4cb5-a7e8-9250be9e5bb0.mp4|media/cbb90e22-0328-47a8-b04c-a156c8eb9864.jpg
9076619280,"May 15, 2023, 5:03:57 AM",💼,Ride,"Traffico, KM rosso e la pace di Ganda",42387,62.69,153.0,41,false,,Scott,activities/9737270116.fit.gz,,7.0,42387.0,8466.0,62696.109375,16.112499237060547,7.405635356903076,922.0,783.0,227.0,1083.5999755859375,32.669960021972656,0.2191523015499115,,,,,,123.17142486572266,,176.00367736816406,1426.0,,21.0,41.0,,,,,,,,,,,0.0,,0.0,,1.0,,,,,,,,,,,,,,,,2806964.0,,,,,,,,,,,0.0,1.479135274887085,0.0,,,,,,,,,,,,media/0ce4d2d3-7d67-4630-a2f2-42af9881cdba.jpg
9082733650,"May 16, 2023, 2:43:30 PM",🍳 (Forcella e Direttissima),Ride,"Dislivello >>>>
Incontri ravvicinati del terzo tipo in Valle Rossa
Gravel alternativa",6845,33.00,149.0,33,false,,Scott,activities/9743721117.fit.gz,,7.0,6845.0,6501.0,32999.5078125,15.953906059265137,5.076066493988037,1146.0,1025.0,365.20001220703125,964.2000122070312,44.651615142822266,0.3569749593734741,,,,,,122.87675476074219,,170.44805908203125,1077.0,,20.0,33.0,,,,,,,,,,,0.0,,0.0,,1.0,,,,,,,,,,,,,,,,2806964.0,,,,,,,,,,,0.0,4.820965766906738,8002.7998046875,,,,,,,,,,,,media/24ae8b75-ccc9-465c-8bb4-81e0686720de.jpg|media/cd5f1fcd-d889-486f-b539-9c4e33f4ec24.jpg|media/440b30b1-3949-476c-8de7-d374374156fd.jpg
9086016742,"May 17, 2023, 4:58:38 AM",🥐,Run,Brioche antico vinaio e casa farfalle,4968,16.37,165.0,82,false,,,activities/9747171799.fit.gz,,,4968.0,4398.0,16375.8896484375,8.672021865844727,3.7234857082366943,201.0,197.0,222.0,387.3999938964844,22.375041961669922,-0.009770405478775501,,,86.0,81.97542572021484,,146.1411895751953,,,1131.0,,18.0,82.0,,,,,,,,,,,0.0,,0.0,,1.0,16959.5,,,,,,,,,,,,,,,,,,,,,,,,,,0.0,3.296274185180664,2148.300048828125,,,,11992.0,,,,,,,,media/48283193-c38e-4d74-b30d-0487f73a7e73.jpg|media/f9c0bfca-7a4d-4105-8c57-c984ee99b1c7.mp4|media/e409bd31-6f82-4fa2-81c8-45b582353a1c.jpg
9095963595,"May 18, 2023, 2:38:43 PM",⛷️ (Selvino - Trafficanti - Ganda),Ride,"Con Liuk e con un ospite finale
Idee malsane all'inizio, pagate",12126,67.93,171.0,110,false,,Scott,activities/9757681449.fit.gz,,7.0,12126.0,10919.0,67935.3125,17.0859375,6.221752166748047,2004.0,1876.0,311.6000061035156,1092.5999755859375,38.280372619628906,0.18605929613113403,,,98.0,67.198974609375,,132.7716827392578,,198.53060913085938,2449.0,,16.0,110.0,2175030.0,,,,,,,,237.0,11524.0,0.0,,0.0,,1.0,,,,,,,,,,,,,,,,2806964.0,,,,,,,,,,,0.0,5.602450370788574,66.19999694824219,,,,,,,,,,,,""
9098207378,"May 19, 2023, 4:40:19 AM",🇺🇸,Run,"Una pizza e mezza = recupero perfetto
Si continua con il compound",3442,12.57,178.0,81,false,,,activities/9760022467.fit.gz,,,3442.0,3424.0,12575.1103515625,8.704004287719727,3.672637462615967,173.0,168.0,225.8000030517578,378.3999938964844,20.872758865356445,0.030218446627259254,,,87.0,81.91641998291016,,150.58102416992188,,,892.0,,20.0,81.0,,,,,,,,,,,0.0,,0.0,,1.0,12958.7998046875,,,,,,,,,,,,,,,,,,,,,,,,,,0.0,3.6534311771392822,2139.10009765625,,,,9350.0,,,,,,,,""
9105732923,"May 20, 2023, 5:27:11 AM",🔺(Monte Guglielmo),Ride,"A vedere le piramidi di zone dall'alto.
6h rubate alla pioggia
Salite ignoranti are back!",23927,128.58,171.0,219,false,,Scott,activities/9767997757.fit.gz,,7.0,23927.0,22807.0,128582.296875,15.903124809265137,5.637843608856201,3057.0,2951.0,192.1999969482422,1867.5999755859375,49.52034378051758,0.09550302475690842,,,,,,133.28150939941406,,154.14134216308594,3743.0,,16.0,219.0,,,,,,,,,,,0.0,,0.0,,1.0,,,,,,,,,,,,,,,,2806964.0,,,,,,,,,,,0.0,5.373941421508789,15951.5,,,,,,,,,,,,media/54dd883c-993a-4ebd-9873-ff8c5e5b1da9.mp4|media/e1a729a0-61bb-493d-ac1e-eed0c9ec1230.mp4|media/1f8a9e44-e093-4d3c-91d0-cafb72c6a1ab.mp4|media/3327511a-2d62-4067-90c6-9d5973922994.jpg
9112209050,"May 21, 2023, 6:19:34 AM",🩷 (Valcava per il giro),Ride,"Tutto bello fino a quando chiudono le strade ai ciclisti 3 ore prima del passaggio
Così si promuove spettacolo, economia locale e voglia di fare sport.
",17875,108.62,165.0,165,false,,Scott,activities/9774878222.fit.gz,,7.0,17875.0,14810.0,108621.5546875,16.799999237060547,7.334338665008545,1867.0,1730.0,263.0,1346.199951171875,17.79833221435547,0.11526259034872055,,,113.0,73.90383911132812,,135.66200256347656,,200.07957458496094,3342.0,,19.0,165.0,2969630.0,,,,,,,,224.0,15849.0,0.0,,0.0,,1.0,,,,,,,,,,,,,,,,2806964.0,,,,,,,,,,,0.0,6.076730251312256,293.0,,,,,,,,,,,,media/5764a3d4-da80-4b0a-b075-51161cfcbd96.jpg|media/c0571fda-c176-4cc0-949f-2f925f386793.jpg|media/c8bb9e16-cf8b-4c83-b5d6-c1202fdfe05b.mp4
9119980848,"May 22, 2023, 4:58:55 AM",🤡 (A vedere il giro a Selvino + Spinata),Ride,"Oggi il prefetto ha lasciato strada libera
L'idea era fare un Selvino Easy post lavoro
Poi, uno in e-bike mi ha messo fuoco al culo e bisognava tenerlo dietro
Pizza Spinata top",41685,60.57,186.0,101,false,,Scott,activities/9783177673.fit.gz,,7.0,41685.0,7716.0,60576.94140625,17.563282012939453,7.8508219718933105,939.0,796.0,230.39999389648438,1058.5999755859375,19.501493453979492,0.2185649573802948,,,103.0,74.9276351928711,,136.7757568359375,,214.39437866210938,1842.0,,24.0,101.0,1648812.0,,,,,,,,241.0,8069.0,0.0,,0.0,,1.0,,,,,,,,,,,,,,,,2806964.0,,,,,,,,,,,0.0,1.4532071352005005,9.699999809265137,,,,,,,,,,,,media/fee8cd43-3ba0-4939-b39b-e7d997a40cee.jpg|media/898e9518-f811-4729-834c-64fdbd6aa062.jpg
9126344194,"May 23, 2023, 1:50:30 PM",🖥️ (Farno guardando il giro salendo),Ride,"",7796,39.35,166.0,76,false,,Scott,activities/9790027540.fit.gz,,7.0,7796.0,6840.0,39350.4609375,16.840234756469727,5.752991199493408,1211.0,1168.0,393.6000061035156,1243.0,32.955345153808594,0.01778886467218399,,,101.0,65.92283630371094,,134.78172302246094,,201.0102996826172,1537.0,,25.0,76.0,1366040.0,,,,,,,,234.0,7121.0,0.0,,0.0,,1.0,,,,,,,,,,,,,,,,2806964.0,,,,,,,,,,,0.0,5.047519207000732,248.89999389648438,,,,,,,,,,,,""
9129658408,"May 24, 2023, 4:50:08 AM",✅,Run,Il mercoledì mattina ,3462,12.55,176.0,77,false,,,activities/9794236692.fit.gz,,,3462.0,3440.0,12557.41015625,7.181933403015137,3.6504099369049072,170.0,167.0,225.8000030517578,376.20001220703125,18.218870162963867,0.02389027550816536,,,85.0,81.31224822998047,,151.06643676757812,,,898.0,,20.0,77.0,,,,,,,,,,,0.0,,0.0,,1.0,12933.5,,,,,,,,,,,,,,,,,,,,,,,,,,0.0,3.6272127628326416,2062.39990234375,,,,9322.0,,,,,,,,""
9139672288,"May 25, 2023, 2:42:39 PM",⚰️ (Triduo delle gambe morte),Ride,Attaccato su ogni salita oggi ,12814,78.17,175.0,153,false,,Scott,activities/9806259960.fit.gz,,7.0,12814.0,11800.0,78173.9609375,17.659765243530273,6.624911785125732,2077.0,1932.0,306.79998779296875,1064.800048828125,25.83108139038086,0.17141257226467133,,,102.0,72.08912658691406,,137.33567810058594,,216.76193237304688,2848.0,,22.0,153.0,2551794.0,,,,,,,,249.0,12459.0,0.0,,0.0,,1.0,,,,,,,,,,,,,,,,2806964.0,,,,,,,,,,,0.0,6.100667953491211,0.0,,,,,,,,,,,,media/27d4ae8b-c74d-41c9-9c75-85d05e3e3d35.jpg
9144899625,"May 26, 2023, 5:10:25 AM",🤡,Ride,Grave gravel piuttosto che coda ,41092,48.84,160.0,48,false,,Scott,activities/9811958858.fit.gz,,7.0,41092.0,5870.0,48841.3203125,15.270001411437988,8.320497512817383,343.0,437.0,223.1999969482422,563.2000122070312,11.919658660888672,-0.035216107964515686,,,,,,130.04092407226562,,162.0612335205078,1278.0,,25.0,48.0,,,,,,,,,,,0.0,,0.0,,1.0,,,,,,,,,,,,,,,,2806964.0,,,,,,,,,,,0.0,1.1885846853256226,46.5,,,,,,,,,,,,""
9150605151,"May 27, 2023, 4:24:53 AM","🪨 (Colle San Zeno, Maniva, Crocedomini, Presolana)",Ride,"Umido e forature. Unica acqua a scendere da Orezzo.
Gambe che sono morte più volte e poi risorte.
Bellissimo.",35680,194.74,169.0,392,false,,Scott,activities/9818068530.fit.gz,,7.0,35680.0,30377.0,194746.15625,19.8828125,6.410974025726318,5041.28125,4667.0,187.6999969482422,2129.60009765625,34.50679397583008,0.06033496931195259,,,115.0,71.79476165771484,,138.54576110839844,,192.0330810546875,6594.0,,22.0,392.0,5830052.0,,,,,,,,214.0,32622.0,0.0,,0.0,,1.0,,,,,,,,,,,,,,,,2806964.0,,,,,,,,,,,0.0,5.458132266998291,6623.39990234375,,,,,,,,,,,,media/4be4de5f-995e-4457-999e-55ecfed4bfa1.mp4|media/248350f6-aa77-4514-827c-61f81e50e295.mp4|media/7e0263ff-7556-42a1-98c7-8cb1c8e28590.jpg|media/4b55d075-e824-49bd-97ec-b077760695e2.jpg|media/b0ce1b2f-74eb-4461-bd70-6e9fe045bf0a.jpg|media/b4a30ff0-7613-40a4-a145-f1e59d9e2c8e.jpg
9158525662,"May 28, 2023, 3:31:25 PM",🏞️ (Battesimo e Selvino),Ride,Risotto alla salsiccia - fuelled Selvino gravel,6013,34.17,141.0,19,false,,Scott,activities/9826532075.fit.gz,,7.0,6013.0,5397.0,34170.3203125,17.353906631469727,6.33135461807251,795.0,787.0,327.3999938964844,1055.800048828125,36.524681091308594,0.01697375811636448,,,,,,116.23845672607422,,165.0466766357422,802.0,,23.0,19.0,,,,,,,,,,,0.0,,0.0,,1.0,,,,,,,,,,,,,,,,2806964.0,,,,,,,,,,,0.0,5.682740688323975,21.799999237060547,,,,,,,,,,,,media/937b8f3a-4d5f-400e-a86e-bbc5a89b1a06.jpg|media/6ad2e635-5ff0-4545-b669-a17fb7e897e6.jpg|media/e6df2bbc-4b1e-404d-a4d7-e2d19b2c3996.jpg
9162203949,"May 29, 2023, 9:50:36 AM",😇 (Santuario di Altino PR perché ti attaccano a metà),Ride,"Tanta pioggia anche oggi.
Va bene così.",6374,33.86,167.0,107,false,,Scott,activities/9830488606.fit.gz,,7.0,6374.0,5960.0,33862.44140625,16.869922637939453,5.681617736816406,1160.0,1158.0,395.79998779296875,1084.5999755859375,25.297225952148438,-0.002362643601372838,,,103.0,63.535491943359375,,143.32891845703125,,207.57073974609375,1387.0,,22.0,107.0,1237140.0,,,,,,,,244.0,6204.0,0.0,,0.0,,1.0,,,,,,,,,,,,,,,,2806964.0,,,,,,,,,,,0.0,5.312588691711426,0.0,,,,,,,,,,,,""
9169994480,"May 30, 2023, 4:28:51 AM",☔,Ride,"Che grandissima rottura di scatole.
Ah no, per giorni così c'è la gravel.",41068,52.01,158.0,50,false,,Scott,activities/9838738955.fit.gz,,7.0,41068.0,6479.0,52013.58984375,15.270001411437988,8.028027534484863,448.0,452.0,219.0,570.0,25.793548583984375,-0.014611518941819668,,,,,,129.57659912109375,,162.35958862304688,1358.0,,24.0,50.0,,,,,,,,,,,0.0,,0.0,,1.0,,,,,,,,,,,,,,,,2806964.0,,,,,,,,,,,0.0,1.2665235996246338,13.300000190734863,,,,,,,,,,,,""
9177095686,"May 31, 2023, 4:58:00 AM",🛞🥱 (Tyre and tired),Ride,"Altra foratura, altra pioggia.
Altro piccolo PR 🤡
Fuck.",43902,63.12,187.0,78,false,,Scott,activities/9846208787.fit.gz,,7.0,43902.0,8854.0,63127.59375,18.620311737060547,7.129838466644287,1210.0,1097.0,221.39999389648438,1053.199951171875,31.92979621887207,0.17678478360176086,,,105.0,71.91397094726562,,130.69857788085938,,201.85772705078125,2006.0,,22.0,78.0,1784332.0,,,,,,,,232.0,9385.0,0.0,,0.0,,1.0,,,,,,,,,,,,,,,,2806964.0,,,,,,,,,,,0.0,1.4379206895828247,672.0999755859375,,,,,,,,,,,,""
9179831866,"Jun 1, 2023, 3:53:57 AM",Problemi problemi problemi ,Ride,"",1543,7.70,157.0,16,false,,Scott,activities/9849080482.fit.gz,,7.0,1543.0,1543.0,7703.080078125,12.868066787719727,4.992274761199951,287.0,280.0,707.4000244140625,998.2000122070312,18.288042068481445,0.1090468093752861,,,76.0,59.930389404296875,,133.95523071289062,,167.93548583984375,294.0,,20.0,16.0,255652.0,,,,,,,,214.0,1544.0,0.0,,0.0,,1.0,,,,,,,,,,,,,,,,2806964.0,,,,,,,,,,,0.0,4.992274761199951,0.0,,,,,,,,,,,,""
9188325320,"Jun 2, 2023, 6:02:51 AM",🪚 (Monte Baldo e Sega di Ala),Ride,"Con Luca è sempre più bello
Garda, Trentino, Lessinia e Valpolicella in una volta sola.
Test FPT non voluto ma OK
Bello (specie per uova, speck e patate)",28544,159.97,180.0,241,false,,Scott,activities/9858036792.fit.gz,,7.0,28544.0,24313.0,159969.1875,21.829687118530273,6.579574108123779,4136.0,4132.0,98.0,1621.199951171875,49.88478469848633,-0.0012502407189458609,,,113.0,65.89105224609375,,133.39498901367188,,189.12533569335938,5224.0,,24.0,241.0,4614601.0,,,,,,,,227.0,25661.0,0.0,,0.0,,1.0,,,,,,,,,,,,,,,,2806964.0,,,,,,,,,,,0.0,5.604301929473877,4878.7998046875,,,,,,,,,,,,media/23a6fb38-6e4d-4ec9-9e2d-a6291ba95e07.jpg|media/d3edbbd4-2654-45ae-8f1e-5e15dc735a21.mp4|media/823ae17d-4b79-42af-92d0-f0a826a2794d.jpg|media/0af8c930-c655-4f56-8e86-3eaf5b0b28f9.jpg|media/d8dfdb2f-eea6-43fc-abc0-cae96a8fa4fd.jpg|media/b838ae4b-f936-4978-afb6-bd0433275e76.mp4|media/3421990a-164f-41ce-9170-bd11c8dca6a6.jpg|media/7aab6f54-d440-4b98-906f-13fb382e64f7.jpg|media/249b7e1e-df8e-48a9-8de1-7c3feb8a340b.jpg|media/1a401983-24ba-4915-80fa-7293959e183b.jpg
9196731820,"Jun 3, 2023, 6:30:35 AM",🏞️,Hike,"",7500,7.99,118.0,12,false,,,activities/9866962450.fit.gz,,,7500.0,6574.0,7991.81982421875,4.0366668701171875,1.2156708240509033,674.0,657.0,707.4000244140625,1376.0,48.780731201171875,0.11511710286140442,,,124.0,59.32398223876953,,85.95564270019531,,,479.0,,22.0,12.0,,,,,,,,,,,0.0,,0.0,,1.0,,,,,,,,,,,,,,,,,,,,,,,,,,,0.0,1.0655759572982788,6756.2998046875,,,,,,,,,,,,""
9202308743,"Jun 4, 2023, 5:10:21 AM",🎶 (Milano Sanremo 2023),Ride,"Quando una gara è lunga, e la allungano di 15 km
Gambe che giravano bene. Vento in faccia per 220km
Ignoranza e bellezza polpacciosa.",38277,309.35,179.0,365,false,,Scott,activities/9872886881.fit.gz,,7.0,38277.0,32256.0,309354.71875,16.440624237060547,9.590609550476074,2300.0,2364.0,2.5999999046325684,522.2000122070312,26.967599868774414,-0.027799803763628006,,,113.0,81.98201751708984,,136.15725708007812,,216.0875701904297,7778.0,,26.0,365.0,6967712.0,,,,,,,,229.0,33702.0,0.0,,0.0,,1.0,,,,,,,,,,,,,,,,2806964.0,,,,,,,,,,,0.0,8.081999778747559,0.0,,,,,,,,,,,,media/6a213b4f-0899-4ce5-86e0-3e117f89c9b3.mp4|media/8a2e5064-bc77-4abd-bb1c-dd17f83ba861.jpg|media/9e87db6e-50dd-4d95-bad4-214457713c46.jpg|media/347205b8-9791-4373-b245-18916b6a18a4.mp4|media/bde93e04-53f3-4218-852c-da2fdfd20f4c.jpg|media/b03bd974-42b0-4830-8d2d-5709eeae4fda.jpg
9211559291,"Jun 6, 2023, 3:30:27 AM",🥞 (Colli a colazione),Ride,"When you are wide awake at 5.15 and you figure you want to enjoy a nice sunrise
Last few days still in the legs but ok.",10926,72.55,170.0,145,false,,Scott,activities/9882652418.fit.gz,,7.0,10926.0,10759.0,72558.2734375,19.375782012939453,6.743960857391357,2032.0,1907.0,317.6000061035156,1213.5999755859375,24.808828353881836,0.17227531969547272,,,105.0,68.60435485839844,,138.59146118164062,,223.2238311767578,2672.0,,17.0,145.0,2401780.0,,,,,,,,252.0,10927.0,0.0,,0.0,,1.0,,,,,,,,,,,,,,,,2806964.0,,,,,,,,,,,0.0,6.6408820152282715,46.0,,,,,,,,,,,,media/92fd86bd-7031-434e-bf75-ea022cf986d7.jpg|media/a5bd4d08-322e-4799-b2cf-45fcc6f2b351.jpg|media/fc3a1081-db9d-4244-98ff-0c36539033ec.jpg|media/c89e204e-599f-4b70-ae3a-9ecb69e5a216.jpg
9217860545,"Jun 7, 2023, 3:55:00 AM",🫎 (Ol gir di coren),Ride,"",4219,21.19,139.0,14,false,,Scott,activities/9889267171.fit.gz,,7.0,4219.0,4151.0,21195.140625,15.9140625,5.106032371520996,810.443115234375,789.0,389.5,1076.199951171875,35.713768005371094,0.031139126047492027,,,,,,114.9167709350586,,172.82167053222656,620.0,,18.0,14.0,,,,,,,,,,,0.0,,0.0,,1.0,,,,,,,,,,,,,,,,2806964.0,,,,,,,,,,,0.0,5.023735523223877,0.0,,,,,,,,,,,,""
9228166517,"Jun 8, 2023, 4:51:40 PM",💔 (Senza cuore e gambe post conferenza),Ride,"",4463,22.09,155.0,22,false,,Scott,activities/9900174397.fit.gz,,7.0,4463.0,3900.0,22096.19140625,17.455860137939453,5.665689945220947,698.0,696.0,300.6000061035156,862.4000244140625,36.00006103515625,0.027154002338647842,,,107.0,62.660400390625,,122.62828063964844,,194.03701782226562,857.0,,26.0,22.0,758745.0,,,,,,,,236.0,4289.0,0.0,,0.0,,1.0,,,,,,,,,,,,,,,,2806964.0,,,,,,,,,,,0.0,4.950972557067871,169.3000030517578,,,,,,,,,,,,media/001cac55-beb2-4d93-8d3d-145d70f8a468.jpg
9233171072,"Jun 9, 2023, 4:57:18 AM",🏕️ (Natura e Pighet a colazione),Ride,"An alternative way to work.
At 21% average.
Wow.",37276,59.81,160.0,60,false,,Scott,activities/9905355876.fit.gz,,7.0,37276.0,8794.0,59809.44140625,16.721874237060547,6.801164627075195,1007.0,937.0,222.1999969482422,683.2000122070312,49.459041595458984,0.20063722133636475,,,,,,124.23688507080078,,171.341796875,1584.0,,24.0,60.0,,,,,,,,,,,0.0,,0.0,,1.0,,,,,,,,,,,,,,,,2806964.0,,,,,,,,,,,0.0,1.6045026779174805,3051.60009765625,,,,,,,,,,,,media/c622ddf6-54dc-48df-81fd-992d2aa97af9.jpg|media/623ecfd1-8a7f-4640-9a9b-7a6fa85f223e.jpg|media/5ddd3913-5645-4fc1-9fb4-67a8def15f6d.mp4|media/fa5ff684-ece7-4798-bc98-c3f337aee48c.jpg
9238028286,"Jun 10, 2023, 4:10:21 AM",🧱 (Coppa Asteria 2023 - Muri da abbattere a est),Ride,"When La Popolare Is in Town, you know gravel and crazy % are on the menu.
Attacked by an e-bike on the hardest climb of the day. ⚡",24615,122.69,170.0,183,false,,Scott,activities/9910516551.fit.gz,,7.0,24615.0,19457.0,122693.2578125,17.479686737060547,6.3058671951293945,2661.0,2524.0,168.1999969482422,965.0,37.0745849609375,0.09910892695188522,,,,,,132.85047912597656,,164.94190979003906,3493.0,,25.0,183.0,,,,,,,,,,,0.0,,0.0,,1.0,,,,,,,,,,,,,,,,2806964.0,,,,,,,,,,,0.0,4.98449182510376,11949.900390625,,,,,,,,,,,,media/e15b5762-a13e-4924-bc9f-f4fd58d6cb17.jpg|media/068290cb-1c70-42dc-bb2f-afa1bcdd811e.mp4|media/f750bdd4-d3b6-4380-9992-da9e7f7219a0.jpg|media/c01e2ffa-5f6b-433e-8cbe-707cedbb236f.jpg|media/50736202-da96-4205-a55c-50c1f4765d5b.jpg|media/4d2f568f-e783-43cd-bf72-37ffd5723d16.jpg
9245333207,"Jun 11, 2023, 5:00:10 AM",⚫🟡 (Berghèm Mola Mia 2023),Ride,"What an amazing competition in my hometown!
I gave it all!!
10° posto 4° categoria 🥲
[strava://athletes/37331571/16]Michele Sarzilla incontro tra Micheli ⚡",28179,177.82,174.0,257,false,,Scott,activities/9918271020.fit.gz,,7.0,28179.0,22345.0,177822.609375,21.549999237060547,7.958049297332764,3389.0,3376.0,192.1999969482422,1291.5999755859375,45.01116180419922,0.001799553050659597,,,116.0,78.09312438964844,,135.98146057128906,,202.41908264160156,5080.0,,25.0,257.0,4519352.0,,,,,,,,241.0,23763.0,0.0,,0.0,,1.0,,,,,,,,,,,,,,,,2806964.0,,,,,,,,,,,0.0,6.3104658126831055,1382.699951171875,,,,,,,,,,,,media/3666919d-79d8-4e14-81d6-d00e5b8acf8c.jpg|media/04ee81b3-720b-46f8-b9d3-777ebb5ab1d7.jpg|media/6cfe52ad-fbad-49fa-967c-edba90243408.jpg|media/a94f4a6c-dada-4abd-b739-35ff04b27bd1.mp4|media/951fd7d1-9cdf-4c95-ae76-25800f0bc6db.jpg|media/34d3e4ea-2d8e-4909-aeb1-b37a3c705f5c.jpg
9255634873,"Jun 13, 2023, 3:25:19 AM",🌧️(Girovagando per il mondo),Ride,"Uncertain like the weather, this morning.
Sleep is overrated
",10880,61.48,171.0,103,false,,Scott,activities/9929157463.fit.gz,,7.0,10880.0,10219.0,61484.75,18.467187881469727,6.016709327697754,1910.0,1904.0,399.20001220703125,1097.0,49.61621856689453,0.0055297669023275375,,,98.0,64.21168518066406,,133.98545837402344,,194.24722290039062,2248.0,,17.0,103.0,1991770.0,,,,,,,,230.0,10537.0,0.0,,0.0,,1.0,,,,,,,,,,,,,,,,2806964.0,,,,,,,,,,,0.0,5.651172161102295,58.099998474121094,,,,,,,,,,,,media/bed1f04d-8f1a-464f-9dd2-73cc6d9fcf7f.jpg
9265406105,"Jun 14, 2023, 2:20:46 PM",💦 (Battesimo del Bates),Ride,"Don't know why my brother wants 30% climbs
40x42 gravel 💦
But I get them",10301,39.61,153.0,42,false,,Scott,activities/9939467093.fit.gz,,7.0,10301.0,8086.0,39610.859375,17.371875762939453,4.898696422576904,1410.4473876953125,1438.0,296.3999938964844,1222.0,47.94648742675781,0.009340863674879074,,,,,,121.41508483886719,,154.65341186523438,1270.0,,26.0,42.0,,,,,,,,,,,0.0,,0.0,,1.0,,,,,,,,,,,,,,,,2806964.0,,,,,,,,,,,0.0,3.845341205596924,10263.0,,,,,,,,,,,,media/593a24df-49be-4e8e-9595-333612e3ebb6.jpg|media/4fd0cc0d-65de-4e56-b420-0b6f831c1fec.jpg|media/808202cd-59b1-48d8-a519-0ff63c4f03da.jpg|media/7a5f89cc-aa55-4b62-a717-ccb279cfa54b.jpg
9271742477,"Jun 15, 2023, 2:52:32 PM",🚬 (Tour de Zambla siga - si fa per dire - edition),Ride,"Another day, another rain.
",9879,62.18,158.0,76,false,,Scott,activities/9946144678.fit.gz,,7.0,9879.0,9116.0,62182.78125,17.274219512939453,6.821279048919678,1526.0,1503.0,385.79998779296875,1251.0,19.106853485107422,0.00096485810354352,,,108.0,71.75182342529297,,130.7613067626953,,199.78709411621094,2052.0,,23.0,76.0,1820612.0,,,,,,,,232.0,9433.0,0.0,,0.0,,1.0,,,,,,,,,,,,,,,,2806964.0,,,,,,,,,,,0.0,6.294440746307373,0.0,,,,,,,,,,,,media/194f7cf7-4c85-477a-92d2-9bb4807da641.jpg|media/94eaad5f-9d3f-4959-ab5b-b8ddc983753d.jpg
9282007597,"Jun 17, 2023, 4:36:15 AM",🥵 (Vivione Azzone Caldone Dezzone Gandone),Ride,"",26299,141.36,173.0,313,false,,Scott,activities/9956995700.fit.gz,,7.0,26299.0,20700.0,141366.875,17.668750762939453,6.829317092895508,3501.0,3320.0,391.3999938964844,1839.199951171875,34.44485092163086,0.0971938967704773,,,103.0,72.28353118896484,,140.37416076660156,,202.02084350585938,4704.0,,23.0,313.0,4182652.0,,,,,,,,235.0,22077.0,0.0,,0.0,,1.0,,,,,,,,,,,,,,,,2806964.0,,,,,,,,,,,0.0,5.375370502471924,0.0,,,,,,,,,,,,media/e096b577-7a42-4494-b2e9-93cc783d5e16.jpg|media/879af08b-7b07-43f8-b4b5-f6fa20fe73e1.mp4|media/76c25614-e6cd-4bca-a245-d43eec10798f.jpg|media/c9bae0f0-4a8f-4369-a83e-8045b36a7aaf.jpg
9289187470,"Jun 18, 2023, 8:01:19 AM",🥾 (No bike day),Hike,"Food, Friends, Relax",20578,10.58,154.0,20,false,,,activities/9964653310.fit.gz,,,20578.0,9255.0,10586.1103515625,4.952002048492432,1.1438260078430176,1013.0,960.0,1271.199951171875,2007.199951171875,49.68913650512695,0.29472652077674866,,,124.0,59.18778991699219,,90.79573822021484,,,771.0,,28.0,20.0,,,,,,,,,,,0.0,,0.0,,1.0,,,,,,,,,,,,,,,,,,,,,,,,,,,0.0,0.514438271522522,10302.2998046875,,,,,,,,,,,,media/1c64a375-c32a-4aa4-a6ea-e1b4e687ef64.jpg|media/1bd55a47-f43f-430a-9d83-4689769477d6.jpg|media/f824f98b-747e-4d62-801f-bdbe47c92b8f.jpg|media/635fbd7b-af87-41cc-a220-4543364e2ad0.mp4
9295970440,"Jun 19, 2023, 4:56:48 AM","🔁 (Selvino afterwork, like last year)",Ride,"",41984,65.14,173.0,83,false,,Scott,activities/9971837816.fit.gz,,7.0,41984.0,8412.0,65148.6796875,17.785938262939453,7.744731426239014,1050.0,911.0,215.39999389648438,1058.0,23.214691162109375,0.19524572789669037,,,107.0,77.59559631347656,,132.42332458496094,,206.75326538085938,1948.0,,26.0,83.0,1737656.0,,,,,,,,230.0,8608.0,0.0,,0.0,,1.0,,,,,,,,,,,,,,,,2806964.0,,,,,,,,,,,0.0,1.5517501831054688,0.0,,,,,,,,,,,,""
9299145624,"Jun 20, 2023, 3:14:10 AM",😇 (Sant'Antonio Abbandonato),Ride,"Finally this climb this year.
Last few tests and good feeling
1250 VAM - 159 bpm
🤞",11012,76.18,166.0,109,false,,Scott,activities/9975394987.fit.gz,,7.0,11012.0,10525.0,76185.203125,17.571874618530273,7.238499641418457,1649.0,1502.0,269.0,1056.0,24.037559509277344,0.17063680291175842,,,107.0,74.70600891113281,,131.35670471191406,,217.97784423828125,2557.0,,19.0,109.0,2292510.0,,,,,,,,246.0,10732.0,0.0,,0.0,,1.0,,,,,,,,,,,,,,,,2806964.0,,,,,,,,,,,0.0,6.9183807373046875,58.20000076293945,,,,,,,,,,,,media/8cc5271f-e0f9-40a7-a61d-516540c7feba.jpg|media/98c78dba-2698-4f01-8b3b-07a9d7d14c91.mp4|media/0e38ae65-bcfc-4f07-840a-bfc3d24bafcb.mp4
9305551226,"Jun 21, 2023, 4:24:39 AM",🍔 (Upper City before work),Ride,In the heart of Il Lombardia,6310,44.46,161.0,46,false,,Scott,activities/9982169047.fit.gz,,7.0,6310.0,5951.0,44465.7109375,15.247209548950195,7.471972942352295,585.0,928.0,216.39999389648438,574.5999755859375,35.493934631347656,-0.8033155798912048,,,,,,127.68146514892578,,150.5311737060547,1168.0,,23.0,46.0,,,,,,,,,,,0.0,,0.0,,1.0,,,,,,,,,,,,,,,,2806964.0,,,,,,,,,,,0.0,7.046864032745361,1953.0,,,,,,,,,,,,media/d8108ffa-579e-4e6e-a862-6180ee8d1034.jpg|media/d2cbec1b-6b61-481b-add6-8f939aea60ff.jpg|media/32436db6-5a3b-4cdf-a0d3-935e87a87207.jpg|media/8480861a-838d-4793-96cd-65e4bcf67fba.jpg
9311743257,"Jun 22, 2023, 4:34:35 AM",🫣 (Running after 1 month),Run,Variations bring consistency ,3375,12.65,178.0,59,false,,,activities/9988684788.fit.gz,,,3375.0,3310.0,12649.759765625,9.1240234375,3.8216795921325684,176.0,173.0,224.0,379.79998779296875,38.502140045166016,0.03004012070596218,,,84.0,81.1480712890625,,145.42596435546875,,,871.0,,24.0,59.0,,,,,,,,,,,0.0,,0.0,,1.0,13090.0,,,,,,,,,,,,,,,,,,,,,,,,,,0.0,3.748076915740967,2142.60009765625,,,,8960.0,,,,,,,,""
9320234471,"Jun 23, 2023, 2:17:36 PM",👌 (Bike and Oakley check),Ride,"Keep your upgrades till the end.
Wow. These 45mm rims fly.
🤩🤩🤩",5618,34.12,172.0,67,false,,Scott,activities/9997653854.fit.gz,,7.0,5618.0,5175.0,34127.73046875,19.774219512939453,6.594730377197266,1089.0,1086.0,588.5999755859375,1097.5999755859375,26.439453125,-0.02226920984685421,,,110.0,70.75562286376953,,136.1555633544922,,231.40371704101562,1325.0,,29.0,67.0,1195056.0,,,,,,,,265.0,5539.0,0.0,,0.0,,1.0,,,,,,,,,,,,,,,,2806964.0,,,,,,,,,,,0.0,6.074711799621582,0.0,,,,,,,,,,,,media/8cd3a8d1-5d7c-42ed-a306-2a21b144c78f.jpg|media/c38abf10-9eb8-44cb-b6e2-383703b7fab3.jpg
9324293820,"Jun 24, 2023, 4:53:51 AM",🐎 (Cavalli al San Marco),Ride,What a team! Let's go,19278,130.01,191.0,386,false,,Scott,activities/10001939691.fit.gz,,7.0,19278.0,16899.0,130017.671875,21.135936737060547,7.693808555603027,2939.908447265625,2877.0,326.70001220703125,1960.800048828125,29.495298385620117,7.691260543651879e-05,,,109.0,74.85527801513672,,149.28878784179688,,220.3077392578125,4148.0,,21.0,386.0,3723493.0,,,,,,,,243.0,17940.0,0.0,,0.0,,1.0,,,,,,,,,,,,,,,,2806964.0,,,,,,,,,,,0.0,6.744354724884033,0.0,,,,,,,,,,,,media/9e3b32ae-0ed4-478b-b4ec-c764075ab253.jpg|media/d507a406-2fd5-4ee7-aad1-9ea4fbc8a448.jpg|media/8eb0e317-5390-4a84-a2a5-09a8c7d1b69f.mp4|media/bb026385-7976-41b2-9565-f60a1c83541e.jpg
9331031716,"Jun 25, 2023, 7:18:36 AM",🍕 (Pizza ride at Spampatti's),Ride,With Spampatti 👌,11472,68.80,157.0,49,false,,Scott,activities/10009096039.fit.gz,,7.0,11472.0,9535.0,68803.4609375,17.624217987060547,7.215884685516357,991.0,1147.0,195.0,705.7999877929688,18.310909271240234,-0.23865081369876862,,,,,,119.20652770996094,,153.37860107421875,1385.0,,29.0,49.0,,,,,,,,,,,0.0,,0.0,,1.0,,,,,,,,,,,,,,,,2806964.0,,,,,,,,,,,0.0,5.997512340545654,0.0,,,,,,,,,,,,media/52ad899b-f1cb-4fe0-9e24-11b0003da79a.jpg|media/5fd89ac5-5b59-478b-80e6-08a79824cee0.jpg|media/989e82c7-1f6b-49ec-ab15-9d33c14131e6.mp4
9343828954,"Jun 27, 2023, 7:11:59 AM",🍊 (San Pellegrino Orange Juice),Ride,Welcome to Dolomites 2023 🤩,21045,123.05,172.0,214,false,,Scott,activities/10022638039.fit.gz,,7.0,21045.0,17208.0,123054.96875,21.431249618530273,7.1510329246521,3165.06494140625,2935.0,769.7999877929688,2240.699951171875,18.66587257385254,-0.0013002327177673578,,,107.0,71.54977416992188,,135.33067321777344,,196.2721405029297,3803.0,,22.0,214.0,3369824.0,,,,,,,,228.0,18587.0,0.0,,0.0,,1.0,,,,,,,,,,,,,,,,2806964.0,,,,,,,,,,,0.0,5.847230911254883,0.0,,,,,,,,,,,,media/d8b4f88d-cb88-4fc8-a8ce-1d7c991ee5d0.jpg|media/88647daf-050e-436b-9080-aff86c9e73fc.jpg|media/c7dbe5d6-c54f-437c-af40-63bffbb2ce4d.jpg|media/c14f9ada-0872-40d4-8aa0-3c4eb24e273b.mp4
9348315588,"Jun 28, 2023, 3:08:38 AM",🌄 (Sellaronda dawn),Ride,Empty legs but good,8324,50.90,161.0,52,false,,Scott,activities/10027355184.fit.gz,,7.0,8324.0,8112.0,50905.75,19.376171112060547,6.275363445281982,1642.0,1646.0,1533.0,2246.800048828125,40.42032241821289,-0.012179275043308735,,,99.0,64.54206085205078,,127.25627136230469,,200.03038024902344,1823.0,,13.0,52.0,1619988.0,,,,,,,,230.0,8325.0,0.0,,0.0,,1.0,,,,,,,,,,,,,,,,2806964.0,,,,,,,,,,,0.0,6.115539073944092,0.0,,,,,,,,,,,,media/8bbbc122-adb5-4db5-9302-365f9f491d1c.mp4|media/6c90c684-1bca-406a-b562-7a47cf5f6726.jpg|media/bff99b48-056e-4ad6-b397-32e390f88d64.mp4
9355587290,"Jun 29, 2023, 7:39:14 AM",🍳(Padellone ride),Ride,Finally legs are coming back ,10866,56.01,168.0,44,false,,Scott,activities/10034996791.fit.gz,,7.0,10866.0,7879.0,56015.7890625,23.08203125,7.109504699707031,1429.0,1433.0,1403.4000244140625,2200.199951171875,24.216594696044922,-0.042130935937166214,,,111.0,68.23251342773438,,111.79635620117188,,200.54685974121094,1774.0,,20.0,44.0,1575764.0,,,,,,,,232.0,9004.0,0.0,,0.0,,1.0,,,,,,,,,,,,,,,,2806964.0,,,,,,,,,,,0.0,5.1551432609558105,0.0,,,,,,,,,,,,media/14c94cf2-6c4f-4307-ac3c-d539c5545c7a.jpg|media/94f53d16-f513-4ecf-80d4-8977675ee153.jpg|media/32aaacb1-930f-4e36-a664-b6d293ce31a1.mp4
9372161478,"Jul 2, 2023, 4:30:11 AM",👌 (Maratona Dles Dolomites 2023),Ride,"Bad feelings and bad luck
But it is ok
Still  I got a🥇 position 😂🫣
",7660,53.91,184.0,121,false,,Scott,activities/10053028142.fit.gz,,7.0,7660.0,7593.0,53913.83203125,21.609960556030273,7.100464820861816,1745.0,1632.0,1435.199951171875,2245.0,16.157520294189453,0.18993274867534637,,,118.0,74.73985290527344,,137.3074951171875,,233.86485290527344,1964.0,,12.0,121.0,1773630.0,,,,,,,,254.0,7661.0,0.0,,0.0,,1.0,,,,,,,,,,,,,,,,2806964.0,,,,,,,,,,,0.0,7.03835916519165,0.0,,,,,,,,,,,,media/420c4c77-ffaa-4706-b8b6-e4dbda502244.jpg
9381909098,"Jul 3, 2023, 3:58:18 PM",Afternoon Hike,Hike,,4281,6.02,124.0,9,false,,,activities/10063358588.fit.gz,,,4281.0,4112.0,6022.14990234375,4.194000244140625,1.46453058719635,379.0,367.0,396.79998779296875,773.7999877929688,48.84718704223633,0.059778910130262375,,,110.0,54.82286834716797,,94.32197570800781,,,374.0,,28.0,9.0,,,,,,,,,,,,,0.0,,1.0,,,,,,,,,,,,,,,,,,,,,,,,,,,0.0,1.406715750694275,2310.800048828125,,,,,,,,,,,,""
9385597114,"Jul 4, 2023, 10:00:23 AM",🏃(Easy back),Run,"",2961,11.00,169.0,45,false,,,activities/10067233661.fit.gz,,,2961.0,2907.0,11005.0703125,6.2779998779296875,3.7857139110565186,47.0,43.0,208.1999969482422,225.1999969482422,11.609112739562988,0.030894935131072998,,,95.0,79.33495330810547,,143.79598999023438,,,781.0,,28.0,45.0,,,,,,,,,,,0.0,,0.0,,1.0,11092.5,,,,,,,,,,,,,,,,,,,,,,,,,,0.0,3.7166733741760254,4472.89990234375,,,,7724.0,,,,,,,,""
9393980151,"Jul 5, 2023, 4:24:59 AM",🧗 (Morning Pighet is better),Ride,The best way to wake up is at 21%,42588,59.25,171.0,77,false,,Scott,activities/10076051900.fit.gz,,7.0,42588.0,8515.0,59255.37109375,16.962108612060547,6.958939552307129,936.0,955.0,216.8000030517578,681.5999755859375,49.6508903503418,-0.014175971038639545,,,,,,131.421875,,169.5201416015625,1673.0,,23.0,77.0,,,,,,,,,,,0.0,,0.0,,1.0,,,,,,,,,,,,,,,,2806964.0,,,,,,,,,,,0.0,1.3913631439208984,3532.60009765625,,,,,,,,,,,,""
9400658226,"Jul 6, 2023, 2:27:39 PM",🥐 (The Oude Farno-mont),Ride,Gravel + relax + croissant + Italian landscapes,9655,41.02,171.0,118,false,,Scott,activities/10083074986.fit.gz,,7.0,9655.0,8105.0,41020.1484375,17.712499618530273,5.061091899871826,1499.0,1487.0,387.0,1534.0,40.354835510253906,-0.008776185102760792,,,,,,138.30140686035156,,180.33489990234375,1653.0,,24.0,118.0,,,,,,,,,,,0.0,,0.0,,1.0,,,,,,,,,,,,,,,,2806964.0,,,,,,,,,,,0.0,4.248591423034668,12706.7001953125,,,,,,,,,,,,media/a2ae0ddc-2708-4e80-9eae-b345e4318804.jpg|media/be123c0b-abde-4327-82b6-a6cffe2b2857.jpg|media/a7d9da92-9444-4a11-bbc7-7a15dd34e424.jpg|media/21161cb6-2597-4a45-a8e0-8c1e9637be09.jpg|media/ad219bb1-3239-4a16-97ba-1676540730cb.jpg
9406507419,"Jul 7, 2023, 3:08:52 PM",👀 (Sweet no sweat Ganda),Run,I like it,3314,10.67,182.0,53,false,,,activities/10089231065.fit.gz,,,3314.0,3263.0,10674.2001953125,5.259961128234863,3.2712841033935547,366.0,381.0,687.4000244140625,1066.5999755859375,25.45047378540039,-0.14614655077457428,,,83.0,78.85319519042969,,141.78297424316406,,,756.0,,26.0,53.0,,,,,,,,,,,0.0,,0.0,,1.0,11737.099609375,,,,,,,,,,,,,,,,,,,,,,,,,,0.0,3.2209415435791016,0.0,,,,8616.0,,,,,,,,""
9411655193,"Jul 8, 2023, 6:29:13 AM",💊 (Una cura che si chiama Curò - e Barbellino),Ride,"Crazy MTB today why not
Bro's ideas are always worth",21608,96.94,165.0,172,false,,Scott,activities/10094673058.fit.gz,,7.0,21608.0,19876.0,96946.5234375,14.361719131469727,4.877567291259766,2063.0,2155.0,386.3999938964844,2135.39990234375,48.321449279785156,-0.029500775039196014,,,,,,130.36233520507812,,124.37664031982422,2965.0,,25.0,172.0,,,,,,,,,,,0.0,,0.0,,1.0,,,,,,,,,,,,,,,,2806964.0,,,,,,,,,,,0.0,4.486603260040283,23523.900390625,,,,,,,,,,,,media/be2eec9f-147b-4668-a3c3-7002028cf349.jpg|media/d144301e-1529-4660-9363-4af18e68469a.jpg|media/92812b6c-ff57-4cb9-b8a0-b6db6641117c.jpg|media/ee043eb0-9588-471a-a6bd-7447bcd34093.mp4|media/c6f69e48-9091-42a3-bf23-cdff2e686cf3.jpg
9417346258,"Jul 9, 2023, 7:26:39 AM",☀️ (Sun ride at San Lucio),Ride,"",11394,49.86,166.0,59,false,,Scott,activities/10100726626.fit.gz,,7.0,11394.0,7858.0,49861.12890625,16.151952743530273,6.345269680023193,1162.0,1045.0,378.79998779296875,1047.800048828125,46.24694061279297,0.21459601819515228,,,,,,125.54957580566406,,173.88336181640625,1452.0,,29.0,59.0,,,,,,,,,,,0.0,,0.0,,1.0,,,,,,,,,,,,,,,,2806964.0,,,,,,,,,,,0.0,4.376086235046387,603.4000244140625,,,,,,,,,,,,media/4f4b7aa3-3c9c-432c-a2c4-7952bbcbcb05.jpg|media/2e6c2fd8-8a82-4940-835f-29562deb3a66.jpg|media/24a71e8a-9c6d-4d2c-bd82-ac0efa491889.mp4
9425098796,"Jul 10, 2023, 4:53:56 AM",🥵 (Heat + work + Monday + gravel),Ride,Wrong combination ,40089,50.83,175.0,72,false,,Scott,activities/10108976587.fit.gz,,7.0,40089.0,6061.0,50834.0,14.89666748046875,8.387064933776855,445.0,450.0,212.60000610351562,565.5999755859375,17.739349365234375,-0.008655551820993423,,,,,,136.5469207763672,,172.8596954345703,1350.0,,30.0,72.0,,,,,,,,,,,0.0,,0.0,,1.0,,,,,,,,,,,,,,,,2806964.0,,,,,,,,,,,0.0,1.2680286169052124,0.0,,,,,,,,,,,,""
9428305497,"Jul 11, 2023, 4:07:50 AM",🫗 (Emptiness),Run,"",3518,11.26,174.0,62,false,,,activities/10112332924.fit.gz,,,3518.0,3450.0,11262.669921875,11.232030868530273,3.2645421028137207,324.0,200.0,371.0,682.5999755859375,48.37139129638672,1.054811954498291,,,82.0,79.17920684814453,,146.27601623535156,,,851.0,,24.0,62.0,,,,,,,,,,,0.0,,0.0,,1.0,12266.599609375,,,,,,,,,,,,,,,,,,,,,,,,,,0.0,3.2014412879943848,1128.0,,,,9130.0,,,,,,,,media/58368f22-ed8e-467d-9e73-b986ccfe564b.jpg
9437798937,"Jul 12, 2023, 9:33:21 AM",🐂 (Jir di Koren Tempesta edition),Ride,"",18437,20.35,164.0,28,false,,Scott,activities/10122323843.fit.gz,,7.0,18437.0,3897.0,20357.8203125,17.612110137939453,5.223972320556641,816.0,817.0,392.0,1088.0,39.697364807128906,0.0029474503826349974,,,,,,126.75545501708984,,189.16098022460938,741.0,,28.0,28.0,,,,,,,,,,,0.0,,0.0,,1.0,,,,,,,,,,,,,,,,2806964.0,,,,,,,,,,,0.0,1.1041828393936157,0.0,,,,,,,,,,,,""
9445119081,"Jul 13, 2023, 2:19:02 PM",😲 (I live for these gravel rides: Grem),Ride,"",10568,49.16,177.0,87,false,,Scott,activities/10130013506.fit.gz,,7.0,10568.0,9156.0,49159.19921875,17.288280487060547,5.369069576263428,1483.0,1525.0,381.3999938964844,1644.199951171875,49.266082763671875,-0.0016273410292342305,,,,,,133.06031799316406,,169.06573486328125,1673.0,,28.0,87.0,,,,,,,,,,,0.0,,0.0,,1.0,,,,,,,,,,,,,,,,2806964.0,,,,,,,,,,,0.0,4.651703357696533,4974.60009765625,,,,,,,,,,,,media/198d97c6-6e91-4488-9d65-236fd008c0f9.jpg|media/0c9cf0d2-e597-4de3-9096-ac3367d6001f.jpg|media/793b3ad3-1b95-4971-84af-ea8773904476.jpg|media/da36ae11-3743-4bfb-8f19-fd2f944a4efc.jpg|media/887caea7-8037-4024-9db7-e12dacbd4862.mp4
9450300563,"Jul 14, 2023, 8:08:36 AM",🦉 (Giro del Civetta - Alleghe Vazzoler),Hike,"",22939,11.57,138.0,29,false,,,activities/10135451244.fit.gz,,,22939.0,12133.0,11575.900390625,2.9557058811187744,0.9540839195251465,1386.0,654.0,971.4000244140625,2277.800048828125,49.908050537109375,6.4807047843933105,,,119.0,56.2903938293457,,97.74793243408203,,,1239.0,,25.0,29.0,,,,,,,,,,,0.0,,0.0,,1.0,,,,,,,,,,,,,,,,,,,,,,,,,,,0.0,0.5046384334564209,10931.2998046875,,,,,,,,,,,,media/17516434-fb97-484b-b544-263664f0c891.mp4|media/e955762c-a59c-4d8f-909f-4ab0c1aba891.jpg|media/39457085-3337-4dc1-bae0-e72ddc81d79d.jpg|media/811b71b7-b859-47dd-81fa-d8a5ce3751fc.jpg|media/9017290b-80d0-4def-aac6-613b951c6999.jpg
9454616891,"Jul 15, 2023, 6:47:34 AM",🦉 (Giro del Civetta - Vazzoler Coldai),Hike,"",12955,11.94,156.0,41,false,,,activities/10140011298.fit.gz,,,12955.0,11125.0,11943.3203125,3.3887939453125,1.073556900024414,1327.0,906.0,1622.5999755859375,2475.199951171875,49.94565963745117,3.4998631477355957,,,112.0,54.705074310302734,,111.48076629638672,,,1418.0,,26.0,41.0,,,,,,,,,,,0.0,,0.0,,1.0,,,,,,,,,,,,,,,,,,,,,,,,,,,0.0,0.9219081997871399,11943.599609375,,,,,,,,,,,,media/2a3643b5-c430-43b1-8152-17db3d86d8b1.jpg|media/3555e4f7-557a-4cbf-ae97-d709d1408814.jpg|media/ba50e5f5-c358-4355-981d-fb34b2d95542.jpg|media/fe855bf7-ec0d-4f7a-9857-56f1acfe101d.jpg|media/ccad3353-13d7-4c39-b37c-b3017aa4ceb1.jpg
9460240160,"Jul 16, 2023, 5:15:00 AM",🦉 (Giro del Civetta - The easy end),Hike,"",5880,8.99,111.0,9,false,,,activities/10145989503.fit.gz,,,5880.0,5770.0,8994.580078125,3.1260743141174316,1.5588527917861938,25.0,1162.0,979.4000244140625,2135.60009765625,22.45880126953125,-12.76546573638916,,,125.0,55.7553825378418,,82.390380859375,,,367.0,,23.0,9.0,,,,,,,,,,,0.0,,0.0,,1.0,,,,,,,,,,,,,,,,,,,,,,,,,,,0.0,1.5296905040740967,7543.10009765625,,,,,,,,,,,,""
9460241699,"Jul 16, 2023, 7:01:24 AM",🤥 (Alleghe - Pinocchio sulla gravel),Ride,"Stupid ideas and flat tire.
But I missed my baby",7188,21.11,169.0,43,false,,Scott,activities/10145991167.fit.gz,,7.0,7188.0,5390.0,21116.69921875,17.227930068969727,3.917754888534546,978.0,967.0,972.2000122070312,1913.4000244140625,48.87333679199219,0.035990357398986816,,,,,,128.84739685058594,,164.08941650390625,1010.0,,28.0,43.0,,,,,,,,,,,0.0,,0.0,,1.0,,,,,,,,,,,,,,,,2806964.0,,,,,,,,,,,0.0,2.9377710819244385,14430.400390625,,,,,,,,,,,,media/d57b0351-ff65-4edb-97d7-73a60140431c.jpg|media/a5ee1d49-e4d0-4c4c-836e-86a6c878a13a.jpg|media/676202e5-59ca-4b96-817d-a944f1b50182.jpg
9465895630,"Jul 17, 2023, 4:02:42 AM",🚵 (Alberi e cellulari persi),Ride,"",4465,14.81,153.0,32,false,,Scott,activities/10152017954.fit.gz,,7.0,4465.0,4149.0,14811.529296875,14.035985946655273,3.569903612136841,743.0,702.0,380.0,1085.5999755859375,28.922468185424805,-0.19039230048656464,,,,,,130.06166076660156,,157.82943725585938,810.0,,25.0,32.0,,,,,,,,,,,0.0,,0.0,,1.0,,,,,,,,,,,,,,,,2806964.0,,,,,,,,,,,0.0,3.3172519207000732,3232.39990234375,,,,,,,,,,,,media/b5b27862-ae10-4fcd-b7d8-4c226aa5b858.jpg
9473995100,"Jul 18, 2023, 11:24:00 AM",☀️ (Heat Training in Modena),Run,"",2739,10.02,172.0,69,false,,,activities/10160539158.fit.gz,,,2739.0,2700.0,10020.26953125,9.203906059265137,3.7112109661102295,21.0,16.0,34.0,43.0,33.79411315917969,0.06586647778749466,,,83.0,80.31123352050781,,152.9988555908203,,,717.0,,34.0,69.0,,,,,,,,,,,0.0,,0.0,,1.0,10080.2998046875,,,,,,,,,,,,,,,,,,,,,,,,,,0.0,3.658367872238159,1059.5999755859375,,,,7266.0,,,,,,,,media/436e0979-7c14-44bd-b5a4-8ba80b891fca.jpg|media/ccca60b4-961c-4721-bc60-0463188385f6.jpg
9478859922,"Jul 19, 2023, 3:58:32 AM","🎙️(Gnocchi fritti, Pavarotti e Lambrusco)",Run,Dead,3181,11.10,168.0,45,false,,,activities/10165628210.fit.gz,,,3181.0,3141.0,11102.3896484375,9.091992378234863,3.5346672534942627,12.0,12.0,34.400001525878906,43.20000076293945,7.448619842529297,-0.025219788774847984,,,84.0,80.89208984375,,142.5046844482422,,,776.0,,28.0,45.0,,,,,,,,,,,0.0,,0.0,,1.0,11132.0,,,,,,,,,,,,,,,,,,,,,,,,,,0.0,3.490220069885254,254.10000610351562,,,,8498.0,,,,,,,,media/7a8fe704-56b3-4830-89e8-4564e0b4f048.jpg|media/f5aafee8-02ce-48ce-afe4-a65282d5f538.jpg|media/4b018403-bbfd-4c27-b581-a278ec195634.jpg
9482625389,"Jul 19, 2023, 5:11:20 PM",🧪 (Test Ciclopodistica),Run,With the Cavallo Rampante from Roeta,903,2.52,142.0,3,false,,,activities/10169589664.fit.gz,,,903.0,889.0,2519.300048828125,4.152001857757568,2.8338584899902344,60.0,113.0,644.5999755859375,735.5999755859375,26.9232120513916,-2.1355156898498535,,,84.0,77.45558166503906,,128.30682373046875,,,171.0,,30.0,3.0,,,,,,,,,,,0.0,,0.0,,1.0,2692.60009765625,,,,,,,,,,,,,,,,,,,,,,,,,,0.0,2.7899224758148193,865.5,,,,2292.0,,,,,,,,""
9489256383,"Jul 20, 2023, 5:00:49 PM",Riscaldamento ,Run,"",1257,2.66,133.0,3,false,,,activities/10176554562.fit.gz,,,1257.0,916.0,2667.64990234375,4.754004001617432,2.9122815132141113,92.0,102.0,645.0,739.5999755859375,42.184940338134766,-0.5772880911827087,,,81.0,77.13580322265625,,115.92367553710938,,,196.0,,29.0,3.0,,,,,,,,,,,0.0,,0.0,,1.0,3105.89990234375,,,,,,,,,,,,,,,,,,,,,,,,,,0.0,2.1222352981567383,972.4000244140625,,,,2358.0,,,,,,,,""
9489257140,"Jul 20, 2023, 5:42:13 PM",💥 (Ciclopodistica 2023),Run,No pain no gain wtf,618,2.60,169.0,16,false,,,activities/10176555439.fit.gz,,,618.0,618.0,2599.330078125,6.558007717132568,4.206035614013672,94.0,102.0,645.4000244140625,736.4000244140625,46.772674560546875,-0.16158056259155273,,,97.0,83.5472640991211,,153.82736206054688,,,179.0,,27.0,16.0,,,,,,,,,,,0.0,,0.0,,1.0,3008.10009765625,,,,,,,,,,,,,,,,,,,,,,,,,,0.0,4.206035614013672,837.0,,,,1718.0,,,,,,,,media/42b51bac-5ea7-49a9-94ca-7601e6613d3e.jpg|media/690f51cf-9358-482a-ae5c-3d416c1d378e.jpg
9495570825,"Jul 21, 2023, 2:32:47 PM",🪨 (Blum e altro Rock Sul Serio),Ride,"I love this type of summer, evening rides.",15484,79.07,168.0,97,false,,Scott,activities/10183299280.fit.gz,,7.0,15484.0,12023.0,79078.71875,16.6966552734375,6.577286720275879,1368.0,1388.0,273.6000061035156,1292.4000244140625,48.47062301635742,-0.006828592624515295,,,,,,129.09312438964844,,163.47479248046875,2099.0,,27.0,97.0,,,,,,,,,,,0.0,,0.0,,1.0,,,,,,,,,,,,,,,,2806964.0,,,,,,,,,,,0.0,5.1071248054504395,10313.7998046875,,,,,,,,,,,,media/69209d6f-8274-4128-bbcf-5f38698b4f59.jpg|media/4adf3aa1-5bd8-4abb-ae4e-9062f28f6e9d.jpg|media/31a58643-1e2d-41ce-9f16-6dfcae741ce3.jpg|media/7a41175c-8efc-48c0-b234-8bfe083b268f.jpg|media/f558e067-b344-4868-9ed2-dddadc37ef0d.jpg
9497931912,"Jul 22, 2023, 4:53:47 AM",2️⃣8️⃣ (Vaccabo' the Vaccaro),Ride,"Crazy hard one. I had to reach the real top.
Reach it while I am still young, wild and free",11470,48.37,160.0,95,false,,Scott,activities/10185790338.fit.gz,,7.0,11470.0,9968.0,48371.8515625,18.751562118530273,4.8527140617370605,1740.0,1737.0,382.0,1779.5999755859375,47.416072845458984,-0.004134635906666517,,,,,,132.83474731445312,,171.77774047851562,1797.0,,23.0,95.0,,,,,,,,,,,0.0,,0.0,,1.0,,,,,,,,,,,,,,,,2806964.0,,,,,,,,,,,0.0,4.217249393463135,6969.39990234375,,,,,,,,,,,,media/9632abf9-6d7d-4157-baee-c7c9fded0fe5.jpg|media/d87bedce-c66b-4d45-a3d5-46bbd4dfb4f5.jpg|media/4b936b6d-16f0-48d3-8f0a-ccee93a57e6d.jpg|media/69cbb07a-3e20-4e75-ba4f-c356e67866fc.jpg|media/0e7d4d60-c351-4c37-a5ee-09290a515919.jpg
9503808677,"Jul 23, 2023, 4:03:28 AM",🎉 (Party 521),Run,"Ok, officially 29.
Fuck.
Jocking.
Maybe.　0.87 new kilometers

-- From ",7885,14.69,154.0,34,false,,,activities/10192110207.fit.gz,,,7885.0,7324.0,14697.0703125,4.814285755157471,2.006704092025757,980.0,969.0,378.6000061035156,1346.199951171875,50.0,-0.05443250760436058,,,101.0,60.20819854736328,,123.17023468017578,,,1139.0,,22.0,34.0,,,,,,,,,,,0.0,,0.0,,1.0,20474.900390625,,,,,,,,,,,,,,,,,,,,,,,,,,0.0,1.8639315366744995,5113.2001953125,,,,,,,,,,,,media/5605db53-439b-4a91-b9ab-73f54558ad3e.jpg|media/54c79f3e-372e-4139-82ce-d2a47ef7d385.jpg
9510210754,"Jul 24, 2023, 4:53:33 AM",💰 (Per tre soldi),Ride,"",2482,22.56,167.0,28,false,,Scott,activities/10198891125.fit.gz,,7.0,2482.0,2482.0,22564.16015625,12.988337516784668,9.091119766235352,47.0,369.0,239.39999389648438,564.4000244140625,6.494490146636963,-1.4376782178878784,,,,,,132.93634033203125,,119.69267272949219,557.0,,23.0,28.0,,,,,,,,,,,0.0,,0.0,,1.0,,,,,,,,,,,,,,,,2806964.0,,,,,,,,,,,0.0,9.091119766235352,758.2000122070312,,,,,,,,,,,,media/59b32a1a-58ea-48f6-b099-b41e724272ff.jpg
9520044569,"Jul 25, 2023, 2:46:05 PM",0️⃣ (Motivation and energy),Ride,MTB while waiting for something better,5614,21.80,153.0,44,false,,Scott,activities/10209219434.fit.gz,,7.0,5614.0,5360.0,21806.76953125,15.331640243530273,4.068427085876465,1068.0,1092.0,401.0,1155.199951171875,37.16508483886719,-0.11647742241621017,,,,,,130.06268310546875,,172.11582946777344,1003.0,,27.0,44.0,,,,,,,,,,,0.0,,0.0,,1.0,,,,,,,,,,,,,,,,2806964.0,,,,,,,,,,,0.0,3.884355306625366,2416.89990234375,,,,,,,,,,,,""
9526160594,"Jul 26, 2023, 2:43:40 PM",💼 (After Work Half Marathon),Run,"How hard to go back to 15+km
Legs won't work tomorrow.",6420,23.04,159.0,112,false,,,activities/10215665818.fit.gz,,,6420.0,6353.0,23041.419921875,8.231982231140137,3.626856565475464,187.0,23.0,212.8000030517578,380.0,11.539229393005371,0.7239137291908264,,,84.0,80.55178833007812,,145.37490844726562,,,1586.0,,30.0,112.0,,,,,,,,,,,0.0,,0.0,,1.0,23612.80078125,,,,,,,,,,,,,,,,,,,,,,,,,,0.0,3.589006185531616,11.0,,,,17102.0,,,,,,,,""
9532782282,"Jul 27, 2023, 1:44:46 PM",Afternoon Ride,Ride,"",13223,49.48,159.0,40,false,,Scott,activities/10222629377.fit.gz,,7.0,13223.0,8413.0,49482.48046875,15.616015434265137,5.881669044494629,920.0,1048.0,379.3999938964844,975.2000122070312,49.99237060546875,-0.001616709167137742,,,,,,120.56208038330078,,149.26318359375,1284.0,,27.0,40.0,,,,,,,,,,,0.0,,0.0,,1.0,,,,,,,,,,,,,,,,2806964.0,,,,,,,,,,,0.0,3.742152452468872,6217.7001953125,,,,,,,,,,,,""
9535269838,"Jul 28, 2023, 4:19:15 AM",💥 (Polpacci Rocciosi),Run,"",3471,12.02,181.0,100,false,,,activities/10225230133.fit.gz,,,3471.0,3461.0,12027.08984375,6.89599609375,3.4750330448150635,222.0,223.0,350.3999938964844,562.7999877929688,20.25728416442871,-0.013303098268806934,,,84.0,80.19634246826172,,155.44525146484375,,,864.0,,19.0,100.0,,,,,,,,,,,0.0,,0.0,,1.0,12621.2001953125,,,,,,,,,,,,,,,,,,,,,,,,,,0.0,3.4650216102600098,5196.89990234375,,,,9306.0,,,,,,,,""
9541147944,"Jul 29, 2023, 5:36:12 AM",🥃 (Negroni Tassoni),Run,"",4135,13.15,180.0,136,false,,,activities/10231450497.fit.gz,,,4135.0,4019.0,13158.7998046875,5.181982517242432,3.2741477489471436,330.0,341.0,370.0,682.2000122070312,29.740537643432617,-0.07295525819063187,,,84.0,79.97601318359375,,160.24856567382812,,,1042.0,,24.0,136.0,,,,,,,,,,,0.0,,0.0,,1.0,14017.599609375,,,,,,,,,,,,,,,,,,,,,,,,,,0.0,3.182297468185425,1084.5999755859375,,,,10762.0,,,,,,,,media/fb81d953-1335-4e85-8ffa-a98fb5d7a6f9.jpg|media/7a5ce3f2-745d-4a8c-8970-b463e0cdeefe.jpg
9548526850,"Jul 30, 2023, 4:51:29 AM",⛏️ (Baite di Mezzeno e Dossena),Ride,New bike day 😍😍😍,18645,118.48,182.0,252,false,,Scott,activities/10239233366.fit.gz,,7.0,18645.0,16633.0,118479.1015625,17.774999618530273,7.123134613037109,3004.0,3004.0,332.20001220703125,1602.800048828125,39.461402893066406,-0.017724644392728806,,,103.0,71.59467315673828,,140.88821411132812,,209.95556640625,3908.0,,22.0,252.0,3491668.0,,,,,,,,244.0,17170.0,0.0,,0.0,,1.0,,,,,,,,,,,,,,,,2806964.0,,,,,,,,,,,0.0,6.354470252990723,9317.2998046875,,,,,,,,,,,,media/d81d7175-de83-4ebc-b842-04d73390f55f.jpg|media/f4f06253-e6bd-496b-8c68-46ffd4059313.jpg|media/e1f68a2f-cfce-4bb7-9957-6f67d2cbec9d.jpg|media/5934755d-ff06-42f6-8f8f-f56f3a36312b.jpg|media/e3d38e25-9b84-4afb-a949-b6cae0fdf9e2.jpg|media/f6866710-3da7-48a6-bf9c-3d76e541c624.jpg
9554960233,"Jul 31, 2023, 10:17:01 AM","🤞 (Altro giro, altra corsa)",Run,"",3206,11.61,164.0,40,false,,,activities/10246062634.fit.gz,,,3206.0,3179.0,11609.0595703125,7.820019721984863,3.6517961025238037,205.0,218.0,376.6000061035156,563.7999877929688,24.1224365234375,-0.12404073774814606,,,85.0,80.5972671508789,,141.77073669433594,,,786.0,,28.0,40.0,,,,,,,,,,,0.0,,0.0,,1.0,12094.7998046875,,,,,,,,,,,,,,,,,,,,,,,,,,0.0,3.621041774749756,1327.5999755859375,,,,8582.0,,,,,,,,media/8a242686-2ed1-4eab-9532-fb046482564f.jpg
9563396786,"Aug 1, 2023, 2:24:25 PM",🟢 (Del Verde pre festa leoni - Zambla),Ride,"Preferirei, del verde (blu) tutto intorno
7k km 🇨🇺",8895,58.14,176.0,76,false,"",Scott,activities/10255058912.fit.gz,,7.0,8895.0,7895.0,58139.6875,18.635936737060547,7.364115238189697,1412.0,1424.0,383.79998779296875,1266.5999755859375,21.856990814208984,-0.03267991170287132,,,114.0,76.23514556884766,,132.8350372314453,,217.55682373046875,1916.0,,26.0,76.0,1718376.0,,,,,,,,244.0,8383.0,0.0,,0.0,,1.0,,,,,,,,,,,,,,,,2806964.0,,,,,,,,,,,0.0,6.536221504211426,0.0,,,,,,,,,,,,media/eccad4a3-713c-4788-b6d4-ff3ab83da75e.jpg|media/05aae47e-0ed5-4be4-9c2b-b4f34cb70b46.jpg|media/bb828c25-3515-47ab-871c-4d2cadf0c167.jpg
9569769401,"Aug 2, 2023, 5:06:11 AM",🦁(Festa dei leoni e Pegeaut is back!),Ride,😍😍😍,39434,52.90,177.0,64,false,,Scott,activities/10261812637.fit.gz,,7.0,39434.0,6195.0,52908.23046875,16.004003524780273,8.540472984313965,406.0,559.0,207.1999969482422,708.7999877929688,13.433835983276367,-0.30656859278678894,,,,,,132.54043579101562,,171.14190673828125,1326.0,,26.0,64.0,,,,,,,,,,,0.0,,0.0,,1.0,,,,,,,,,,,,,,,,2806964.0,,,,,,,,,,,0.0,1.3416906595230103,26.100000381469727,,,,,,,,,,,,media/ce95ad52-3cd8-4f0d-bd0f-8bcc31250a08.jpg
9576478468,"Aug 3, 2023, 2:55:24 PM",🏋️ (Strength in between),Hike,"",4768,4.51,169.0,12,false,,,activities/10268867544.fit.gz,,,4768.0,2391.0,4511.22998046875,4.13372802734375,1.8867545127868652,272.0,295.0,547.5999755859375,828.5999755859375,39.69782257080078,-0.43447211384773254,,,104.0,64.39801025390625,,121.16694641113281,,,419.0,,28.0,12.0,,,,,,,,,,,0.0,,0.0,,1.0,,,,,,,,,,,,,,,,,,,,,,,,,,,0.0,0.9461472034454346,1308.0,,,,,,,,,,,,""
9582036097,"Aug 4, 2023, 2:05:47 PM",⛱️ (Podcast e aria di vacanza),Run,"Z2 seems to be everything.
I copy that.
No, actually, it's better to chill before tomorrow 🤡",3861,13.14,159.0,46,false,,,activities/10274727304.fit.gz,,,3861.0,3861.0,13147.8798828125,5.697998046875,3.405304193496704,326.0,343.0,368.0,702.0,17.287076950073242,-0.1308196634054184,,,110.0,79.0809326171875,,136.71180725097656,,,888.0,,27.0,46.0,,,,,,,,,,,0.0,,0.0,,1.0,13978.2998046875,,,,,,,,,,,,,,,,,,,,,,,,,,0.0,3.405304193496704,1173.0999755859375,,,,10186.0,,,,,,,,""
9587245834,"Aug 5, 2023, 4:31:44 AM",🇨🇭 (A Viking Experience / 1),Ride,Passo San Marco - Forcola di Livigno,29738,181.48,173.0,316,false,,Scott,activities/10280239078.fit.gz,,7.0,29738.0,25617.0,181485.765625,18.548437118530273,7.084583282470703,4158.0,3218.0,230.60000610351562,2321.800048828125,49.91621780395508,0.5114451050758362,,,102.0,73.22789764404297,,137.8409423828125,,206.3649444580078,5922.0,,21.0,316.0,5280520.0,,,,,,,,227.0,26666.0,0.0,,0.0,,1.0,,,,,,,,,,,,,,,,2806964.0,,,,,,,,,,,0.0,6.102823734283447,0.0,,,,,,,,,,,,media/3dac41e7-a6aa-4747-902a-cde55bc6f744.jpg|media/829f55b8-4092-4be1-9e6e-433694dbb2b4.jpg|media/1a8cd1ca-a392-4c55-bb72-f90bb17b99a0.jpg|media/b103755f-e2b8-42d6-869a-9a49ded3091b.jpg|media/a9608b62-e39e-40c5-bff2-66468e2c8f46.jpg|media/458a4c66-b1dc-4387-a89c-a23358315f5a.jpg|media/615d47c2-0623-4e98-989f-7b0936093369.mp4
9592703771,"Aug 6, 2023, 6:33:36 AM",🇨🇭 (St. Moritz Easy),Ride,No energy and a painful knee,13306,87.41,169.0,161,false,,Scott,activities/10286028795.fit.gz,,7.0,13306.0,11903.0,87410.4609375,23.423437118530273,7.343565464019775,1940.0,1901.0,1713.5999755859375,2349.0,41.304622650146484,0.011440273374319077,,,107.0,73.07432556152344,,138.7359161376953,,179.09521484375,2432.0,,15.0,161.0,2133775.0,,,,,,,,207.0,12584.0,0.0,,0.0,,1.0,,,,,,,,,,,,,,,,2806964.0,,,,,,,,,,,0.0,6.569251537322998,253.6999969482422,,,,,,,,,,,,media/a4501ac1-6983-4d5b-8488-a513b9e1957c.jpg|media/bad7c6c9-411b-4982-9ff1-08ef13b2391e.jpg|media/4993bf6b-05c1-4e01-8f2e-ceabfa403897.jpg
9598729633,"Aug 7, 2023, 5:25:32 AM",🥲 (Livigno Sovere flat tire),Ride,"Snow, strudel, flat tire, a broken demijohn
The everything everywhere all at once ride
...",17878,142.04,168.0,161,false,,Scott,activities/10292410718.fit.gz,,7.0,17878.0,15321.0,142039.3125,21.279687881469727,9.270890235900879,1744.0,3271.0,184.60000610351562,2320.199951171875,33.45270538330078,-1.0771666765213013,,,115.0,76.81775665283203,,135.13482666015625,,203.4687957763672,3495.0,,20.0,161.0,3111382.0,,,,,,,,224.0,16235.0,0.0,,0.0,,1.0,,,,,,,,,,,,,,,,2806964.0,,,,,,,,,,,0.0,7.944921493530273,0.0,,,,,,,,,,,,media/252e84e7-4d0e-4147-90e1-8341c4e2c247.jpg|media/f6eef4e0-4093-4edf-afd4-427fddccdfba.mp4|media/2d127815-f5e7-4ea8-ae4e-844042e736e5.jpg|media/a56c28b9-c5cb-4d85-89fd-3ac91b172b0d.jpg
9599568079,"Aug 7, 2023, 12:09:26 PM",🇸🇯 (A Viking End - Duathlon delle due stagioni),Run,Oggi è successo proprio tutto.,2757,9.11,162.0,40,false,,,activities/10293296455.fit.gz,,,2757.0,2719.0,9116.0400390625,5.550000190734863,3.352717876434326,409.0,165.0,697.5999755859375,1068.4000244140625,28.985233306884766,2.6853764057159424,,,84.0,81.07723236083984,,143.0990753173828,,,687.0,,27.0,40.0,,,,,,,,,,,0.0,,0.0,,1.0,10688.5,,,,,,,,,,,,,,,,,,,,,,,,,,0.0,3.306507110595703,0.0,,,,7344.0,,,,,,,,media/4f30e47f-0e8d-4424-9260-bbdbfdee9719.jpg|media/1fb6696c-340b-4b71-bbd7-dc701ac5010a.jpg
9618048492,"Aug 9, 2023, 3:07:28 PM",🗽 (Corti NYC in Como),Ride,"Big reunion.
Big burger.
Garmin dead more than me for the last 25 km.",55937,140.10,167.0,169,false,"",Scott,activities/10312756316.fit.gz,,7.0,55937.0,15910.0,140107.171875,16.662012100219727,8.806233406066895,1379.0,1859.0,195.1999969482422,710.0,24.941543579101562,-0.3094773590564728,,,107.0,79.48771667480469,,134.8821258544922,,195.62567138671875,3511.0,,26.0,169.0,3111860.0,,,,,,,,210.0,16738.0,0.0,,0.0,,1.0,,,,,,,,,,,,,,,,2806964.0,,,,,,,,,,,0.0,2.5047316551208496,2117.0,,,,,,,,,,,,media/55487fda-6c9a-4638-b04e-51dde3119c29.jpg|media/6c3b50ac-3d0b-4433-886a-19c3c2c3ca60.jpg|media/12d156df-6f46-4090-b881-42bdcf340798.jpg|media/25d709c7-3c8a-4fea-807d-5a4bb48a8ea9.jpg|media/07462cb1-f7d1-4cee-b0fb-9692869839cc.jpg
9618057757,"Aug 10, 2023, 6:50:00 AM",Morning Ride,Ride,"",3600,25.00,,,false,"",Scott,,,7.0,3600.0,3600.0,25000.0,,6.94444465637207,300.0,,,,,0.0,,,,,,,,,,,,,,,,,,,,,,,,,0.0,,0.0,,,,,,,,,,,,,,,,2806964.0,,,,,,,,,,,0.0,6.94444465637207,0.0,,,,,,,,,,,,""
9630157468,"Aug 12, 2023, 4:54:36 AM","🇪🇸 (Tortillas, cerveza and jamon)",Run,"",3281,11.02,167.0,64,false,,,activities/10325575983.fit.gz,,,3281.0,3102.0,11022.240234375,7.0478515625,3.5532689094543457,145.0,155.0,587.2000122070312,670.2000122070312,35.78483581542969,-0.0036292478907853365,,,85.0,80.2081298828125,,148.6226043701172,,,761.0,,24.0,64.0,,,,,,,,,,,0.0,,0.0,,1.0,11372.900390625,,,,,,,,,,,,,,,,,,,,,,,,,,0.0,3.35941481590271,2403.60009765625,,,,8292.0,,,,,,,,media/1bfd0855-aee2-4c2a-90ab-58bff23ee482.jpg|media/1191ed02-fb55-41d7-a469-39197750368f.jpg|media/aec4b976-dc19-4ff9-a4d8-c4a6cf2fd05c.jpg|media/129eae32-459b-480d-ad72-dc6687f798d3.jpg
9636673092,"Aug 13, 2023, 4:55:23 AM",🎉 (Fiesta in La Latina),Run,"",3519,12.03,178.0,83,false,,,activities/10332450367.fit.gz,,,3519.0,3472.0,12029.48046875,11.350000381469727,3.464712142944336,156.0,152.0,576.7999877929688,670.4000244140625,29.41269874572754,0.004987543448805809,,,86.0,81.38954162597656,,151.396728515625,,,865.0,,25.0,83.0,,,,,,,,,,,0.0,,0.0,,1.0,12304.0,,,,,,,,,,,,,,,,,,,,,,,,,,0.0,3.4184372425079346,1193.5,,,,9418.0,,,,,,,,media/ccf9b9d8-beb6-4749-9428-36ba675a3e46.jpg|media/2cf14f9f-1203-438c-aaca-dd000afee401.mp4|media/0aad710f-b0d4-474b-990d-fb477823ebfd.jpg|media/206afe5a-9af9-4e37-9979-4539ca860785.jpg
9662372904,"Aug 15, 2023, 11:10:58 AM",🇨🇺 (Malecon),Run,100% Humidity,2680,10.02,167.0,71,false,,,activities/10359506855.fit.gz,,,2680.0,2666.0,10020.83984375,4.454003810882568,3.7587547302246094,4.0,9.0,2.4000000953674316,10.199999809265137,4.341434955596924,-0.051891859620809555,,,85.0,81.64588928222656,,153.34771728515625,,,719.0,,31.0,71.0,,,,,,,,,,,0.0,,0.0,,1.0,10036.7998046875,,,,,,,,,,,,,,,,,,,,,,,,,,0.0,3.739119291305542,0.0,,,,7266.0,,,,,,,,media/47cc1a12-eb29-4309-a7bc-e5395568c7c6.jpg|media/c20d690c-c7ef-4213-9372-df169594c517.jpg
9662375137,"Aug 16, 2023, 8:43:13 PM",💩 (Vinales madness),Run,"",3414,10.02,164.0,43,false,,,activities/10359509243.fit.gz,,,3414.0,2751.0,10019.990234375,4.878125190734863,3.642308235168457,97.0,79.0,153.0,205.1999969482422,17.274429321289062,0.06387225538492203,,,85.0,80.62287902832031,,142.18414306640625,,,691.0,,28.0,43.0,,,,,,,,,,,0.0,,0.0,,1.0,10226.0,,,,,,,,,,,,,,,,,,,,,,,,,,0.0,2.9349708557128906,340.79998779296875,,,,7386.0,,,,,,,,media/6bd5a8bc-1fa8-4dbb-9f5d-aca84199e0cb.jpg|media/bcb7dedd-1ae7-4809-b895-04e7d0b69c11.jpg|media/1857f2e3-1eaf-4b4c-9620-00ecac47447d.jpg
9672931076,"Aug 18, 2023, 10:51:05 AM",🇹🇹 (Trinidad Madness),Run,"",2989,9.15,154.0,34,false,,,activities/10370644850.fit.gz,,,2989.0,2753.0,9153.3603515625,4.460058689117432,3.3248674869537354,70.0,77.0,57.20000076293945,89.5999984741211,17.80944061279297,-0.0677347406744957,,,85.0,80.8566665649414,,139.80911254882812,,,653.0,,29.0,34.0,,,,,,,,,,,0.0,,0.0,,1.0,9295.2998046875,,,,,,,,,,,,,,,,,,,,,,,,,,0.0,3.0623488426208496,205.3000030517578,,,,7396.0,,,,,,,,media/07f4833d-a88a-4e84-83ab-e473fb95a8a2.jpg|media/a2267ce9-cd86-46d9-b389-121d8f73b44f.jpg
9681062258,"Aug 19, 2023, 5:59:45 PM","🍹(4 hours of sleep, rain, the ocean)",Run,Wow what an intense 24h,4229,12.04,169.0,65,false,,,activities/10379248385.fit.gz,,,4229.0,3408.0,12041.75,5.174023628234863,3.5333774089813232,150.0,144.0,-4.800000190734863,71.0,39.96820831298828,0.16442792117595673,,,85.0,80.7776107788086,,146.71112060546875,,,865.0,,28.0,65.0,,,,,,,,,,,0.0,,0.0,,1.0,12635.099609375,,,,,,,,,,,,,,,,,,,,,,,,,,0.0,2.8474225997924805,0.0,,,,9138.0,,,,,,,,media/e044a4f2-41f9-42f3-9454-3485edf37b3a.mp4|media/bc2cb9b6-216d-451e-9a15-4fc738492a62.jpg|media/f2aa2ede-73dd-49f3-84f1-260e830069cb.jpg|media/db1467d2-6353-474b-a0ad-aca150454928.jpg|media/f8d5c4c0-80e5-4700-85ce-eaf42fe8c483.jpg|media/3d1796d2-10d2-468c-80e9-e6240c703fa5.jpg|media/326fc02d-9ca3-4ddb-b506-8126275171ec.jpg
9688969198,"Aug 20, 2023, 11:02:46 PM",🪼(Varadero Duathlon),Swim,"Only for Strava
Full of jellyfish ",646,300,123.0,1,false,,,activities/10388076537.fit.gz,,,646.0,416.0,300.32000732421875,0.9020019769668579,0.7219230532646179,0.0,0.800000011920929,0.4000000059604645,1.600000023841858,1.9980000257492065,-0.26638251543045044,,,31.0,26.586666107177734,,104.08564758300781,,,62.0,,31.0,1.0,,,,,,,,,,,0.0,,0.0,,1.0,,,,,,,,,,,,,,,,,,,,,,,,,,,0.0,0.464891642332077,0.0,,,,,,,,,,,,media/e4da3e09-e0b2-4c07-ad04-538163a90d25.jpg
9688970668,"Aug 20, 2023, 11:15:34 PM",✌️ (Varadero Duathlon),Run,Only for Strava and for the pizza at 45cent,1395,4.19,163.0,30,false,,,activities/10388078031.fit.gz,,,1395.0,1320.0,4197.0498046875,3.9359984397888184,3.1795833110809326,19.0,5.0,-8.800000190734863,10.0,47.846893310546875,0.34309813380241394,,,86.0,83.6551742553711,,149.48898315429688,,,322.0,,29.0,30.0,,,,,,,,,,,0.0,,0.0,,1.0,4316.7998046875,,,,,,,,,,,,,,,,,,,,,,,,,,0.0,3.0086379051208496,0.0,,,,3678.0,,,,,,,,media/581e2e8d-6a49-47a2-90a1-fc6ddd7ae8f0.jpg|media/d8e94880-780a-4c65-bd71-ea95cbe31c41.jpg
9691479297,"Aug 21, 2023, 10:49:09 AM",🧪 (Du Pont Mansion in Varadero),Run,"After some pineapple pizza.
And dangerous icecream",4853,15.02,168.0,80,false,,,activities/10390790142.fit.gz,,,4853.0,4236.0,15024.8603515625,4.695996284484863,3.546945333480835,56.0,59.0,-3.5999999046325684,8.399999618530273,22.573400497436523,-0.010649018920958042,,,88.0,82.22410583496094,,145.8728485107422,,,1082.0,,31.0,80.0,,,,,,,,,,,0.0,,0.0,,1.0,15288.099609375,,,,,,,,,,,,,,,,,,,,,,,,,,0.0,3.095994234085083,0.0,,,,11598.0,,,,,,,,media/cbad627f-1ef3-4b71-89bc-948f0c5833d1.jpg|media/3eeb896c-3f30-44f6-ba49-947d776c62cc.jpg|media/6533a936-805e-43c5-9d49-a6202961b2d1.jpg|media/1727e5b6-aa03-4c12-9147-15b678cdb3ee.jpg|media/2e559a5e-dd27-44b5-8a82-2ebaeb4b7829.jpg
9718234426,"Aug 25, 2023, 11:48:40 AM",🧹 (Giro delle polveri/ceneri),Ride,"After two weeks of bad food and no cycling
With 35 degrees and jet lagged as fuck
Weird rides are fun rides",7377,48.30,161.0,84,false,,Scott,activities/10419142430.fit.gz,,7.0,7377.0,7010.0,48304.3984375,16.888011932373047,6.89078426361084,1091.0,1120.0,336.3999938964844,762.5999755859375,20.64804458618164,-0.06003594025969505,,,99.0,71.66415405273438,,134.2671356201172,,191.8953857421875,1519.0,,34.0,84.0,1343492.0,,,,,,,,218.0,7237.0,0.0,,0.0,,1.0,,,,,,,,,,,,,,,,2806964.0,,,,,,,,,,,0.0,6.547973155975342,0.0,,,,,,,,,,,,media/e89ebee5-8a7b-421f-9b9b-5b218cfda91b.jpg|media/a8c8135f-e171-4cc5-ad30-3c48240ea792.jpg|media/78c12b1a-fb43-4b04-89f0-e19dca4182ce.jpg|media/15b7d37b-83d5-4962-b3cd-eb4b9c300540.jpg|media/0d4da666-14e3-4542-bd60-6ad74483610f.jpg
9722444347,"Aug 26, 2023, 5:18:36 AM",🤨 (Giro del lago),Ride,Let's keep up the re-building,12009,96.00,169.0,100,false,,Scott,activities/10423585651.fit.gz,,7.0,12009.0,11742.0,96006.3984375,17.028003692626953,8.176323890686035,1077.0,1107.0,187.8000030517578,705.5999755859375,43.348716735839844,-0.028331393375992775,,,116.0,78.6112060546875,,130.5550079345703,,183.56565856933594,2451.0,,28.0,100.0,2156962.0,,,,,,,,207.0,11977.0,0.0,,0.0,,1.0,,,,,,,,,,,,,,,,2806964.0,,,,,,,,,,,0.0,7.994537353515625,0.0,,,,,,,,,,,,""
9734578946,"Aug 28, 2023, 5:03:23 AM","🔙 (New Monday, new year)",Run,No compromises,3425,12.51,189.0,119,false,,,activities/10436475502.fit.gz,,,3425.0,3410.0,12510.3896484375,6.474023342132568,3.668735980987549,174.0,175.0,221.8000030517578,375.20001220703125,19.544090270996094,0.004795940592885017,,,85.0,81.95817565917969,,159.7099151611328,,,941.0,,24.0,119.0,,,,,,,,,,,0.0,,0.0,,1.0,12943.2998046875,,,,,,,,,,,,,,,,,,,,,,,,,,0.0,3.6526684761047363,2076.0,,,,9316.0,,,,,,,,media/62c073f7-7b52-4774-83a1-a077b020f216.jpg|media/a30097f1-739f-491b-ada5-36d9d6f547e6.jpg|media/7a8524b6-0989-4bef-922c-1a6b1ef3c7f1.jpg
9750236307,"Aug 30, 2023, 5:06:11 AM",🔙 (Pegeaut back hard as fuck),Ride,"",39835,50.44,161.0,60,false,,Scott,activities/10453051859.fit.gz,,7.0,39835.0,6157.0,50448.19921875,14.397997856140137,8.193633079528809,401.0,413.0,212.0,564.4000244140625,15.287345886230469,-0.037266045808792114,,,,,,133.19346618652344,,158.84776306152344,1438.0,,23.0,60.0,,,,,,,,,,,0.0,,0.0,,1.0,,,,,,,,,,,,,,,,2806964.0,,,,,,,,,,,0.0,1.26642906665802,63.099998474121094,,,,,,,,,,,,""
9753696262,"Aug 31, 2023, 5:05:46 AM",💦 (Variations),Run,"",2553,10.05,187.0,132,false,,,activities/10456734386.fit.gz,,,2553.0,2526.0,10058.41015625,6.35400390625,3.9819517135620117,42.0,47.0,206.39999389648438,224.60000610351562,11.74512004852295,-0.04970964416861534,,,86.0,81.69741821289062,,171.41285705566406,,,727.0,,19.0,132.0,,,,,,,,,,,0.0,,0.0,,1.0,10121.2001953125,,,,,,,,,,,,,,,,,,,,,,,,,,0.0,3.9398393630981445,4523.2998046875,,,,6882.0,,,,,,,,media/c8fa5440-5baa-4cb8-a5f8-fc9603972610.jpg
9762687052,"Sep 1, 2023, 2:24:06 PM",☝️ (Tornare in Poieto),Run,"😍 Didn't stop running
Legs are dead but heart is rested",5168,7.88,163.0,43,false,,,activities/10466244162.fit.gz,,,5168.0,3935.0,7881.89990234375,4.340000152587891,2.003024101257324,648.0,668.0,683.7999877929688,1342.800048828125,47.86324691772461,-0.25628337264060974,,,100.0,71.44586944580078,,132.67864990234375,,,752.0,,24.0,43.0,,,,,,,,,,,0.0,,0.0,,1.0,12216.2998046875,,,,,,,,,,,,,,,,,,,,,,,,,,0.0,1.5251353979110718,6755.7001953125,,,,,,,,,,,,""
9766306387,"Sep 2, 2023, 5:07:25 AM",🪜(It's a slow ladder up),Ride,"",9529,66.69,162.0,102,false,,Scott,activities/10470111562.fit.gz,,7.0,9529.0,9464.0,66690.34375,17.792186737060547,7.046739101409912,1574.0,1599.0,315.0,1061.199951171875,19.646968841552734,-0.03868624567985535,,,106.0,71.21324157714844,,135.64366149902344,,190.01943969726562,2038.0,,19.0,102.0,1801284.0,,,,,,,,222.0,9530.0,0.0,,0.0,,1.0,,,,,,,,,,,,,,,,2806964.0,,,,,,,,,,,0.0,6.998671531677246,0.0,,,,,,,,,,,,""
9775504625,"Sep 3, 2023, 11:00:05 AM",🎧 (Podcast and Z1),Hike,It's all I feel like doing atm,8110,10.59,141.0,19,false,,,activities/10479866027.fit.gz,,,8110.0,7961.0,10598.73046875,2.528599262237549,1.331331491470337,857.0,876.0,379.3999938964844,1225.800048828125,49.999473571777344,-0.2321036159992218,,,109.0,53.80537033081055,,97.98445892333984,,,737.0,,29.0,19.0,,,,,,,,,,,0.0,,0.0,,1.0,,,,,,,,,,,,,,,,,,,,,,,,,,,0.0,1.306871771812439,6676.2001953125,,,,,,,,,,,,""
9780600343,"Sep 4, 2023, 9:44:48 AM",🪜 (Selvinello sempre bello),Ride,"",4848,33.72,160.0,62,false,,Scott,activities/10485301765.fit.gz,,7.0,4848.0,4789.0,33719.359375,18.2421875,7.041001796722412,799.0,818.0,315.79998779296875,1060.4000244140625,19.397613525390625,-0.06761690974235535,,,97.0,70.30034637451172,,137.1507568359375,,211.5134735107422,1133.0,,26.0,62.0,1013094.0,,,,,,,,235.0,4849.0,0.0,,0.0,,1.0,,,,,,,,,,,,,,,,2806964.0,,,,,,,,,,,0.0,6.955313205718994,0.0,,,,,,,,,,,,""
9785920002,"Sep 5, 2023, 4:59:29 AM",🩷🏩(After Barbie Variations),Run,"Shitty ideas go together
Start of marathon training of [strava://athletes/26339683/12]Mauro Grassi !",3360,11.81,178.0,97,false,,,activities/10490871482.fit.gz,,,3360.0,3212.0,11813.9404296875,5.232031345367432,3.6780636310577393,21.0,24.0,256.0,274.0,9.24219036102295,-0.0321652889251709,,,87.0,81.64586639404297,,157.3138885498047,,,881.0,,23.0,97.0,,,,,,,,,,,0.0,,0.0,,1.0,11846.0,,,,,,,,,,,,,,,,,,,,,,,,,,0.0,3.5160536766052246,6.099999904632568,,,,8734.0,,,,,,,,""
9794334850,"Sep 6, 2023, 10:02:29 AM",👍 (Feels good to be back to my tour),Run,"",3861,13.25,173.0,68,false,,,activities/10499727238.fit.gz,,,3861.0,3821.0,13251.740234375,5.885937690734863,3.4681341648101807,322.0,350.0,370.79998779296875,706.2000122070312,26.06667709350586,-0.19469131529331207,,,84.0,80.7905502319336,,145.1912841796875,,,929.0,,28.0,68.0,,,,,,,,,,,0.0,,0.0,,1.0,14044.7998046875,,,,,,,,,,,,,,,,,,,,,,,,,,0.0,3.432204246520996,1152.5999755859375,,,,10312.0,,,,,,,,""
9803121694,"Sep 7, 2023, 2:29:34 PM",😵 (Tour de Zambl settembrino),Ride,With renny ,8831,58.78,165.0,114,false,,Scott,activities/10508969588.fit.gz,,7.0,8831.0,8469.0,58782.140625,18.59765625,6.940859317779541,1398.0,1408.0,391.0,1263.199951171875,23.138994216918945,-0.035384878516197205,,,106.0,70.9834213256836,,137.31494140625,,194.49249267578125,1859.0,,25.0,114.0,1646540.0,,,,,,,,226.0,8832.0,0.0,,0.0,,1.0,,,,,,,,,,,,,,,,2806964.0,,,,,,,,,,,0.0,6.6563401222229,0.0,,,,,,,,,,,,media/717385b7-b8c6-4e5a-b967-049406279b10.jpg
9806175800,"Sep 8, 2023, 4:48:46 AM",😵😵 (Double dead),Run,"",3928,13.36,172.0,76,false,,,activities/10512160624.fit.gz,,,3928.0,3928.0,13363.9404296875,5.644006252288818,3.4022250175476074,211.0,227.0,344.20001220703125,561.2000122070312,18.96868896484375,-0.11972516775131226,,,86.0,81.14934539794922,,147.0150604248047,,,982.0,,20.0,76.0,,,,,,,,,,,0.0,,0.0,,1.0,13859.7998046875,,,,,,,,,,,,,,,,,,,,,,,,,,0.0,3.4022250175476074,3153.0,,,,10636.0,,,,,,,,""
9812670471,"Sep 9, 2023, 6:58:15 AM",😵😵😵 (Ganda comeback easy),Run,"",5991,18.41,180.0,162,false,,,activities/10519014621.fit.gz,,,5991.0,5940.0,18409.099609375,6.924023628234863,3.099174976348877,665.0,683.0,395.6000061035156,1064.199951171875,25.59786605834961,-0.09343212097883224,,,84.0,80.50236511230469,,154.87411499023438,,,1358.0,,23.0,162.0,,,,,,,,,,,0.0,,0.0,,1.0,20274.599609375,,,,,,,,,,,,,,,,,,,,,,,,,,0.0,3.0727925300598145,0.0,,,,16000.0,,,,,,,,media/762aa40f-b211-470e-be15-4766dc863fc9.jpg|media/bbc8fa6c-4217-4bfc-8f4b-9bc85eaff000.jpg
9819456500,"Sep 10, 2023, 6:03:04 AM",🙏(Miragolo),Ride,"",8887,64.71,172.0,115,false,,Scott,activities/10526174340.fit.gz,,7.0,8887.0,8887.0,64712.26171875,18.542186737060547,7.281676769256592,1274.0,1292.0,272.79998779296875,1103.199951171875,26.532081604003906,-0.03554195165634155,,,117.0,71.69376373291016,,138.2431640625,,193.3878631591797,1941.0,,22.0,115.0,1718800.0,,,,,,,,223.0,8888.0,0.0,,0.0,,1.0,,,,,,,,,,,,,,,,2806964.0,,,,,,,,,,,0.0,7.281676769256592,0.0,,,,,,,,,,,,""
9825879145,"Sep 11, 2023, 5:04:45 AM",🪙(Il mattino ha l'oro in Boccola),Ride,"",3779,31.23,167.0,36,false,,Scott,activities/10532986799.fit.gz,,7.0,3779.0,3677.0,31236.330078125,15.186665534973145,8.4950590133667,163.0,507.0,217.0,569.0,17.34800910949707,-1.1262526512145996,,,,,,132.5485382080078,,127.2982177734375,802.0,,22.0,36.0,,,,,,,,,,,0.0,,0.0,,1.0,,,,,,,,,,,,,,,,2806964.0,,,,,,,,,,,0.0,8.265766143798828,181.3000030517578,,,,,,,,,,,,media/bb3c0fc4-e0a5-42f3-96b8-a51839146822.jpg|media/3740a786-fd2b-4277-a481-d1ee50195635.jpg
9835203424,"Sep 12, 2023, 2:07:27 PM","🦁 (La sera leoni, la mattina Pegeaut)",Ride,"",6025,37.47,160.0,55,false,,Scott,activities/10542799429.fit.gz,,7.0,6025.0,5982.0,37476.12890625,18.662109375,6.264815807342529,918.0,568.0,212.8000030517578,1064.4000244140625,18.459144592285156,0.9349952340126038,,,,,,132.80406188964844,,183.44444274902344,1124.0,,28.0,55.0,,,,,,,,,,,0.0,,0.0,,1.0,,,,,,,,,,,,,,,,2806964.0,,,,,,,,,,,0.0,6.220104217529297,34.900001525878906,,,,,,,,,,,,media/ba30160a-7e7e-422d-a439-f4b0ad45285f.jpg|media/5a2c5957-4eae-47bc-a308-fbeb7e2011a4.jpg
9841799117,"Sep 13, 2023, 2:17:52 PM",🦥 (Slowly back),Run,Finally some motivation!,4281,15.11,173.0,50,false,,,activities/10549721365.fit.gz,,,4281.0,4271.0,15110.1298828125,5.564062595367432,3.537843704223633,232.0,247.0,366.20001220703125,563.4000244140625,16.977535247802734,-0.13368523120880127,,,88.0,80.11517333984375,,140.49261474609375,,,1027.0,,26.0,50.0,,,,,,,,,,,0.0,,0.0,,1.0,15638.7998046875,,,,,,,,,,,,,,,,,,,,,,,,,,0.0,3.5295796394348145,3138.39990234375,,,,11444.0,,,,,,,,""
9845561243,"Sep 14, 2023, 4:36:16 AM",🔢 (Twelve more),Run,"",3563,12.01,159.0,34,false,,,activities/10553626649.fit.gz,,,3563.0,3545.0,12017.0595703125,5.671972751617432,3.389861822128296,242.0,242.0,391.3999938964844,561.4000244140625,19.560848236083984,-0.02163621224462986,,,85.0,81.3758544921875,,134.98060607910156,,,832.0,,19.0,34.0,,,,,,,,,,,0.0,,0.0,,1.0,12588.599609375,,,,,,,,,,,,,,,,,,,,,,,,,,0.0,3.3727364540100098,26.399999618530273,,,,9622.0,,,,,,,,""
9854598145,"Sep 15, 2023, 2:11:48 PM",🔫 (Peaky Blinders and Tacx),Virtual Ride,"I missed you, beauty.
Good training, good view, good vibes.",4920,51.19,,,false,,Scott,activities/10563105930.fit.gz,,7.0,4920.0,4920.0,51193.41015625,12.114062309265137,10.40516471862793,0.0,,,,0.0,0.0,,,86.0,72.27268981933594,,,,212.28353881835938,1044.0,,,,,,,,,,,,224.0,4921.0,0.0,,0.0,,1.0,,,,,,,,,,,,,,,,2806964.0,,,,,,,,,,,0.0,10.40516471862793,0.0,,,,,,,,,,,,media/415abd3e-5fd1-4d01-89b8-faf06ed3fe3d.jpg
9858540685,"Sep 16, 2023, 6:22:01 AM",🤡 (Spiazzante),Ride,"Domani gara ma tanto non farò classifica.
Quindi un po' di bici oggi ahah",9324,68.74,171.0,144,false,,Scott,activities/10567241604.fit.gz,,7.0,9324.0,9112.0,68742.703125,17.296092987060547,7.54419469833374,1157.0,1180.0,379.6000061035156,1193.199951171875,21.132444381713867,-0.036658454686403275,,,97.0,71.69853973388672,,141.12742614746094,,186.64170837402344,1925.0,,19.0,144.0,1701194.0,,,,,,,,211.0,9325.0,0.0,,0.0,,1.0,,,,,,,,,,,,,,,,2806964.0,,,,,,,,,,,0.0,7.37266206741333,40.29999923706055,,,,,,,,,,,,media/0aafa2ae-ecd6-46bb-8bd2-ee44d224fdb6.jpg
9866070533,"Sep 17, 2023, 7:47:37 AM",😂 (Campionato Italiano Corsa in montagna 2023),Run,"Wrong ideas as always.
Pain 100%",4253,9.88,183.0,195,false,,,activities/10575158162.fit.gz,,,4253.0,4250.0,9880.759765625,5.488000392913818,2.3248846530914307,1070.0,51.0,514.2000122070312,1535.0,48.57308578491211,10.325117111206055,,,88.0,75.16078186035156,,167.43450927734375,,,1154.0,,22.0,195.0,,,,,,,,,,,0.0,,0.0,,1.0,16210.400390625,,,,,,,,,,,,,,,,,,,,,,,,,,0.0,2.323244571685791,8141.10009765625,,,,10590.0,,,,,,,,media/09c47546-9ede-42e1-ab33-f439c3c6ee10.jpg|media/71e033f8-b781-42a6-8f22-0380f1ca1f21.jpg
9866071549,"Sep 17, 2023, 9:30:44 AM",Lunch Run,Run,"",1084,2.68,140.0,3,false,,,activities/10575159470.fit.gz,,,1084.0,911.0,2687.469970703125,3.8760008811950684,2.950021982192993,22.0,159.0,1237.199951171875,1432.5999755859375,26.022735595703125,-7.270779609680176,,,104.0,78.8716812133789,,124.14741516113281,,,161.0,,23.0,3.0,,,,,,,,,,,0.0,,0.0,,1.0,2672.0,,,,,,,,,,,,,,,,,,,,,,,,,,0.0,2.4792158603668213,2667.699951171875,,,,2380.0,,,,,,,,""
9873940084,"Sep 18, 2023, 2:36:58 PM",🐹 (9x3' @275W),Virtual Ride,"",3300,35.04,,,false,,Scott,activities/10583444955.fit.gz,,7.0,3300.0,3300.0,35045.390625,11.798047065734863,10.6198148727417,0.0,,,,0.0,0.0,,,89.0,76.19212341308594,,,,223.0493927001953,735.0,,,,,,,,,,,,235.0,3301.0,0.0,,0.0,,1.0,,,,,,,,,,,,,,,,2806964.0,,,,,,,,,,,0.0,10.6198148727417,0.0,,,,,,,,,,,,""
9880088546,"Sep 19, 2023, 1:45:56 PM",🤝 (Cool tech at Coiltech),Run,Pre conference tempo,4174,15.60,179.0,94,false,,,activities/10589869341.fit.gz,,,4174.0,4117.0,15607.5595703125,5.682000637054443,3.7910029888153076,42.0,41.0,13.600000381469727,28.799999237060547,12.510704040527344,0.008970010094344616,,,85.0,80.94808959960938,,150.73118591308594,,,1082.0,,25.0,94.0,,,,,,,,,,,0.0,,0.0,,1.0,15719.400390625,,,,,,,,,,,,,,,,,,,,,,,,,,0.0,3.7392332553863525,8671.599609375,,,,11138.0,,,,,,,,media/0187cc3f-ad44-4283-819e-ab1f8ae5e4f4.jpg|media/572f8ca1-1ba1-4583-a626-f8edaabf438c.jpg
9884067739,"Sep 20, 2023, 4:28:50 AM",♻️ (Gotta burn those Gala Dinners),Run,"",3077,11.01,174.0,67,false,,,activities/10594017986.fit.gz,,,3077.0,3074.0,11017.19921875,6.599999904632568,3.5839946269989014,31.0,34.0,12.199999809265137,28.200000762939453,15.539874076843262,-0.007261383812874556,,,85.0,81.41690826416016,,150.34246826171875,,,775.0,,20.0,67.0,,,,,,,,,,,0.0,,0.0,,1.0,11090.400390625,,,,,,,,,,,,,,,,,,,,,,,,,,0.0,3.580500364303589,837.0,,,,8374.0,,,,,,,,media/8035f10e-8485-417d-aaaf-2c13833a6f5a.jpg|media/04be1c97-6c89-413a-ace1-ea14cb4f8e93.jpg|media/1c93d76f-7066-434c-9a09-f8e410e1f10b.jpg|media/022c8727-dc76-4a0b-979c-1d85db2695da.jpg|media/eacedc14-6b8e-4424-938f-7338679326f8.jpg
9893370140,"Sep 21, 2023, 2:15:41 PM",🌩️ (Searching for rain),Ride,"I really wanted to find it today.
With an old Pegeaut.
Mental training 101",5280,33.93,175.0,80,false,,Scott,activities/10603748978.fit.gz,,7.0,5280.0,5280.0,33929.640625,15.393994331359863,6.426068305969238,792.0,805.0,319.79998779296875,1061.5999755859375,17.496862411499023,-0.031241048127412796,,,,,,140.14964294433594,,166.8127899169922,1187.0,,21.0,80.0,,,,,,,,,,,0.0,,0.0,,1.0,,,,,,,,,,,,,,,,2806964.0,,,,,,,,,,,0.0,6.426068305969238,0.0,,,,,,,,,,,,media/7ff0be27-d5c7-4bc0-9844-777f114b270b.jpg
9896840151,"Sep 22, 2023, 5:29:46 AM",🐇(Leprate),Run,4-4-4,3706,13.00,179.0,91,false,,,activities/10607363328.fit.gz,,,3706.0,3439.0,13007.970703125,5.224023342132568,3.7824862003326416,45.0,40.0,259.3999938964844,280.79998779296875,9.443010330200195,-0.013837810605764389,,,87.0,82.57902526855469,,153.92428588867188,,,906.0,,20.0,91.0,,,,,,,,,,,0.0,,0.0,,1.0,13084.7001953125,,,,,,,,,,,,,,,,,,,,,,,,,,0.0,3.5099759101867676,2804.10009765625,,,,9446.0,,,,,,,,media/88cf9964-9d30-46ce-90f4-c5f718bcab0a.jpg
9903081678,"Sep 23, 2023, 7:34:45 AM",🦅 (The American Confirmation),Run,Pizza with fries >>> Gel Sis,5966,21.33,183.0,86,false,,,activities/10613924178.fit.gz,,,5966.0,5885.0,21329.5,5.833984375,3.6243839263916016,328.0,329.0,368.3999938964844,551.7999877929688,20.73444366455078,-0.0365690141916275,,,86.0,81.85004425048828,,142.72305297851562,,,1445.0,,20.0,86.0,,,,,,,,,,,0.0,,0.0,,1.0,22094.80078125,,,,,,,,,,,,,,,,,,,,,,,,,,0.0,3.5751757621765137,4481.2001953125,,,,16056.0,,,,,,,,media/4a9f1207-bfe8-4e4f-9c23-26d23b4d7121.jpg|media/5f3917b4-b1bc-4ad3-9750-3027b8c5b8d3.jpg
9910565376,"Sep 24, 2023, 8:18:11 AM",🏔️ (The Linzone Inframezzo),Hike,,10428,5.82,,,false,,,activities/9910565376.gpx,,,10428.0,5012.0,5822.7099609375,4.310009956359863,1.16175377368927,508.15606689453125,503.3560485839844,873.7999877929688,1377.699951171875,49.84762954711914,0.08243583887815475,,,,,,,,,532.9913940429688,,,,,,,,,,,,,,0.0,,0.0,,1.0,,,,,,,,,,,,,,,,,,,,,,,,,,,0.0,0.5583726763725281,5737.89990234375,,,,,,,,,,,,media/e7c547ba-ec19-41a3-849e-00e33873ba9f.jpg
9911270263,"Sep 24, 2023, 6:11:02 AM",✌️ (Roncola Eroica per Linzone),Ride,Didn't want to go there by car,23175,74.76,178.0,151,false,,Scott,activities/10622539635.fit.gz,,7.0,23175.0,10187.0,74760.328125,16.92447853088379,7.338797092437744,1102.0,1128.0,248.8000030517578,878.5999755859375,17.28470802307129,-0.005885425489395857,,,,,,139.82479858398438,,166.89797973632812,2094.0,,20.0,151.0,,,,,,,,,,,0.0,,0.0,,1.0,,,,,,,,,,,,,,,,2806964.0,,,,,,,,,,,0.0,3.2259042263031006,16.899999618530273,,,,,,,,,,,,media/73e494a8-4a2e-411a-abc3-ad5cceaef856.jpg|media/99a12492-7d19-4e4d-9ea8-10a92602ff1d.jpg|media/b06801b6-6d1c-4798-963e-00770824d6c3.jpg
9918377810,"Sep 25, 2023, 4:58:18 AM",🫡 (Another Monday Strike),Ride,"",40851,51.05,180.0,71,false,,Scott,activities/10630032578.fit.gz,,7.0,40851.0,6455.0,51057.6328125,14.1719970703125,7.909780025482178,388.0,401.0,214.0,563.2000122070312,13.881158828735352,-0.03642949461936951,,,,,,133.1744384765625,,150.10662841796875,1395.0,,21.0,71.0,,,,,,,,,,,0.0,,0.0,,1.0,,,,,,,,,,,,,,,,2806964.0,,,,,,,,,,,0.0,1.2498502731323242,33.70000076293945,,,,,,,,,,,,""
9923253087,"Sep 26, 2023, 10:47:28 AM",🔢 (Che fatica!),Run,"",3657,12.33,165.0,65,false,,,activities/10635167328.fit.gz,,,3657.0,3615.0,12338.5498046875,6.712011814117432,3.4131534099578857,317.0,342.0,367.79998779296875,706.7999877929688,22.87116813659668,-0.21234272420406342,,,84.0,80.23666381835938,,145.7993927001953,,,875.0,,27.0,65.0,,,,,,,,,,,0.0,,0.0,,1.0,13120.0,,,,,,,,,,,,,,,,,,,,,,,,,,0.0,3.3739540576934814,359.0,,,,9692.0,,,,,,,,""
9931579409,"Sep 27, 2023, 2:19:25 PM",😍 (Altino Ganda),Ride,Cannondale is back!,7579,42.92,163.0,63,false,,Scott,activities/10643880761.fit.gz,,7.0,7579.0,6787.0,42921.2890625,17.670312881469727,6.324044227600098,1267.0,1273.0,339.6000061035156,1063.4000244140625,30.987577438354492,-0.05405246093869209,,,104.0,65.93624877929688,,132.36598205566406,,209.23876953125,1586.0,,25.0,63.0,1419855.0,,,,,,,,240.0,7074.0,0.0,,0.0,,1.0,,,,,,,,,,,,,,,,2806964.0,,,,,,,,,,,0.0,5.663186550140381,0.0,,,,,,,,,,,,media/4aaeb910-6d10-4d96-8945-b895b60170e6.jpg
9936201316,"Sep 28, 2023, 9:49:00 AM",⛲ (Selvino Fontanella),Ride,"",4954,33.96,157.0,47,false,,Scott,activities/10648697936.fit.gz,,7.0,4954.0,4954.0,33962.51171875,17.612110137939453,6.855573654174805,807.0,834.0,324.3999938964844,1061.0,19.404964447021484,-0.08126600086688995,,,102.0,69.12003326416016,,133.32559204101562,,202.26544189453125,1126.0,,25.0,47.0,1004189.0,,,,,,,,229.0,4955.0,0.0,,0.0,,1.0,,,,,,,,,,,,,,,,2806964.0,,,,,,,,,,,0.0,6.855573654174805,0.0,,,,,,,,,,,,""
9941074100,"Sep 29, 2023, 4:21:01 AM",🇺🇸 (Boston Acceptance),Run,"Empty legs, full motivation ",3933,13.35,189.0,139,false,,,activities/10653756630.fit.gz,,,3933.0,3929.0,13358.099609375,5.765966892242432,3.3998725414276123,213.0,223.0,343.79998779296875,557.4000244140625,19.754114151000977,-0.07935287803411484,,,85.0,81.08709716796875,,161.09803771972656,,,959.0,,17.0,139.0,,,,,,,,,,,0.0,,0.0,,1.0,13859.7001953125,,,,,,,,,,,,,,,,,,,,,,,,,,0.0,3.3964147567749023,3236.89990234375,,,,10622.0,,,,,,,,media/b7995e0e-eba1-4177-9c2b-9171e1284b44.jpg
9947446173,"Sep 30, 2023, 6:03:16 AM",🍂 (Coppa Coppi 2023),Ride,"Private edition
La classica delle gambe morte",10597,55.46,170.0,127,false,,Scott,activities/10660412543.fit.gz,,7.0,10597.0,9698.0,55463.51953125,17.739843368530273,5.7190680503845215,1873.0,1886.0,339.20001220703125,1061.4000244140625,33.259098052978516,-0.042911067605018616,,,100.0,61.32634353637695,,137.068115234375,,196.7531280517578,2153.0,,21.0,127.0,1913984.0,,,,,,,,232.0,10212.0,0.0,,0.0,,1.0,,,,,,,,,,,,,,,,2806964.0,,,,,,,,,,,0.0,5.233889102935791,5389.60009765625,,,,,,,,,,,,media/f74eeff0-bf66-4cfb-931f-2e996686a304.jpg|media/74fe29ee-0b90-4ef3-b070-97f00fda48f2.jpg
9953249660,"Oct 1, 2023, 5:51:32 AM",🗼(Scedrina Torretta combo),Run,"",3534,12.15,185.0,95,false,,,activities/10666489568.fit.gz,,,3534.0,3528.0,12154.6298828125,6.222070217132568,3.445189952850342,315.0,344.0,371.0,708.2000122070312,21.351722717285156,-0.23694664239883423,,,85.0,81.85050964355469,,154.38873291015625,,,846.0,,18.0,95.0,,,,,,,,,,,0.0,,0.0,,1.0,12906.7001953125,,,,,,,,,,,,,,,,,,,,,,,,,,0.0,3.439340591430664,419.0,,,,9648.0,,,,,,,,media/2fd6ce6c-30d7-42a6-b041-7b6065971dad.jpg|media/864de1e7-98e4-401a-a687-fad4aed93810.mp4
9959966665,"Oct 2, 2023, 4:59:06 AM",🥐(Pre Conference Pegeaut SFR),Ride,"",4794,18.85,185.0,54,true,,Scott,activities/10673625636.fit.gz,,7.0,4794.0,3708.0,18856.6796875,17.519922256469727,5.085404396057129,678.0,671.0,396.20001220703125,1064.4000244140625,19.499370574951172,-0.021212643012404442,,,,,,137.61825561523438,,167.5518035888672,822.0,,20.0,54.0,,,,,,,,,,,0.0,,1.0,,1.0,,,,,,,,,,,,,,,,2806964.0,,,,,,,,,,,0.0,3.933391571044922,0.0,,,,,,,,,,,,media/a4f2e6c9-62d6-4379-a394-693f69898a94.jpg|media/89da392e-3c25-4da2-b62d-6616e93a5338.jpg|media/bf7696a4-ef0a-466d-804d-e0081e48a88b.jpg
9963272563,"Oct 2, 2023, 3:59:18 PM",🐭 (The Micky Loop),Run,"Completely no-sense
TotalEnergies Roundup ",3530,11.80,163.0,30,false,,,activities/10677102167.fit.gz,,,3530.0,3270.0,11805.849609375,4.962011814117432,3.6103515625,43.0,34.0,118.0,136.1999969482422,6.451688289642334,0.01185847632586956,,,85.0,80.49384307861328,,134.50799560546875,,,808.0,,27.0,30.0,,,,,,,,,,,0.0,,0.0,,1.0,11873.2998046875,,,,,,,,,,,,,,,,,,,,,,,,,,0.0,3.344433307647705,1585.699951171875,,,,8814.0,,,,,,,,""
9966172337,"Oct 3, 2023, 4:31:32 AM",🔁 (The Accelerator),Run,"Empty stomach, goodish",3115,12.01,157.0,57,false,,,activities/10680124088.fit.gz,,,3115.0,3112.0,12014.6904296875,5.439990043640137,3.8607616424560547,33.0,39.0,118.19999694824219,134.39999389648438,8.771796226501465,-0.041615720838308334,,,86.0,82.68018341064453,,145.35264587402344,,,826.0,,20.0,57.0,,,,,,,,,,,0.0,,0.0,,1.0,12055.0,,,,,,,,,,,,,,,,,,,,,,,,,,0.0,3.857043504714966,1621.0999755859375,,,,8558.0,,,,,,,,""
9973091845,"Oct 4, 2023, 6:11:01 AM",🐹 (Extra miles),Virtual Run,"",3120,11.00,,,false,,,,,,3120.0,3120.0,11000.0,,3.5256409645080566,,,,,,0.0,,,,,,,,,1006.9032592773438,,,,,,,,,,,,,,0.0,,0.0,,0.0,,,,,,,,,,,,,,,,,,,,,,,,,,,0.0,3.5256409645080566,0.0,,,,,,,,,,,,media/c968a2d7-d9cd-4567-aef2-bf7370602b7a.jpg|media/642a8909-6bdb-49b1-85e2-aaa6f7b4b429.jpg
9982705446,"Oct 5, 2023, 1:51:49 PM",🇸🇮 (The Tadej Spotting),Ride,"Today [strava://athletes/6021015/18]Tadej Pogačar Pogi pushed hard on Il Lombardia reconning.
This one tour is for you!",8726,58.76,175.0,93,false,,Scott,activities/10697360821.fit.gz,,7.0,8726.0,8356.0,58763.96875,17.732030868530273,7.032547950744629,1456.0,1470.0,382.20001220703125,1262.0,23.857248306274414,-0.03947988897562027,,,102.0,76.01948547363281,,134.3580780029297,,91.18568420410156,1685.0,,23.0,93.0,765081.0,,,,,,,,216.0,6021.0,0.0,,0.0,,1.0,,,,,,,,,,,,,,,,2806964.0,,,,,,,,,,,0.0,6.734353542327881,0.0,,,,,,,,,,,,media/8d0b84ab-0d73-42f7-b59f-4dd94872f50c.mp4|media/0d744b0d-77ec-4132-a781-307b875aa45a.jpg|media/fd70ca0e-db7c-4f42-abcf-ade4a90a1587.jpg
9988098620,"Oct 6, 2023, 4:47:28 AM",🍊(Alla Frutta),Ride,"",38544,56.82,170.0,75,false,,Scott,activities/10702975303.fit.gz,,7.0,38544.0,7304.0,56819.4609375,15.449999809265137,7.7792253494262695,541.0,558.0,212.8000030517578,562.7999877929688,18.543445587158203,-0.0281593669205904,,,,,,134.33465576171875,,153.4715576171875,1561.0,,22.0,75.0,,,,,,,,,,,0.0,,0.0,,1.0,,,,,,,,,,,,,,,,2806964.0,,,,,,,,,,,0.0,1.4741454124450684,188.5,,,,,,,,,,,,media/eee9d396-91fe-4847-bf52-2b0f42fbd7a4.jpg
9992951457,"Oct 7, 2023, 5:00:23 AM",🍂 (Il Lombardia 2023),Ride,La classica delle gambe morte.,22883,148.42,170.0,272,false,,Scott,activities/10708037204.fit.gz,,7.0,22883.0,20629.0,148421.015625,18.280467987060547,7.194775104522705,3199.0,3177.0,250.0,1267.5999755859375,21.852094650268555,-0.016709256917238235,,,,,,137.81622314453125,,197.8817901611328,3705.0,,19.0,272.0,,,,,,,,,,,0.0,,0.0,,1.0,,,,,,,,,,,,,,,,2806964.0,,,,,,,,,,,0.0,6.486082077026367,0.0,,,,,,,,,,,,media/923d774c-60e7-4520-a3d7-026bb266706f.jpg|media/dd404856-0e58-41a6-ac68-3b036812ce13.jpg|media/9a0664df-cfb5-46ed-a3d9-674b740fe1ef.jpg|media/b54beaa1-5ac4-4cf7-8510-e4ecd6c98bc3.jpg|media/f5fe6b55-0040-471a-baf3-cb36381e0efa.jpg|media/0e37dd9f-0b53-4432-be7b-10f64768d30b.jpg|media/5d99f584-4651-4516-a30e-460effe3df6a.jpg
9998188487,"Oct 8, 2023, 7:30:31 AM",🟢⚫ (Vertical Recastello 2023),Run,📸 Go pro edition,3297,6.58,174.0,89,false,,,activities/10713518963.fit.gz,,,3297.0,3286.0,6582.8701171875,4.40166711807251,2.003308057785034,952.0,8.0,393.6000061035156,1338.4000244140625,49.90010070800781,14.352402687072754,,,89.0,75.62236022949219,,155.47396850585938,,,805.0,,22.0,89.0,,,,,,,,,,,0.0,,0.0,,1.0,12312.5,,,,,,,,,,,,,,,,,,,,,,,,,,0.0,1.996624231338501,5239.7001953125,,,,8248.0,,,,,,,,media/8da840ec-cf5e-433b-a5e1-7b5fcaff20e1.jpg|media/d843d70c-9599-4635-ae26-ef2cff857c6f.jpg|media/f994db29-854f-475e-9b7c-dbb0e118c21d.jpg
10004323869,"Oct 9, 2023, 4:45:43 AM",👀,Ride,"",4430,18.97,163.0,31,false,,Scott,activities/10719948742.fit.gz,,7.0,4430.0,3796.0,18972.6796875,17.572071075439453,4.998071670532227,665.0,675.0,400.0,1062.0,32.93870544433594,-0.02108294703066349,,,,,,126.13145446777344,,163.76675415039062,740.0,,21.0,31.0,,,,,,,,,,,0.0,,0.0,,1.0,,,,,,,,,,,,,,,,2806964.0,,,,,,,,,,,0.0,4.282772064208984,0.0,,,,,,,,,,,,media/94535f4c-67bc-43b5-8dd8-ea32252c5bce.jpg
10012389337,"Oct 10, 2023, 12:19:48 PM",🥩 (Frankfurt 2-1-05 schnitzel),Run,"",3141,12.00,163.0,49,false,,,activities/10728333109.fit.gz,,,3141.0,3042.0,12005.419921875,7.411913871765137,3.9465548992156982,29.0,34.0,98.5999984741211,112.5999984741211,35.1960563659668,-0.02498871274292469,,,89.0,82.30610656738281,,144.10247802734375,,,806.0,,24.0,49.0,,,,,,,,,,,0.0,,0.0,,1.0,12113.0,,,,,,,,,,,,,,,,,,,,,,,,,,0.0,3.822165012359619,673.9000244140625,,,,8338.0,,,,,,,,media/a35a1b29-e0b5-484d-af2f-9f019aad0642.jpg|media/61f58e08-43f1-4a45-86e5-91be22e7e4c6.jpg|media/e78927ff-8896-4882-a799-2f8f51910b13.jpg|media/369c100f-65e5-494a-83d9-a28c7b88cbe7.jpg
10016884667,"Oct 11, 2023, 4:25:36 AM",🇩🇪 (Frankfurt 😍),Run,"Honestly thinking about Ironman European Championship and the beauty of running with
A lot of people at 6.30 in the morning.",4373,14.05,153.0,35,false,,,activities/10732968471.fit.gz,,,4373.0,3923.0,14051.490234375,11.103906631469727,3.581822633743286,38.0,41.0,96.19999694824219,117.0,49.63290023803711,0.01850336417555809,,,86.0,82.66466522216797,,137.44776916503906,,,913.0,,18.0,35.0,,,,,,,,,,,0.0,,0.0,,1.0,14166.2998046875,,,,,,,,,,,,,,,,,,,,,,,,,,0.0,3.213238000869751,825.0999755859375,,,,10752.0,,,,,,,,media/129c039a-0237-49a9-808c-f3e85319e2fe.jpg|media/4970a202-4f68-4769-8a39-c65116506ddc.jpg|media/c740bb7e-c172-4d95-b3bf-c856795064de.jpg
10023743335,"Oct 12, 2023, 5:52:16 AM",⏸️ (Conference compensation),Ride,"After 2 days of 12-hours working
Some relax.",11137,71.62,162.0,86,false,,Scott,activities/10740077123.fit.gz,,7.0,11137.0,10838.0,71625.9609375,19.629688262939453,6.6087799072265625,1915.0,1909.0,306.20001220703125,1067.0,20.518587112426758,-0.004188425838947296,,,,,,129.3448028564453,,191.43678283691406,1828.0,,19.0,86.0,,,,,,,,,,,0.0,,0.0,,1.0,,,,,,,,,,,,,,,,2806964.0,,,,,,,,,,,0.0,6.431351184844971,42.599998474121094,,,,,,,,,,,,media/28af30a8-200a-4762-bd96-2793850ef8a6.jpg|media/37d4961f-0b72-4f6c-af53-4aec3ea3ecc9.jpg
10030270127,"Oct 13, 2023, 9:49:56 AM",🔙 (Back to autopilot),Run,"",3512,12.50,165.0,60,false,,,activities/10746858610.fit.gz,,,3512.0,3512.0,12508.75,6.1259765625,3.5617167949676514,320.0,341.0,373.20001220703125,708.0,15.325098037719727,-0.19826112687587738,,,86.0,81.84683227539062,,145.24664306640625,,,838.0,,22.0,60.0,,,,,,,,,,,0.0,,0.0,,1.0,13265.599609375,,,,,,,,,,,,,,,,,,,,,,,,,,0.0,3.5617167949676514,623.4000244140625,,,,9588.0,,,,,,,,media/fe3dbab1-52fa-46fb-8d28-9c8e89f855c1.jpg|media/f8e342d3-825e-4eea-b5ec-83c6e89c0548.jpg
10035190347,"Oct 14, 2023, 5:35:53 AM",🏞️ (Ceratello Bossico),Ride,Lovely 9K YTD,12288,83.02,168.0,111,false,,Scott,activities/10751979333.fit.gz,,7.0,12288.0,11723.0,83023.0625,16.256250381469727,7.082066059112549,1643.0,1657.0,186.39999389648438,877.5999755859375,29.433744430541992,-0.030834775418043137,,,,,,133.3091278076172,,178.61729431152344,2025.0,,19.0,111.0,,,,,,,,,,,0.0,,0.0,,1.0,,,,,,,,,,,,,,,,2806964.0,,,,,,,,,,,0.0,6.756433963775635,1636.5999755859375,,,,,,,,,,,,media/9189deb0-4fcb-4670-a7cb-52e7f99c2d60.jpg|media/4a84f1a8-e83b-45b2-bc52-b7aca61f8e1c.jpg|media/52b753ca-4e93-44e4-9772-283576fd73f2.jpg
10040636723,"Oct 15, 2023, 6:08:10 AM",Pre DJ,Hike,,715,2.07,,,false,,,activities/10040636723.gpx,,,715.0,715.0,2071.25,6.009997367858887,2.89685320854187,7.983333110809326,4.7833333015441895,122.5,131.60000610351562,28.089906692504883,0.15449607372283936,,,,,,,,,189.59530639648438,,,,,,,,,,,,,,0.0,,0.0,,1.0,,,,,,,,,,,,,,,,,,,,,,,,,,,0.0,2.89685320854187,0.0,,,,,,,,,,,,""
10041045232,"Oct 15, 2023, 7:41:55 AM",🎧(Deejay Ten 2023),Run,Partire ultimi e zigzagare,2188,9.94,170.0,45,false,,,activities/10758099111.fit.gz,,,2188.0,2175.0,9941.26953125,7.890038967132568,4.5706987380981445,16.0,17.0,128.0,137.39999389648438,12.738802909851074,-0.008047292940318584,,,87.0,84.45282745361328,,148.8900146484375,,,655.0,,21.0,45.0,,,,,,,,,,,0.0,,0.0,,1.0,9963.400390625,,,,,,,,,,,,,,,,,,,,,,,,,,0.0,4.54354190826416,308.1000061035156,,,,6202.0,,,,,,,,media/bfe49261-59a2-4eaf-96a9-71601c618003.jpg|media/6bc469df-a03d-4af7-ab16-f2edfbfe6574.mp4|media/0d6f58cc-da8a-4b3e-a593-2b08b3ae5ec6.mp4|media/fe408f96-929f-4824-b236-03d87d97c6b4.jpg
10047085214,"Oct 16, 2023, 4:28:13 AM",🍝(Da Mauro Antica osteria bolognese),Run,"",4017,14.18,184.0,115,false,,,activities/10764402307.fit.gz,,,4017.0,3983.0,14187.6396484375,5.466015815734863,3.5620486736297607,221.0,237.0,337.79998779296875,564.0,36.69668960571289,-0.12123236805200577,,,85.0,82.22877502441406,,155.39572143554688,,,1008.0,,15.0,115.0,,,,,,,,,,,0.0,,0.0,,1.0,14689.900390625,,,,,,,,,,,,,,,,,,,,,,,,,,0.0,3.5318994522094727,7057.89990234375,,,,10908.0,,,,,,,,media/18c4d6bf-8ebc-4230-a23e-39c5fb89e03e.jpg|media/5bebb293-9e8b-46aa-aea1-3fa432a9c898.jpg|media/918d394d-fb4f-44ae-9712-07b99fa26291.jpg|media/e6ddddb6-dc44-419d-905a-6bc97f95b529.jpg
10054211235,"Oct 17, 2023, 9:52:11 AM",🇫🇷 (Lapierre and Frosio Balance),Ride,"",4941,32.99,171.0,98,false,,Scott,activities/10771813509.fit.gz,,7.0,4941.0,4910.0,32990.4609375,17.6240234375,6.719034671783447,903.0,923.0,332.79998779296875,831.0,23.188127517700195,-0.0763857513666153,,,107.0,65.90818786621094,,145.55824279785156,,215.1468505859375,1182.0,,19.0,98.0,1060923.0,,,,,,,,243.0,4942.0,0.0,,0.0,,1.0,,,,,,,,,,,,,,,,2806964.0,,,,,,,,,,,0.0,6.676879405975342,0.0,,,,,,,,,,,,media/65f157ac-5274-4637-bed9-ea2dffeed8ee.mp4|media/44464793-e489-4101-81a4-962a9cf76802.jpg|media/079cc75d-144c-47c0-87c0-ebd58e96af45.jpg|media/58749215-d744-48c9-9060-ef3f133a89e4.jpg|media/9e04dcb7-57d2-4db3-9c48-a523abd9456d.jpg
10062067881,"Oct 18, 2023, 4:54:53 AM",🌧️ (Traffic and rain),Ride,Building up mental thoughness ,40005,50.84,174.0,80,false,,Scott,activities/10779972209.fit.gz,,7.0,40005.0,6473.0,50839.5390625,14.847997665405273,7.854092597961426,462.0,450.0,207.60000610351562,566.4000244140625,24.002941131591797,0.002360391430556774,,,,,,135.75950622558594,,156.75949096679688,1488.0,,15.0,80.0,,,,,,,,,,,0.0,,0.0,,1.0,,,,,,,,,,,,,,,,2806964.0,,,,,,,,,,,0.0,1.270829677581787,0.0,,,,,,,,,,,,""
10067661119,"Oct 19, 2023, 2:28:11 PM",👋,Virtual Ride,"",4745,50.01,,,false,,Scott,activities/10785766848.fit.gz,,7.0,4745.0,4745.0,50018.0,12.046093940734863,10.5412015914917,0.0,,,,0.0,0.0,,,86.0,70.89686584472656,,,,220.49147033691406,1046.0,,,,,,,,,,,,232.0,4746.0,0.0,,0.0,,1.0,,,,,,,,,,,,,,,,2806964.0,,,,,,,,,,,0.0,10.5412015914917,0.0,,,,,,,,,,,,""
10072997248,"Oct 20, 2023, 2:25:02 PM",🪨(Rolling Stones),Run,"",4453,14.00,162.0,47,false,,,activities/10791330804.fit.gz,,,4453.0,4387.0,14007.099609375,6.670000076293945,3.1928651332855225,537.0,528.0,541.4000244140625,1071.4000244140625,30.729915618896484,0.05425802618265152,,,85.0,81.02508544921875,,137.33639526367188,,,958.0,,18.0,47.0,,,,,,,,,,,0.0,,0.0,,1.0,15677.5,,,,,,,,,,,,,,,,,,,,,,,,,,0.0,3.1455421447753906,0.0,,,,11866.0,,,,,,,,media/c067d271-4e80-4690-9f29-921de54ba0d1.jpg
10075570934,"Oct 21, 2023, 4:04:30 AM",💍(The 6AM promise),Run,Non si mangia mai abbastanza ,5115,17.00,159.0,50,false,,,activities/10794008128.fit.gz,,,5115.0,4980.0,17007.55859375,5.91796875,3.415172576904297,250.0,251.0,332.79998779296875,564.4000244140625,26.816194534301758,-0.02351895347237587,,,85.0,82.2268295288086,,137.3670654296875,,,1137.0,,17.0,50.0,,,,,,,,,,,0.0,,0.0,,1.0,17624.900390625,,,,,,,,,,,,,,,,,,,,,,,,,,0.0,3.32503604888916,187.3000030517578,,,,13622.0,,,,,,,,media/2f27fab0-b169-4f22-811c-bec9386d2d3a.jpg
10085075619,"Oct 22, 2023, 7:23:52 AM",💍 (Post Wedding Chill),Hike,"",6328,7.84,141.0,15,false,,,activities/10803910359.fit.gz,,,6328.0,5469.0,7842.259765625,4.307909965515137,1.4339476823806763,645.0,656.0,680.5999755859375,1339.4000244140625,47.05882263183594,-0.3366379737854004,,,123.0,59.55752944946289,,105.72955322265625,,,606.0,,20.0,15.0,,,,,,,,,,,0.0,,0.0,,1.0,,,,,,,,,,,,,,,,,,,,,,,,,,,0.0,1.239295244216919,6731.10009765625,,,,,,,,,,,,media/72ea5490-0c42-4536-b4e0-cf2be398773f.jpg|media/5ef093cf-561b-4630-a20b-eb6bc8d69ad6.mp4|media/7cb5a340-6332-4dd4-bd24-492facddc6d5.jpg
10085077253,"Oct 22, 2023, 10:26:39 AM",🍚(Magic Truffles),Ride,"Fiera del tartufo, graffiti, Lagotti e risotti
Con grande [strava://athletes/63090711/16]Alessandro Zanga ",15649,49.74,155.0,80,false,,Scott,activities/10803911761.fit.gz,,7.0,15649.0,9121.0,49746.640625,17.2275390625,5.454077243804932,1621.0,1630.0,367.20001220703125,1340.4000244140625,34.46321105957031,-0.04663633927702904,,,,,,131.5589599609375,,177.81661987304688,1776.0,,21.0,80.0,,,,,,,,,,,0.0,,0.0,,1.0,,,,,,,,,,,,,,,,2806964.0,,,,,,,,,,,0.0,3.1789021492004395,12064.2998046875,,,,,,,,,,,,media/bb9e60c0-9f8f-4ccf-b192-da5339ec4e04.jpg|media/dae1a1b9-911a-4cd7-8866-c85998e877bb.jpg|media/d544e02f-2f58-4520-9b14-61677c161610.jpg|media/069ef9fd-0960-4571-9945-f044f23223d9.jpg
10089503418,"Oct 23, 2023, 10:00:26 AM",👊 (MTB con Liuke),Ride,"",5161,12.23,151.0,19,false,,Scott,activities/10808574645.fit.gz,,7.0,5161.0,4785.0,12235.5205078125,12.14404296875,2.5570576190948486,676.0,654.0,678.0,1306.0,47.37483596801758,-0.13403618335723877,,,,,,115.89593505859375,,123.29004669189453,707.0,,20.0,19.0,,,,,,,,,,,0.0,,0.0,,1.0,,,,,,,,,,,,,,,,2806964.0,,,,,,,,,,,0.0,2.370765447616577,5428.60009765625,,,,,,,,,,,,media/4b02d505-84ca-4f3f-b866-bd799725f473.jpg|media/ef859fdb-cf1a-4bf5-8ea5-1c8bd8943df4.jpg
10093909654,"Oct 24, 2023, 4:05:03 AM","☔ (No choices, only adaptation)",Run,"",3882,13.35,184.0,128,false,,,activities/10813142202.fit.gz,,,3882.0,3876.0,13351.419921875,5.532031059265137,3.444638729095459,302.0,324.0,345.6000061035156,563.5999755859375,48.56031036376953,-0.15129441022872925,,,84.0,81.02275848388672,,159.07522583007812,,,968.0,,16.0,128.0,,,,,,,,,,,0.0,,0.0,,1.0,14620.400390625,,,,,,,,,,,,,,,,,,,,,,,,,,0.0,3.439314603805542,3234.699951171875,,,,10502.0,,,,,,,,media/30b57e38-4c16-41b7-8140-82ad3351b9e8.jpg
10102965718,"Oct 25, 2023, 1:54:35 PM",⭐(Contrada Bricconi),Ride,"Last post work tour.
Michelin mentioned ",8846,53.13,178.0,117,false,,Scott,activities/10822537312.fit.gz,,7.0,8846.0,8423.0,53134.16015625,15.809765815734863,6.308222770690918,1179.0,1194.0,383.20001220703125,1219.0,49.33979034423828,-0.03575854003429413,,,,,,139.0944366455078,,174.97509765625,1590.0,,20.0,117.0,,,,,,,,,,,0.0,,0.0,,1.0,,,,,,,,,,,,,,,,2806964.0,,,,,,,,,,,0.0,6.006574630737305,3216.699951171875,,,,,,,,,,,,media/5773bfa6-212b-4498-9581-50219a7e1035.jpg|media/2d33d377-d2d8-4e0e-a5a2-6fc3809f8ab7.jpg|media/9c1fbd45-ad03-4d7a-8e18-9760e5aef78e.jpg
10105827406,"Oct 26, 2023, 3:49:08 AM",🦅(Aquila e barbabietola),Run,"",3505,12.04,181.0,97,false,,,activities/10825500295.fit.gz,,,3505.0,3442.0,12040.6396484375,5.595898628234863,3.498152256011963,215.0,225.0,378.20001220703125,568.0,22.058252334594727,-0.15447664260864258,,,86.0,81.59508514404297,,155.37631225585938,,,843.0,,15.0,97.0,,,,,,,,,,,0.0,,0.0,,1.0,12547.400390625,,,,,,,,,,,,,,,,,,,,,,,,,,0.0,3.4352753162384033,1219.0999755859375,,,,9370.0,,,,,,,,media/bf30f0e7-b0e0-4a65-9fc7-727689b68f93.jpg
10113539441,"Oct 27, 2023, 2:18:10 PM",🇨🇭 (Zurich 60 staircase trail),Run,When you miss a flight and there is shit lot of waiting time,1247,0.80,,,false,,,activities/10113539441.gpx,,,1247.0,406.0,805.260009765625,4.0072712898254395,1.9833990335464478,0.0,-0.10000000149011612,421.6000061035156,421.70001220703125,0.6301199197769165,0.012418349273502827,,,,,,,,,73.72362518310547,,,,,,,,,,,,,,0.0,,0.0,,1.0,805.4000244140625,,,,,,,,,,,,,,,,,,,,,,,,,,0.0,0.6457578539848328,0.0,,,,,,,,,,,,media/b5e5d9ca-278c-41e5-9555-5d20c9dcbbc4.jpg|media/61ce6062-2860-4bbb-836a-8c888bf9fb5d.jpg
10121685264,"Oct 28, 2023, 10:26:15 PM",🇯🇵🤩(Japan Introduction),Run,After 30+ hours of travelling ,3065,10.10,170.0,54,false,,,activities/10842087651.fit.gz,,,3065.0,2631.0,10103.0703125,7.598046779632568,3.8400115966796875,43.0,42.0,28.0,69.19999694824219,10.460186958312988,-0.05344909429550171,,,86.0,83.01564025878906,,148.72972106933594,,,681.0,,17.0,54.0,,,,,,,,,,,0.0,,0.0,,1.0,10178.2998046875,,,,,,,,,,,,,,,,,,,,,,,,,,0.0,3.2962708473205566,0.0,,,,7196.0,,,,,,,,media/3cfaf6a7-394b-4a02-a357-b7a30d404c87.jpg|media/8debe7ef-11df-42dd-b37a-43640491a7c2.jpg|media/369c3a70-840a-402a-afc2-1eaf7d3bdc67.jpg|media/64877967-4544-4589-80e6-44b3f82a914b.jpg|media/e9c58c24-329a-49aa-ba82-8137839108da.jpg
10127901519,"Oct 29, 2023, 9:00:57 PM",🗼(Tokyo Tower),Run,"",4838,13.11,164.0,28,false,,,activities/10848630249.fit.gz,,,4838.0,3704.0,13112.1103515625,10.991991996765137,3.5399866104125977,48.0,52.0,17.0,57.20000076293945,45.99998474121094,-0.14337889850139618,,,86.0,82.90691375732422,,134.65997314453125,,,827.0,,20.0,28.0,,,,,,,,,,,0.0,,0.0,,1.0,13269.7001953125,,,,,,,,,,,,,,,,,,,,,,,,,,0.0,2.710233688354492,0.0,,,,10092.0,,,,,,,,media/b980b000-728b-4037-9219-142a86a0ae34.jpg|media/557e7a50-6f71-48e8-bbed-67c546374be9.jpg|media/4a9f267c-8249-4f94-986d-ef14edbaf859.jpg|media/fc3ba5ab-c8eb-4f1b-9e98-6d95992e0aa4.jpg
10133080945,"Oct 30, 2023, 9:37:49 PM",🏞️ (Sumida 10k),Run,"",2924,10.17,172.0,64,false,,,activities/10854061116.fit.gz,,,2924.0,2749.0,10178.580078125,5.817968845367432,3.702648162841797,43.0,32.0,9.800000190734863,24.399999618530273,32.16704177856445,0.12378936260938644,,,89.0,82.12225341796875,,150.40968322753906,,,723.0,,20.0,64.0,,,,,,,,,,,0.0,,0.0,,1.0,10368.5,,,,,,,,,,,,,,,,,,,,,,,,,,0.0,3.481046438217163,0.0,,,,7516.0,,,,,,,,media/1fe45805-f3c5-45d2-a204-413527f57c2f.jpg|media/d37666f5-208d-4e77-9afe-8a9527b6356b.jpg|media/77cd5707-2837-4820-9f6a-b577039d6f07.jpg|media/df169dba-f094-437d-bb64-4cdc0eebc1a4.jpg
10136632685,"Oct 31, 2023, 1:44:53 PM","🤖 (Gundam, Tempura and Sake)",Run,"",4917,16.23,169.0,78,false,,,activities/10857783290.fit.gz,,,4917.0,4295.0,16235.48046875,8.123974800109863,3.7800886631011963,109.0,113.0,6.800000190734863,33.79999923706055,27.173816680908203,-0.0234055295586586,,,85.0,81.48380279541016,,146.3857879638672,,,1082.0,,22.0,78.0,,,,,,,,,,,0.0,,0.0,,1.0,16477.30078125,,,,,,,,,,,,,,,,,,,,,,,,,,0.0,3.301907777786255,0.0,,,,11628.0,,,,,,,,media/7f1aa918-f3f4-4517-ac92-6844bab7fc2a.jpg|media/531b53db-3001-495e-9470-468e40dfa79c.jpg|media/9d818034-9f2a-472b-8c9e-7196ec4243e3.jpg|media/833e133a-26b6-4881-8725-3cc0d6433d99.jpg|media/14ce4072-9f97-4f90-9f14-22c2889cdd21.jpg|media/068b4ecb-5492-4e8a-a367-cba995b320a5.jpg
10145378939,"Nov 1, 2023, 10:19:11 PM",👋 (Tokyo Farewell Half Marathon),Run,So wide ,7993,26.54,188.0,195,false,,,activities/10866938190.fit.gz,,,7993.0,7193.0,26547.66015625,7.983984470367432,3.690763235092163,114.0,115.0,-0.6000000238418579,18.200000762939453,37.112060546875,0.0030134490225464106,,,87.0,82.49408721923828,,154.9224090576172,,,1813.0,,22.0,195.0,,,,,,,,,,,0.0,,0.0,,1.0,27002.099609375,,,,,,,,,,,,,,,,,,,,,,,,,,0.0,3.321363687515259,18.799999237060547,,,,19664.0,,,,,,,,media/ecdb18db-ad28-46b4-a717-41b3ce6b7aca.jpg|media/fd1c42e5-deed-4e6f-91e7-4280855aa309.jpg|media/3d03fdb1-beb3-4b40-bd39-5a2693acfedc.jpg|media/0e38dfc8-b272-4acb-9e31-07a1aa19090a.jpg|media/9154196f-e4ab-4e98-ae9d-9d54bc607b26.mp4|media/91184846-06b7-44e3-beb8-5926c7d5d9f4.jpg
10150227183,"Nov 2, 2023, 8:34:59 PM",⛩️ (Kyoto Trail 521),Run,"Ho trovato in una corsa sola:
- le antenne di Ganda
- la val de gru
- tempi buddisti
- una ex-triatleta che stava a Hutson
- the philosopher path
- foglie di tutti i colori
- non so bene che altro",6414,11.20,175.0,69,false,,,activities/10872030825.fit.gz,,,6414.0,4080.0,11208.0400390625,5.579980373382568,2.7470686435699463,450.0,422.0,38.79999923706055,469.79998779296875,49.90378952026367,0.1356169432401657,,,122.0,78.52165985107422,,145.04710388183594,,,867.0,,20.0,69.0,,,,,,,,,,,0.0,,0.0,,1.0,14033.900390625,,,,,,,,,,,,,,,,,,,,,,,,,,0.0,1.7474336624145508,5693.7001953125,,,,10644.0,,,,,,,,media/e4bf0a7c-ddd6-4f4c-bdfa-aabd807b0182.jpg|media/6333ed04-0e24-43e3-9771-43b0e1422d3a.jpg|media/6b2d2170-3fb2-479b-becd-96f391cdd7b7.jpg|media/1ed645f3-6192-4d2a-9c77-bfc4cded5709.jpg|media/2c1b676d-4a37-4a55-a8fb-ba3404b4eda8.jpg|media/4990c043-fff2-4d20-82ed-8e9de53554d0.jpg
10155612669,"Nov 3, 2023, 10:03:49 PM","🎴 (Until next time, Japan)",Run,"Touristic, farewell exploration
Legs were dead. ",4563,10.64,171.0,65,false,,,activities/10877680617.fit.gz,,,4563.0,3082.0,10643.650390625,6.893994331359863,3.4534881114959717,59.0,69.0,38.400001525878906,89.5999984741211,30.643390655517578,-0.11274327337741852,,,109.0,81.00067138671875,,148.93450927734375,,,716.0,,20.0,65.0,,,,,,,,,,,0.0,,0.0,,1.0,10850.400390625,,,,,,,,,,,,,,,,,,,,,,,,,,0.0,2.33259916305542,354.6000061035156,,,,8290.0,,,,,,,,media/3ca52461-9086-45b2-96e4-c6e815bc1528.jpg|media/948e9da6-a423-4fc0-8630-61d5705765ff.jpg|media/894006bc-f274-4e84-8b49-fee3a40eb2a5.jpg|media/eb018b54-0e04-4961-a1fb-e9be9a2c92a0.jpg|media/a95d4682-844b-4b4c-96dd-e2faa81f880f.jpg|media/96902d18-4f91-404a-ab05-0842688b09bc.jpg
10168917617,"Nov 6, 2023, 5:18:55 AM",🏡(Home),Ride,"I needed some sunlight after one full day of
Sitting in an airplane ",4905,21.37,182.0,68,false,,Scott,activities/10891696400.fit.gz,,7.0,4905.0,4492.0,21370.41015625,16.957813262939453,4.757437705993652,877.0,899.0,404.6000061035156,1284.800048828125,40.576351165771484,-0.15909849107265472,,,,,,139.675537109375,,172.0283203125,1002.0,,13.0,68.0,,,,,,,,,,,0.0,,0.0,,1.0,,,,,,,,,,,,,,,,2806964.0,,,,,,,,,,,0.0,4.356862545013428,1505.800048828125,,,,,,,,,,,,media/ee19d99b-b831-4d77-97f0-5fe320570727.jpg|media/8bbbd2b2-b3a6-4963-ac37-539fdedbd150.jpg|media/600e6e5f-7ef5-4bbc-b3cc-2539ac3463bc.mp4|media/9dc547c5-fea5-4e7f-857a-cf78a33c5a74.jpg|media/b83fb6ad-3759-476a-b9b1-04d86939c4fd.jpg
10174592512,"Nov 7, 2023, 5:57:51 AM",👌 ( Il volume si fa sentire),Run,"",3716,13.52,187.0,120,false,,,activities/10897630070.fit.gz,,,3716.0,3696.0,13521.98046875,7.204003810882568,3.6585445404052734,212.0,230.0,348.0,563.7999877929688,19.12053108215332,-0.12424251437187195,,,86.0,81.09728240966797,,158.95057678222656,,,939.0,,17.0,120.0,,,,,,,,,,,0.0,,0.0,,1.0,13995.0,,,,,,,,,,,,,,,,,,,,,,,,,,0.0,3.6388537883758545,3585.199951171875,,,,10006.0,,,,,,,,media/8fe722b2-e03a-41a9-b035-bcff5b9762f5.jpg|media/954bffc2-d673-4c5e-89e4-9134d42a153d.jpg
10183749870,"Nov 8, 2023, 6:11:06 AM",☠️(So much traffic),Ride,"",39485,54.57,167.0,100,false,,Scott,activities/10907114419.fit.gz,,7.0,39485.0,7047.0,54574.8984375,14.575976371765137,7.744416236877441,537.0,546.0,201.60000610351562,712.4000244140625,19.7746524810791,-0.055703308433294296,,,,,,138.9762420654297,,152.0235595703125,1608.0,,17.0,100.0,,,,,,,,,,,0.0,,0.0,,1.0,,,,,,,,,,,,,,,,2806964.0,,,,,,,,,,,0.0,1.382167935371399,0.0,,,,,,,,,,,,""
10186677709,"Nov 9, 2023, 5:04:28 AM",🌄(Selvino Albeggiante),Ride,"",5210,33.93,156.0,33,false,,Scott,activities/10910127159.fit.gz,,7.0,5210.0,5210.0,33935.87890625,17.485937118530273,6.513604640960693,794.0,819.0,317.3999938964844,1063.800048828125,18.06757354736328,-0.07956180721521378,,,,,,127.11900329589844,,166.58787536621094,902.0,,13.0,33.0,,,,,,,,,,,0.0,,0.0,,1.0,,,,,,,,,,,,,,,,2806964.0,,,,,,,,,,,0.0,6.513604640960693,0.0,,,,,,,,,,,,media/c7bbcb2a-b56b-4182-b73b-4cc123f538af.jpg
10192225649,"Nov 10, 2023, 5:27:14 AM",🪙(Per tre soldi),Run,Colazione dei campioni e via ,4490,14.02,170.0,97,false,,,activities/10915866101.fit.gz,,,4490.0,3855.0,14021.6396484375,6.119921684265137,3.637260675430298,214.0,213.0,234.60000610351562,386.0,25.391313552856445,0.015690011903643608,,,85.0,81.62474060058594,,152.0753173828125,,,961.0,,13.0,97.0,,,,,,,,,,,0.0,,0.0,,1.0,14510.0,,,,,,,,,,,,,,,,,,,,,,,,,,0.0,3.1228597164154053,162.1999969482422,,,,10468.0,,,,,,,,""
10198503381,"Nov 11, 2023, 8:09:36 AM",🗻(Local Fuji),Ride,"I missed you, Farno-san
Cold but worth ",9919,46.06,170.0,115,false,,Scott,activities/10922382016.fit.gz,,7.0,9919.0,9088.0,46062.9921875,16.767969131469727,5.068551063537598,1539.0,1560.0,383.20001220703125,1532.199951171875,31.024036407470703,-0.06512820720672607,,,,,,138.48049926757812,,161.85015869140625,1667.0,,16.0,115.0,,,,,,,,,,,0.0,,0.0,,1.0,,,,,,,,,,,,,,,,2806964.0,,,,,,,,,,,0.0,4.643914699554443,9676.099609375,,,,,,,,,,,,media/f0cf25ca-8ec4-4418-b59e-a1adeb690777.jpg|media/faa2f6d9-f097-4eac-a89e-6d228b9c085e.jpg|media/12b684c7-a545-4309-a382-5e588b500a21.jpg
10212076303,"Nov 12, 2023, 12:07:59 PM",😔 (Pizzoccheri e gin tonic),Run,"",2614,8.63,190.0,93,false,,,activities/10936518230.fit.gz,,,2614.0,2610.0,8634.5498046875,5.9119873046875,3.3082566261291504,281.0,307.0,396.79998779296875,706.2000122070312,15.923492431640625,-0.31038084626197815,,,84.0,81.1930923461914,,160.79861450195312,,,644.0,,18.0,93.0,,,,,,,,,,,0.0,,0.0,,1.0,9311.2001953125,,,,,,,,,,,,,,,,,,,,,,,,,,0.0,3.303194284439087,0.0,,,,7086.0,,,,,,,,""
10212078346,"Nov 13, 2023, 5:56:44 AM",👌(Monday glory),Ride,"",40719,54.10,163.0,95,false,,Scott,activities/10936520255.fit.gz,,7.0,40719.0,6930.0,54099.62890625,15.704004287719727,7.806584358215332,520.0,546.0,214.60000610351562,706.4000244140625,38.72484588623047,-0.055822957307100296,,,,,,138.12826538085938,,160.1328125,1585.0,,17.0,95.0,,,,,,,,,,,0.0,,0.0,,1.0,,,,,,,,,,,,,,,,2806964.0,,,,,,,,,,,0.0,1.3286089897155762,0.0,,,,,,,,,,,,""
10216474870,"Nov 14, 2023, 11:32:38 AM",😪(Fatigued),Run,"",3581,13.00,163.0,44,false,,,activities/10941061495.fit.gz,,,3581.0,3544.0,13008.4296875,5.8740234375,3.6705501079559326,245.0,255.0,392.79998779296875,562.2000122070312,21.44805145263672,-0.1045474037528038,,,84.0,81.03312683105469,,140.41543579101562,,,864.0,,18.0,44.0,,,,,,,,,,,0.0,,0.0,,1.0,13566.400390625,,,,,,,,,,,,,,,,,,,,,,,,,,0.0,3.632624864578247,257.29998779296875,,,,9564.0,,,,,,,,""
10225120017,"Nov 15, 2023, 7:28:37 PM",📏,Virtual Ride,"",3068,32.32,,,false,,Scott,activities/10949985217.fit.gz,,7.0,3068.0,3068.0,32328.599609375,11.791796684265137,10.537353515625,0.0,,,,0.0,0.0,,,86.0,72.9395980834961,,,,220.38070678710938,675.0,,,,,,,,,,,,232.0,3069.0,0.0,,0.0,,1.0,,,,,,,,,,,,,,,,2806964.0,,,,,,,,,,,0.0,10.537353515625,0.0,,,,,,,,,,,,""
10229411755,"Nov 16, 2023, 5:58:35 AM",📚(Another one in the books),Ride,Dallara webinar today,37335,54.17,178.0,91,false,,Scott,activities/10954498969.fit.gz,,7.0,37335.0,6802.0,54176.140625,18.012012481689453,7.9647369384765625,536.0,558.0,216.8000030517578,703.4000244140625,14.167587280273438,-0.04946836084127426,,,,,,138.32461547851562,,164.73672485351562,1500.0,,17.0,91.0,,,,,,,,,,,0.0,,0.0,,1.0,,,,,,,,,,,,,,,,2806964.0,,,,,,,,,,,0.0,1.4510818719863892,0.0,,,,,,,,,,,,media/48997c4e-9e8b-4f4c-9d4e-8e890fc14b4d.jpg|media/106352ce-bf8f-44b9-8f02-164df3c9b452.jpg
10233743106,"Nov 17, 2023, 11:25:06 AM",🔣 (1% each day!),Run,"",3668,13.50,176.0,108,false,,,activities/10958984346.fit.gz,,,3668.0,3622.0,13508.73046875,6.0439453125,3.72963285446167,226.0,227.0,340.6000061035156,560.2000122070312,29.251752853393555,-0.06958480924367905,,,84.0,81.3316650390625,,156.6196746826172,,,933.0,,22.0,108.0,,,,,,,,,,,0.0,,0.0,,1.0,14141.400390625,,,,,,,,,,,,,,,,,,,,,,,,,,0.0,3.6828598976135254,3231.800048828125,,,,9828.0,,,,,,,,media/b07de0af-81b3-4b00-afd3-868101a9c26b.jpg
10238592068,"Nov 18, 2023, 7:32:26 AM",🚂(Presolana Express),Ride,"Con [strava://athletes/34490366/18]Leonardo Bertocchi tutto più facile.
Anche 3 ore a novembre ",11623,94.33,170.0,191,false,,Scott,activities/10964025897.fit.gz,,7.0,11623.0,10924.0,94337.3671875,16.390625,8.63578987121582,1186.0,1215.0,179.60000610351562,705.7999877929688,41.583518981933594,-0.029044656082987785,,,111.0,77.07572174072266,,143.5677490234375,,222.0919189453125,2698.0,,15.0,191.0,2429368.0,,,,,,,,238.0,11345.0,0.0,,0.0,,1.0,,,,,,,,,,,,,,,,2806964.0,,,,,,,,,,,0.0,8.116438865661621,0.0,,,,,,,,,,,,media/cf053be9-8169-4f2a-8e97-68f1929b3c85.mp4|media/3a84402a-92bf-4193-838e-c6294453b9a1.jpg
10243308101,"Nov 19, 2023, 5:57:53 AM",🛡️(Pre Medieval Barbero?),Run,"",3549,12.20,185.0,113,false,,,activities/10968932364.fit.gz,,,3549.0,3502.0,12203.9697265625,6.576074123382568,3.4848570823669434,313.0,330.0,373.6000061035156,706.0,20.356115341186523,-0.20812919735908508,,,87.0,81.92710876464844,,157.95114135742188,,,859.0,,12.0,113.0,,,,,,,,,,,0.0,,0.0,,1.0,12947.7001953125,,,,,,,,,,,,,,,,,,,,,,,,,,0.0,3.438706636428833,661.4000244140625,,,,9550.0,,,,,,,,media/9ef1efda-71cb-4b23-86e1-15e9bb11a296.jpg|media/bd18983f-9c65-42b2-b8f9-7a39938c05c8.jpg
10252088404,"Nov 20, 2023, 6:03:26 AM","🌯 (Tonight, Burritos!)",Ride,"",40169,51.96,170.0,63,false,,Scott,activities/10978101929.fit.gz,,7.0,40169.0,6814.0,51961.53125,15.800000190734863,7.625701427459717,517.0,543.0,216.60000610351562,704.0,34.29336929321289,-0.04926716908812523,,,,,,128.13339233398438,,158.11256408691406,1339.0,,15.0,63.0,,,,,,,,,,,0.0,,0.0,,1.0,,,,,,,,,,,,,,,,2806964.0,,,,,,,,,,,0.0,1.2935729026794434,514.0,,,,,,,,,,,,""
10255082873,"Nov 21, 2023, 6:03:25 AM",🏆(Legen-wait for it-dary),Run,"",3440,12.13,178.0,82,false,,,activities/10981193567.fit.gz,,,3440.0,3392.0,12133.6396484375,6.065966606140137,3.577134370803833,195.0,203.0,380.6000061035156,558.7999877929688,25.052242279052734,-0.09395337104797363,,,85.0,80.69313049316406,,152.2451934814453,,,855.0,,17.0,82.0,,,,,,,,,,,0.0,,0.0,,1.0,12619.0,,,,,,,,,,,,,,,,,,,,,,,,,,0.0,3.5272209644317627,3494.10009765625,,,,9148.0,,,,,,,,media/bb3ffe8c-8fd0-40e4-aa61-64d9b97b5936.jpg|media/ab06e4a5-b97d-4eca-848e-2c5456472a76.jpg
10262073793,"Nov 22, 2023, 10:48:08 AM",🥘 (Dal padellone alla brace),Ride,"",4843,33.77,170.0,61,false,,Scott,activities/10988462858.fit.gz,,7.0,4843.0,4800.0,33776.9609375,17.737890243530273,7.036866664886475,790.0,787.0,320.20001220703125,1060.5999755859375,19.434200286865234,-0.0331585519015789,,,97.0,69.17684173583984,,137.79795837402344,,220.3024444580078,1177.0,,18.0,61.0,1058890.0,,,,,,,,244.0,4844.0,0.0,,0.0,,1.0,,,,,,,,,,,,,,,,2806964.0,,,,,,,,,,,0.0,6.9743876457214355,0.0,,,,,,,,,,,,""
10267767064,"Nov 23, 2023, 10:33:24 AM",❕(Coldre per cambiare),Run,"",4514,10.23,175.0,75,false,,,activities/10994357694.fit.gz,,,4514.0,3499.0,10237.91015625,5.233984470367432,2.9259531497955322,537.0,528.0,547.5999755859375,1086.4000244140625,41.78573226928711,-0.00390728609636426,,,85.0,77.83457946777344,,149.8683624267578,,,829.0,,16.0,75.0,,,,,,,,,,,0.0,,0.0,,1.0,12774.7998046875,,,,,,,,,,,,,,,,,,,,,,,,,,0.0,2.2680349349975586,2013.699951171875,,,,9106.0,,,,,,,,""
10274525204,"Nov 24, 2023, 6:04:58 AM",🫗(Empty ride),Ride,"",39956,52.44,166.0,71,false,,Scott,activities/11001421773.fit.gz,,7.0,39956.0,7132.0,52444.40234375,16.428003311157227,7.3533935546875,557.0,571.0,215.60000610351562,703.5999755859375,32.599266052246094,-0.05453389510512352,,,,,,131.9307403564453,,147.30233764648438,1458.0,,16.0,71.0,,,,,,,,,,,0.0,,0.0,,1.0,,,,,,,,,,,,,,,,2806964.0,,,,,,,,,,,0.0,1.312553882598877,517.5,,,,,,,,,,,,""
10277381590,"Nov 25, 2023, 7:22:05 AM",🍂 (521 foglioso),Run,"",7243,11.35,165.0,66,false,,,activities/11004398929.fit.gz,,,7243.0,6788.0,11350.7705078125,4.657142639160156,1.672186255455017,972.0,990.0,378.20001220703125,1337.199951171875,50.0,-0.2325827181339264,,,88.0,60.47053527832031,,136.9484405517578,,,1292.0,,15.0,66.0,,,,,,,,,,,0.0,,0.0,,1.0,17918.85546875,,,,,,,,,,,,,,,,,,,,,,,,,,0.0,1.5671406984329224,7599.5,,,,,,,,,,,,""
10283468421,"Nov 26, 2023, 8:50:53 AM",🍕(Carb load half marathon),Run,Good enough ,6271,22.02,165.0,102,false,,,activities/11010720673.fit.gz,,,6271.0,6268.0,22022.33984375,6.830078125,3.513455867767334,369.0,395.0,330.79998779296875,708.2000122070312,18.707700729370117,-0.11897015571594238,,,86.0,82.16419219970703,,144.8054656982422,,,1477.0,,19.0,102.0,,,,,,,,,,,0.0,,0.0,,1.0,22868.900390625,,,,,,,,,,,,,,,,,,,,,,,,,,0.0,3.511775016784668,5758.89990234375,,,,17154.0,,,,,,,,""
10289324449,"Nov 27, 2023, 10:51:48 AM",🚽(Più che Watt Water),Virtual Ride,How is 350+W this hard all of a sudden? 😂,3600,37.71,,,false,,Scott,activities/11016817468.fit.gz,,7.0,3600.0,3600.0,37710.80078125,13.27001953125,10.47522258758545,0.0,,,,0.0,0.0,,,89.0,70.55000305175781,,,,217.2274932861328,782.0,,,,,,,,,,,,237.0,3601.0,0.0,,0.0,,1.0,,,,,,,,,,,,,,,,2806964.0,,,,,,,,,,,0.0,10.47522258758545,0.0,,,,,,,,,,,,""
10294761802,"Nov 28, 2023, 10:39:49 AM",❄️ (Snow >>> Rulli),Ride,"",4923,25.60,158.0,28,false,,Scott,activities/11022450903.fit.gz,,7.0,4923.0,4890.0,25606.900390625,15.739843368530273,5.2365851402282715,874.0,902.0,358.79998779296875,898.5999755859375,32.25782775878906,-0.10934552550315857,,,,,,123.62297058105469,,169.2858123779297,850.0,,15.0,28.0,,,,,,,,,,,0.0,,0.0,,1.0,,,,,,,,,,,,,,,,2806964.0,,,,,,,,,,,0.0,5.201482772827148,1751.0999755859375,,,,,,,,,,,,media/864a0b67-e1de-4566-ae1f-e24f287a338a.jpg
10299260988,"Nov 29, 2023, 6:05:06 AM",👀,Virtual Ride,"",3866,40.05,,,false,,Scott,activities/11027095013.fit.gz,,7.0,3866.0,3866.0,40056.16015625,12.071874618530273,10.361138343811035,0.0,,,,0.0,0.0,,,94.0,72.38875579833984,,,,211.0457763671875,815.0,,,,,,,,,,,,223.0,3867.0,0.0,,0.0,,1.0,,,,,,,,,,,,,,,,2806964.0,,,,,,,,,,,0.0,10.361138343811035,0.0,,,,,,,,,,,,""
10304681610,"Nov 30, 2023, 6:08:58 AM",Morning Ride,Virtual Ride,,3299,34.75,,,false,,Scott,activities/11032702592.fit.gz,,7.0,3299.0,3299.0,34754.87109375,11.7880859375,10.534971237182617,0.0,,,,0.0,0.0,,,82.0,70.91937255859375,,,,219.59927368164062,724.0,,,,,,,,,,,,233.0,3300.0,,,0.0,,1.0,,,,,,,,,,,,,,,,2806964.0,,,,,,,,,,,0.0,10.534971237182617,0.0,,,,,,,,,,,,""
10309774916,"Dec 1, 2023, 6:10:30 AM",🛵 (Per i colli modenesi),Run,🤩,3165,12.01,182.0,99,false,,,activities/11037977547.fit.gz,,,3165.0,3143.0,12017.3798828125,5.891992092132568,3.823538064956665,192.0,194.0,126.80000305175781,305.6000061035156,20.321609497070312,-0.0183067936450243,,,86.0,81.67901611328125,,158.19241333007812,,,843.0,,15.0,99.0,,,,,,,,,,,0.0,,0.0,,1.0,12562.0,,,,,,,,,,,,,,,,,,,,,,,,,,0.0,3.7969603538513184,223.1999969482422,,,,8564.0,,,,,,,,media/619b7016-9234-4d37-92cd-04735fc55bc9.jpg|media/a5b3a6f5-dbdf-43f0-9356-c0213fe9016e.jpg|media/6ced9cc1-1390-414d-bbe8-fe0b8a71f807.jpg
10314813036,"Dec 2, 2023, 7:28:09 AM",☔,Run,Mental,6340,19.81,182.0,204,false,,,activities/11043213881.fit.gz,,,6340.0,6334.0,19818.650390625,5.787988185882568,3.1289312839508057,823.0,821.0,386.20001220703125,1060.800048828125,49.16664123535156,-0.013118832372128963,,,87.0,80.93766784667969,,159.7642822265625,,,1529.0,,10.0,204.0,,,,,,,,,,,0.0,,0.0,,1.0,23615.400390625,,,,,,,,,,,,,,,,,,,,,,,,,,0.0,3.1259701251983643,1072.9000244140625,,,,17108.0,,,,,,,,media/119ec3a4-2a22-4d8c-a1fc-8616462e09b8.jpg
10320981611,"Dec 3, 2023, 7:05:17 AM",❄️(Perfect Sunday),Backcountry Ski,Feeling blessed ,14224,18.25,158.0,43,false,,,activities/11049606523.fit.gz,,,14224.0,11043.0,18251.509765625,16.098047256469727,1.652767300605774,1962.0,1883.0,1795.5999755859375,2795.800048828125,49.997344970703125,0.3484645187854767,,,,,,113.49217987060547,,,1381.0,,17.0,43.0,,,,,,,,,,,0.0,,0.0,,1.0,,,,,,,,,,,,,,,,,,,,,,,,,,,0.0,1.2831488847732544,9273.2998046875,,,,,,,,,,,,media/3dad15ae-d5bf-4d22-95be-91a3a405b69b.jpg|media/ca87cab5-3f69-4611-ba09-4d65f4f4dbf2.jpg|media/6eb9ac0c-c72a-4b20-a33e-71747e8fb064.mp4|media/3a839cdc-99b2-4769-9ec5-a03402ea7bea.jpg|media/7cb26780-fc57-41e2-b0cd-be110e832f6c.mp4
10325450094,"Dec 4, 2023, 5:44:43 AM",😴,Virtual Ride,"",3663,37.60,,,false,,Scott,activities/11054299539.fit.gz,,7.0,3663.0,3663.0,37608.41796875,11.898046493530273,10.267108917236328,0.0,,,,0.0,0.0,,,78.0,58.492218017578125,,,,204.82228088378906,750.0,,,,,,,,,,,,216.0,3664.0,0.0,,0.0,,1.0,,,,,,,,,,,,,,,,2806964.0,,,,,,,,,,,0.0,10.267108917236328,0.0,,,,,,,,,,,,""
10333317034,"Dec 5, 2023, 5:03:01 PM",🐻 (CTI Berlin madness),Run,"",2928,11.01,178.0,81,false,,,activities/11062484464.fit.gz,,,2928.0,2819.0,11015.5498046875,6.702002048492432,3.907608985900879,30.0,29.0,33.20000076293945,61.599998474121094,9.302325248718262,-0.04357475787401199,,,84.0,80.3324966430664,,156.8272247314453,,,750.0,,9.0,81.0,,,,,,,,,,,0.0,,0.0,,1.0,11088.099609375,,,,,,,,,,,,,,,,,,,,,,,,,,0.0,3.762141227722168,4.400000095367432,,,,7544.0,,,,,,,,media/7e33106e-8cff-4ced-8a93-ef16e572bccd.jpg|media/22e86065-64ba-47b5-817c-235822b8fecf.jpg
10342697928,"Dec 7, 2023, 10:43:30 AM",🤡 (Svuotarsi pre gara),Ride,"",4985,33.84,160.0,52,false,,Scott,activities/11072192058.fit.gz,,7.0,4985.0,4949.0,33842.1484375,16.646093368530273,6.838179111480713,790.0,805.0,318.6000061035156,1052.5999755859375,17.85759735107422,-0.05318811163306236,,,95.0,67.04683685302734,,134.06488037109375,,212.622802734375,1177.0,,18.0,52.0,1054945.0,,,,,,,,237.0,4986.0,0.0,,0.0,,1.0,,,,,,,,,,,,,,,,2806964.0,,,,,,,,,,,0.0,6.7887959480285645,0.0,,,,,,,,,,,,""
10347142898,"Dec 8, 2023, 8:02:05 AM",🎅(Misma Xmas Trail 2023),Run,Seventh place in the snow ❄️🤩,8973,25.46,191.0,302,false,,,activities/11076793190.fit.gz,,,8973.0,8941.0,25459.240234375,5.653906345367432,2.847471237182617,1451.0,1452.0,270.79998779296875,1146.0,49.94230270385742,-0.005499081686139107,,,113.0,80.04597473144531,,159.72225952148438,,,2181.0,,8.0,302.0,,,,,,,,,,,0.0,,0.0,,1.0,34268.8984375,,,,,,,,,,,,,,,,,,,,,,,,,,0.0,2.8373162746429443,18898.80078125,,,,24148.0,,,,,,,,media/a887e876-fd28-4ca4-b5dc-7a83e4f81549.mp4|media/a5de1930-80f8-4004-ab0d-f2e6faa0c4d6.jpg
10351790128,"Dec 9, 2023, 7:37:18 AM",❄️,Run,"",8538,11.98,164.0,46,false,,,activities/11081644140.fit.gz,,,8538.0,7556.0,11984.4501953125,4.383333206176758,1.5860905647277832,983.8064575195312,997.0,381.20001220703125,1332.9000244140625,50.0,0.010012933053076267,,,118.0,61.90703201293945,,127.7669906616211,,,1125.0,,13.0,46.0,,,,,,,,,,,0.0,,0.0,,1.0,18420.0,,,,,,,,,,,,,,,,,,,,,,,,,,0.0,1.4036660194396973,8193.2001953125,,,,,,,,,,,,media/1d1bda70-5f5c-4fa2-b0ed-738e88489a15.jpg|media/efdd9459-5c20-45e5-ae54-ee8aaf20b93a.mp4|media/91ba7446-ad7f-416e-9a9f-2e0b49a86cff.jpg
10357719715,"Dec 10, 2023, 7:19:42 AM",👠 (Sgualdrina),Backcountry Ski,"Con mitici compagni di avventura
",13763,12.16,115.0,19,false,,,activities/11087843569.fit.gz,,,13763.0,8968.0,12165.830078125,26.466014862060547,1.3565822839736938,1147.0,1128.0,1866.199951171875,3002.800048828125,49.83134078979492,0.0230153389275074,,,,,,93.59956359863281,,,774.0,,7.0,19.0,,,,,,,,,,,0.0,,0.0,,1.0,,,,,,,,,,,,,,,,,,,,,,,,,,,0.0,0.8839519023895264,7803.5,,,,,,,,,,,,media/417e3ba8-b186-46c5-8108-3d25df090f1b.jpg|media/33a1806e-81b0-4a49-a972-5a63eb2766a0.jpg|media/f1561818-33d3-43bb-a3ad-4a2f700ba65c.jpg|media/9196688f-7929-4096-9a7f-71f662e72c1a.jpg
10363713587,"Dec 11, 2023, 8:59:31 AM",🚡 (Only up today in the Dolomites),Alpine Ski,Sella Ronda sugli Sci con la Penzana ,23306,46.28,101.0,6,false,,,activities/11094182027.fit.gz,,,23306.0,4290.0,46286.69140625,26.974218368530273,10.789438247680664,0.0,8029.0,1543.800048828125,2511.800048828125,34.18743896484375,-1.0201637744903564,,,,,,76.98465728759766,,,249.0,,14.0,6.0,,22,,,,,,,,,0.0,,0.0,,1.0,,,,,,,,,,,,,,,,,,,,,,,,,,,0.0,1.9860419034957886,2433.89990234375,,,,,,,,,,,,media/c1b8b0ed-b5f6-45ae-980d-c1b76ead261f.jpg|media/ab4f59c8-6aca-492e-ac8e-e425be991427.jpg|media/b9d2c5d2-b40d-41c4-92ca-7d7a7b450ebd.jpg|media/b5944deb-5d2d-46de-b197-0bbb51e42468.jpg|media/f9d60684-da42-4eac-a657-cf87e03737ec.jpg|media/8ac0e395-0bcf-4a78-8610-d9cbfefac4d8.jpg
10368420026,"Dec 12, 2023, 11:37:46 AM",🫡 (Podcast Gravel),Ride,Highly suggested!,4227,22.12,134.0,13,false,,Scott,activities/11099075302.fit.gz,,7.0,4227.0,4159.0,22126.279296875,17.314062118530273,5.320096015930176,822.0,961.0,402.79998779296875,1227.800048828125,40.937320709228516,-0.6191732287406921,,,,,,111.71572875976562,,177.49734497070312,553.0,,17.0,13.0,,,,,,,,,,,0.0,,0.0,,1.0,,,,,,,,,,,,,,,,2806964.0,,,,,,,,,,,0.0,5.234511375427246,0.0,,,,,,,,,,,,media/3371a327-6975-42fd-b403-4d9dd7d22bd4.jpg
10372399972,"Dec 13, 2023, 5:56:21 AM",😶‍🌫️ (Foggy outside),Virtual Ride,Rethinking the day in the morning,3300,35.22,,,false,,Scott,activities/11103198861.fit.gz,,7.0,3300.0,3300.0,35224.3203125,11.893750190734863,10.674036026000977,0.0,,,,0.0,0.0,,,83.0,68.82090759277344,,,,226.7493896484375,748.0,,,,,,,,,,,,240.0,3301.0,0.0,,0.0,,1.0,,,,,,,,,,,,,,,,2806964.0,,,,,,,,,,,0.0,10.674036026000977,0.0,,,,,,,,,,,,""
10378466299,"Dec 14, 2023, 10:29:56 AM",🥑 (Avocado day),Run,"",3559,12.30,185.0,94,false,,,activities/11109510327.fit.gz,,,3559.0,3537.0,12300.4296875,5.664013862609863,3.477644920349121,313.0,334.0,372.20001220703125,706.2000122070312,18.07996368408203,-0.22600826621055603,,,84.0,81.07744598388672,,153.87548828125,,,856.0,,16.0,94.0,,,,,,,,,,,0.0,,0.0,,1.0,13015.7001953125,,,,,,,,,,,,,,,,,,,,,,,,,,0.0,3.4561479091644287,613.9000244140625,,,,9570.0,,,,,,,,""
10382567481,"Dec 15, 2023, 5:12:43 AM",🌄(Why not),Ride,"And then flat tire.
Fuc.",5225,35.66,153.0,28,false,,Scott,activities/11113780383.fit.gz,,7.0,5225.0,4673.0,35665.6484375,14.311848640441895,7.6322808265686035,293.0,640.0,212.8000030517578,562.2000122070312,26.666841506958008,-0.9796541333198547,,,,,,122.58197784423828,,121.34674835205078,786.0,,16.0,28.0,,,,,,,,,,,0.0,,0.0,,1.0,,,,,,,,,,,,,,,,2806964.0,,,,,,,,,,,0.0,6.825961589813232,2229.60009765625,,,,,,,,,,,,media/2c160605-17e3-4be8-a99b-a3ebf6c1a916.jpg
10387952996,"Dec 16, 2023, 8:36:29 AM",4️⃣(Boston: -4 months),Run,Great lasagnas = great fueling ,6842,25.08,189.0,268,false,,,activities/11119399960.fit.gz,,,6842.0,6838.0,25082.228515625,5.785937309265137,3.668065071105957,375.0,399.0,316.79998779296875,704.5999755859375,21.128137588500977,-0.11243000626564026,,,88.0,81.8404312133789,,163.56463623046875,,,1766.0,,14.0,268.0,,,,,,,,,,,0.0,,0.0,,1.0,25892.69921875,,,,,,,,,,,,,,,,,,,,,,,,,,0.0,3.6659207344055176,6466.7998046875,,,,18662.0,,,,,,,,media/4448592f-39e1-460e-a3a9-de51f476e8bb.jpg|media/831ba175-9ddd-4da1-8f21-2a0462714fc3.jpg|media/6183c477-d2d1-4e0d-b3a5-3689a617a9e5.jpg
10393214623,"Dec 17, 2023, 8:07:58 AM",🍦(Post cena Cream-Inale),Ride,"",6599,37.07,168.0,50,false,,Scott,activities/11124966428.fit.gz,,7.0,6599.0,6498.0,37078.609375,16.001953125,5.706157207489014,1306.0,1308.0,399.20001220703125,1057.800048828125,18.909135818481445,-0.03182424604892731,,,93.0,59.97026443481445,,128.71971130371094,,216.72064208984375,1568.0,,15.0,50.0,1408290.0,,,,,,,,249.0,6600.0,0.0,,0.0,,1.0,,,,,,,,,,,,,,,,2806964.0,,,,,,,,,,,0.0,5.6188225746154785,0.0,,,,,,,,,,,,media/8ed9e543-c3dc-4429-83a2-18baffa20a13.jpg|media/70663371-e254-46fe-8db9-e9db783c9463.jpg|media/f7f7a840-9cac-4a7b-866b-792ffaa6183c.jpg
10398243653,"Dec 18, 2023, 6:28:08 AM",🫃(Sparata finale),Run,"Well loaded, well trained ",3812,14.02,192.0,124,false,,,activities/11130272374.fit.gz,,,3812.0,3812.0,14022.7998046875,6.046008110046387,3.678593873977661,317.0,345.0,384.3999938964844,703.2000122070312,15.873395919799805,-0.20537972450256348,,,88.0,83.0055160522461,,159.4623260498047,,,996.0,,13.0,124.0,,,,,,,,,,,0.0,,0.0,,1.0,14728.7998046875,,,,,,,,,,,,,,,,,,,,,,,,,,0.0,3.678593873977661,930.0999755859375,,,,10534.0,,,,,,,,media/ef65868d-ee61-4fd3-9da4-6273325162f8.jpg|media/bd0bf169-3dbf-4298-88a5-898160ba7cbb.jpg
10404070906,"Dec 19, 2023, 10:24:37 AM",💭 (Dreaming?),Ride,"Pantaloncini, padellone per tutto il giro
E Selvino per metà sui pedali.
🤞",4745,33.83,174.0,97,false,,Scott,activities/11136320542.fit.gz,,7.0,4745.0,4745.0,33831.31640625,16.546092987060547,7.12988805770874,787.0,790.0,320.79998779296875,1056.199951171875,25.220121383666992,-0.03547009453177452,,,101.0,68.93482208251953,,147.62677001953125,,226.8790283203125,1197.0,,18.0,97.0,1080675.0,,,,,,,,253.0,4746.0,0.0,,0.0,,1.0,,,,,,,,,,,,,,,,2806964.0,,,,,,,,,,,0.0,7.12988805770874,0.0,,,,,,,,,,,,""
10410662683,"Dec 20, 2023, 5:39:54 AM",🫂 (Boccola kebab e fatica),Ride,"",40380,56.67,167.0,94,false,,Scott,activities/11143132085.fit.gz,,7.0,40380.0,7633.0,56672.12890625,14.474218368530273,7.424620628356934,531.0,553.0,214.39999389648438,560.0,22.014404296875,-0.03634939342737198,,,,,,136.0520782470703,,138.4237823486328,1664.0,,12.0,94.0,,,,,,,,,,,0.0,,0.0,,1.0,,,,,,,,,,,,,,,,2806964.0,,,,,,,,,,,0.0,1.4034702777862549,1439.699951171875,,,,,,,,,,,,""
10413251071,"Dec 21, 2023, 5:53:33 AM",🦌(Una renna prima della cena aziendale),Run,"",3520,12.24,190.0,128,false,,,activities/11145805269.fit.gz,,,3520.0,3497.0,12242.6201171875,5.929980278015137,3.500892162322998,304.0,326.0,376.0,699.7999877929688,20.797103881835938,-0.19767020642757416,,,86.0,81.70616912841797,,162.1220703125,,,878.0,,12.0,128.0,,,,,,,,,,,0.0,,0.0,,1.0,12942.2001953125,,,,,,,,,,,,,,,,,,,,,,,,,,0.0,3.4780170917510986,614.4000244140625,,,,9532.0,,,,,,,,media/875709e2-95f2-4ea7-be85-6c770fcd80c4.jpg
10417986653,"Dec 22, 2023, 5:43:17 AM",🐗(Il cinghiale di Pacio),Ride,"",3481,18.78,136.0,11,false,,Scott,activities/11150719515.fit.gz,,7.0,3481.0,3418.0,18780.76953125,16.378002166748047,5.49466609954834,661.0,653.0,401.79998779296875,1067.800048828125,43.267799377441406,0.051115985959768295,,,97.0,59.28599548339844,,115.46255493164062,,202.40492248535156,779.0,,16.0,11.0,695307.0,,,,,,,,234.0,3482.0,0.0,,0.0,,1.0,,,,,,,,,,,,,,,,2806964.0,,,,,,,,,,,0.0,5.3952226638793945,0.0,,,,,,,,,,,,media/88ebae97-111e-4d97-9f7e-a2c8758243a0.jpg
10417987355,"Dec 22, 2023, 6:44:51 AM",🦘(Kangaroo-powered Brick),Run,"",3097,10.20,189.0,144,false,,,activities/11150720324.fit.gz,,,3097.0,2952.0,10199.509765625,5.323974609375,3.455118417739868,313.0,344.0,378.20001220703125,703.5999755859375,47.713809967041016,-0.30197519063949585,,,85.0,82.0752944946289,,169.6619110107422,,,801.0,,15.0,144.0,,,,,,,,,,,0.0,,0.0,,1.0,11267.400390625,,,,,,,,,,,,,,,,,,,,,,,,,,0.0,3.293351650238037,0.0,,,,8078.0,,,,,,,,media/7a799cac-0161-406d-b45c-0dbc1646ee7b.jpg|media/9b26ee87-6298-44f2-93e1-64d5770a8548.jpg
10423830076,"Dec 23, 2023, 7:14:34 AM",🎅 (X-mas Ride with Leo),Ride,"Colli dì San Fermo December edition
Shorts and 225W @ 70kg
All I want for Christmas is this 😂",13634,96.67,191.0,196,false,,Scott,activities/11156436095.fit.gz,,7.0,13634.0,13006.0,96671.6953125,18.935937881469727,7.432853698730469,1814.0,1840.0,193.0,1074.4000244140625,25.4569034576416,-0.03661874681711197,,,105.0,71.6964340209961,,140.73419189453125,,222.55006408691406,3214.0,,15.0,196.0,2893586.0,,,,,,,,242.0,13331.0,0.0,,0.0,,1.0,,,,,,,,,,,,,,,,2806964.0,,,,,,,,,,,0.0,7.090487003326416,0.0,,,,,,,,,,,,media/37c779a7-a947-40c2-ac87-c8a62e3a21ad.jpg|media/b04c93cb-f7c0-4f84-8e23-47e0833827c6.jpg|media/964ec76c-8aa1-40db-a64a-c4d128f1aa53.jpg
10429566561,"Dec 24, 2023, 7:33:33 AM",🩹(Polpacci Christmas ride),Ride,+ extra Altino gravel ,15405,67.87,185.0,131,false,,Scott,activities/11162411931.fit.gz,,7.0,15405.0,11458.0,67870.9921875,16.023828506469727,5.923459053039551,1206.0,1211.0,262.20001220703125,865.0,48.60567092895508,-0.04685366526246071,,,,,,135.76402282714844,,136.4735565185547,2277.0,,17.0,131.0,,,,,,,,,,,0.0,,0.0,,1.0,,,,,,,,,,,,,,,,2806964.0,,,,,,,,,,,0.0,4.4057769775390625,4680.89990234375,,,,,,,,,,,,media/8db98561-58bc-4922-a4c6-a88df9faf1bc.jpg|media/f6e1036d-4b0e-4c3f-9e8a-f074d5fe8fec.mp4|media/12b71320-1eee-4e89-8d49-0c06110aba95.mp4
10433044000,"Dec 25, 2023, 6:00:56 AM",🌲(Christmas classic),Hike,"",4993,3.99,135.0,7,false,,,activities/11166057550.fit.gz,,,4993.0,3119.0,3998.77001953125,2.551666259765625,1.2820680141448975,299.0,274.0,1047.199951171875,1349.4000244140625,34.41950607299805,0.27508458495140076,,,80.0,52.41934585571289,,100.13581848144531,,,342.0,,17.0,7.0,,,,,,,,,,,0.0,,0.0,,1.0,,,,,,,,,,,,,,,,,,,,,,,,,,,0.0,0.8008752465248108,1459.199951171875,,,,,,,,,,,,media/4da4459b-92a1-4b97-af16-7890b645848e.jpg|media/e95630de-30dc-4982-9953-c347ad4463be.jpg|media/ee247671-6c34-4205-b10a-b8d03be5b757.mp4|media/e5b368c0-df19-4619-94ed-dcd0eeae3c4e.jpg
10439890660,"Dec 26, 2023, 7:14:41 AM",🫒 (Puglia State of Mind),Ride,Bari - Monopoli - Alberobello - Ostuni - Mesagne (ES) - Salice Salentino ,27613,165.63,157.0,163,false,,Scott,activities/11173204221.fit.gz,,7.0,27613.0,22745.0,165634.984375,14.974218368530273,7.282259464263916,1374.0,1348.0,-1.600000023841858,432.79998779296875,34.095436096191406,0.017629124224185944,,,,,,129.6217498779297,,132.68460083007812,3580.0,,18.0,163.0,,,,,,,,,,,0.0,,0.0,,1.0,,,,,,,,,,,,,,,,2806964.0,,,,,,,,,,,0.0,5.99844217300415,10766.7001953125,,,,,,,,,,,,media/cb331a8d-0eeb-4b33-84e2-90abd8f0aae1.jpg|media/d7cadec1-d032-4e81-81d8-2b0f1c0e6d97.jpg|media/0dfbd7db-3578-441d-a115-dbfd83bd10ef.jpg|media/21dd2998-bd4b-469a-a052-47eae75ec69a.jpg|media/d420a4e4-d5a7-415b-8e2e-5ac8cbbf52e1.jpg|media/dc25d389-e6b4-4562-b470-952d105b9b87.jpg|media/aeffb740-b79d-4206-9d24-81ce4d35ac0e.mp4
10445589227,"Dec 27, 2023, 5:34:39 AM",🌊(Salento state of mind),Ride,"Martinucci-powered 200km ride
Gallipoli - Santa Maria di Leuca - Tricase - Castro - Otranto - Lecce",36270,200.41,177.0,191,false,,Scott,activities/11179121514.fit.gz,,7.0,36270.0,27646.0,200415.796875,13.359375,7.249359607696533,1478.0,1464.0,-7.400000095367432,146.0,29.675424575805664,0.004191287327557802,,,,,,128.5582275390625,,128.9857177734375,4262.0,,18.0,191.0,,,,,,,,,,,0.0,,0.0,,1.0,,,,,,,,,,,,,,,,2806964.0,,,,,,,,,,,0.0,5.525662899017334,12051.2998046875,,,,,,,,,,,,media/bee82bf8-f3bd-4998-8ab2-c6651f9ac956.jpg|media/9878c498-c24c-47ac-aa4c-52e1add65b08.jpg|media/40f61aa0-890c-4a94-adab-3f28622e156d.jpg|media/17912545-5fa9-41e2-9b13-3861812d581e.jpg|media/fad87547-5c30-4791-8111-c0744a358f9a.jpg|media/32db7f26-3dfb-4f5f-b951-da604f71faf1.jpg|media/dd9f4fae-ccc5-4223-8d99-c6824336a797.mp4|media/836d5383-1926-4fb0-b588-f42191a69883.jpg|media/c09380cb-cc89-4962-832a-24d01d91d835.jpg|media/38c31722-4e14-4dbb-a2f3-3b382b2b59f0.jpg
10450401074,"Dec 28, 2023, 12:06:17 PM",🚤 (Finché la barca va),Run,Lasciala andare...,4292,14.01,164.0,57,false,,,activities/11184113981.fit.gz,,,4292.0,3996.0,14008.9697265625,5.689990043640137,3.5057482719421387,332.0,344.0,380.79998779296875,705.4000244140625,19.304365158081055,-0.18987859785556793,,,86.0,81.3984375,,141.9177703857422,,,939.0,,14.0,57.0,,,,,,,,,,,0.0,,0.0,,1.0,14771.400390625,,,,,,,,,,,,,,,,,,,,,,,,,,0.0,3.263972520828247,926.5,,,,10838.0,,,,,,,,""
10455268140,"Dec 29, 2023, 7:34:23 AM",🏡 (Baite del Möschel),Ride,"",12866,65.22,179.0,101,false,,Scott,activities/11189162665.fit.gz,,7.0,12866.0,11540.0,65225.37109375,15.495312690734863,5.652111530303955,1416.0,1442.0,385.0,1302.4000244140625,45.5020751953125,-0.037102147936820984,,,,,,130.99156188964844,,142.94528198242188,1768.0,,12.0,101.0,,,,,,,,,,,0.0,,0.0,,1.0,,,,,,,,,,,,,,,,2806964.0,,,,,,,,,,,0.0,5.069591999053955,12632.7001953125,,,,,,,,,,,,media/add9ee4a-a78e-4f18-a274-41e55a30d04c.jpg|media/84c2588a-ef1e-44f8-a2a5-884cdfd884c2.jpg|media/ecd8c3a3-4ded-4109-b48d-ae71bf4c78ca.jpg|media/a1a3bbc5-9d7e-4280-a5fe-2991eca69d52.jpg|media/a668a24e-16c1-487e-8be0-5f8f0085d19a.jpg
10461174568,"Dec 30, 2023, 7:30:46 AM",🥐 (Bergamo Experience),Ride,"",14960,72.02,161.0,79,false,,Scott,activities/11195277518.fit.gz,,7.0,14960.0,11583.0,72026.40625,16.63671875,6.218286037445068,1240.0,1267.0,243.1999969482422,707.2000122070312,32.10576629638672,-0.038041554391384125,,,,,,128.10745239257812,,138.32162475585938,1897.0,,13.0,79.0,,,,,,,,,,,0.0,,0.0,,1.0,,,,,,,,,,,,,,,,2806964.0,,,,,,,,,,,0.0,4.814599514007568,9200.900390625,,,,,,,,,,,,media/c1595801-2140-4a58-90f8-a7a00dca0b51.jpg|media/7a56011f-77df-43cf-b1fe-9a8229d0e664.mp4
10466274106,"Dec 31, 2023, 8:08:04 AM",👋(See you 2023),Run,"Ending the year with a PR and a little test
Powered by [strava://athletes/63090711/16]Alessandro Zanga risotto",5328,18.70,179.0,159,false,,,activities/11200592622.fit.gz,,,5328.0,5225.0,18702.390625,5.580078125,3.579404830932617,685.0,689.0,395.0,1065.4000244140625,49.768798828125,-0.04491417482495308,,,87.0,82.12361145019531,,157.6010284423828,,,1341.0,,10.0,159.0,,,,,,,,,,,0.0,,0.0,,1.0,20849.400390625,,,,,,,,,,,,,,,,,,,,,,,,,,0.0,3.5102083683013916,0.0,,,,14278.0,,,,,,,,""
10472230335,"Jan 1, 2024, 8:37:55 AM",1️⃣ (Poieto detox digestivo),Run,"",5451,7.84,147.0,19,false,,,activities/11206798031.fit.gz,,,5451.0,4780.0,7847.39990234375,5.28000020980835,1.6417155265808105,662.0,659.0,682.2000122070312,1340.800048828125,49.52381134033203,-0.07136121392250061,,,94.0,60.532493591308594,,120.1898422241211,,,711.0,,20.0,19.0,,,,,,,,,,,0.0,,0.0,,1.0,12210.0,,,,,,,,,,,,,,,,,,,,,,,,,,0.0,1.4396257400512695,6752.7998046875,,,,,,,,,,,,media/2d15270b-7c3b-46a8-a3fe-194faa178a14.jpg
10473390452,"Jan 1, 2024, 11:07:45 AM",♋ (Cumulative vs Resets),Ride,"Year ends trick you of the idea
That everything starts again
With a blank slate.
Bullshit. Just keep going.",8676,51.79,159.0,47,false,,Scott,activities/11208002940.fit.gz,,7.0,8676.0,8359.0,51790.0,15.08203125,6.1957173347473145,916.0,952.0,381.3999938964844,896.4000244140625,49.64021301269531,-0.04749958962202072,,,,,,123.9279556274414,,144.9110870361328,1272.0,,15.0,47.0,,,,,,,,,,,0.0,,0.0,,1.0,,,,,,,,,,,,,,,,2806964.0,,,,,,,,,,,0.0,5.969340801239014,472.20001220703125,,,,,,,,,,,,media/581233a0-afcb-47dd-9223-9198f45e4381.jpg
10478841417,"Jan 2, 2024, 10:49:48 AM",2️⃣ (Altino Ganda sognando MVP),Ride,"",6214,34.12,,,false,,Scott,activities/10478841417.gpx,,7.0,6214.0,6121.0,34127.8984375,22.828125,5.57554292678833,1180.351318359375,1183.3499755859375,355.8999938964844,1050.9000244140625,18.0347843170166,-0.008790462277829647,,,,,,,,184.65737915039062,1260.268310546875,,,,,,,,,,,,,,0.0,,0.0,,1.0,,,,,,,,,,,,,,,,2806964.0,,,,,,,,,,,0.0,5.492098331451416,0.0,,,,,,,,,,,,media/77207186-be1e-48a7-8752-5806f7f6e17b.mp4
10484710240,"Jan 3, 2024, 9:58:37 AM",🔀 (New Year Trail Shuffle),Run,"Will this be another 🧩 in the puzzle?
Enjoying is everything
",3915,12.15,166.0,52,false,,,activities/11219746500.fit.gz,,,3915.0,3875.0,12149.7998046875,5.367968559265137,3.135432243347168,499.0,494.0,378.0,659.2000122070312,48.236366271972656,-0.03127613663673401,,,122.0,79.2042007446289,,141.00363159179688,,,893.0,,15.0,52.0,,,,,,,,,,,0.0,,0.0,,1.0,14542.099609375,,,,,,,,,,,,,,,,,,,,,,,,,,0.0,3.1033971309661865,3591.800048828125,,,,10250.0,,,,,,,,media/6f8ce823-8e2f-462c-9101-4f8585490a9d.jpg
10492393615,"Jan 4, 2024, 11:33:04 AM",🥽 (Virtual Reality),Backcountry Ski,"Another twist in the training
",8989,15.10,126.0,17,false,,,activities/11227716256.fit.gz,,,8989.0,7305.0,15103.4609375,20.408008575439453,2.0675511360168457,1519.0,1466.0,1156.5999755859375,1695.5999755859375,49.95934295654297,0.12182654440402985,,,,,,97.75961303710938,,,675.0,,13.0,17.0,,,,,,,,,,,0.0,,0.0,,1.0,,,,,,,,,,,,,,,,,,,,,,,,,,,0.0,1.680215835571289,13740.7998046875,,,,,,,,,,,,media/8d1563ad-f0ce-43df-81cd-276617f75ea5.jpg
10496788769,"Jan 5, 2024, 5:34:57 AM",☔ (Goggins some more),Run,"",4298,15.53,184.0,117,false,,,activities/11232321127.fit.gz,,,4298.0,4178.0,15533.3203125,5.628003120422363,3.7178843021392822,230.0,235.0,365.20001220703125,559.5999755859375,17.714731216430664,-0.08497829735279083,,,85.0,81.76353454589844,,154.438232421875,,,1070.0,,9.0,117.0,,,,,,,,,,,0.0,,0.0,,1.0,16073.400390625,,,,,,,,,,,,,,,,,,,,,,,,,,0.0,3.6140811443328857,2854.10009765625,,,,11366.0,,,,,,,,media/48881fd8-eb3a-4521-b959-37d1e90214cc.jpg
10503448604,"Jan 5, 2024, 5:11:26 PM",Evening Weight Training,Weight Training,,1144,0,113.0,2,false,,,activities/11239407547.fit.gz,,,1144.0,1144.0,0.0,0.0,0.0,0.0,0.0,0.0,0.0,0.0,0.0,,,,,,83.73426818847656,,,85.0,,27.0,2.0,,,,,,,,,,,,,0.0,,1.0,,,,,,,,,,,,,,,,,,,,,,,,,,,0.0,0.0,0.0,,,,,,,,,,,,""
10503455897,"Jan 6, 2024, 7:20:32 AM",🍲 (Zuppa e pan bagnato),Ride,Somehow I survived also todays session ,9105,44.30,168.0,58,false,,Scott,activities/11239415623.fit.gz,,7.0,9105.0,8938.0,44305.76953125,15.41015625,4.957011699676514,1443.0,1463.0,383.0,1430.5999755859375,31.275115966796875,-0.05100924149155617,,,,,,125.51085662841797,,155.6458282470703,1451.0,,13.0,58.0,,,,,,,,,,,0.0,,0.0,,1.0,,,,,,,,,,,,,,,,2806964.0,,,,,,,,,,,0.0,4.866092205047607,6610.60009765625,,,,,,,,,,,,media/5e6af9f1-75f9-44ea-94d4-cdca85a851c7.mp4|media/61ecc303-7af8-40a5-9cf0-7ff1d5d2af90.jpg
10511374909,"Jan 7, 2024, 7:29:26 AM",🎿 (Pora dei balocchi),Backcountry Ski,"",18358,16.42,117.0,24,false,,,activities/11247844551.fit.gz,,,18358.0,9960.0,16419.830078125,24.106054306030273,1.6485772132873535,1595.0,1550.0,1452.199951171875,1892.199951171875,49.85967254638672,-0.20097686350345612,,,,,,98.33128356933594,,,932.0,,10.0,24.0,,,,,,,,,,,0.0,,0.0,,1.0,,,,,,,,,,,,,,,,,,,,,,,,,,,0.0,0.8944236636161804,7656.0,,,,,,,,,,,,media/9584002d-4f51-4bb6-b932-15c55b6c0338.jpg
10518908926,"Jan 8, 2024, 6:07:00 AM",🆕(New year old me),Ride,"",39778,49.78,146.0,31,true,,Scott,activities/11255673003.fit.gz,,7.0,39778.0,6411.0,49780.5703125,12.312005996704102,7.764868259429932,406.0,416.0,214.8000030517578,559.4000244140625,42.065181732177734,-0.0012053630780428648,,,,,,124.49272918701172,,145.99368286132812,1148.0,,15.0,31.0,,,,,,,,,,,0.0,,1.0,,1.0,,,,,,,,,,,,,,,,2806964.0,,,,,,,,,,,0.0,1.2514598369598389,1147.199951171875,,,,,,,,,,,,""
10525003520,"Jan 9, 2024, 2:46:06 PM",🪨(Hard legs but ok),Run,The volume is paying 📴,3909,14.31,186.0,120,false,,,activities/11261960203.fit.gz,,,3909.0,3909.0,14314.6201171875,5.423998832702637,3.6619646549224854,225.0,228.0,374.0,563.0,22.198955535888672,-0.01956033520400524,,,84.0,80.71300506591797,,157.48680114746094,,,994.0,,10.0,120.0,,,,,,,,,,,0.0,,0.0,,1.0,14883.400390625,,,,,,,,,,,,,,,,,,,,,,,,,,0.0,3.6619646549224854,5044.10009765625,,,,10516.0,,,,,,,,""
10528994739,"Jan 10, 2024, 5:44:46 AM",❄️ (2 snowflakes in the making),Run,"",3962,14.31,180.0,119,false,,,activities/11266113443.fit.gz,,,3962.0,3962.0,14316.1796875,6.090039253234863,3.6133718490600586,218.0,234.0,347.20001220703125,563.5999755859375,19.764524459838867,-0.1075703427195549,,,85.0,81.37610626220703,,157.5292510986328,,,1001.0,,9.0,119.0,,,,,,,,,,,0.0,,0.0,,1.0,14826.599609375,,,,,,,,,,,,,,,,,,,,,,,,,,0.0,3.6133718490600586,4056.199951171875,,,,10740.0,,,,,,,,""
10539068718,"Jan 11, 2024, 5:52:40 AM",💼 (Pre-Post Padova),Ride,😪😪😪,46521,49.79,169.0,65,false,,Scott,activities/11276816791.fit.gz,,7.0,46521.0,6666.0,49795.1015625,13.637994766235352,7.470012187957764,458.0,479.0,213.39999389648438,560.5999755859375,21.476511001586914,-0.035746462643146515,,,,,,133.6474151611328,,141.90615844726562,1347.0,,10.0,65.0,,,,,,,,,,,0.0,,0.0,,1.0,,,,,,,,,,,,,,,,2806964.0,,,,,,,,,,,0.0,1.0703790187835693,1255.800048828125,,,,,,,,,,,,media/49c8b021-c6c2-425a-a708-769ed8426387.jpg|media/4451ed56-6add-48dd-9cb1-afa43a8c250d.jpg|media/31c547db-d627-4ece-bce9-0843372a3417.jpg|media/78e6f186-ca6f-4c3e-8d14-5f3b3d7af695.jpg
10543083471,"Jan 12, 2024, 10:49:09 AM",💱(Cambio senso),Run,"",3648,13.24,186.0,116,false,,,activities/11281102047.fit.gz,,,3648.0,3648.0,13243.75,5.722070217132568,3.6304140090942383,326.0,346.0,368.79998779296875,707.2000122070312,19.588712692260742,-0.20991024374961853,,,85.0,81.51249694824219,,158.3136444091797,,,930.0,,15.0,116.0,,,,,,,,,,,0.0,,0.0,,1.0,13997.900390625,,,,,,,,,,,,,,,,,,,,,,,,,,0.0,3.6304140090942383,1438.0999755859375,,,,9924.0,,,,,,,,""
10549024188,"Jan 13, 2024, 8:32:27 AM",📡(Parafulmine trail),Run,Long snowy days ❤️,10238,26.21,177.0,226,false,,,activities/11287294419.fit.gz,,,10238.0,9528.0,26209.849609375,5.369921684265137,2.750823736190796,1283.0,1233.0,371.0,1628.5999755859375,49.800601959228516,-0.00991995818912983,,,93.0,78.13762664794922,,150.8437957763672,,,2091.0,,11.0,226.0,,,,,,,,,,,0.0,,0.0,,1.0,34039.6015625,,,,,,,,,,,,,,,,,,,,,,,,,,0.0,2.560055732727051,13209.400390625,,,,24836.0,,,,,,,,media/e435938a-1d01-4ecd-ab9d-3b17cfc9d304.jpg|media/1a931881-b07f-4821-ada2-de1f20795d8f.mp4|media/935b4e73-f954-45bb-a018-653c407aae8b.jpg|media/70e2f54f-4f9d-4def-9b55-82556a906b59.jpg
10553244948,"Jan 13, 2024, 6:15:32 PM",🍛(Vodala aftermath),Hike,"",17802,3.84,155.0,15,false,,,activities/11291652640.fit.gz,,,17802.0,2969.0,3844.800048828125,4.391992092132568,1.2949814796447754,439.0,415.0,1183.5999755859375,1630.199951171875,49.86629867553711,0.4733685255050659,,,123.0,57.38748550415039,,122.18690490722656,,,507.0,,12.0,15.0,,,,,,,,,,,0.0,,0.0,,1.0,,,,,,,,,,,,,,,,,,,,,,,,,,,0.0,0.21597573161125183,3844.800048828125,,,,,,,,,,,,media/b66f5548-e68c-4f14-832d-5052227b1429.mp4
10555970969,"Jan 14, 2024, 10:03:30 AM",🦥(Defa guardando Schwazer),Virtual Ride,"",5402,55.36,,,false,,Scott,activities/11294500640.fit.gz,,7.0,5402.0,5402.0,55361.1484375,11.860156059265137,10.248269081115723,0.0,,,,0.0,0.0,,,97.0,78.82595825195312,,,,200.60032653808594,1083.0,,,,,,,,,,,,204.0,5403.0,0.0,,0.0,,1.0,,,,,,,,,,,,,,,,2806964.0,,,,,,,,,,,0.0,10.248269081115723,0.0,,,,,,,,,,,,""
10561369205,"Jan 15, 2024, 5:27:34 AM",👀(Run to work),Run,Hard legs are good legs,6004,23.01,197.0,288,false,,,activities/11300198581.fit.gz,,,6004.0,5954.0,23015.66015625,6.672070503234863,3.86557936668396,34.0,184.0,215.0,381.6000061035156,14.516037940979004,-0.6908339858055115,,,86.0,82.93226623535156,,169.97293090820312,,,1620.0,,7.0,288.0,,,,,,,,,,,0.0,,0.0,,1.0,22797.30078125,,,,,,,,,,,,,,,,,,,,,,,,,,0.0,3.833387851715088,935.2000122070312,,,,16416.0,,,,,,,,""
10570786440,"Jan 16, 2024, 4:58:05 PM",🧳(Work-life-balance),Run,"6AM ⏰
2.30h 🚙
7h 👨‍🏫
LIBERATING EASY RUN",2670,10.01,175.0,66,false,,,activities/11309922148.fit.gz,,,2670.0,2585.0,10012.76953125,6.641992092132568,3.8734118938446045,20.0,24.0,31.399999618530273,54.20000076293945,6.289306640625,-0.015979578718543053,,,84.0,80.72306823730469,,152.9766845703125,,,678.0,,11.0,66.0,,,,,,,,,,,0.0,,0.0,,1.0,10050.5,,,,,,,,,,,,,,,,,,,,,,,,,,0.0,3.75010085105896,1240.699951171875,,,,6970.0,,,,,,,,""
10574058640,"Jan 17, 2024, 5:39:41 AM",🍝(Polpette's Intervals),Run,4*(1-1-0.5-0.5),2786,12.00,186.0,143,false,,,activities/11313310541.fit.gz,,,2786.0,2786.0,12007.33984375,5.962011814117432,4.309885025024414,26.0,23.0,49.599998474121094,62.599998474121094,7.220221042633057,0.028315994888544083,,,88.0,84.41636657714844,,170.93252563476562,,,826.0,,13.0,143.0,,,,,,,,,,,0.0,,0.0,,1.0,12045.900390625,,,,,,,,,,,,,,,,,,,,,,,,,,0.0,4.309885025024414,0.0,,,,7832.0,,,,,,,,media/973cd5ec-9f72-4deb-8a37-eaaa5b9d294d.jpg
10582985139,"Jan 18, 2024, 2:35:53 PM",🥩 (Coppa's Feelings),Ride,"",6296,38.10,165.0,70,false,,Scott,activities/11322571499.fit.gz,,7.0,6296.0,6296.0,38105.609375,16.394140243530273,6.052351951599121,1067.0,950.0,339.79998779296875,762.4000244140625,31.67566680908203,0.3101905882358551,,,,,,133.8579864501953,,175.98951721191406,1238.0,,15.0,70.0,,,,,,,,,,,0.0,,0.0,,1.0,,,,,,,,,,,,,,,,2806964.0,,,,,,,,,,,0.0,6.052351951599121,0.0,,,,,,,,,,,,""
10587867588,"Jan 19, 2024, 10:42:53 AM",➿(Selvinata),Ride,"",5343,35.94,160.0,39,false,,Scott,activities/11327594729.fit.gz,,7.0,5343.0,5273.0,35942.6015625,17.41015625,6.816347599029541,816.0,968.0,316.20001220703125,1061.800048828125,23.38397789001465,-0.4279046058654785,,,,,,128.31272888183594,,170.1209716796875,931.0,,15.0,39.0,,,,,,,,,,,0.0,,0.0,,1.0,,,,,,,,,,,,,,,,2806964.0,,,,,,,,,,,0.0,6.727045059204102,0.0,,,,,,,,,,,,""
10588980078,"Jan 19, 2024, 2:59:19 PM",✌️(Double for pizza),Run,"",3440,11.19,177.0,99,false,,,activities/11328736815.fit.gz,,,3440.0,3309.0,11190.330078125,6.172021389007568,3.3817861080169678,315.0,196.0,370.20001220703125,678.4000244140625,18.36482048034668,1.0401840209960938,,,84.0,81.79192352294922,,157.25863647460938,,,817.0,,15.0,99.0,,,,,,,,,,,0.0,,0.0,,1.0,12166.5,,,,,,,,,,,,,,,,,,,,,,,,,,0.0,3.253002882003784,1424.199951171875,,,,9022.0,,,,,,,,""
10593591358,"Jan 20, 2024, 7:16:05 AM",🧊 (Sul ghiaccio del Gardena e Campioncino),Backcountry Ski,"Amazing sky
Shitty snow",14276,16.25,112.0,18,false,,,activities/11333478478.fit.gz,,,14276.0,9570.0,16256.58984375,14.045995712280273,1.6987031698226929,1175.0,1137.0,1243.0,2122.60009765625,49.95589828491211,0.09596168249845505,,,,,,88.26598358154297,,,725.0,,10.0,18.0,,,,,,,,,,,0.0,,0.0,,1.0,,,,,,,,,,,,,,,,,,,,,,,,,,,0.0,1.1387356519699097,10000.099609375,,,,,,,,,,,,media/fd37c845-ba48-45aa-81cf-0bb106fd93de.jpg|media/c2c6fedf-19ef-4f61-9ccf-75b1105a8872.jpg|media/ab67ee7b-4c80-4d1c-84e9-b682c4d7fe30.mp4|media/befe0ec6-747e-4e94-a7ff-c18f5afa2a3e.jpg|media/be57ff6c-2138-4956-a511-64e24ac42595.jpg
10599292755,"Jan 21, 2024, 7:18:32 AM",❓ (Random 30),Run,With groceries at km 26,8878,30.00,195.0,363,false,,,activities/11339363762.fit.gz,,,8878.0,7859.0,30008.099609375,5.56005859375,3.818310260772705,267.0,305.0,300.79998779296875,566.2000122070312,17.636926651000977,-0.15995681285858154,,,86.0,82.54785919189453,,168.70242309570312,,,2107.0,,6.0,363.0,,,,,,,,,,,0.0,,0.0,,1.0,30536.19921875,,,,,,,,,,,,,,,,,,,,,,,,,,0.0,3.380051851272583,18292.69921875,,,,21578.0,,,,,,,,media/ef4a2ae5-25b8-450f-8965-d260a6329ba1.jpg
10608240411,"Jan 22, 2024, 6:03:54 AM",😬(Stressed af),Ride,"",40266,48.74,157.0,53,false,,Scott,activities/11348608319.fit.gz,,7.0,40266.0,6221.0,48741.578125,13.550000190734863,7.8350067138671875,403.0,418.0,217.39999389648438,564.4000244140625,28.2069149017334,-0.014361455105245113,,,,,,130.3765869140625,,147.49618530273438,1289.0,,16.0,53.0,,,,,,,,,,,0.0,,0.0,,1.0,,,,,,,,,,,,,,,,2806964.0,,,,,,,,,,,0.0,1.2104897499084473,1153.5,,,,,,,,,,,,""
10613121635,"Jan 23, 2024, 10:45:18 AM",🍚(Risotto ride),Ride,🤩,5078,33.93,162.0,45,false,,Scott,activities/11353607011.fit.gz,,7.0,5078.0,4992.0,33932.09765625,17.782032012939453,6.797295570373535,818.0,824.0,319.3999938964844,1059.199951171875,25.384756088256836,-0.021218882873654366,,,,,,131.73097229003906,,179.91476440429688,915.0,,15.0,45.0,,,,,,,,,,,0.0,,0.0,,1.0,,,,,,,,,,,,,,,,2806964.0,,,,,,,,,,,0.0,6.682178020477295,0.0,,,,,,,,,,,,media/7aa0efa8-efda-4983-9376-72fa6f431850.jpg|media/d43fedb3-7107-4f39-b95b-aa62c9ec3f92.jpg|media/90de3a61-f301-4e2b-8baf-41b52979c914.jpg|media/5956e7c3-ed51-4f6a-9b4e-f4f1a0e4c7cc.jpg
10614391628,"Jan 23, 2024, 3:28:51 PM",✌️(Easy double),Run,"",2978,10.11,176.0,52,false,,,activities/11354909551.fit.gz,,,2978.0,2930.0,10117.5498046875,5.591992378234863,3.4530887603759766,307.0,315.0,377.3999938964844,701.4000244140625,15.886808395385742,-0.23721158504486084,,,84.0,80.83773040771484,,145.5562744140625,,,690.0,,14.0,52.0,,,,,,,,,,,0.0,,0.0,,1.0,10832.2001953125,,,,,,,,,,,,,,,,,,,,,,,,,,0.0,3.3974311351776123,0.0,,,,7914.0,,,,,,,,""
10618347177,"Jan 24, 2024, 5:56:10 AM",💼(Pre-balancing the Modena treats),Run,"",3806,13.11,182.0,108,false,,,activities/11358936293.fit.gz,,,3806.0,3803.0,13110.08984375,5.298047065734863,3.4473021030426025,321.0,347.0,369.3999938964844,708.2000122070312,17.42850685119629,-0.20137180387973785,,,84.0,81.50447845458984,,155.46168518066406,,,920.0,,12.0,108.0,,,,,,,,,,,0.0,,0.0,,1.0,13866.7001953125,,,,,,,,,,,,,,,,,,,,,,,,,,0.0,3.444584846496582,1434.0,,,,10328.0,,,,,,,,""
10624766462,"Jan 25, 2024, 6:34:56 AM",🐹,Virtual Run,"",3120,12.50,,,false,,,,,,3120.0,3120.0,12500.0,,4.006410121917725,0.0,,,,,0.0,,,,,,,,,1144.208251953125,,,,,,,,,,,,,,0.0,,0.0,,0.0,,,,,,,,,,,,,,,,,,,,,,,,,,,0.0,4.006410121917725,0.0,,,,,,,,,,,,media/4c3e9c9d-ac2f-4d0d-8fbd-24fb029c8a11.jpg|media/5ce29b07-b514-447d-8dfa-4ee1bfc032b7.jpg|media/5b581d3f-b6f8-4827-a536-537ac9de259a.jpg|media/2d93bcc9-f34e-4d46-9bcd-db3f7a3da144.jpg
10632621804,"Jan 26, 2024, 10:24:08 AM",🫄 (Altino Ganda Gravel),Ride,"",6248,33.90,148.0,24,false,,Scott,activities/11373566043.fit.gz,,7.0,6248.0,6035.0,33906.7890625,17.748046875,5.618358135223389,1199.0,1203.0,358.6000061035156,1061.0,37.301124572753906,-0.057215750217437744,,,,,,118.8395767211914,,187.86582946777344,850.0,,16.0,24.0,,,,,,,,,,,0.0,,0.0,,1.0,,,,,,,,,,,,,,,,2806964.0,,,,,,,,,,,0.0,5.426823139190674,0.0,,,,,,,,,,,,""
10637384412,"Jan 27, 2024, 7:39:49 AM",🎱 (8x(1+1km)),Run,Sometimes it is important to push a little harder.,3715,16.00,190.0,177,false,,,activities/11378466431.fit.gz,,,3715.0,3659.0,16007.1298828125,5.92999267578125,4.374728202819824,60.0,56.0,301.3999938964844,309.0,11.583268165588379,0.0,,,89.0,84.17008209228516,,169.3937225341797,,,1083.0,,10.0,177.0,,,,,,,,,,,0.0,,0.0,,1.0,16112.7998046875,,,,,,,,,,,,,,,,,,,,,,,,,,0.0,4.308783531188965,8.399999618530273,,,,10270.0,,,,,,,,""
10637899916,"Jan 27, 2024, 7:12:48 AM",💆‍♂️(Selvino pre/post),Ride,"",10316,34.58,,,false,,Scott,activities/10637899916.gpx,,7.0,10316.0,5880.0,34579.390625,16.954296112060547,5.8808488845825195,817.52734375,693.427001953125,303.6000061035156,1050.9000244140625,35.88644027709961,0.3588842749595642,,,,,,,,150.30841064453125,985.4492797851562,,,,,,,,,,,,,,0.0,,0.0,,1.0,,,,,,,,,,,,,,,,2806964.0,,,,,,,,,,,0.0,3.352015495300293,0.0,,,,,,,,,,,,""
10644505164,"Jan 28, 2024, 6:47:21 AM",👼(Paradise),Backcountry Ski,At 3000 for third breakfast 🥞,7218,10.24,114.0,13,false,,,activities/11385859797.fit.gz,,,7218.0,5854.0,10246.94921875,23.195995330810547,1.7504184246063232,1127.0,1103.0,1862.5999755859375,2991.800048828125,49.95832824707031,0.16980686783790588,,,,,,94.12960815429688,,,486.0,,9.0,13.0,,,,,,,,,,,0.0,,0.0,,1.0,,,,,,,,,,,,,,,,,,,,,,,,,,,0.0,1.4196383953094482,8388.099609375,,,,,,,,,,,,media/52012726-5092-4653-81c3-15472a5b1ec6.jpg|media/0a440cfd-02ff-49a7-bf63-5bb950c8c566.jpg
10654628674,"Jan 28, 2024, 9:16:32 AM",Morning Alpine Ski,Alpine Ski,,3864,4.39,87.0,0,false,,,activities/11396541617.fit.gz,,,3864.0,632.0,4395.8701171875,16.743993759155273,6.955490589141846,0.0,996.0,1877.5999755859375,2218.39990234375,35.2308235168457,-7.152168273925781,,,,,,72.92195129394531,,,29.0,,12.0,0.0,,3,,,,,,,,,,,0.0,,1.0,,,,,,,,,,,,,,,,,,,,,,,,,,,0.0,1.1376475095748901,0.0,,,,,,,,,,,,""
10654630179,"Jan 29, 2024, 6:02:37 AM",📱 (Tutti attaccati al cellulare),Ride,"",39893,49.72,156.0,54,false,,Scott,activities/11396543143.fit.gz,,7.0,39893.0,6311.0,49726.2109375,14.248003959655762,7.879292011260986,421.0,435.0,210.8000030517578,559.2000122070312,16.712718963623047,-0.026947608217597008,,,,,,131.31373596191406,,150.5540771484375,1303.0,,10.0,54.0,,,,,,,,,,,0.0,,0.0,,1.0,,,,,,,,,,,,,,,,2806964.0,,,,,,,,,,,0.0,1.2464896440505981,1188.5,,,,,,,,,,,,""
10659856452,"Jan 30, 2024, 10:42:53 AM",❤️ (Back to the Kilometro Loop),Run,"",3883,15.01,168.0,69,false,,,activities/11401895146.fit.gz,,,3883.0,3874.0,15011.3798828125,6.433984279632568,3.8749043941497803,72.0,69.0,208.8000030517578,228.8000030517578,11.738844871520996,0.029311055317521095,,,85.0,81.295654296875,,145.7239990234375,,,1016.0,,17.0,69.0,,,,,,,,,,,0.0,,0.0,,1.0,15131.2998046875,,,,,,,,,,,,,,,,,,,,,,,,,,0.0,3.8659231662750244,11021.900390625,,,,10490.0,,,,,,,,""
10669389388,"Jan 31, 2024, 5:37:01 PM",🇺🇲(dopo una mattina in consolato),Run,Sconsolato,3883,14.42,158.0,31,false,,,activities/11411670148.fit.gz,,,3883.0,3827.0,14419.7001953125,10.393945693969727,3.767886161804199,174.0,173.0,225.1999969482422,379.3999938964844,19.138959884643555,0.024965781718492508,,,85.0,81.87427520751953,,135.02334594726562,,,949.0,,17.0,31.0,,,,,,,,,,,0.0,,0.0,,1.0,14804.099609375,,,,,,,,,,,,,,,,,,,,,,,,,,0.0,3.7135462760925293,2058.89990234375,,,,10438.0,,,,,,,,media/18cdbbe6-24c3-428c-976f-2d884ce8b468.jpg|media/e43d617c-d2ca-4011-8e5d-4c6d904f2be3.jpg
10672380839,"Feb 1, 2024, 5:35:06 AM",🐌(Slow but long),Run,"",5846,18.55,182.0,206,false,,,activities/11414724179.fit.gz,,,5846.0,5817.0,18550.83984375,5.796008110046387,3.1890735626220703,667.0,677.0,396.3999938964844,1060.0,23.51168441772461,-0.03881232440471649,,,88.0,81.00791931152344,,161.84359741210938,,,1407.0,,13.0,206.0,,,,,,,,,,,0.0,,0.0,,1.0,20399.69921875,,,,,,,,,,,,,,,,,,,,,,,,,,0.0,3.1732535362243652,0.0,,,,15720.0,,,,,,,,media/32d631f5-8088-4292-8395-b0a3123ec1bf.jpg
10676467576,"Feb 1, 2024, 6:14:01 PM",🎶(Zangata),Backcountry Ski,"",5043,5.48,110.0,5,false,,,activities/11418918085.fit.gz,,,5043.0,2869.0,5482.169921875,15.171972274780273,1.9108295440673828,531.0,517.0,1150.5999755859375,1693.800048828125,47.85520935058594,0.3137457072734833,,,,,,89.35009002685547,,,223.0,,13.0,5.0,,,,,,,,,,,0.0,,0.0,,1.0,,,,,,,,,,,,,,,,,,,,,,,,,,,0.0,1.0870850086212158,4685.0,,,,,,,,,,,,""
10681536546,"Feb 2, 2024, 1:38:46 PM",🍪(Sweet positive gains >>> km),Ride,1630 m+ in < 40km 🤩,8643,39.74,169.0,71,false,,Scott,activities/11424124983.fit.gz,,7.0,8643.0,8108.0,39742.94921875,16.7919921875,4.901695728302002,1639.0,1641.0,385.6000061035156,1221.4000244140625,34.076019287109375,-0.01861971616744995,,,93.0,56.43661880493164,,129.50048828125,,1.2429698705673218,1237.0,,18.0,71.0,10172.0,,,,,,,,31.0,4238.0,0.0,,0.0,,1.0,,,,,,,,,,,,,,,,2806964.0,,,,,,,,,,,0.0,4.5982818603515625,625.5,,,,,,,,,,,,media/3497b21a-c22d-497f-8fa1-39947bca1834.jpg|media/2025ca93-ab36-4917-9d02-91d6db5644e8.jpg
10689484485,"Feb 3, 2024, 5:06:06 PM",😅 (Urban Trail Bergamo),Run,"Technically, not a competition.
14/1300",3166,12.38,179.0,114,false,,,activities/11432315926.fit.gz,,,3166.0,3135.0,12383.4599609375,10.343945503234863,3.9500668048858643,396.0,389.0,253.39999389648438,492.3999938964844,46.125606536865234,0.04845172539353371,,,119.0,84.760986328125,,161.1294708251953,,,892.0,,16.0,114.0,,,,,,,,,,,0.0,,0.0,,1.0,14084.7998046875,,,,,,,,,,,,,,,,,,,,,,,,,,0.0,3.9113895893096924,2546.39990234375,,,,8934.0,,,,,,,,media/1c87795f-f4ca-4756-81eb-2e7b3e005c56.jpg|media/658b16ad-f43e-41a5-a814-be76ef3ee06b.jpg|media/739a7096-4e82-44c8-8c1b-abfe16d231fa.jpg|media/36ec69c3-0c04-4eb3-9a73-0b4fb56523a4.jpg
10693914250,"Feb 4, 2024, 8:01:07 AM",🤡 (Defa),Ride,"Legs slowly picking up.
And then definitely dead.
",13658,86.56,182.0,226,false,,Scott,activities/11437012355.fit.gz,,7.0,13658.0,13202.0,86565.390625,19.489063262939453,6.556990623474121,2219.0,2224.0,258.20001220703125,1060.199951171875,48.14292526245117,-0.01455544214695692,,,97.0,66.47725677490234,,143.28370666503906,,205.83261108398438,3148.0,,15.0,226.0,2713672.0,,,,,,,,238.0,13458.0,0.0,,0.0,,1.0,,,,,,,,,,,,,,,,2806964.0,,,,,,,,,,,0.0,6.338072299957275,4970.39990234375,,,,,,,,,,,,media/c2eb92b8-7c9e-4140-9f03-cc7dcd102b55.jpg|media/5a110a59-850b-462d-80e3-70f4dcf0e26b.jpg|media/499b45ec-a3fd-41af-9a62-c06c6d332fb6.jpg
10700467506,"Feb 5, 2024, 5:52:30 AM",🌬️(Mon Dieu),Ride,Boredom is all,22442,48.70,170.0,67,false,,Scott,activities/11443892264.fit.gz,,7.0,22442.0,5935.0,48700.80859375,14.071996688842773,8.205696105957031,390.0,399.0,215.39999389648438,564.5999755859375,48.19707107543945,-0.020944111049175262,,,,,,134.83468627929688,,165.47035217285156,1299.0,,18.0,67.0,,,,,,,,,,,0.0,,0.0,,1.0,,,,,,,,,,,,,,,,2806964.0,,,,,,,,,,,0.0,2.170074224472046,1143.300048828125,,,,,,,,,,,,""
10707103414,"Feb 6, 2024, 10:43:29 AM",🧘 (Caaalma),Run,"Too much tofu but the
Compound keeps
Building 🏆",4528,15.11,172.0,113,false,,,activities/11450707205.fit.gz,,,4528.0,4522.0,15115.5400390625,6.583984375,3.3426668643951416,490.0,513.0,566.0,821.0,35.233768463134766,-0.15348410606384277,,,85.0,81.46282196044922,,152.9620361328125,,,1090.0,,14.0,113.0,,,,,,,,,,,0.0,,0.0,,1.0,17073.80078125,,,,,,,,,,,,,,,,,,,,,,,,,,0.0,3.3382375240325928,11214.0,,,,12298.0,,,,,,,,media/d9815ce5-80e6-484a-aada-e9bf81fee524.jpg
10712695959,"Feb 7, 2024, 5:40:41 AM",🗣️(speaker night),Run,"",4413,15.01,154.0,47,false,,,activities/11456432091.fit.gz,,,4413.0,4410.0,15012.8203125,5.113989353179932,3.4042675495147705,337.0,359.0,367.3999938964844,706.4000244140625,16.339555740356445,-0.15453466773033142,,,86.0,82.35636138916016,,139.25982666015625,,,974.0,,16.0,47.0,,,,,,,,,,,0.0,,0.0,,1.0,15776.7998046875,,,,,,,,,,,,,,,,,,,,,,,,,,0.0,3.4019532203674316,2437.39990234375,,,,12106.0,,,,,,,,media/92e692d1-4a32-4d1c-b0c2-66d7277760e6.jpg
10722392455,"Feb 8, 2024, 4:06:22 PM",🫨 (24 very intense hours),Run,"",4147,14.51,168.0,46,false,,,activities/11466393153.fit.gz,,,4147.0,4102.0,14515.51953125,5.732007026672363,3.538644552230835,228.0,230.0,337.20001220703125,558.0,22.174100875854492,-0.03582381084561348,,,104.0,81.80602264404297,,139.27484130859375,,,1004.0,,14.0,46.0,,,,,,,,,,,0.0,,0.0,,1.0,15045.400390625,,,,,,,,,,,,,,,,,,,,,,,,,,0.0,3.5002458095550537,4452.0,,,,11174.0,,,,,,,,media/64fdd4a3-7114-4154-8084-e127638eb0fc.jpg|media/adcae5e4-5e24-4a4e-a972-f238486d9677.jpg|media/8dfb6366-723d-47f3-bb7a-81481d40a0fc.jpg
10727971592,"Feb 9, 2024, 2:15:36 PM",☔ (Capitano e block),Virtual Ride,Ma i rulli non sono così male,4760,50.02,,,false,,Scott,activities/11472130629.fit.gz,,7.0,4760.0,4760.0,50022.23828125,13.26171875,10.50887393951416,0.0,,,,0.0,0.0,,,89.0,73.54663848876953,,,,217.37815856933594,1034.0,,,,,,,,,,,,228.0,4761.0,0.0,,0.0,,1.0,,,,,,,,,,,,,,,,2806964.0,,,,,,,,,,,0.0,10.50887393951416,0.0,,,,,,,,,,,,""
10733957414,"Feb 10, 2024, 2:09:52 PM","☔(Piove, piove la Hoka non si muove)",Virtual Run,"",6420,24.40,,,false,,,,,,6420.0,6420.0,24400.0,,3.8006229400634766,,,,,,0.0,,,,,,,,,2233.494384765625,,,,,,,,,,,,,,0.0,,0.0,,0.0,,,,,,,,,,,,,,,,,,,,,,,,,,,0.0,3.8006229400634766,0.0,,,,,,,,,,,,media/6293ee2c-7df8-48a1-b248-e0d05f909f24.jpg|media/7beb33a0-442d-4df5-93ab-71a1aac77b96.jpg|media/82c416b1-e08b-4d35-aa55-c2ce7432c0ec.jpg
10738427053,"Feb 11, 2024, 6:06:11 AM",🌨️ (Ravanare),Backcountry Ski,"",9790,9.98,113.0,14,false,,,activities/11482934946.fit.gz,,,9790.0,7499.0,9984.4501953125,16.114063262939453,1.331437587738037,1247.0,1195.0,1246.5999755859375,2047.199951171875,49.50447082519531,0.24438025057315826,,,,,,87.99986267089844,,,540.0,,13.0,14.0,,,,,,,,,,,0.0,,0.0,,1.0,,,,,,,,,,,,,,,,,,,,,,,,,,,0.0,1.019862174987793,8686.599609375,,,,,,,,,,,,media/4f0dcc70-47ce-44d7-8442-a72e59f6877c.jpg
10746098773,"Feb 12, 2024, 8:24:23 AM",🙏 (Gravel out of this world),Ride,"With my mind to 🇰🇪
Trail by [strava://athletes/13909465/12]Luca Merelli as always
Pushing and slippery feast",11400,55.42,173.0,79,false,,Scott,activities/11490859322.fit.gz,,7.0,11400.0,10418.0,55422.2890625,16.350000381469727,5.319859027862549,1575.0,1676.0,299.3999938964844,1102.199951171875,49.80544662475586,-0.05160384997725487,,,,,,127.64032745361328,,163.92291259765625,1797.0,,14.0,79.0,,,,,,,,,,,0.0,,0.0,,1.0,,,,,,,,,,,,,,,,2806964.0,,,,,,,,,,,0.0,4.861604690551758,3646.300048828125,,,,,,,,,,,,media/b2d7b2b6-cef4-4a78-a94b-271d596f929c.jpg|media/5ae63a14-6f76-460b-b4d0-b4ace3c21c3c.jpg|media/577c2631-a051-4cc0-98f5-a64de31c3e88.jpg|media/68f715e1-47a8-4a33-90a6-439141a7e412.jpg
10752702026,"Feb 13, 2024, 10:39:41 AM",🪶 (Animo!),Run,New day old habits very stressed,3713,13.09,183.0,110,false,,,activities/11497646306.fit.gz,,,3713.0,3694.0,13098.3095703125,5.759985446929932,3.5458335876464844,211.0,229.0,377.0,561.7999877929688,17.31631088256836,-0.16185304522514343,,,87.0,81.31156158447266,,157.37286376953125,,,915.0,,18.0,110.0,,,,,,,,,,,0.0,,0.0,,1.0,13571.2998046875,,,,,,,,,,,,,,,,,,,,,,,,,,0.0,3.527688980102539,3739.60009765625,,,,10012.0,,,,,,,,media/5e78becd-ddeb-439a-8e4a-f4af7bd7ad49.jpg|media/7b6f8897-2c79-4eb6-8043-9d1cbeae332e.jpg
10761592448,"Feb 14, 2024, 5:39:37 AM",🪽 (Ti mette le ali),Ride,"",41278,48.75,169.0,53,false,,Scott,activities/11506800116.fit.gz,,7.0,41278.0,6193.0,48758.33984375,14.435998916625977,7.873137474060059,394.0,398.0,211.39999389648438,558.2000122070312,30.638608932495117,-0.0045120734721422195,,,,,,130.57696533203125,,154.82566833496094,1221.0,,18.0,53.0,,,,,,,,,,,0.0,,0.0,,1.0,,,,,,,,,,,,,,,,2806964.0,,,,,,,,,,,0.0,1.1812185049057007,1281.5,,,,,,,,,,,,media/0b761f53-b588-4a8a-a913-8b4165b69c8d.jpg|media/39afc44f-3fd1-48fa-9faa-1628c0527e33.jpg
10766141079,"Feb 15, 2024, 5:18:25 AM",💤,Ride,"",25235,48.59,170.0,75,false,,Scott,activities/11511473212.fit.gz,,7.0,25235.0,6076.0,48597.91015625,15.021997451782227,7.9983391761779785,409.0,415.0,213.0,561.4000244140625,31.181486129760742,-0.01193477027118206,,,,,,137.4482421875,,163.0269012451172,1354.0,,19.0,75.0,,,,,,,,,,,0.0,,0.0,,1.0,,,,,,,,,,,,,,,,2806964.0,,,,,,,,,,,0.0,1.9258137941360474,1643.699951171875,,,,,,,,,,,,""
10768498040,"Feb 15, 2024, 5:37:24 PM",😱,Backcountry Ski,"",3084,5.34,105.0,4,false,,,activities/11513892661.fit.gz,,,3084.0,2819.0,5342.27978515625,15.691991806030273,1.8950974941253662,511.0,500.0,1176.800048828125,1693.0,47.05952835083008,0.20964740216732025,,,,,,77.19927978515625,,,152.0,,18.0,4.0,,,,,,,,,,,0.0,,0.0,,1.0,,,,,,,,,,,,,,,,,,,,,,,,,,,0.0,1.7322567701339722,4867.7998046875,,,,,,,,,,,,""
10771121770,"Feb 16, 2024, 4:53:24 AM",3️⃣☘️,Run,"",3795,13.16,185.0,99,false,,,activities/11516582059.fit.gz,,,3795.0,3776.0,13164.1396484375,5.794043064117432,3.4862658977508545,316.0,332.0,372.79998779296875,705.2000122070312,17.793222427368164,-0.19750626385211945,,,84.0,81.15776824951172,,153.280517578125,,,913.0,,16.0,99.0,,,,,,,,,,,0.0,,0.0,,1.0,13901.5,,,,,,,,,,,,,,,,,,,,,,,,,,0.0,3.468811511993408,1399.199951171875,,,,10220.0,,,,,,,,media/3bd98764-895e-4a22-9eed-9f067dfa833f.jpg
10780869552,"Feb 17, 2024, 9:18:13 AM",🇨🇭 (Engineered Saas Fee),Backcountry Ski,Lovely day ,20530,20.68,139.0,26,false,,,activities/11526631412.fit.gz,,,20530.0,10621.0,20679.369140625,24.693944931030273,1.9470266103744507,1655.0,2344.0,1782.800048828125,3458.199951171875,49.897216796875,0.058028850704431534,,,,,,98.61857604980469,,,992.0,,18.0,26.0,,,,,,,,,,,0.0,,0.0,,1.0,,,,,,,,,,,,,,,,,,,,,,,,,,,0.0,1.0072757005691528,1342.0,,,,,,,,,,,,media/15f2abac-363c-453e-9112-924916ed0b5a.jpg|media/f8d435f1-4654-43b8-824b-fcd6253eb629.jpg|media/b20c94a0-c361-4f5d-a69f-9312c12e8e90.jpg|media/1d8a7e2b-b579-4364-ba51-f1af9bab189d.jpg|media/0ffc0a83-79dc-4705-b586-cc273836f28a.jpg
10784446116,"Feb 18, 2024, 6:14:44 AM",🧀(Raclette powered intervals),Run,Random 2*(4+4),3920,16.01,190.0,212,false,,,activities/11530333864.fit.gz,,,3920.0,3899.0,16015.2998046875,5.782031059265137,4.107540130615234,16.0,19.0,490.3999938964844,502.79998779296875,35.545013427734375,0.007492720615118742,,,90.0,83.46356201171875,,173.34532165527344,,,1111.0,,9.0,212.0,,,,,,,,,,,0.0,,0.0,,1.0,16067.7998046875,,,,,,,,,,,,,,,,,,,,,,,,,,0.0,4.085535526275635,7.0,,,,10868.0,,,,,,,,media/d8a5b762-6540-4919-b925-1477f04d5039.jpg|media/82cb6e26-0091-4e8d-9671-8c466821aa56.jpg
10794335552,"Feb 19, 2024, 5:11:16 AM",🤞(Monday mood!),Ride,"",40417,49.71,181.0,86,false,,Scott,activities/11540633439.fit.gz,,7.0,40417.0,6066.0,49712.3828125,15.699994087219238,8.195249557495117,427.0,429.0,212.0,561.5999755859375,21.2762508392334,-0.007643946446478367,,,,,,138.2320556640625,,169.0064697265625,1404.0,,16.0,86.0,,,,,,,,,,,0.0,,0.0,,1.0,,,,,,,,,,,,,,,,2806964.0,,,,,,,,,,,0.0,1.2299869060516357,1213.4000244140625,,,,,,,,,,,,""
10798078082,"Feb 20, 2024, 4:56:26 AM",💤(Another one in the books),Run,"",3784,13.65,179.0,98,false,,,activities/11544466295.fit.gz,,,3784.0,3752.0,13656.26953125,5.985998630523682,3.63973069190979,226.0,224.0,371.6000061035156,559.7999877929688,20.753684997558594,-0.016109906136989594,,,87.0,82.08404541015625,,154.30368041992188,,,956.0,,14.0,98.0,,,,,,,,,,,0.0,,0.0,,1.0,14207.599609375,,,,,,,,,,,,,,,,,,,,,,,,,,0.0,3.6089508533477783,2126.39990234375,,,,10286.0,,,,,,,,""
10808480480,"Feb 21, 2024, 5:26:47 AM",🚥 (Anticipating the traffic),Ride,"",39645,47.91,159.0,33,true,,Scott,activities/11555161387.fit.gz,,7.0,39645.0,5901.0,47912.98046875,13.083333015441895,8.119467735290527,407.0,418.0,215.1999969482422,562.2000122070312,34.99658203125,-0.010435584932565689,,,,,,127.16175079345703,,166.15924072265625,1116.0,,18.0,33.0,,,,,,,,,,,0.0,,1.0,,1.0,,,,,,,,,,,,,,,,2806964.0,,,,,,,,,,,0.0,1.2085504531860352,1785.0999755859375,,,,,,,,,,,,""
10812091210,"Feb 22, 2024, 5:08:19 AM",⏰ (Allarmànte),Run,±16km,4548,16.00,186.0,142,false,,,activities/11558846185.fit.gz,,,4548.0,4505.0,16007.9501953125,6.296093940734863,3.5533740520477295,232.0,239.0,334.20001220703125,562.2000122070312,17.15899085998535,-0.0924539864063263,,,84.0,80.46395111083984,,158.2284698486328,,,1112.0,,13.0,142.0,,,,,,,,,,,0.0,,0.0,,1.0,16527.0,,,,,,,,,,,,,,,,,,,,,,,,,,0.0,3.51977801322937,9161.099609375,,,,12078.0,,,,,,,,""
10818323648,"Feb 23, 2024, 5:27:32 AM",🕺 (Easy rainy and 80s),Virtual Ride,"",3300,34.89,,,false,,Scott,activities/11565254529.fit.gz,,7.0,3300.0,3300.0,34896.37109375,11.892187118530273,10.574657440185547,0.0,,,,0.0,0.0,,,94.0,75.680908203125,,,,220.8903045654297,728.0,,,,,,,,,,,,234.0,3301.0,0.0,,0.0,,1.0,,,,,,,,,,,,,,,,2806964.0,,,,,,,,,,,0.0,10.574657440185547,0.0,,,,,,,,,,,,media/9020b4fc-bb38-4538-ae06-f363ecd2378e.jpg
10825497544,"Feb 24, 2024, 8:17:12 AM",🪶 (The Manzoni ReANIMAtion),Run,"Feeling great, despite the huge fried cotoletta.
Or maybe because of it.
✨✈️",8839,30.00,170.0,139,false,,,activities/11572661352.fit.gz,,,8839.0,8340.0,30006.51171875,6.330078125,3.59790301322937,401.0,411.0,379.79998779296875,704.2000122070312,20.971712112426758,-0.07465054839849472,,,87.0,82.3447265625,,144.56480407714844,,,2053.0,,13.0,139.0,,,,,,,,,,,0.0,,0.0,,1.0,30878.599609375,,,,,,,,,,,,,,,,,,,,,,,,,,0.0,3.3947856426239014,6713.7001953125,,,,22876.0,,,,,,,,media/d07d7b55-caef-422f-9b6d-0e4e1d3cba25.jpg|media/b4dd292a-1931-4b2d-9701-94a5fc66ceb9.jpg|media/8eaae542-40a9-4988-a0d4-527fd6007fe0.jpg
10834165271,"Feb 25, 2024, 11:42:40 AM",🔵(Podcast on Blue zones and effortless),Run,"We are an objective-oriented society.
That is the main fucking problem.
Just do it.",6782,21.11,179.0,203,false,,,activities/11581706344.fit.gz,,,6782.0,6617.0,21117.560546875,6.233999729156494,3.1914100646972656,726.0,749.0,397.20001220703125,1067.4000244140625,32.5355110168457,-0.1288028210401535,,,114.0,81.09757232666016,,157.6990966796875,,,1579.0,,13.0,203.0,,,,,,,,,,,0.0,,0.0,,1.0,23136.5,,,,,,,,,,,,,,,,,,,,,,,,,,0.0,3.1137659549713135,0.0,,,,17900.0,,,,,,,,media/1db2ce34-778c-4d1a-b15b-558593f675e4.jpg
10838758124,"Feb 26, 2024, 6:20:43 AM",4️⃣(4 allegri tra una goccia e l'altra),Run,Quite random run tbh,2473,10.04,171.0,63,false,,,activities/11586470191.fit.gz,,,2473.0,2464.0,10048.390625,5.721998691558838,4.078080654144287,40.778072357177734,266.0,208.60000610351562,224.5,48.90998458862305,-0.04577843099832535,,,87.0,82.50469207763672,,153.47561645507812,,,682.0,,10.0,63.0,,,,,,,,,,,0.0,,0.0,,1.0,10086.7998046875,,,,,,,,,,,,,,,,,,,,,,,,,,0.0,4.063239097595215,6941.0,,,,6756.0,,,,,,,,""
10845110617,"Feb 27, 2024, 4:50:42 AM",☂️(Piove piove il rullo non si muove),Virtual Ride,"",4799,50.16,,,false,,Scott,activities/11592999575.fit.gz,,7.0,4799.0,4799.0,50164.48046875,12.298437118530273,10.453110694885254,0.0,,,,0.0,0.0,,,85.0,67.85782623291016,,,,214.67848205566406,1030.0,,,,,,,,,,,,227.0,4800.0,0.0,,0.0,,1.0,,,,,,,,,,,,,,,,2806964.0,,,,,,,,,,,0.0,10.453110694885254,0.0,,,,,,,,,,,,""
10857082783,"Feb 28, 2024, 5:34:10 PM",8️⃣(Happy Birthday We Run!),Run,"",9471,20.01,167.0,54,false,,,activities/11605314755.fit.gz,,,9471.0,5756.0,20011.400390625,8.350000381469727,3.4766156673431396,331.0,322.0,244.0,377.6000061035156,49.52392578125,0.00999430287629366,,,94.0,81.20392608642578,,135.19158935546875,,,1312.0,,17.0,54.0,,,,,,,,,,,0.0,,0.0,,1.0,21030.80078125,,,,,,,,,,,,,,,,,,,,,,,,,,0.0,2.112913131713867,904.0,,,,15530.0,,,,,,,,media/eaa23546-de86-4f97-b299-9ab8d51dc54b.mp4
10860833932,"Feb 29, 2024, 5:50:13 AM",2️⃣9️⃣(Un giorno in più),Ride,"",22907,49.96,171.0,79,true,,Scott,activities/11609181012.fit.gz,,7.0,22907.0,5883.0,49966.16015625,14.791997909545898,8.49331283569336,426.0,427.0,214.60000610351562,566.2000122070312,46.6019401550293,-0.014409776777029037,,,,,,138.08355712890625,,183.37899780273438,1354.0,,17.0,79.0,,,,,,,,,,,0.0,,1.0,,1.0,,,,,,,,,,,,,,,,2806964.0,,,,,,,,,,,0.0,2.1812617778778076,1307.0999755859375,,,,,,,,,,,,media/d6ffbfde-3070-443c-81ee-556c547d9204.jpg|media/223fab34-fb1b-4f7a-80d1-bd5846f51706.jpg
10866780474,"Mar 1, 2024, 10:24:23 AM",🥮 (It rains so fruits can grow),Virtual Ride,"",3580,38.77,,,false,,Scott,activities/11615301403.fit.gz,,7.0,3580.0,3580.0,38777.421875,12.137890815734863,10.831682205200195,0.0,0.0,,,0.0,0.0,,,84.0,69.3170394897461,,,,237.2670440673828,849.0,,,,,,,,,,,,252.0,3581.0,0.0,,0.0,,1.0,,,,,,,,,,,,,,,,2806964.0,,,,,,,,,,,0.0,10.831682205200195,0.0,,,,,,,,,,,,""
10871547383,"Mar 2, 2024, 5:38:12 AM",🔟 (Ten-Ten plus one),Run,"10x(1+1)
Mentally stimulated
Physically motivated",4727,21.12,184.0,172,false,,,activities/11620214303.fit.gz,,,4727.0,4727.0,21127.080078125,6.628003120422363,4.469448089599609,69.0,68.0,302.20001220703125,310.3999938964844,6.053261756896973,0.004733261652290821,,,87.0,83.29640197753906,,161.5419464111328,,,1418.0,,11.0,172.0,,,,,,,,,,,0.0,,0.0,,1.0,21232.19921875,,,,,,,,,,,,,,,,,,,,,,,,,,0.0,4.469448089599609,4.400000095367432,,,,13096.0,,,,,,,,media/dd31b9df-9b5b-4650-8fa1-d462592fc80a.jpg
10879443480,"Mar 3, 2024, 7:01:17 AM",🗡️(Coglia Coglia 2024),Ride,"Con la voglia
Di palcia",11444,70.21,165.0,72,false,,Scott,activities/11628404822.fit.gz,,7.0,11444.0,10862.0,70216.3828125,15.146875381469727,6.464406490325928,477.0,475.0,160.8000030517578,460.6000061035156,23.361255645751953,-0.0017089768080040812,,,,,,127.73062896728516,,105.32801055908203,1701.0,,16.0,72.0,,,,,,,,,,,0.0,,0.0,,1.0,,,,,,,,,,,,,,,,2806964.0,,,,,,,,,,,0.0,6.135650157928467,33187.69921875,,,,,,,,,,,,media/af71a892-cca6-4082-9431-baf5714ccbd8.jpg|media/7f64d308-be38-4ba7-9f74-724db255fc4a.jpg|media/46b715e2-54ba-455d-9ff6-23920ad085b7.jpg
10885990434,"Mar 4, 2024, 5:30:38 AM",😳Undesirable split,Ride,"",2851,24.25,152.0,20,false,,Scott,activities/11636109876.fit.gz,,7.0,2851.0,2742.0,24250.9609375,12.683996200561523,8.844259262084961,64.0,409.0,215.8000030517578,565.2000122070312,12.266044616699219,-1.4349948167800903,,,,,,128.34246826171875,,121.78755950927734,553.0,,12.0,20.0,,,,,,,,,,,0.0,,0.0,,1.0,,,,,,,,,,,,,,,,2806964.0,,,,,,,,,,,0.0,8.506124496459961,512.2999877929688,,,,,,,,,,,,""
10889115166,"Mar 4, 2024, 3:52:55 PM",Double trouble 😵‍💫,Ride,"",3437,24.00,159.0,37,false,,Scott,activities/11639561034.fit.gz,,7.0,3437.0,3437.0,24005.419921875,11.232030868530273,6.984410762786865,373.0,44.0,211.39999389648438,542.2000122070312,33.05601119995117,1.3780221939086914,,,,,,133.75,,179.93777465820312,754.0,,17.0,37.0,,,,,,,,,,,0.0,,0.0,,1.0,,,,,,,,,,,,,,,,2806964.0,,,,,,,,,,,0.0,6.984410762786865,473.6000061035156,,,,,,,,,,,,""
10893430081,"Mar 5, 2024, 5:48:22 AM",💭(Daydreaming),Run,The less I sleep the better I feel 😳,3821,14.00,191.0,207,false,,,activities/11647172261.fit.gz,,,3821.0,3774.0,14005.25,6.511999607086182,3.7109827995300293,237.0,238.0,375.6000061035156,560.7999877929688,22.791662216186523,-0.008568302728235722,,,87.0,82.44969177246094,,173.25253295898438,,,1023.0,,11.0,207.0,,,,,,,,,,,0.0,,0.0,,1.0,14576.900390625,,,,,,,,,,,,,,,,,,,,,,,,,,0.0,3.6653361320495605,3971.0,,,,10382.0,,,,,,,,""
10902493061,"Mar 6, 2024, 11:51:18 AM",🧆 (Ceci day),Run,"",3785,13.08,172.0,93,false,,,activities/11658260878.fit.gz,,,3785.0,3770.0,13088.3798828125,6.574023246765137,3.4717187881469727,323.0,347.0,369.79998779296875,709.0,17.046031951904297,-0.220042422413826,,,87.0,82.18094635009766,,152.18447875976562,,,907.0,,18.0,93.0,,,,,,,,,,,0.0,,0.0,,1.0,13877.7998046875,,,,,,,,,,,,,,,,,,,,,,,,,,0.0,3.457960367202759,1431.9000244140625,,,,10306.0,,,,,,,,media/cad423f5-9142-4a6d-b3b7-148fd0552590.jpg
10909317593,"Mar 7, 2024, 11:12:46 AM",🔙 (Back to the basics),Ride,"",4932,33.96,180.0,129,false,,Scott,activities/11665419590.fit.gz,,7.0,4932.0,4932.0,33968.5703125,17.874217987060547,6.8873820304870605,804.0,818.0,318.6000061035156,1063.199951171875,18.539003372192383,-0.06535457074642181,,,106.0,67.32148742675781,,152.04318237304688,,214.61334228515625,1184.0,,17.0,129.0,1062483.0,,,,,,,,240.0,4933.0,0.0,,0.0,,1.0,,,,,,,,,,,,,,,,2806964.0,,,,,,,,,,,0.0,6.8873820304870605,0.0,,,,,,,,,,,,""
10917480729,"Mar 8, 2024, 6:00:42 AM",🧠(Can't stop the brain),Ride,"",39275,48.70,170.0,77,false,,Scott,activities/11673888087.fit.gz,,7.0,39275.0,6153.0,48701.1796875,14.763995170593262,7.915030002593994,433.0,449.0,211.1999969482422,565.0,28.964746475219727,-0.041888151317834854,,,,,,136.72142028808594,,160.57521057128906,1367.0,,14.0,77.0,,,,,,,,,,,0.0,,0.0,,1.0,,,,,,,,,,,,,,,,2806964.0,,,,,,,,,,,0.0,1.240004539489746,732.9000244140625,,,,,,,,,,,,""
10921241601,"Mar 9, 2024, 8:32:52 AM",📺...,Virtual Ride,"",4920,51.24,,,false,,Scott,activities/11677799644.fit.gz,,7.0,4920.0,4920.0,51242.7890625,11.932031631469727,10.415201187133789,0.0,0.0,,,0.0,0.0,,,85.0,68.1418685913086,,,,211.05731201171875,1038.0,,,,,,,,,,,,222.0,4921.0,0.0,,0.0,,1.0,,,,,,,,,,,,,,,,2806964.0,,,,,,,,,,,0.0,10.415201187133789,0.0,,,,,,,,,,,,media/0a6c0fb0-1820-417f-bf04-79d9f7b70ef2.jpg
10929056482,"Mar 10, 2024, 9:21:29 AM",🥧 (Lisbon Half Marathon),Run,"Pastel de Nata powered
Thinking at Mauro's wrist",7289,24.24,191.0,206,false,,,activities/11685941681.fit.gz,,,7289.0,6530.0,24244.599609375,7.673828125,3.7128024101257324,416.0,394.0,4.199999809265137,212.1999969482422,44.44444274902344,0.011548960581421852,,,89.0,82.11651611328125,,157.90745544433594,,,1720.0,,17.0,206.0,,,,,,,,,,,0.0,,0.0,,1.0,25680.19921875,,,,,,,,,,,,,,,,,,,,,,,,,,0.0,3.3261899948120117,8408.099609375,,,,17852.0,,,,,,,,media/d4bf9e38-35e5-4717-9711-2d0b48662c3d.jpg|media/202b4c23-80c6-4f21-8539-7931ffd55e75.jpg|media/fa73b822-2e00-4f83-a977-9a843634e9fb.jpg|media/f17687b2-133a-4b11-9621-1d3732a11ef4.jpg|media/1c5e369c-ba07-443f-8449-8433a41221e8.jpg|media/b19951f5-b9a2-4762-8b76-edabf1c982d6.jpg
10937647758,"Mar 11, 2024, 4:26:00 PM",🇵🇹 (Collinau du Lisboa),Run,"",4044,12.01,161.0,28,false,,,activities/11694957612.fit.gz,,,4044.0,3478.0,12016.6904296875,6.987890720367432,3.4550576210021973,190.0,190.0,6.0,97.0,39.061607360839844,0.01497919112443924,,,86.0,80.28651428222656,,133.4427947998047,,,795.0,,24.0,28.0,,,,,,,,,,,0.0,,0.0,,1.0,12827.2001953125,,,,,,,,,,,,,,,,,,,,,,,,,,0.0,2.9714863300323486,1603.9000244140625,,,,9290.0,,,,,,,,media/8075ede2-36e6-49cb-b3ff-7abee9d76ec8.jpg|media/0fac110b-faa8-4c03-b88b-4320b7e34e82.jpg|media/f25c7614-c12e-4c55-be83-ac87b2568afd.jpg|media/374bdb02-6bfc-492c-9972-98da57c22f6a.jpg
10941318025,"Mar 12, 2024, 6:34:15 AM",✈️ (Lisbon Morning Activation),Run,Good vibes,3576,12.10,154.0,42,false,,,activities/11698734566.fit.gz,,,3576.0,3280.0,12099.1103515625,5.315991401672363,3.688753128051758,52.0,52.0,7.199999809265137,68.0,20.362342834472656,-0.028101252391934395,,,117.0,81.51814270019531,,140.6192626953125,,,814.0,,16.0,42.0,,,,,,,,,,,0.0,,0.0,,1.0,12281.5,,,,,,,,,,,,,,,,,,,,,,,,,,0.0,3.383419990539551,2369.10009765625,,,,8874.0,,,,,,,,media/2bc610ce-61c0-4aaa-a5b3-310394fb5a75.jpg|media/89515551-65d6-4c8d-9603-712e679951ff.jpg
10951971746,"Mar 13, 2024, 6:25:35 AM",✈️ (3AM delay and more),Ride,"",38999,48.65,156.0,57,false,,Scott,activities/11709743443.fit.gz,,7.0,38999.0,5972.0,48657.25,15.547998428344727,8.147562980651855,432.0,449.0,217.1999969482422,561.0,25.388042449951172,-0.0337052047252655,,,,,,132.74020385742188,,169.33355712890625,1248.0,,18.0,57.0,,,,,,,,,,,0.0,,0.0,,1.0,,,,,,,,,,,,,,,,2806964.0,,,,,,,,,,,0.0,1.2476537227630615,1206.5999755859375,,,,,,,,,,,,media/02c298fc-9a54-468d-9e80-fff8150d9c30.jpg
10957263618,"Mar 14, 2024, 10:52:23 AM",Lunch Run,Run,,3969,14.04,168.0,100,false,,,activities/11715204791.fit.gz,,,3969.0,3942.0,14046.3603515625,5.912011623382568,3.5632572174072266,307.0,334.0,384.3999938964844,705.2000122070312,16.74407196044922,-0.17655810713768005,,,87.0,82.30081939697266,,153.26492309570312,,,987.0,,20.0,100.0,,,,,,,,,,,,,0.0,,1.0,14826.599609375,,,,,,,,,,,,,,,,,,,,,,,,,,0.0,3.53901743888855,3411.89990234375,,,,10822.0,,,,,,,,""
10962726179,"Mar 15, 2024, 5:40:46 AM",🟥 (Con i pro al km),Run,"",3941,14.36,169.0,75,false,,,activities/11720837578.fit.gz,,,3941.0,3733.0,14360.189453125,5.445898532867432,3.846822738647461,56.0,56.0,206.8000030517578,224.60000610351562,14.51585865020752,-0.02924760989844799,,,87.0,82.02243041992188,,148.15447998046875,,,988.0,,15.0,75.0,,,,,,,,,,,0.0,,0.0,,1.0,14450.599609375,,,,,,,,,,,,,,,,,,,,,,,,,,0.0,3.6437933444976807,8654.400390625,,,,10182.0,,,,,,,,media/fcd568f6-74e9-4faf-9d16-e736d95ef379.jpg
10970582158,"Mar 16, 2024, 7:59:33 AM",🌸(La classica di primavera),Ride,Il gruppo è tornato 🤩🤩🤩,12863,101.76,168.0,205,false,,Scott,activities/11728971299.fit.gz,,7.0,12863.0,11849.0,101766.8046875,18.711999893188477,8.588640213012695,1287.0,1299.0,186.39999389648438,820.5999755859375,21.04977035522461,-0.01847359538078308,,,104.0,74.91009521484375,,143.83860778808594,,211.30624389648438,2800.0,,19.0,205.0,2508359.0,,,,,,,,236.0,12490.0,0.0,,0.0,,1.0,,,,,,,,,,,,,,,,2806964.0,,,,,,,,,,,0.0,7.911591529846191,0.0,,,,,,,,,,,,media/616f282e-6b6c-4260-8fa4-9c7aca6eb782.mp4
10976693353,"Mar 17, 2024, 6:52:00 AM",🥐 (Sorsi e Bocconi),Run,"30km with a progressive end
Worth the croissant ",8599,30.01,194.0,328,false,,,activities/11735347295.fit.gz,,,8599.0,8021.0,30014.66015625,6.532031059265137,3.7420098781585693,378.0,407.0,300.3999938964844,680.7999877929688,33.97036361694336,-0.2118963599205017,,,87.0,82.04824829101562,,165.0141143798828,,,2111.0,,16.0,328.0,,,,,,,,,,,0.0,,0.0,,1.0,30686.099609375,,,,,,,,,,,,,,,,,,,,,,,,,,0.0,3.490482807159424,16995.19921875,,,,21952.0,,,,,,,,media/22192723-b04d-463e-aa4f-bf0c7b72be26.jpg|media/bb4567b3-641c-41f9-9bc2-68079343edf0.jpg
10986852198,"Mar 18, 2024, 5:45:08 AM",🐴 (Stasera Cavallo),Ride,"",39953,47.86,167.0,61,false,,Scott,activities/11746248347.fit.gz,,7.0,39953.0,6182.0,47862.59765625,12.913249015808105,7.742251396179199,413.0,445.0,216.60000610351562,563.2000122070312,46.43756866455078,-0.04805422201752663,,,,,,132.71746826171875,,156.21530151367188,1254.0,,18.0,61.0,,,,,,,,,,,0.0,,0.0,,1.0,,,,,,,,,,,,,,,,2806964.0,,,,,,,,,,,0.0,1.1979725360870361,1792.4000244140625,,,,,,,,,,,,""
10992121951,"Mar 19, 2024, 10:28:08 AM",🐴(Cavallo a terra),Run,"",3925,13.17,168.0,62,false,,,activities/11751732574.fit.gz,,,3925.0,3925.0,13175.4794921875,10.907910346984863,3.3568100929260254,316.0,342.0,371.20001220703125,703.2000122070312,19.88156509399414,-0.2079622447490692,,,85.0,81.16022491455078,,144.92941284179688,,,897.0,,22.0,62.0,,,,,,,,,,,0.0,,0.0,,1.0,13963.599609375,,,,,,,,,,,,,,,,,,,,,,,,,,0.0,3.3568100929260254,1422.699951171875,,,,10620.0,,,,,,,,media/05dadea0-4021-4287-a329-2447e4518fd7.jpg|media/90ada8f4-d642-49f6-8149-2826c6376f56.jpg|media/ffa52c0e-dddc-4d06-aa4f-c405a572c684.jpg
11001877958,"Mar 20, 2024, 5:36:01 AM",🔟 (kg of CO2),Ride,"",40451,49.90,159.0,43,true,,Scott,activities/11761794653.fit.gz,,7.0,40451.0,6129.0,49899.08984375,16.574005126953125,8.141473770141602,384.0,391.0,218.60000610351562,561.7999877929688,18.40610694885254,-0.007615345064550638,,,,,,128.03045654296875,,163.6636962890625,1140.0,,20.0,43.0,,,,,,,,,,,0.0,,1.0,,1.0,,,,,,,,,,,,,,,,2806964.0,,,,,,,,,,,0.0,1.233568787574768,1166.0,,,,,,,,,,,,media/072cccd0-7707-4633-8787-b7391b0a965b.jpg
11005715724,"Mar 21, 2024, 5:45:35 AM",❇️(Starting to think about Sunday?),Run,"",3793,13.17,191.0,147,false,,,activities/11765664089.fit.gz,,,3793.0,3776.0,13169.8505859375,5.697998046875,3.4877781867980957,316.0,339.0,369.79998779296875,704.2000122070312,18.905197143554688,-0.18982751667499542,,,87.0,82.4097671508789,,163.96206665039062,,,953.0,,12.0,147.0,,,,,,,,,,,0.0,,0.0,,1.0,13912.400390625,,,,,,,,,,,,,,,,,,,,,,,,,,0.0,3.4721460342407227,1437.5,,,,10376.0,,,,,,,,""
11012321827,"Mar 22, 2024, 5:26:18 AM",👟 (New Shoes Test),Run,I need another 🫁,1896,8.50,160.0,32,false,,,activities/11772504706.fit.gz,,,1896.0,1896.0,8504.650390625,6.209997653961182,4.485575199127197,7.0,5.0,215.0,218.8000030517578,3.7783749103546143,0.030571401119232178,,,92.0,84.00211334228516,,143.75778198242188,,,574.0,,15.0,32.0,,,,,,,,,,,0.0,,0.0,,1.0,8526.5,,,,,,,,,,,,,,,,,,,,,,,,,,0.0,4.485575199127197,5557.10009765625,,,,5308.0,,,,,,,,media/d707cf45-8330-43c7-9b01-bb54739e7ebc.jpg|media/b9d1c87f-a32d-4b6e-b6c2-d9e2b643ffac.jpg
11017921877,"Mar 22, 2024, 11:24:55 PM",🛴(Micromobilita imposta),Run,10 km rubati ,1163,1.95,145.0,2,false,,,activities/11778279630.fit.gz,,,1163.0,564.0,1953.5999755859375,5.141992092132568,3.463829755783081,2.0,2.0,129.39999389648438,133.8000030517578,15.720534324645996,0.174037367105484,,,101.0,81.89692687988281,,119.28673553466797,,,133.0,,19.0,2.0,,,,,,,,,,,0.0,,0.0,,1.0,1969.300048828125,,,,,,,,,,,,,,,,,,,,,,,,,,0.0,1.6797935962677002,0.0,,,,1522.0,,,,,,,,media/8258260b-a841-4c9e-91ae-6e1083670d34.jpg|media/a07e4f17-a4e8-4ed4-af76-29a9257e6ecf.jpg
11025846243,"Mar 24, 2024, 7:32:07 AM",⏲️(Stra Milano 2024),Run,"Milan Half Marathon
Feeling great. 🤡",4595,21.41,196.0,207,false,,,activities/11786481112.fit.gz,,,4595.0,4588.0,21411.369140625,8.387890815734863,4.6668195724487305,50.0,51.0,118.5999984741211,136.1999969482422,33.222591400146484,-0.008406762965023518,,,96.0,85.71312713623047,,166.64112854003906,,,1385.0,,17.0,207.0,,,,,,,,,,,0.0,,0.0,,1.0,21472.5,,,,,,,,,,,,,,,,,,,,,,,,,,0.0,4.65971040725708,359.20001220703125,,,,13178.0,,,,,,,,""
11032678180,"Mar 25, 2024, 5:15:17 AM",❤️‍🩹(Recovery Ganda),Ride,"",3315,18.56,161.0,39,false,,Scott,activities/11793541124.fit.gz,,7.0,3315.0,3315.0,18562.791015625,17.130077362060547,5.599635124206543,667.0,682.0,395.3999938964844,1060.800048828125,26.153799057006836,-0.11528418958187103,,,100.0,60.580718994140625,,136.37669372558594,,205.7935333251953,763.0,,11.0,39.0,681888.0,,,,,,,,231.0,3316.0,0.0,,0.0,,1.0,,,,,,,,,,,,,,,,2806964.0,,,,,,,,,,,0.0,5.599635124206543,0.0,,,,,,,,,,,,""
11041054629,"Mar 26, 2024, 10:38:42 AM",🫘,Run,Post round discussions,3817,13.14,174.0,99,false,,,activities/11802134929.fit.gz,,,3817.0,3817.0,13148.109375,5.859961032867432,3.4446187019348145,311.0,341.0,371.79998779296875,705.5999755859375,19.90968894958496,-0.25250741839408875,,,86.0,81.70343780517578,,153.7702178955078,,,926.0,,16.0,99.0,,,,,,,,,,,0.0,,0.0,,1.0,13881.2998046875,,,,,,,,,,,,,,,,,,,,,,,,,,0.0,3.4446187019348145,1415.199951171875,,,,10404.0,,,,,,,,""
11046366658,"Mar 27, 2024, 5:02:41 AM",💭,Virtual Ride,"",3542,36.56,,,false,,Scott,activities/11808025533.fit.gz,,7.0,3542.0,3542.0,36567.6796875,12.647656440734863,10.324020385742188,0.0,0.0,,,0.0,0.0,,,83.0,65.53670501708984,,,,207.71710205078125,735.0,,,,,,,,,,,,218.0,3543.0,0.0,,0.0,,1.0,,,,,,,,,,,,,,,,2806964.0,,,,,,,,,,,0.0,10.324020385742188,0.0,,,,,,,,,,,,media/558c639d-dbe4-40f5-8952-5b1e7af5839e.jpg
11054641117,"Mar 28, 2024, 11:11:03 AM",Lunch Ride,Virtual Ride,,3610,37.35,,,false,,Scott,activities/11816663807.fit.gz,,7.0,3610.0,3610.0,37353.859375,12.798047065734863,10.347329139709473,0.0,0.0,,,0.0,0.0,,,76.0,63.590579986572266,,,,209.55123901367188,756.0,,,,,,,,,,,,220.0,3611.0,,,0.0,,1.0,,,,,,,,,,,,,,,,2806964.0,,,,,,,,,,,0.0,10.347329139709473,0.0,,,,,,,,,,,,""
11059408575,"Mar 29, 2024, 5:24:12 AM",🙂‍↔️,Run,Hai rotto il ☔,3754,13.14,176.0,95,false,,,activities/11821591462.fit.gz,,,3754.0,3736.0,13146.8896484375,5.77001953125,3.518974781036377,315.0,336.0,374.0,705.4000244140625,20.31390953063965,-0.18559540808200836,,,86.0,81.61738586425781,,153.56500244140625,,,928.0,,17.0,95.0,,,,,,,,,,,0.0,,0.0,,1.0,13876.900390625,,,,,,,,,,,,,,,,,,,,,,,,,,0.0,3.5021016597747803,1414.800048828125,,,,10178.0,,,,,,,,""
11061591373,"Mar 29, 2024, 12:18:34 PM",✌️(Double Trouble),Run,"Con liuke mai piano
Fight for stirred casoncello",3140,9.86,167.0,33,false,,,activities/11823849336.fit.gz,,,3140.0,3000.0,9866.099609375,5.6640625,3.2887001037597656,357.0,375.0,684.7999877929688,1062.4000244140625,34.226810455322266,-0.24528448283672333,,,87.0,81.09078979492188,,133.77015686035156,,,666.0,,17.0,33.0,,,,,,,,,,,0.0,,0.0,,1.0,10911.0,,,,,,,,,,,,,,,,,,,,,,,,,,0.0,3.1420700550079346,0.0,,,,8112.0,,,,,,,,media/65eb5039-0162-4489-9eb7-adec166b14ac.jpg|media/8b8a0b2a-9ccc-4a0e-a85b-715b53f750e7.jpg
11068815365,"Mar 30, 2024, 7:19:47 AM",✝️(INRI),Ride,"Waiting for resurrection.
It will take more than 3 days.
[strava://athletes/34490366/18]Leonardo Bertocchi Giuda
[strava://athletes/13909465/12]Luca Merelli Pilato",17138,115.01,193.0,282,false,,Scott,activities/11831569813.fit.gz,,7.0,17138.0,15876.0,115012.15625,18.673437118530273,7.244403839111328,2315.0,2328.0,251.8000030517578,1341.5999755859375,28.93745231628418,-0.01617223583161831,,,101.0,69.57036590576172,,143.66746520996094,,209.34275817871094,3710.0,,17.0,282.0,3319058.0,,,,,,,,230.0,16500.0,0.0,,0.0,,1.0,,,,,,,,,,,,,,,,2806964.0,,,,,,,,,,,0.0,6.710943698883057,28.200000762939453,,,,,,,,,,,,""
11075893659,"Mar 31, 2024, 7:32:32 AM",🐣 (Easter Egg),Run,Or Easter Legs? 🗿,4301,15.14,187.0,178,false,"",,activities/11839431765.gpx.gz,,,4301.0,4301.0,15139.22265625,6.007518291473389,3.5199310779571533,322.61334228515625,315.9911193847656,379.8999938964844,685.5,15.787978172302246,0.011889645829796791,,,84.0,80.89720916748047,,165.44720458984375,,,1456.86083984375,,13.0,178.0,,,,,,,,,,,0.0,,0.0,,1.0,15915.599609375,,,,,,,,,,,,,,,,,,,,,,,,,,0.0,3.5199310779571533,3009.89990234375,,,,,,,,,,,,""
11081494219,"Apr 1, 2024, 7:10:17 AM",🔣 (Muretti Bagnati),Ride,"",7605,32.19,160.0,65,false,"",Scott,activities/11845556724.gpx.gz,,7.0,7605.0,6909.0,32190.044921875,16.990924835205078,4.659146785736084,1397.6466064453125,1396.55908203125,389.1000061035156,1223.5,26.664813995361328,0.002485240576788783,,,,,,131.13534545898438,,173.43589782714844,1336.0703125,,15.0,65.0,,,,,,,,,,,0.0,,0.0,,1.0,,,,,,,,,,,,,,,,2806964.0,,,,,,,,,,,0.0,4.232747554779053,452.70001220703125,,,,,,,,,,,,media/5046a609-fbbd-439e-bccb-9507cef2844c.jpg|media/eb9aac34-4768-47dc-abe6-93252668c06e.jpg
11089800161,"Apr 2, 2024, 10:22:08 AM",↕️(Hilly 14),Run,"",4244,14.01,161.0,43,false,,,activities/11854357146.fit.gz,,,4244.0,4231.0,14011.58984375,5.2939453125,3.311649799346924,455.0,483.0,676.2000122070312,1062.5999755859375,34.990108489990234,-0.16843181848526,,,86.0,81.7301025390625,,133.73631286621094,,,1009.0,,21.0,43.0,,,,,,,,,,,0.0,,0.0,,1.0,15360.599609375,,,,,,,,,,,,,,,,,,,,,,,,,,0.0,3.3015055656433105,0.0,,,,11534.0,,,,,,,,media/c25e01da-0c35-466c-9287-0c7cc4601688.jpg|media/9a6ca22b-11ab-4c1c-acd8-ec84250a6dbe.jpg
11095599408,"Apr 3, 2024, 4:41:08 AM",🕊️(kcal>kJ),Run,Transforming two porridges + a colomba into action,4731,16.00,172.0,88,false,,,activities/11860404508.fit.gz,,,4731.0,4731.0,16007.0595703125,5.516015529632568,3.3834409713745117,359.0,378.0,375.3999938964844,705.0,21.78314208984375,-0.12869305908679962,,,88.0,82.43364715576172,,146.82766723632812,,,1131.0,,17.0,88.0,,,,,,,,,,,0.0,,0.0,,1.0,16869.69921875,,,,,,,,,,,,,,,,,,,,,,,,,,0.0,3.3834409713745117,3355.60009765625,,,,13000.0,,,,,,,,""
11106272771,"Apr 4, 2024, 2:10:38 PM",🧌(Zombie but local legend),Ride,"",10093,55.43,163.0,87,false,,Scott,activities/11871398900.fit.gz,,7.0,10093.0,8524.0,55438.48046875,18.140039443969727,6.503810405731201,1451.0,1473.0,335.0,1059.5999755859375,25.999755859375,-0.05663929134607315,,,99.0,65.59436798095703,163.0,133.8623504638672,,210.6315460205078,2006.0,,20.0,87.0,1795872.0,,,,,,,,232.0,9160.0,0.0,,0.0,,1.0,,,,,,,,,,,,,,,,2806964.0,,,,,,,,,,,0.0,5.492765426635742,0.0,,,,,,,151.0,77.0,,,,media/f430380c-eaff-4e3e-b0d7-d97288059dba.jpg
11109357567,"Apr 5, 2024, 4:03:39 AM",👴(Coppe del nonno),Run,Long days are the best days,2816,10.02,170.0,59,false,,,activities/11874544634.fit.gz,,,2816.0,2800.0,10021.650390625,5.465966701507568,3.579160690307617,39.0,43.0,209.0,228.60000610351562,18.93939208984375,-0.04590068757534027,,,85.0,81.91387176513672,170.0,150.12657165527344,,,717.0,,15.0,59.0,,,,,,,,,,,0.0,,0.0,,1.0,10089.099609375,,,,,,,,,,,,,,,,,,,,,,,,,,0.0,3.5588245391845703,6012.2998046875,,,,7626.0,,,,,3.603250026702881,,,media/cb23a4ed-b514-4d6e-b83b-9c0ddcb69dfb.jpg
11117315542,"Apr 6, 2024, 6:00:58 AM",💅,Ride,"",14442,101.77,170.0,166,false,,Scott,activities/11882786470.fit.gz,,7.0,14442.0,13142.0,101773.5234375,19.550479888916016,7.744143009185791,1716.0,1717.0,270.0,1057.4000244140625,18.89309310913086,-0.016900280490517616,,,107.0,75.91905212402344,170.0,137.11793518066406,,75.5253677368164,2487.0,,17.0,166.0,990112.0,,,,,,,,203.0,8953.0,0.0,,0.0,,1.0,,,,,,,,,,,,,,,,2806964.0,,,,,,,,,,,0.0,7.047051906585693,0.0,,,,,,,114.0,68.0,,,,media/140514f0-3e56-4902-84ef-e80127a7e629.jpg|media/8c5fdb92-6580-4cb7-ae92-1423aacab280.jpg
11124791064,"Apr 7, 2024, 6:09:46 AM",🇿🇲(Tour de Zambia),Ride,"",11343,68.52,159.0,88,false,,Scott,activities/11890470910.fit.gz,,7.0,11343.0,10092.0,68528.890625,16.946094512939453,6.790416717529297,1592.0,1583.0,344.6000061035156,1258.4000244140625,46.950408935546875,-0.010214670561254025,,,,,159.0,131.09359741210938,,181.55801391601562,1677.0,,19.0,88.0,,,,,,,,,,,0.0,,0.0,,1.0,,,,,,,,,,,,,,,,2806964.0,,,,,,,,,,,0.0,6.041513442993164,0.0,,,,,,,,,,,,media/7cc9b75c-71df-440a-906b-70cfb4a4c0ae.jpg|media/658150fc-16ae-47fc-98f5-cc7fa6321edd.jpg
11131982390,"Apr 8, 2024, 4:26:40 AM","🦓 (La sera Gazzelle, la mattina cog...)",Run,Lovely San Valentino classic,2814,10.30,173.0,61,false,,,activities/11897999899.fit.gz,,,2814.0,2800.0,10300.26953125,6.099987983703613,3.6786677837371826,53.0,52.0,222.1999969482422,260.79998779296875,27.521949768066406,0.0,,,86.0,80.58686065673828,173.0,150.75563049316406,,,724.0,,20.0,61.0,,,,,,,,,,,0.0,,0.0,,1.0,10415.099609375,,,,,,,,,,,,,,,,,,,,,,,,,,0.0,3.6603658199310303,365.1000061035156,,,,7536.0,,,,,3.7196786403656006,,,media/be02fcbb-3c4e-4dad-a317-1ddf09d59927.mp4|media/9484e2c8-0d12-4592-89fd-a02259b72832.jpg
11139438658,"Apr 9, 2024, 4:44:25 AM",🚤 (In barca),Run,"I remi, si intende.
Sensazioni as usual in scendendo
Kebab was pushing (not in the legs)
-6 ",4041,13.50,176.0,104,false,,,activities/11905652117.fit.gz,,,4041.0,4030.0,13508.919921875,5.588000297546387,3.3520894050598145,217.0,226.0,342.20001220703125,558.5999755859375,19.642351150512695,-0.05625894293189049,,,86.0,81.7021713256836,176.0,153.4935302734375,,,964.0,,17.0,104.0,,,,,,,,,,,0.0,,0.0,,1.0,14027.7001953125,,,,,,,,,,,,,,,,,,,,,,,,,,0.0,3.3429646492004395,3422.39990234375,,,,11000.0,,,,,3.480818748474121,,,media/06f51c55-7127-499e-8766-8c14c74b6751.jpg
11146977812,"Apr 10, 2024, 4:32:19 AM",Morning Ride,Virtual Ride,,3552,36.53,,,false,,Scott,activities/11913360519.fit.gz,,7.0,3552.0,3552.0,36537.0,12.149999618530273,10.286317825317383,0.0,0.0,,,0.0,0.0,,,81.0,67.51225280761719,,,,206.7091827392578,733.0,,,,,,,,,,,,218.0,3553.0,,,0.0,,1.0,,,,,,,,,,,,,,,,2806964.0,,,,,,,,,,,0.0,10.286317825317383,0.0,,,,,,,52.0,73.0,,,,""
11163729169,"Apr 12, 2024, 10:48:08 AM",🐿️(Central Park Activation),Run,"Every runner dreams about this run.
And the Chinese food feeding it.
And the jet lag.
Blessed ❤️🇺🇸🙌",4442,14.31,165.0,41,false,,,activities/11930554736.fit.gz,,,4442.0,4097.0,14313.4404296875,7.060156345367432,3.4936392307281494,141.0,129.0,7.800000190734863,36.79999923706055,25.765064239501953,0.0880291685461998,,,85.0,81.6635513305664,165.0,136.08731079101562,,,960.0,,18.0,41.0,,,,,,,,,,,0.0,,0.0,,1.0,14727.599609375,,,,,,,,,,,,,,,,,,,,,,,,,,0.0,3.2222962379455566,5288.89990234375,,,,11124.0,,,,,3.5947277545928955,,,media/05333447-8738-4b42-bd62-4364ecbd8330.mp4|media/b40e93e8-2a89-4d13-9b18-5dc3ed3c9b42.jpg|media/a52b2596-7ee7-4012-b9df-193c481d8568.jpg|media/9890325c-9d47-4974-b2cd-203786668c69.jpg|media/6fabd2fb-1045-47e7-9676-00a56a3da444.jpg
11171959811,"Apr 13, 2024, 11:54:52 AM",☘️ (Boston Exploration),Run,"Life at its fullest.
Blessed. 🙏",5034,13.75,167.0,63,false,,,activities/11939014028.fit.gz,,,5034.0,4275.0,13751.9697265625,6.809960842132568,3.2168350219726562,80.0,62.0,3.200000047683716,38.400001525878906,17.786348342895508,0.06399083137512207,,,110.0,80.6605224609375,167.0,143.4430694580078,,,980.0,,17.0,63.0,,,,,,,,,,,0.0,,0.0,,1.0,14007.2998046875,,,,,,,,,,,,,,,,,,,,,,,,,,0.0,2.7318174839019775,339.0,,,,11426.0,,,,,3.2765614986419678,,,media/33a685cd-8625-40b9-8336-581f46c11c05.mp4|media/1934665e-fa61-4a4b-9377-9193f02ca796.jpg|media/3e2f4ac1-07a9-4fe6-be78-26bacf2c2265.jpg|media/ae78c0a3-a9bf-4973-86c8-af1a9f5eee0d.jpg
11189052380,"Apr 15, 2024, 2:00:16 PM",🦄(Boston Marathon 2024),Run,"Definitely not an easy one
Legs got blasted by the Hills (especially 💔 one)
The donut at km 28 not a smart move
But still! It is
BOSTON MARATHON AND IT IS DONE!!!",10559,42.61,187.0,450,false,,,activities/11956710471.fit.gz,,,10559.0,10559.0,42615.37890625,6.025976657867432,4.0359296798706055,250.0,382.0,10.199999809265137,151.60000610351562,15.59390640258789,-0.3139711618423462,,,89.0,83.66281127929688,187.0,166.22964477539062,,,2886.0,,23.0,450.0,,,,,,,,,,,0.0,,0.0,,1.0,42756.5,,,,,,,,,,,,,,,,,,,,,,,,,,0.0,4.0359296798706055,89.19999694824219,,,,29474.0,,,,,4.049294471740723,,,media/90cdfc6c-b525-4ee4-bb37-08e5169f58e1.jpg
11203398197,"Apr 17, 2024, 1:05:52 PM",🇮🇱 (Prospect and more!),Ride,"How incredibile.
Blessed 🙏⭐🇺🇸",9624,35.26,156.0,34,false,,Scott,activities/11971385452.fit.gz,,7.0,9624.0,5852.0,35264.55859375,11.994140625,6.026069641113281,295.0,293.0,6.800000190734863,63.400001525878906,26.793750762939453,0.011909976601600647,,,,,156.0,123.86763000488281,,110.57923126220703,946.0,,19.0,34.0,,,,,,,,,,,0.0,,0.0,,1.0,,,,,,,,,,,,,,,,2806964.0,,,,,,,,,,,0.0,3.664231061935425,0.0,,,,,,,,,,,,media/f0d6d66c-cb1b-4c0d-a2a6-13b126a1e90c.jpg|media/0d82bb11-71a5-4b65-801f-93a0cdad3b6d.jpg|media/59c394d3-1c32-44e8-a08d-2d832f360aa7.jpg|media/9c0a1ccf-1fbf-4285-82d8-427b019cb77d.mp4
11209077992,"Apr 18, 2024, 11:38:01 AM",🎖️(Medaglie e Coppi),Virtual Run,Checking the legs back,3120,11.00,,,false,,,,,,3120.0,3120.0,11000.0,,3.5256409645080566,,,,,,0.0,,,,,,,,,1006.9032592773438,,,,,,,,,,,,,,0.0,,0.0,,0.0,,,,,,,,,,,,,,,,,,,,,,,,,,,0.0,3.5256409645080566,0.0,,,,,,,,,,,,media/f0b4e118-932b-4f7c-aadd-c245e8f4d960.jpg
11216947529,"Apr 19, 2024, 11:02:06 AM","🫑 (Pastrami, Peperoni and Jet Lag)",Ride,"But Bossico was calling
Another memorable 24h",10406,71.63,164.0,126,false,,Scott,activities/11985277226.fit.gz,,7.0,10406.0,9697.0,71631.359375,16.506250381469727,7.386960983276367,1246.0,1262.0,386.0,843.5999755859375,17.76133155822754,-0.030712805688381195,,,,,164.0,137.82562255859375,,177.6212158203125,1879.0,,20.0,126.0,,,,,,,,,,,0.0,,0.0,,1.0,,,,,,,,,,,,,,,,2806964.0,,,,,,,,,,,0.0,6.883659362792969,0.0,,,,,,,,,,,,media/8873b030-cc30-4013-beac-b84c7542c240.jpg|media/6d027f2d-e2ed-4f4a-b99d-01f3cdaffe62.jpg|media/071bdbeb-a7a0-4caf-8921-386a3ba78156.jpg|media/c2ace306-25d4-496c-b220-490cce00423d.jpg
11221453093,"Apr 20, 2024, 6:04:01 AM",🩼,Ride,"E tira e tira e tira
E il muscolo salta...",6687,46.41,171.0,77,false,,Scott,activities/11989930036.fit.gz,,7.0,6687.0,6450.0,46414.9921875,15.993993759155273,7.196122646331787,535.0,559.0,266.20001220703125,711.2000122070312,49.13253402709961,-0.07282127439975739,,,,,171.0,136.6816864013672,,148.24072265625,1272.0,,15.0,77.0,,,,,,,,,,,0.0,,0.0,,1.0,,,,,,,,,,,,,,,,2806964.0,,,,,,,,,,,0.0,6.9410786628723145,0.0,,,,,,,,,,,,""
11232654619,"Apr 21, 2024, 11:27:00 AM",🚶(Podcast and walking test),Hike,Not good ,2375,2.60,143.0,6,false,,,activities/12001476593.fit.gz,,,2375.0,2334.0,2608.389892578125,2.8125,1.1175620555877686,152.0,183.0,606.0,752.0,29.437471389770508,-1.2498122453689575,,,80.0,56.684417724609375,143.0,103.77854919433594,,,276.0,,18.0,6.0,,,,,,,,,,,0.0,,0.0,,1.0,,,,,,,,,,,,,,,,,,,,,,,,,,,0.0,1.0982694625854492,1035.199951171875,,,,,,,,,,,,""
11236490697,"Apr 22, 2024, 5:10:12 AM",🐸 (Rana bollita),Swim,Not even free style :'(,2792,"1,750",122.0,8,false,,,activities/12005459815.fit.gz,,,2792.0,2592.0,1750.0,1.6679999828338623,0.6751543283462524,0.0,0.0,0.0,0.0,0.0,0.0,,,,24.0,122.0,102.16654205322266,,,454.0,,,8.0,,,,,,,,,,,0.0,,0.0,,1.0,,,,,,,,,,,,,,,,,,,,,,,,,,,0.0,0.6267908215522766,0.0,,,,,,,,,,,,""
11244065151,"Apr 23, 2024, 7:01:47 AM","❄️ (Anca sembra ok, il resto no)",Run,"From 27°C to 0°C in one week.
Maybe the body can't really deal with that.",3073,10.05,168.0,50,false,,,activities/12013261726.fit.gz,,,3073.0,3021.0,10049.900390625,5.199999809265137,3.3266799449920654,298.0,323.0,381.20001220703125,711.5999755859375,19.140186309814453,-0.3024902045726776,,,84.0,81.42057800292969,168.0,144.604248046875,,,695.0,,12.0,50.0,,,,,,,,,,,0.0,,0.0,,1.0,10759.7998046875,,,,,,,,,,,,,,,,,,,,,,,,,,0.0,3.2703874111175537,0.0,,,,8214.0,,,,,3.5616683959960938,,,""
11251527736,"Apr 24, 2024, 5:01:13 AM",🥲 (Bike see you in a while),Ride,"",1628,8.61,152.0,8,false,,Scott,activities/12020908761.fit.gz,,7.0,1628.0,1628.0,8616.0498046875,13.052007675170898,5.29241418838501,252.0,207.0,362.20001220703125,564.5999755859375,29.338937759399414,-0.0789223313331604,,,,,152.0,122.43270111083984,,144.89149475097656,306.0,,13.0,8.0,,,,,,,,,,,0.0,,0.0,,1.0,,,,,,,,,,,,,,,,2806964.0,,,,,,,,,,,0.0,5.29241418838501,0.0,,,,,,,,,,,,""
11268826258,"Apr 26, 2024, 1:28:38 PM",💊 (Ganda e Ibuprofene),Ride,Test. It's okeish,3927,18.65,142.0,14,false,,Scott,activities/12038920345.fit.gz,,7.0,3927.0,3390.0,18658.900390625,17.019922256469727,5.504100322723389,664.0,668.0,397.20001220703125,1062.800048828125,15.770371437072754,-0.11040294915437698,,,,,142.0,121.79380798339844,,184.11216735839844,566.0,,17.0,14.0,,,,,,,,,,,0.0,,0.0,,1.0,,,,,,,,,,,,,,,,2806964.0,,,,,,,,,,,0.0,4.751438617706299,0.0,,,,,,,,,,,,""
11273002825,"Apr 27, 2024, 5:48:35 AM",☔,Ride,"Of course, the sun came out just at the end.
Mind game as always...",7374,37.16,145.0,23,false,,Scott,activities/12043245037.fit.gz,,7.0,7374.0,7298.0,37165.140625,16.665624618530273,5.092510223388672,1331.0,1354.0,388.20001220703125,1061.4000244140625,18.232948303222656,-0.0640384703874588,,,,,145.0,110.95464324951172,,163.52537536621094,870.0,,11.0,23.0,,,,,,,,,,,0.0,,0.0,,1.0,,,,,,,,,,,,,,,,2806964.0,,,,,,,,,,,0.0,5.040024280548096,0.0,,,,,,,,,,,,""
11291623864,"Apr 29, 2024, 4:49:22 AM",☀️ (Finally sunny and back to my routine),Ride,"",39882,48.62,172.0,66,false,,Scott,activities/12062408230.fit.gz,,7.0,39882.0,5942.0,48623.0,16.062000274658203,8.182934761047363,395.0,421.0,215.39999389648438,561.2000122070312,36.658817291259766,-0.04648013785481453,,,,,172.0,133.3535614013672,,168.8069610595703,1236.0,,21.0,66.0,,,,,,,,,,,0.0,,0.0,,1.0,,,,,,,,,,,,,,,,2806964.0,,,,,,,,,,,0.0,1.2191715240478516,1265.9000244140625,,,,,,,,,,,,""
11300463140,"Apr 30, 2024, 2:27:52 PM",✝️ (Pighet e Via Crucis),Ride,"",10869,48.48,171.0,87,false,,Scott,activities/12071502029.fit.gz,,7.0,10869.0,8840.0,48479.94140625,16.754688262939453,5.484156131744385,1280.0,1147.0,289.3999938964844,712.0,48.8296012878418,0.2343236654996872,,,,,171.0,131.13858032226562,,163.74371337890625,1648.0,,25.0,87.0,,,,,,,,,,,0.0,,0.0,,1.0,,,,,,,,,,,,,,,,2806964.0,,,,,,,,,,,0.0,4.460386753082275,8233.2001953125,,,,,,,,,,,,media/55a6d94c-9169-4125-89c0-07d5772c1dec.jpg|media/07cd6ff6-d610-431d-900b-0d91d718f1ae.jpg
11304890192,"May 1, 2024, 5:46:21 AM",🥽 (Skiing or cycling?),Ride,"",11389,77.99,169.0,152,false,,Scott,activities/12076033560.fit.gz,,7.0,11389.0,10021.0,77995.25,17.990234375,7.783180236816406,1554.0,1565.0,385.20001220703125,1521.800048828125,17.488012313842773,-0.038207437843084335,,,,,169.0,140.834716796875,,216.60073852539062,2001.0,,18.0,152.0,,,,,,,,,,,0.0,,0.0,,1.0,,,,,,,,,,,,,,,,2806964.0,,,,,,,,,,,0.0,6.848296642303467,1049.800048828125,,,,,,,,,,,,media/d21c4f30-6639-46ae-8c95-ceae3d56b00d.jpg|media/c0cd9a8a-cdd9-427b-abb9-4917dd3f220a.jpg
11312560110,"May 2, 2024, 3:52:47 AM",🫒 (Peposo and hills),Run,"Back to running
Definitely there's something wrong on breathing
But worth every bit of it
Strade bianche and dirty trails
+ 🦌",3298,10.01,157.0,31,false,,,activities/12083934022.fit.gz,,,3298.0,2969.0,10017.5703125,4.512011528015137,3.3740553855895996,218.0,215.0,232.1999969482422,366.6000061035156,21.774812698364258,-0.0019966140389442444,,,85.0,79.84942626953125,157.0,138.24612426757812,,,672.0,,19.0,31.0,,,,,,,,,,,0.0,,0.0,,1.0,10647.0,,,,,,,,,,,,,,,,,,,,,,,,,,0.0,3.037468194961548,4264.2998046875,,,,7890.0,,,,,3.5860559940338135,,,media/40335cdb-2ae4-4f23-b811-4fe53c2a4b99.jpg|media/aaf38978-ebb7-4fa2-b597-06b0e64c99e5.jpg|media/4d8973ca-a6f3-4afb-a9a5-a0548e22da61.jpg|media/9c9a29cd-e55d-4831-8d4b-12406084fd1d.jpg|media/e61141dc-d10c-47f4-9c79-07c1a5fb6b5e.jpg
11319882069,"May 3, 2024, 4:46:39 AM",☔,Virtual Run,"",3300,12.30,,,false,,,,,,3300.0,3300.0,12300.0,,3.7272727489471436,,,,,,0.0,,,,,,,,,1125.90087890625,,,,,,,,,,,,,,0.0,,0.0,,0.0,,,,,,,,,,,,,,,,,,,,,,,,,,,0.0,3.7272727489471436,0.0,,,,,,,,,,,,""
11329138373,"May 4, 2024, 6:28:58 AM",🔙 (Back at it),Ride,Confidence slowly building up,16881,110.77,164.0,177,false,,Scott,activities/12100962738.fit.gz,,7.0,16881.0,16197.0,110771.09375,18.373437881469727,6.838988304138184,2701.0,2681.0,226.8000030517578,1085.0,24.556447982788086,-0.010652587749063969,,,,,164.0,134.39857482910156,,195.32823181152344,2908.0,,18.0,177.0,,,,,,,,,,,0.0,,0.0,,1.0,,,,,,,,,,,,,,,,2806964.0,,,,,,,,,,,0.0,6.561879634857178,0.0,,,,,,,,,,,,media/81b55b21-3589-47b1-b74a-f09dc37a6e52.jpg|media/09c1ac52-3577-475c-8fc3-fbde0363bc26.jpg
11336826754,"May 5, 2024, 5:00:30 AM",✈️ (Rifugio Medelet),Ride,"On the BGY day, this is what makes me fly:
Food, views, nature, Exploration
That's sport and cycling to me
Ahhh, almost forgot: crazy stupid %
❤️☀️",20371,111.02,175.0,224,false,,Scott,activities/12108890657.fit.gz,,7.0,20371.0,18376.0,111025.2890625,16.516016006469727,6.041863441467285,2621.0,2689.0,188.0,1548.0,48.54197692871094,-0.0273811724036932,,,,,175.0,137.00164794921875,,164.26116943359375,3152.0,,18.0,224.0,,,,,,,,,,,0.0,,0.0,,1.0,,,,,,,,,,,,,,,,2806964.0,,,,,,,,,,,0.0,5.450163841247559,6017.2001953125,,,,,,,,,,,,media/1520a593-45c3-4e55-b5d5-fecf7dd6d4e4.jpg|media/6026d67a-44d2-47e2-8056-338f453c64f4.jpg|media/47742bd2-cf31-45e3-bacd-da291aad6c65.jpg|media/ba95723c-cb21-4abc-a592-c1f7708cc681.jpg
11346406629,"May 6, 2024, 4:46:06 AM",🌬️ (Gravel Windy Monday),Ride,"",40781,53.50,178.0,81,false,,Scott,activities/12118769962.fit.gz,,7.0,40781.0,7251.0,53505.34765625,16.008007049560547,7.379030227661133,596.0,629.0,214.60000610351562,700.2000122070312,26.050086975097656,-0.048219457268714905,,,,,178.0,134.62391662597656,,147.14422607421875,1532.0,,19.0,81.0,,,,,,,,,,,0.0,,0.0,,1.0,,,,,,,,,,,,,,,,2806964.0,,,,,,,,,,,0.0,1.3120166063308716,1092.9000244140625,,,,,,,,,,,,""
11353442999,"May 7, 2024, 1:47:48 PM",⁉️ (What you do in the worst days >>),Run,"Not sure if I want to blame the 16h of training
Or the trocantherites that still holds
But... Very poor feelz
And those are the days where you have to give more of yourself!",3998,13.10,152.0,29,false,,,activities/12125989246.fit.gz,,,3998.0,3931.0,13105.5,6.354000091552734,3.3338844776153564,315.0,317.0,371.79998779296875,691.0,15.809852600097656,-0.10987772047519684,,,84.0,80.27165985107422,152.0,133.7136993408203,,,838.0,,20.0,29.0,,,,,,,,,,,0.0,,0.0,,1.0,13869.2001953125,,,,,,,,,,,,,,,,,,,,,,,,,,0.0,3.2780139446258545,1413.5999755859375,,,,10540.0,,,,,3.528160810470581,,,""
11358360708,"May 8, 2024, 4:05:18 AM",🌈(Andrà tutto bene),Ride,Don't know why but my breathing was better when I had COVID 👑,6263,36.24,167.0,58,false,,Scott,activities/12131008645.fit.gz,,7.0,6263.0,5945.0,36247.8203125,17.514062881469727,6.097194671630859,948.0,949.0,319.20001220703125,1079.5999755859375,29.681272506713867,-0.04634757712483406,,,,,167.0,133.58609008789062,,168.0815887451172,1113.0,,14.0,58.0,,,,,,,,,,,0.0,,0.0,,1.0,,,,,,,,,,,,,,,,2806964.0,,,,,,,,,,,0.0,5.787613391876221,0.0,,,,,,,,,,,,""
11366021146,"May 9, 2024, 3:37:33 AM",🐌 (Slowly back to normal breathing),Run,Still some stiffness in the 🍑,3723,13.22,174.0,101,false,,,activities/12138878107.fit.gz,,,3723.0,3723.0,13227.4501953125,9.845995903015137,3.552901029586792,172.0,172.0,223.8000030517578,372.79998779296875,20.073036193847656,0.0015119841555133462,,,84.0,80.66109466552734,174.0,154.80517578125,,,934.0,,16.0,101.0,,,,,,,,,,,0.0,,0.0,,1.0,13600.900390625,,,,,,,,,,,,,,,,,,,,,,,,,,0.0,3.552901029586792,2125.300048828125,,,,10022.0,,,,,3.653209686279297,,,""
11371152119,"May 9, 2024, 3:35:44 PM",🐺 (Col lupo prima dell'hamburger),Ride,"",5636,26.23,153.0,28,false,,Scott,activities/12144161799.fit.gz,,7.0,5636.0,4896.0,26235.26953125,18.619922637939453,5.358510971069336,786.0,648.0,353.0,1062.5999755859375,29.34854507446289,0.4932290315628052,,,,,153.0,124.30635833740234,,166.9071502685547,801.0,,20.0,28.0,,,,,,,,,,,0.0,,0.0,,1.0,,,,,,,,,,,,,,,,2806964.0,,,,,,,,,,,0.0,4.654944896697998,0.0,,,,,,,,,,,,media/90fbb746-a17f-406a-9423-b6e7cbe3b72d.jpg|media/41c328d7-761b-47f8-8d7c-da8864b59065.jpg
11378668565,"May 10, 2024, 4:38:18 AM",🌦️ (Selvino Gravel Variations),Ride,"",42544,62.53,165.0,71,false,,Scott,activities/12151902449.fit.gz,,7.0,42544.0,8382.0,62530.109375,17.811717987060547,7.460046768188477,982.0,991.0,216.0,1059.199951171875,17.434614181518555,-0.02398844249546528,,,,,165.0,129.66323852539062,,175.312744140625,1564.0,,23.0,71.0,,,,,,,,,,,0.0,,0.0,,1.0,,,,,,,,,,,,,,,,2806964.0,,,,,,,,,,,0.0,1.4697750806808472,1256.4000244140625,,,,,,,,,,,,media/51e387d7-a028-48bd-bfd1-767c648c9f8f.jpg|media/9b2b34eb-2a53-4fb3-9ab2-5b6c25e39987.jpg
11382899847,"May 11, 2024, 5:38:30 AM",🧨 (Gotto esplosivo = gambe esplose),Ride,"",12185,59.56,167.0,99,false,,Scott,activities/12156263557.fit.gz,,7.0,12185.0,11061.0,59560.41015625,17.671875,5.3847222328186035,2012.0,2031.0,383.0,1530.199951171875,41.78683853149414,-0.038952067494392395,,,,,167.0,131.76963806152344,,175.65069580078125,1973.0,,20.0,99.0,,,,,,,,,,,0.0,,0.0,,1.0,,,,,,,,,,,,,,,,2806964.0,,,,,,,,,,,0.0,4.8880109786987305,9214.7998046875,,,,,,,,,,,,media/d001a26c-972c-4144-b3d3-7454338a3b5a.mp4|media/28630c8c-d1d8-4d83-988a-c50e3386a0b5.jpg|media/a740e3ca-2bd6-4999-849c-dcd6c6d83ced.jpg
11392993455,"May 12, 2024, 5:46:47 AM",🏆(Montecampione 1800),Ride,An alternative way of spending the big Sunday lunch,23083,137.85,169.0,263,false,,Scott,activities/12166679058.fit.gz,,7.0,23083.0,19540.0,137849.265625,18.174999237060547,7.054722309112549,3214.0,3210.0,187.60000610351562,1729.199951171875,19.71678352355957,-0.010156020522117615,,,,,169.0,137.56317138671875,,199.27056884765625,3475.0,,23.0,263.0,,,,,,,,,,,0.0,,0.0,,1.0,,,,,,,,,,,,,,,,2806964.0,,,,,,,,,,,0.0,5.971895694732666,33.0,,,,,,,,,,,,media/4a1aa970-a2bd-45df-b8a1-907ea35c72e7.jpg|media/404ea197-cb7d-448a-85d6-89f527e488f0.jpg|media/2936f953-8306-4f9f-9320-df64cf8885c7.jpg|media/d8b68171-f3ea-4298-8356-20e1d56a163b.jpg|media/39d7d273-f3e1-4b71-bc2c-61401fc16830.jpg
11397671039,"May 13, 2024, 2:53:29 AM",Morning Workout,Workout,,61,0,50.0,0,false,,,activities/12171512658.fit.gz,,,61.0,61.0,0.0,0.0,0.0,0.0,0.0,572.2000122070312,572.4000244140625,0.0,0.0,,,,,50.0,41.344261169433594,,,1.0,,29.0,0.0,,,,,,,,,,,,,0.0,,1.0,,,,,,,,,,,,,,,,,,,,,,,,,,,0.0,0.0,0.0,,,,,,,,,,,,""
11401463580,"May 13, 2024, 4:53:20 AM",🩻(Monday Z2 with Poggy's Trainer),Ride,Human physiology is exciting.,40313,54.07,172.0,56,false,,Scott,activities/12175448464.fit.gz,,7.0,40313.0,6956.0,54070.96875,15.763989448547363,7.773284912109375,591.0,623.0,213.8000030517578,705.2000122070312,28.543663024902344,-0.05104409158229828,,,,,172.0,127.75108337402344,,160.89276123046875,1329.0,,22.0,56.0,,,,,,,,,,,0.0,,0.0,,1.0,,,,,,,,,,,,,,,,2806964.0,,,,,,,,,,,0.0,1.3412787914276123,837.9000244140625,,,,,,,,,,,,media/d635d3b8-0b41-4455-b35b-bcbddeb893b5.jpg|media/a5a1f5fd-83bf-406d-bb1e-8e9993951ed4.jpg
11405966905,"May 14, 2024, 4:29:18 AM",☔ (Nothing goes in the right way),Ride,"2xkebab, rain at 6.45AM and more",6617,42.39,170.0,61,false,,Scott,activities/12180052704.fit.gz,,7.0,6617.0,6442.0,42396.08984375,19.200000762939453,6.581200122833252,1194.0,1219.0,316.20001220703125,1059.0,44.220176696777344,-0.061798181384801865,,,,,170.0,131.7001495361328,,199.95364379882812,1217.0,,15.0,61.0,,,,,,,,,,,0.0,,0.0,,1.0,,,,,,,,,,,,,,,,2806964.0,,,,,,,,,,,0.0,6.40714693069458,0.0,,,,,,,,,,,,""
11407387368,"May 14, 2024, 10:06:49 AM",🧩(Incastrare),Ride,Squeezed some not-raining Z2,3307,18.48,152.0,18,false,,Scott,activities/12181519997.fit.gz,,7.0,3307.0,3251.0,18487.08984375,16.8759765625,5.686585426330566,670.0,659.0,389.6000061035156,1061.4000244140625,20.698707580566406,0.04219153895974159,,,,,152.0,125.84480285644531,,196.47286987304688,583.0,,21.0,18.0,,,,,,,,,,,0.0,,0.0,,1.0,,,,,,,,,,,,,,,,2806964.0,,,,,,,,,,,0.0,5.590290069580078,0.0,,,,,,,,,,,,""
11413796172,"May 15, 2024, 3:45:43 AM",🪙(L'oro in bocca),Virtual Ride,Sarà una giornata lunga,4920,51.00,,,false,,Scott,activities/12188078788.fit.gz,,7.0,4920.0,4920.0,51000.2109375,11.953906059265137,10.365896224975586,0.0,0.0,,,0.0,0.0,,,80.0,62.738006591796875,,,,208.81788635253906,1027.0,,,,,,,,,,,,220.0,4921.0,0.0,,0.0,,1.0,,,,,,,,,,,,,,,,2806964.0,,,,,,,,,,,0.0,10.365896224975586,0.0,,,,,,,73.0,73.0,,,,""
11423493704,"May 16, 2024, 9:43:14 AM",🛑 (Altino e Gandino Gravel),Ride,"",6353,33.94,158.0,30,false,,Scott,activities/12198047013.fit.gz,,7.0,6353.0,6264.0,33944.80859375,17.852148056030273,5.419031143188477,1200.0,1213.0,363.6000061035156,1076.800048828125,27.93235206604004,-0.07070299983024597,,,,,158.0,122.5835189819336,,184.50326538085938,936.0,,23.0,30.0,,,,,,,,,,,0.0,,0.0,,1.0,,,,,,,,,,,,,,,,2806964.0,,,,,,,,,,,0.0,5.343114852905273,0.0,,,,,,,,,,,,media/4decc2c2-6a97-466a-8a14-38e340cf7ce6.jpg|media/7a8b008e-dc58-422c-99cf-0502f6d505a6.jpg
11433021936,"May 17, 2024, 4:48:36 AM",🔁,Ride,"",40138,54.20,156.0,51,false,,Scott,activities/12207849901.fit.gz,,7.0,40138.0,6813.0,54202.578125,16.166015625,7.9557576179504395,600.0,621.0,213.1999969482422,707.2000122070312,21.733230590820312,-0.04833720624446869,,,,,156.0,129.19879150390625,,173.1333465576172,1321.0,,21.0,51.0,,,,,,,,,,,0.0,,0.0,,1.0,,,,,,,,,,,,,,,,2806964.0,,,,,,,,,,,0.0,1.3504055738449097,1214.0,,,,,,,,,,,,""
11438764741,"May 18, 2024, 6:03:59 AM",📈(Slowly Up!),Ride,Another Vikings + Ian Spampatti experience,23683,154.92,170.0,317,false,,Scott,activities/12213767193.fit.gz,,7.0,23683.0,20216.0,154925.328125,17.959375381469727,7.6635003089904785,3205.0,3175.0,185.1999969482422,1298.4000244140625,44.92096710205078,0.0025818890426307917,,,107.0,75.18683624267578,170.0,141.74661254882812,,218.61622619628906,4937.0,,21.0,317.0,4437537.0,,,,,,,,247.0,21331.0,0.0,,0.0,,1.0,,,,,,,,,,,,,,,,2806964.0,,,,,,,,,,,0.0,6.5416259765625,1013.5999755859375,,,,,,,400.0,82.0,,,,media/807c20b7-f5ef-4c66-b1a4-b392bb4752ef.jpg|media/9da9f1dd-5062-4675-a165-d88cc7b3a8fe.jpg|media/c8b40829-d641-4f48-b38c-597cf7d97ab8.jpg|media/234e204d-989d-40f8-a1ec-eb93d6847a9e.jpg|media/59217dac-9a20-47ac-8015-05fc68a70d47.jpg|media/3bba0ebf-0e9b-4766-9c18-4fa598dabb57.jpg
11445223726,"May 19, 2024, 6:47:52 AM",🤢 (Indigestion Ascensions),Ride,🥲,8549,37.07,159.0,53,false,,Scott,activities/12220453673.fit.gz,,7.0,8549.0,7290.0,37070.9296875,17.943750381469727,5.085175514221191,1357.0,1361.0,395.20001220703125,1086.199951171875,26.478193283081055,-0.05502954497933388,,,,,159.0,127.83260345458984,,169.10008239746094,1203.0,,22.0,53.0,,,,,,,,,,,0.0,,0.0,,1.0,,,,,,,,,,,,,,,,2806964.0,,,,,,,,,,,0.0,4.3362884521484375,0.0,,,,,,,,,,,,media/09eb1fff-9df0-4f8e-aff4-4b0c2a1a1941.jpg
11452503846,"May 20, 2024, 4:06:04 AM",🎢 (The local amusement park),Ride,"Officially open at morning hours
❤️👀",7264,41.12,167.0,114,false,,Scott,activities/12227984711.fit.gz,,7.0,7264.0,7107.0,41121.0,19.258007049560547,5.785985946655273,1348.0,1371.0,387.3999938964844,1064.5999755859375,36.331382751464844,-0.05787793919444084,,,100.0,59.71625518798828,167.0,142.5250701904297,,196.67410278320312,1574.0,,16.0,114.0,1399658.0,,,,,,,,234.0,7265.0,0.0,,0.0,,1.0,,,,,,,,,,,,,,,,2806964.0,,,,,,,,,,,0.0,5.660930633544922,0.0,,,,,,,122.0,78.0,,,,media/f2067591-4087-4966-b1bb-5c1c95cd8e5c.jpg|media/a1f34d8b-dde8-49aa-be00-848a5e8c7c00.jpg
11457179362,"May 20, 2024, 3:55:42 PM",🩻(The running is the missing piece),Run,Hard as fuck to be back,3539,7.23,148.0,13,false,,,activities/12232808912.fit.gz,,,3539.0,3171.0,7238.2001953125,5.616666793823242,2.282623767852783,379.0,394.0,686.2000122070312,1082.4000244140625,46.0,-0.24591749906539917,,,89.0,61.21980667114258,148.0,117.20196533203125,,,482.0,,20.0,13.0,,,,,,,,,,,0.0,,0.0,,1.0,9025.693359375,,,,,,,,,,,,,,,,,,,,,,,,,,0.0,2.045267105102539,2005.0999755859375,,,,,,,,,,,,""
11460427857,"May 21, 2024, 3:42:02 AM","🐢(Z2, Rain and Mind Stimuli)",Virtual Ride,"",3748,40.17,,,false,,Scott,activities/12236142703.fit.gz,,7.0,3748.0,3748.0,40171.19921875,11.019922256469727,10.718035697937012,0.0,0.0,,,0.0,0.0,,,78.0,62.54591751098633,,,,226.77455139160156,849.0,,,,,,,,,,,,226.0,3749.0,0.0,,0.0,,1.0,,,,,,,,,,,,,,,,2806964.0,,,,,,,,,,,0.0,10.718035697937012,0.0,,,,,,,58.0,75.0,,,,media/edb81e17-ddc7-42ef-be30-5a5e2e2d03b9.jpg|media/09335144-dc36-43de-b52a-3efa4f6eb44a.jpg
11468624421,"May 22, 2024, 4:48:48 AM",🪶(Re-Animation),Run,"6h of weird sleep, no running in weeks
But when you eat at The Manzoni
You just get faster 😊",4068,15.01,155.0,53,false,,,activities/12244558631.fit.gz,,,4068.0,4028.0,15013.5,7.438000679016113,3.7272839546203613,11.0,14.0,124.80000305175781,134.39999389648438,7.048488140106201,-0.033303309231996536,,,85.0,81.10294342041016,155.0,142.0889892578125,,,961.0,,22.0,53.0,,,,,,,,,,,0.0,,0.0,,1.0,15040.099609375,,,,,,,,,,,,,,,,,,,,,,,,,,0.0,3.69063401222229,2519.300048828125,,,,10902.0,,,,,3.7338876724243164,,,media/10c33899-82f3-4da3-aaf8-036df934d941.jpg|media/58ea3f9a-f514-4aa1-b138-17aac4db928e.jpg|media/b384df3a-0cca-4804-a928-98e48f63c08b.jpg|media/536ff77e-5337-49a0-85ca-bd8a6b5297b7.jpg|media/db29bdd3-ad2f-431e-9b60-3dad11e0c630.jpg|media/fa5c563e-2fdb-40a2-b928-b533ae069529.jpg
11472816227,"May 22, 2024, 4:45:17 PM",✌️(A spare hour),Run,"",2745,10.00,179.0,69,false,,,activities/12248870980.fit.gz,,,2745.0,2718.0,10007.2099609375,7.434000015258789,3.681828498840332,42.0,45.0,204.1999969482422,222.60000610351562,16.313215255737305,-0.05396103486418724,,,85.0,80.34970092773438,179.0,153.5733184814453,,,704.0,,19.0,69.0,,,,,,,,,,,0.0,,0.0,,1.0,10069.099609375,,,,,,,,,,,,,,,,,,,,,,,,,,0.0,3.645613670349121,6957.5,,,,7306.0,,,,,3.704598903656006,,,media/9cdbba6a-e5fa-48fc-9a70-18abbc1848e8.jpg
11476248273,"May 23, 2024, 3:58:59 AM",⚫🔵 (Atalanta e Casoncello Pizza),Ride,"",4645,25.17,151.0,27,false,,Scott,activities/12252384549.fit.gz,,7.0,4645.0,4610.0,25178.44921875,17.019922256469727,5.461702823638916,978.0,982.0,393.6000061035156,1071.4000244140625,33.730140686035156,-0.11279472708702087,,,98.0,58.24028015136719,151.0,122.87894439697266,,207.56890869140625,1068.0,,15.0,27.0,954768.0,,,,,,,,244.0,4646.0,0.0,,0.0,,1.0,,,,,,,,,,,,,,,,2806964.0,,,,,,,,,,,0.0,5.420548915863037,0.0,,,,,,,85.0,81.0,,,,media/7a130eaf-cdf5-4c3a-81fc-19c43aab2cdb.jpg|media/61466cdc-050b-4337-8faa-1e603514b86b.jpg
11477961710,"May 23, 2024, 10:35:46 AM",🔊(Volume up),Run,"Feel the lactic acid and try to burn it back
That's what Poggy told me you should do",3206,10.00,156.0,19,false,,,activities/12254159402.fit.gz,,,3206.0,3167.0,10007.16015625,5.22998046875,3.159823179244995,299.0,323.0,381.0,707.2000122070312,17.875370025634766,-0.25981396436691284,,,82.0,79.33548736572266,156.0,131.974853515625,,,641.0,,22.0,19.0,,,,,,,,,,,0.0,,0.0,,1.0,10724.0,,,,,,,,,,,,,,,,,,,,,,,,,,0.0,3.121384859085083,0.0,,,,8396.0,,,,,3.386169910430908,,,""
11486725693,"May 24, 2024, 4:11:35 AM",💥(All good no worries),Ride,"",37490,34.32,168.0,34,false,,Scott,activities/12263180522.fit.gz,,7.0,37490.0,3792.0,34327.48046875,16.191997528076172,9.052605628967285,114.0,547.0,219.0,707.2000122070312,22.62238311767578,-1.242153525352478,,,,,168.0,129.4961700439453,,140.2972869873047,794.0,,17.0,34.0,,,,,,,,,,,0.0,,0.0,,1.0,,,,,,,,,,,,,,,,2806964.0,,,,,,,,,,,0.0,0.9156436324119568,632.9000244140625,,,,,,,,,,,,media/500dd91e-336e-4470-aaeb-35379f241159.jpg
11490905137,"May 25, 2024, 4:52:12 AM",🥐 (Croissant Half),Run,My new favourite Saturday morning ,7691,23.01,167.0,63,false,,,activities/12267496797.fit.gz,,,7691.0,6698.0,23010.87890625,5.954297065734863,3.4354851245880127,388.0,394.0,327.3999938964844,708.0,26.584186553955078,-0.07735466212034225,,,122.0,81.82858276367188,167.0,137.26576232910156,,,1509.0,,17.0,63.0,,,,,,,,,,,0.0,,0.0,,1.0,23931.30078125,,,,,,,,,,,,,,,,,,,,,,,,,,0.0,2.9919230937957764,1838.9000244140625,,,,18242.0,,,,,3.5729024410247803,,,media/d656ce6e-34d6-4440-9dea-2205fb0cd566.jpg
11501078473,"May 26, 2024, 6:01:05 AM","❤️(Ganda, Mi-Ami?)",Ride,"Random 5 Gandas with empty but improving legs
5*40'@260W (3.65W/kg)",17876,93.09,170.0,122,false,,Scott,activities/12278014117.fit.gz,,7.0,17876.0,16193.0,93096.8046875,17.678125381469727,5.749200820922852,3344.0,3342.0,389.79998779296875,1067.800048828125,28.840497970581055,-0.02062370628118515,,,99.0,63.440185546875,170.0,129.132080078125,,206.3830108642578,3755.0,,22.0,122.0,3355854.0,,,,,,,,243.0,17079.0,0.0,,0.0,,1.0,,,,,,,,,,,,,,,,2806964.0,,,,,,,,,,,0.0,5.207921504974365,0.0,,,,,,,311.0,81.0,,,,media/05412907-a83e-487d-ac3a-312fb5ec9edc.jpg|media/9942d7ee-6c22-4755-800f-ead67b6b4f4c.mp4
11510479844,"May 27, 2024, 4:12:07 AM",🔋(Recharge needed: Luca's Risotto),Ride,"Finished the ride 10 min before the rain.
Honestly, fuck off weather.",44011,68.34,172.0,109,false,,Scott,activities/12287734336.fit.gz,,7.0,44011.0,9107.0,68343.71875,18.253997802734375,7.504526138305664,1084.0,1094.0,216.60000610351562,1061.800048828125,26.93319320678711,-0.024581611156463623,,,105.0,71.74060821533203,172.0,136.51251220703125,,191.2687225341797,1969.0,,22.0,109.0,1744396.0,,,,,,,,215.0,9312.0,0.0,,0.0,,1.0,,,,,,,,,,,,,,,,2806964.0,,,,,,,,,,,0.0,1.5528781414031982,1349.0999755859375,,,,,,,133.0,72.0,,,,""
11517818937,"May 28, 2024, 1:53:22 PM",🍚 (The Risotto-Pyruvate Conversion),Ride,"Slowly improving
Thanks to Zucca, Cacao and Bacon",8100,53.53,166.0,103,false,,Scott,activities/12295282675.fit.gz,,7.0,8100.0,8061.0,53537.36328125,18.275976181030273,6.641528606414795,1513.0,1535.0,332.3999938964844,1102.4000244140625,34.307193756103516,-0.042587172240018845,,,114.0,68.6721420288086,166.0,138.10630798339844,,216.71058654785156,1951.0,,23.0,103.0,1752758.0,,,,,,,,254.0,8101.0,0.0,,0.0,,1.0,,,,,,,,,,,,,,,,2806964.0,,,,,,,,,,,0.0,6.609550952911377,0.0,,,,,,,161.0,85.0,,,,media/0056ed7f-b129-4aea-85ad-f61380a1fc01.jpg|media/9ca2719c-dde0-4a7a-adfe-196c4c994088.jpg|media/9f28c0db-61eb-4450-ae34-686ad86020dd.jpg|media/0e1c077a-f877-40fb-9907-5e683af69c32.jpg
11521907227,"May 29, 2024, 3:40:43 AM",🥭(Mango and co),Run,"",3940,13.50,175.0,108,false,,,activities/12299501397.fit.gz,,,3940.0,3937.0,13503.240234375,7.378027439117432,3.4298298358917236,220.0,232.0,343.79998779296875,565.5999755859375,19.417844772338867,-0.12885768711566925,,,85.0,81.24592590332031,175.0,155.6962127685547,,,955.0,,17.0,108.0,,,,,,,,,,,0.0,,0.0,,1.0,13999.2998046875,,,,,,,,,,,,,,,,,,,,,,,,,,0.0,3.427218437194824,3328.300048828125,,,,10682.0,,,,,3.5558292865753174,,,""
11531411798,"May 30, 2024, 9:31:43 AM",🫗(Empty and tight),Run,"Rain again.
Would prefer some bike but
You just need to adapt",4031,13.08,152.0,36,false,,,activities/12309290487.fit.gz,,,4031.0,3969.0,13083.669921875,6.004004001617432,3.2964651584625244,317.0,341.0,369.6000061035156,707.5999755859375,17.15869903564453,-0.22317859530448914,,,84.0,81.11773681640625,152.0,136.21502685546875,,,849.0,,21.0,36.0,,,,,,,,,,,0.0,,0.0,,1.0,13844.400390625,,,,,,,,,,,,,,,,,,,,,,,,,,0.0,3.245762825012207,1415.4000244140625,,,,10720.0,,,,,3.488132953643799,,,""
11539430661,"May 31, 2024, 10:48:15 AM",💤 (Some more Z boh),Run,Rain = run,4152,15.00,149.0,29,false,,,activities/12317544640.fit.gz,,,4152.0,4125.0,15007.8798828125,6.0380859375,3.6382739543914795,69.0,71.0,200.39999389648438,220.8000030517578,13.848471641540527,-0.021322112530469894,,,83.0,80.31002044677734,149.0,135.63449096679688,,,992.0,,22.0,29.0,,,,,,,,,,,0.0,,0.0,,1.0,15140.599609375,,,,,,,,,,,,,,,,,,,,,,,,,,0.0,3.614614725112915,11519.2001953125,,,,11066.0,,,,,3.6704485416412354,,,""
11548087408,"Jun 1, 2024, 4:34:17 AM",💯(Coppa Asteria 2024 - Alfonsina Strada),Ride,"mod Coppa Coppi enabled nel finale
[strava://athletes/30840719/15]Angelo Lacchini salva il giro cambiando tre camere d'aria
[strava://athletes/25579445/13]Andrea Magoni pieno di ricambi
Grazie pop ❤️
",34448,169.79,181.0,403,false,,Scott,activities/12326457402.fit.gz,,7.0,34448.0,25036.0,169791.40625,17.267187118530273,6.781890392303467,3319.0,3351.0,231.39999389648438,709.2000122070312,49.54833221435547,-0.021909242495894432,,,109.0,67.79988098144531,181.0,142.0489044189453,,204.0005645751953,5698.0,,23.0,403.0,5084242.0,,,,,,,,233.0,27298.0,0.0,,0.0,,1.0,,,,,,,,,,,,,,,,2806964.0,,,,,,,,,,,0.0,4.928919315338135,12280.5,,,,,,,459.0,78.0,,,,media/a4eff2d6-35dc-4ee6-b866-a88cb2cf99d5.jpg|media/898f3bfe-2b30-42a5-9579-d710f308a9e3.jpg|media/d9a9aeab-fe4a-4538-98a4-a3075dd698d4.jpg|media/31b49cc1-10a5-4940-b6b2-b1748bc77007.jpg|media/d6acfe78-18b5-438f-a894-ff03a47f4414.jpg|media/8a14a500-4b11-48d7-b67e-5a077ee67b7c.jpg|media/82f13359-5f55-4346-89dd-e18bf3f9bbea.jpg
11553595091,"Jun 2, 2024, 5:00:21 AM",🐕‍🦺(The Leashed Dog Tour),Ride,Bani + Tour de Zambla is a new favourite ,14620,94.58,176.0,305,false,,Scott,activities/12332153382.fit.gz,,7.0,14620.0,13554.0,94581.546875,17.715625762939453,6.978127956390381,2003.0,2013.0,385.6000061035156,1260.5999755859375,25.243757247924805,-0.01289887074381113,,,100.0,67.90081024169922,176.0,149.03616333007812,,205.22093200683594,3116.0,,18.0,305.0,2782072.0,,,,,,,,230.0,14162.0,0.0,,0.0,,1.0,,,,,,,,,,,,,,,,2806964.0,,,,,,,,,,,0.0,6.469326019287109,880.4000244140625,,,,,,,232.0,77.0,,,,media/14bccfd5-cebe-4335-a711-50cf037f4673.mp4|media/2227b6bc-fdcc-4e59-8236-8cffd3885416.jpg
11560829994,"Jun 3, 2024, 4:42:57 AM","🚳(Monday, Traffic, Rain)",Run,"I'm done re-thinking training and planning.
Fuck off ☔",4130,15.10,183.0,115,false,,,activities/12339619646.fit.gz,,,4130.0,4110.0,15106.3896484375,8.60205078125,3.675520658493042,180.0,176.0,224.0,376.3999938964844,16.63564109802246,0.026478862389922142,,,85.0,81.11969757080078,183.0,155.98846435546875,,,1061.0,,19.0,115.0,,,,,,,,,,,0.0,,0.0,,1.0,15496.7998046875,,,,,,,,,,,,,,,,,,,,,,,,,,0.0,3.657721519470215,2716.300048828125,,,,11130.0,,,,,3.7705109119415283,,,""
11568823826,"Jun 4, 2024, 3:12:13 AM",🏔️ (Colli a colazione),Ride,"2024 edition
No legs confirmed ",11637,73.98,188.0,167,false,,Scott,activities/12347837261.fit.gz,,7.0,11637.0,11153.0,73986.6171875,18.635936737060547,6.633786201477051,2043.0,2068.0,309.3999938964844,1207.199951171875,26.12233543395996,-0.04352140054106712,,,107.0,67.47928619384766,188.0,139.41990661621094,,222.32958984375,2754.0,,16.0,167.0,2479712.0,,,,,,,,251.0,11540.0,0.0,,0.0,,1.0,,,,,,,,,,,,,,,,2806964.0,,,,,,,,,,,0.0,6.357877254486084,0.0,,,,,,,225.0,84.0,,,,media/41e77080-2716-4635-98b2-207de954088b.jpg|media/cdd12c89-2205-40d4-8a97-2c0f89ff2c2b.jpg|media/ba0f804a-adb0-40ff-a8c8-dc3d6913e6fe.mp4
11581883226,"Jun 5, 2024, 4:02:43 AM",🦵(Polpacci Pelosi Ciclo Tour 2024),Ride,"",49962,86.27,168.0,92,false,,Scott,activities/12361250909.fit.gz,,7.0,49962.0,11347.0,86276.84375,17.3828125,7.603493690490723,1349.0,1347.0,210.8000030517578,1059.5999755859375,29.149572372436523,-0.01738589257001877,,,111.0,71.5143051147461,168.0,128.81297302246094,,202.98304748535156,2583.0,,24.0,92.0,2303601.0,,,,,,,,226.0,12245.0,0.0,,0.0,,1.0,,,,,,,,,,,,,,,,2806964.0,,,,,,,,,,,0.0,1.7268493175506592,1370.0999755859375,,,,,,,192.0,75.0,,,,media/5c24df13-7ae4-4fde-9697-2b78e3336917.jpg|media/ed9b6070-3fc4-43de-9d1d-ec6c6b4fe153.jpg|media/ec6f33f5-572b-44c4-8e56-0cb9016c6c47.jpg|media/6219ef47-ee91-4da8-95f2-8a51dc958208.jpg|media/59173f23-e9b4-4d2c-8423-670faf70e329.jpg|media/08f32317-8864-44cf-8c96-9242d20d7fb5.jpg
11585459060,"Jun 6, 2024, 3:41:32 AM",🧀,Ride,"",6809,37.12,174.0,93,false,,Scott,activities/12364912651.fit.gz,,7.0,6809.0,6644.0,37128.76171875,18.251562118530273,5.588314533233643,1318.0,1334.0,395.0,1059.0,22.91300392150879,-0.04524790868163109,,,96.0,59.43989944458008,174.0,138.77999877929688,,202.08041381835938,1507.0,,18.0,93.0,1343068.0,,,,,,,,233.0,6810.0,0.0,,0.0,,1.0,,,,,,,,,,,,,,,,2806964.0,,,,,,,,,,,0.0,5.452895164489746,0.0,,,,,,,114.0,78.0,,,,media/de85b421-11bd-4c73-9865-92f3493c7e0b.jpg
11594666562,"Jun 7, 2024, 10:00:55 AM",🫧 (Fagioli Bolliti),Run,Heat training on,3757,13.15,155.0,41,false,,,activities/12374355121.fit.gz,,,3757.0,3754.0,13157.51953125,6.552001953125,3.5049333572387695,209.0,226.0,376.6000061035156,561.7999877929688,18.31102180480957,-0.1292036771774292,,,85.0,80.6054458618164,155.0,138.0937042236328,,,870.0,,29.0,41.0,,,,,,,,,,,0.0,,0.0,,1.0,13662.2998046875,,,,,,,,,,,,,,,,,,,,,,,,,,0.0,3.5021345615386963,4301.60009765625,,,,10110.0,,,,,3.6393978595733643,,,""
11601544440,"Jun 8, 2024, 3:23:13 AM","⛰️(Vivione, Azzone, Dezzone, Gandone)",Ride,2024 ,21734,136.95,171.0,235,false,,Scott,activities/12381431771.fit.gz,,7.0,21734.0,20228.0,136957.671875,20.042186737060547,6.770697593688965,3373.0,3354.0,381.3999938964844,1832.800048828125,36.21293640136719,-0.0105142155662179,,,104.0,68.9830093383789,171.0,136.58245849609375,,210.39886474609375,4766.0,,21.0,235.0,4268604.0,,,,,,,,239.0,21196.0,0.0,,0.0,,1.0,,,,,,,,,,,,,,,,2806964.0,,,,,,,,,,,0.0,6.301539897918701,0.0,,,,,,,375.0,80.0,,,,media/e9f3ea93-76d5-4e6d-aee6-f5274f9bb23c.jpg|media/286e6e12-8df9-47d6-b595-b5b7984ece21.jpg|media/7903906e-16d9-49e0-a1b9-22a2384852df.jpg|media/1f20b9fe-df02-4a62-9363-1193987ce728.jpg|media/b1f34cef-5d35-492d-85ab-134aad5198b7.jpg
11610013629,"Jun 9, 2024, 4:58:51 AM",💥(Colli e formiche per detonare),Ride,"Trying out new gels:
Polenta and speck
Blackberries",17672,109.96,163.0,185,false,,Scott,activities/12390181145.fit.gz,,7.0,17672.0,15259.0,109966.0703125,18.65625,7.206636905670166,2343.0,2364.0,188.0,1236.5999755859375,35.72093200683594,-0.02982737123966217,,,110.0,70.92963409423828,163.0,135.5486602783203,,212.6954345703125,3619.0,,24.0,185.0,3243724.0,,,,,,,,243.0,16027.0,0.0,,0.0,,1.0,,,,,,,,,,,,,,,,2806964.0,,,,,,,,,,,0.0,6.222616195678711,2941.0,,,,,,,292.0,81.0,,,,media/0e3db245-f6df-4ee7-9171-0508c9eb7818.jpg|media/5aaa4d28-a841-4f21-9740-f876fa116ed2.jpg|media/0a8315ea-47cc-4801-8b03-61c67816aff3.jpg|media/5d47c6d4-793a-47b4-bbbc-72422546164c.jpg
11620458359,"Jun 10, 2024, 4:13:38 AM",💼(Doppio turno),Ride,"Boccola, Lonno e Selvino
Per una brioches in più ",45306,70.34,163.0,87,false,,Scott,activities/12400966047.fit.gz,,7.0,45306.0,9676.0,70347.1015625,18.378124237060547,7.270266532897949,1305.0,1292.0,214.39999389648438,1060.800048828125,48.49140930175781,0.013646583072841167,,,116.0,67.70963287353516,163.0,130.55862426757812,,200.87985229492188,2184.0,,24.0,87.0,1946610.0,,,,,,,,230.0,10103.0,0.0,,0.0,,1.0,,,,,,,,,,,,,,,,2806964.0,,,,,,,,,,,0.0,1.5527105331420898,2108.0,,,,,,,165.0,77.0,,,,media/bb9914a2-4083-44eb-92d9-e75c511e324a.jpg
11636190116,"Jun 12, 2024, 4:32:44 AM",🦁(Pegeaut-SFR is Back),Ride,"",41601,54.63,188.0,140,false,,Scott,activities/12417120157.fit.gz,,7.0,41601.0,6896.0,54629.671875,16.1099853515625,7.92193603515625,562.0,586.0,216.8000030517578,709.4000244140625,15.664898872375488,-0.051620323210954666,,,,,188.0,145.41941833496094,,163.54962158203125,1802.0,,23.0,140.0,,,,,,,,,,,0.0,,0.0,,1.0,,,,,,,,,,,,,,,,2806964.0,,,,,,,,,,,0.0,1.313181757926941,1219.0999755859375,,,,,,,,,,,,media/bc89f796-ecb3-4558-8cb7-7a0e6633023f.jpg
11642462066,"Jun 13, 2024, 4:13:37 AM",⏭️ (Giro Next Gen + Pegeaut-SFR),Ride,"",26029,58.12,186.0,187,false,,Scott,activities/12423550221.fit.gz,,7.0,26029.0,7220.0,58124.53125,15.836588859558105,8.05048942565918,587.0,733.0,214.0,705.7999877929688,25.55867576599121,-0.24705570936203003,,,,,186.0,151.76109313964844,,161.65660095214844,1962.0,,20.0,187.0,,,,,,,,,,,0.0,,0.0,,1.0,,,,,,,,,,,,,,,,2806964.0,,,,,,,,,,,0.0,2.2330682277679443,687.5999755859375,,,,,,,,,,,,media/c7e9381c-cf2b-4a2f-9490-4c81bcc5b321.jpg|media/8e9fb919-1a9b-4bbc-ad81-a3a308d1e5b9.jpg|media/148cbf11-91c1-4d3a-85f0-c0e467523cd1.jpg|media/e932a711-a4f9-4a9b-aa3b-b10efed764e0.jpg|media/f27f3e56-1f7f-4c72-aada-ecbf10a9d26e.jpg
11648346330,"Jun 14, 2024, 3:08:54 AM",😇(Morning Sant'Antonio),Ride,"Another June classic
No legs :'(",11057,77.09,171.0,176,false,,Scott,activities/12429582595.fit.gz,,7.0,11057.0,10835.0,77089.65625,18.6484375,7.114873886108398,1687.0,1553.0,270.79998779296875,1064.800048828125,23.046875,0.15696009993553162,,,98.0,71.11255645751953,171.0,141.09007263183594,,214.0440216064453,2590.0,,15.0,176.0,2323215.0,,,,,,,,243.0,11053.0,0.0,,0.0,,1.0,,,,,,,,,,,,,,,,2806964.0,,,,,,,,,,,0.0,6.972023010253906,0.0,,,,,,,201.0,81.0,,,,media/00cf323f-d28a-4405-bfbc-3844ad91480f.jpg|media/8aec738b-dc91-4279-a492-2ff50bd10bb9.jpg
11655635071,"Jun 15, 2024, 5:34:42 AM",🦸‍♀️(My Personal Hero | Zero S-Bates),Ride,"Thinking about [strava://athletes/13909465/12]Luca Merelli 's effort
",7876,25.40,177.0,83,false,,Scott,activities/12437107353.fit.gz,,7.0,7876.0,6206.0,25401.41015625,15.148046493530273,4.093040943145752,1111.0,1272.0,350.79998779296875,1242.800048828125,49.720516204833984,-0.09920713305473328,,,,,177.0,137.82212829589844,,161.0187225341797,1312.0,,19.0,83.0,,,,,,,,,,,0.0,,0.0,,1.0,,,,,,,,,,,,,,,,2806964.0,,,,,,,,,,,0.0,3.2251663208007812,4810.39990234375,,,,,,,,,,,,media/32501cc6-0228-4007-9858-af4f6c98c11f.jpg|media/7f658b32-7d49-427f-b825-7e132e8ad2a0.jpg
11665148155,"Jun 16, 2024, 4:09:28 AM",⚫🟡 (Berghem Mola Mia 2024),Ride,"The real LÖNK is with Ganda
4.5W/kg FTP update can't really complain ",27163,136.36,178.0,215,false,,Scott,activities/12446929719.fit.gz,,7.0,27163.0,17937.0,136363.84375,18.370311737060547,7.602377891540527,3112.0,3112.0,185.60000610351562,1273.199951171875,37.35126876831055,-0.019946644082665443,,,117.0,73.2168960571289,178.0,134.13873291015625,,210.34263610839844,4365.0,,23.0,215.0,3771628.0,,,,,,,,254.0,19025.0,0.0,,0.0,,1.0,,,,,,,,,,,,,,,,2806964.0,,,,,,,,,,,0.0,5.020205974578857,7.5,,,,,,,380.0,85.0,,,,media/66bf379d-81bc-4169-be4b-72e8d298d91c.jpg|media/f0ca5fe1-8052-4129-b914-22bfdff10bcb.jpg|media/f0cc9f2d-0e04-4cff-b79d-7e5cbef30cc7.jpg|media/5d803c5a-5c50-488b-a79b-bfc8bce158ec.jpg
11674180406,"Jun 17, 2024, 4:18:34 AM","💀(""Defa"")",Ride,"",43539,58.84,174.0,86,false,,Scott,activities/12456280122.fit.gz,,7.0,43539.0,7589.0,58839.25,18.361719131469727,7.753228187561035,938.0,977.0,217.39999389648438,1060.4000244140625,18.88649559020996,-0.04214871674776077,,,,,174.0,136.00210571289062,,190.45034790039062,1616.0,,25.0,86.0,,,,,,,,,,,0.0,,0.0,,1.0,,,,,,,,,,,,,,,,2806964.0,,,,,,,,,,,0.0,1.3514147996902466,958.7000122070312,,,,,,,,,,,,""
11678371020,"Jun 18, 2024, 3:11:17 AM",🧳 (Zambla before boarding),Ride,"",8912,58.87,168.0,119,false,,Scott,activities/12460572930.fit.gz,,7.0,8912.0,8504.0,58872.23828125,18.127344131469727,6.922887802124023,1450.0,1470.0,383.3999938964844,1262.199951171875,20.409639358520508,-0.043483950197696686,,,,,168.0,138.99752807617188,,192.14212036132812,1768.0,,17.0,119.0,,,,,,,,,,,0.0,,0.0,,1.0,,,,,,,,,,,,,,,,2806964.0,,,,,,,,,,,0.0,6.605951309204102,0.0,,,,,,,,,,,,media/57bde2a0-79e0-49d5-b5e1-1e98068a13d3.jpg|media/89b39532-3afc-44db-93ae-4b94a8775150.mp4|media/45334c43-3f3b-4d2e-ac70-102b2d4cbb8f.jpg
11686374679,"Jun 19, 2024, 3:24:54 AM",🥞 (Lille and Crepes),Run,🙏🏼🙏🏼🙏🏼,4556,15.01,154.0,37,false,,,activities/12468796064.fit.gz,,,4556.0,4160.0,15017.5595703125,7.009997367858887,3.609990358352661,39.0,38.0,15.0,29.799999237060547,41.583744049072266,0.02796725369989872,,,112.0,80.21588897705078,154.0,137.0067901611328,,,965.0,,18.0,37.0,,,,,,,,,,,0.0,,0.0,,1.0,15126.900390625,,,,,,,,,,,,,,,,,,,,,,,,,,0.0,3.296215772628784,6232.0,,,,11154.0,,,,,3.6362740993499756,,,media/83de2b7e-d03f-46ef-9607-c19fa9555ccd.jpg|media/91c33385-5c35-42ba-9a9f-3f0ed0c6a9c8.jpg|media/564f2931-21b7-4cba-b1f7-df34a1e1db5e.jpg|media/42adb731-3f93-4da4-8fc6-857e7af258a5.jpg
11694520432,"Jun 20, 2024, 3:18:58 AM",🇹🇭 (Thai Powered),Run,"",4319,15.01,179.0,81,false,,,activities/12477175247.fit.gz,,,4319.0,4160.0,15018.3505859375,5.798047065734863,3.610180377960205,50.0,49.0,15.199999809265137,38.20000076293945,41.55257797241211,-0.01864386536180973,,,84.0,80.3270034790039,179.0,147.13356018066406,,,1003.0,,16.0,81.0,,,,,,,,,,,0.0,,0.0,,1.0,15192.0,,,,,,,,,,,,,,,,,,,,,,,,,,0.0,3.4772748947143555,5672.0,,,,11142.0,,,,,3.651923179626465,,,media/8c43bd1e-87ce-497e-95c2-ad7122aa7d9b.jpg|media/6ab6e303-5b78-44f3-a9ca-edc3b31509c2.jpg|media/26f81e80-e658-4169-a250-2ed7a5e9fe9f.jpg
11705041218,"Jun 21, 2024, 11:57:40 AM",♻️(Umidità),Ride,This is for [strava://athletes/79960924/14]Thomas 🍳 Rossi ,8091,28.12,162.0,61,false,,Scott,activities/12488017248.fit.gz,,7.0,8091.0,7370.0,28119.169921875,16.703907012939453,3.8153555393218994,1324.0,1357.0,382.0,1305.5999755859375,49.86684036254883,-0.10028728097677231,,,,,162.0,131.543212890625,,155.95521545410156,1357.0,,28.0,61.0,,,,,,,,,,,0.0,,0.0,,1.0,,,,,,,,,,,,,,,,2806964.0,,,,,,,,,,,0.0,3.4753639698028564,3094.10009765625,,,,,,,,,,,,media/d5fd3832-7402-4806-bb39-64aa5954d66d.jpg
11710665067,"Jun 22, 2024, 4:20:13 AM",🥩(Coppa Coppi 2024?),Ride,"4000+ ascension
120km
5h 35min
👀",21896,120.04,171.0,220,false,,Scott,activities/12493812257.fit.gz,,7.0,21896.0,20062.0,120047.9609375,17.895313262939453,5.9838480949401855,4002.0,3997.0,299.3999938964844,1106.0,29.50529670715332,-0.012994837015867233,,,,,171.0,135.00909423828125,,201.84014892578125,3538.0,,22.0,220.0,0.0,,,,,,,,,,0.0,,0.0,,1.0,,,,,,,,,,,,,,,,2806964.0,,,,,,,,,,,0.0,5.4826436042785645,0.0,,,,,,,,,,,,media/f852afd8-e470-4cb1-8d3f-6649a01ea059.jpg|media/be4a2adb-e020-4842-b1cd-9693f74e970f.jpg
11722569549,"Jun 23, 2024, 4:59:19 PM",🫀(Kinds of Kindness),Virtual Ride,"",4323,45.10,,,false,,Scott,activities/12506097105.fit.gz,,7.0,4323.0,4323.0,45102.890625,11.620312690734863,10.433238983154297,0.0,0.0,,,0.0,0.0,,,79.0,62.47770690917969,,,,212.04788208007812,916.0,,,,,,,,,,,,221.0,4324.0,0.0,,0.0,,1.0,,,,,,,,,,,,,,,,2806964.0,,,,,,,,,,,0.0,10.433238983154297,0.0,,,,,,,65.0,74.0,,,,media/075aa5e7-67c7-478e-9382-577de976b5d2.jpg
11728593193,"Jun 24, 2024, 4:19:10 AM",🏴󠁧󠁢󠁳󠁣󠁴󠁿 (Scotland Ideas and MTB overload),Ride,MTB training >>>> rulli,41562,62.88,163.0,65,false,,Scott,activities/12512335587.fit.gz,,7.0,41562.0,10524.0,62880.75,16.515625,5.9749860763549805,1109.0,1118.0,215.0,1240.4000244140625,39.35807800292969,-0.0416661873459816,,,,,163.0,124.17913818359375,,135.58506774902344,1951.0,,22.0,65.0,,,,,,,,,,,0.0,,0.0,,1.0,,,,,,,,,,,,,,,,2806964.0,,,,,,,,,,,0.0,1.5129384994506836,1670.5,,,,,,,,,,,,media/99eec4dd-35ad-4f0c-ba92-3db94a255f7c.jpg
11733079072,"Jun 25, 2024, 3:08:07 AM",😶‍🌫️ (Foggy mind),Ride,"Finally some rain.
Fight for cubo",9654,53.49,165.0,53,false,,Scott,activities/12516936807.fit.gz,,7.0,9654.0,9079.0,53490.4375,18.126171112060547,5.891666412353516,1724.0,1742.0,378.0,1066.4000244140625,31.023508071899414,-0.038137588649988174,,,98.0,61.472110748291016,165.0,124.70909118652344,,204.31515502929688,2076.0,,18.0,53.0,1854742.0,,,,,,,,234.0,9267.0,0.0,,0.0,,1.0,,,,,,,,,,,,,,,,2806964.0,,,,,,,,,,,0.0,5.5407538414001465,0.0,,,,,,,156.0,78.0,,,,media/372a8423-5820-4901-adc2-ee4d853356a5.jpg|media/97cfd709-d3cf-4108-b69e-b85a798e66a8.jpg
11741591130,"Jun 26, 2024, 3:48:17 AM",💣(In un giorno di pioggia),Ride,"Che ti ho conosciuta
Pre Modena City Ramblers",7558,41.29,168.0,66,false,,Scott,activities/12525546667.fit.gz,,7.0,7558.0,6829.0,41293.5625,19.275781631469727,6.046794891357422,1287.0,1308.0,339.6000061035156,1065.800048828125,35.860286712646484,-0.0498868003487587,,,97.0,64.01509094238281,168.0,131.91714477539062,,207.7334747314453,1588.0,,18.0,66.0,1420932.0,,,,,,,,238.0,7223.0,0.0,,0.0,,1.0,,,,,,,,,,,,,,,,2806964.0,,,,,,,,,,,0.0,5.46355676651001,530.5999755859375,,,,,,,125.0,79.0,,,,media/8c6cb020-bdf1-40a3-afd2-0889c2bcb2be.jpg|media/cf51ee08-9b03-47e9-a52f-c72dad227917.mp4|media/658e4e08-aa0e-49e2-b0c5-ccd871d7ad90.jpg
11749287894,"Jun 27, 2024, 3:54:40 AM",🥟 (Modena Inside-Out),Run,"Glutes keep getting stiff
Ravioli di zucca powered",2984,11.03,178.0,61,false,,,activities/12533458516.fit.gz,,,2984.0,2901.0,11033.4599609375,6.464062690734863,3.8033297061920166,12.0,11.0,31.600000381469727,43.599998474121094,8.196704864501953,0.01268868986517191,,,84.0,80.65058898925781,178.0,149.0211181640625,,,730.0,,22.0,61.0,,,,,,,,,,,0.0,,0.0,,1.0,11069.900390625,,,,,,,,,,,,,,,,,,,,,,,,,,0.0,3.697540044784546,416.70001220703125,,,,7810.0,,,,,3.8158910274505615,,,media/6704dcef-d396-47f1-bbb6-d0e33d19ce1e.jpg|media/000c2ba1-28b5-412d-9fa2-3559b75be7d2.jpg
11757087298,"Jun 28, 2024, 3:37:18 AM",❤️‍🩹 (Active Recovery),Ride,"🤡
Tomorrow is going to be spicy",5355,35.57,161.0,49,false,,Scott,activities/12541498471.fit.gz,,7.0,5355.0,5145.0,35574.640625,18.08203125,6.91441011428833,823.0,838.0,319.20001220703125,1059.199951171875,24.4508113861084,-0.06577709317207336,,,98.0,70.2360610961914,161.0,131.43850708007812,,202.85870361328125,1171.0,,23.0,49.0,1044757.0,,,,,,,,231.0,5355.0,0.0,,0.0,,1.0,,,,,,,,,,,,,,,,2806964.0,,,,,,,,,,,0.0,6.643256664276123,0.0,,,,,,,88.0,77.0,,,,media/0e818576-3a4a-4e07-b1e8-11cbf70bb155.jpg
11766227387,"Jun 29, 2024, 4:47:20 AM",🍠(Sweet San Marco Potatoes),Ride,"Curry + arugula + chickpeas doping confirmed
Coi cavalli!",22383,135.27,176.0,301,false,,Scott,activities/12550943345.fit.gz,,7.0,22383.0,18807.0,135278.03125,18.370311737060547,7.192961692810059,3354.0,3316.0,338.79998779296875,1995.4000244140625,43.82563400268555,0.0,,,118.0,73.54698944091797,176.0,141.17491149902344,,220.17124938964844,4603.0,,26.0,301.0,4140572.0,,,,,,,,251.0,19677.0,0.0,,0.0,,1.0,,,,,,,,,,,,,,,,2806964.0,,,,,,,,,,,0.0,6.0437846183776855,0.0,,,,,,,384.0,84.0,,,,media/3dc14335-9c41-456a-8ffa-d8da992a7933.jpg|media/3e02b174-5b83-41fb-aea5-a8f289e4d995.jpg|media/b5d50f8a-999d-42a6-8c9c-6f192e4b76d8.jpg|media/3c369fb3-4484-4553-9eef-65800d6f5218.mp4
11773135998,"Jun 30, 2024, 5:16:54 AM","🔫(Pian Piano, Pianca Pianetti)",Ride,#unoinognipaese,15377,83.56,156.0,83,false,,Scott,activities/12558102400.fit.gz,,7.0,15377.0,12875.0,83568.546875,18.721874237060547,6.490760803222656,2114.0,2124.0,331.0,1064.0,47.09898376464844,-0.025607749819755554,,,103.0,70.05703735351562,156.0,125.91032409667969,,195.15553283691406,2823.0,,26.0,83.0,2507264.0,,,,,,,,230.0,13615.0,0.0,,0.0,,1.0,,,,,,,,,,,,,,,,2806964.0,,,,,,,,,,,0.0,5.434645652770996,0.0,,,,,,,223.0,77.0,,,,media/891faf51-8dd9-42fe-90dc-a2c6ec12e258.jpg|media/32bdee0b-a5b3-408f-a0c5-b1d54eef913c.jpg|media/e670e756-e4b6-4b47-ad92-c170f8f6c0df.jpg
11789407196,"Jul 2, 2024, 5:17:44 AM",3️⃣ (Tre Croci e Tre Cime di Lavaredo),Ride,"In the land of strudel
Amazing days ahead
Nice little test ✌️❤️",23315,121.25,185.0,321,false,,Scott,activities/12574908709.fit.gz,,7.0,23315.0,19183.0,121256.25,21.807811737060547,6.321026802062988,3776.0,3739.0,1194.199951171875,2328.199951171875,33.719703674316406,-0.0019792995881289244,,,126.0,67.68236541748047,185.0,141.9401397705078,,211.07691955566406,4518.0,,19.0,321.0,4048190.0,,,,,,,,235.0,20189.0,0.0,,0.0,,1.0,,,,,,,,,,,,,,,,2806964.0,,,,,,,,,,,0.0,5.200782775878906,82.30000305175781,,,,,,,342.0,78.0,,,,media/5797f662-45dc-4e38-a1aa-9b63234dc8cc.jpg|media/a94f8fe0-d2a1-4066-8c8f-0944476fb41a.jpg|media/f6235ea1-f167-40c3-8fb8-4ce612a1645b.jpg|media/e5944c53-e853-41e7-973d-220a01c672d4.mp4|media/4f7a886f-8f83-4cd2-a07c-c32261a4afcd.jpg
11795719426,"Jul 3, 2024, 3:04:55 AM",🆕 (Dantercepies NBD),Ride,Pizza carbonara powered,7695,31.43,163.0,52,false,,Scott,activities/12581391814.fit.gz,,7.0,7695.0,6904.0,31438.599609375,15.698046684265137,4.5536789894104,1242.0,1249.0,1564.800048828125,2294.0,35.564720153808594,-0.008270010352134705,,,,,163.0,128.92662048339844,,164.05470275878906,1240.0,,14.0,52.0,,,,,,,,,,,0.0,,0.0,,1.0,,,,,,,,,,,,,,,,2806964.0,,,,,,,,,,,0.0,4.085587978363037,6392.7998046875,,,,,,,,,,,,media/b4d66e71-f751-41e0-a7c3-cda189a08d68.jpg|media/2a73d5b2-d054-4151-9435-f4ab5916f2db.mp4|media/a8dfdaec-8e0f-473d-bb5d-86d36d76a8dd.mp4|media/2073d334-658c-46ea-99a6-b15515689560.jpg|media/9c1a9ca5-8267-469a-8a52-0b914215ed33.jpg
11808261991,"Jul 4, 2024, 1:52:59 PM",🤯 (Unbelievable Dolomites),Ride,"Some rides are just worth an entire life.
Can't really ask for more.
❤️",10816,32.77,155.0,43,false,,Scott,activities/12594328379.fit.gz,,7.0,10816.0,8225.0,32770.37890625,16.958202362060547,3.9842405319213867,1326.0,1426.0,1495.199951171875,2154.800048828125,43.65591049194336,-0.23435813188552856,,,,,155.0,123.0678482055664,,149.67274475097656,1302.0,,25.0,43.0,,,,,,,,,,,0.0,,0.0,,1.0,,,,,,,,,,,,,,,,2806964.0,,,,,,,,,,,0.0,3.0298056602478027,15920.2998046875,,,,,,,,,,,,media/381eacd8-66b4-460f-b50f-82bf6d0ab913.jpg|media/bf8dee8c-f925-4456-a876-62034dad2b38.jpg|media/c46b8ba3-d080-4917-9ff2-e06cd01142ed.jpg|media/8d236c33-445e-423c-b393-0d6d02141181.jpg|media/ba48853b-d50c-46f6-8924-4f24fe937b58.jpg
11812632861,"Jul 5, 2024, 6:06:06 AM",🐌 (Tapering Mode On),Ride,"",8107,55.20,168.0,95,false,,Scott,activities/12598850244.fit.gz,,7.0,8107.0,8002.0,55205.109375,18.521875381469727,6.898913860321045,1472.0,1472.0,1393.5999755859375,2201.0,23.833580017089844,0.002898238133639097,,,105.0,70.5134048461914,168.0,136.6307830810547,,208.6614227294922,1865.0,,18.0,95.0,1669046.0,,,,,,,,236.0,8108.0,0.0,,0.0,,1.0,,,,,,,,,,,,,,,,2806964.0,,,,,,,,,,,0.0,6.809560775756836,0.0,,,,,,,139.0,79.0,,,,media/3b5fa10c-bde0-45e9-95cd-ce43461e0126.jpg
11819796163,"Jul 6, 2024, 8:01:05 AM",🎎 (Le Tradizioni),Ride,Gardena chill ride,3191,14.59,154.0,16,false,,Scott,activities/12606271244.fit.gz,,7.0,3191.0,2782.0,14597.7802734375,17.470117568969727,5.247225284576416,494.0,504.0,1639.199951171875,2125.60009765625,19.01950454711914,-0.05206337943673134,,,112.0,63.14059829711914,154.0,125.40007019042969,,185.16522216796875,581.0,,22.0,16.0,513278.0,,,,,,,,201.0,2973.0,0.0,,0.0,,1.0,,,,,,,,,,,,,,,,2806964.0,,,,,,,,,,,0.0,4.574672698974609,0.0,,,,,,,37.0,67.0,,,,media/9595629d-8989-4c89-9701-a201a8cf8f34.jpg
11828377128,"Jul 7, 2024, 4:30:24 AM",🥶 (Maratona Dles Dolomites 2024),Ride,"Unno Edition
83° overall",19391,135.81,178.0,361,false,,Scott,activities/12615163563.fit.gz,,7.0,19391.0,19391.0,135817.703125,21.549999237060547,7.004161834716797,4271.52685546875,4440.0,1302.199951171875,2240.800048828125,36.775272369384766,0.06346742808818817,,,121.0,74.94257354736328,178.0,145.6313018798828,,239.4928741455078,5116.0,,15.0,361.0,4641732.0,,,,,,,,260.0,19392.0,0.0,,0.0,,1.0,,,,,,,,,,,,,,,,2806964.0,,,,,,,,,,,0.0,7.004161834716797,0.0,,,,,,,406.0,87.0,,,,media/26b46259-de49-401b-857d-e45a2a27ccc1.jpg|media/62b8f00d-f98e-4abb-acb9-d860d62ba258.mp4|media/1c409d1c-d322-451b-b9de-ff4e724fa22f.jpg|media/9f819ea9-1ea6-44b6-9552-f85af529f4c6.jpg|media/38cbce8b-273c-4ead-b97c-0df63a321f55.jpg|media/fd92de75-d46a-4b45-89cf-f762703a78c1.jpg
11839430438,"Jul 8, 2024, 4:05:07 PM",💆🏼‍♂️ (Minime),Ride,"Tra traffico, stress, pioggia della mattina, trasferte, compleanni...",3629,19.10,143.0,17,false,,Scott,activities/12626610874.fit.gz,,7.0,3629.0,3417.0,19108.0,17.758007049560547,5.592039585113525,679.0,691.0,393.20001220703125,1071.4000244140625,18.675392150878906,-0.10571494698524475,,,,,143.0,123.36669921875,,190.3870849609375,602.0,,27.0,17.0,,,,,,,,,,,0.0,,0.0,,1.0,,,,,,,,,,,,,,,,2806964.0,,,,,,,,,,,0.0,5.26536226272583,0.0,,,,,,,,,,,,""
11851300465,"Jul 10, 2024, 4:00:42 AM",⚜️ (San Luca Yellow Pilgrimage),Run,"30+°, dehydrated, no rest, all good",3620,11.31,171.0,41,false,,,activities/12638815429.fit.gz,,,3620.0,3416.0,11315.16015625,5.596093654632568,3.3124005794525146,222.0,231.0,54.599998474121094,270.3999938964844,27.124629974365234,-0.045956049114465714,,,82.0,79.34808349609375,171.0,140.72821044921875,,,765.0,,27.0,41.0,,,,,,,,,,,0.0,,0.0,,1.0,12209.400390625,,,,,,,,,,,,,,,,,,,,,,,,,,0.0,3.125734806060791,326.29998779296875,,,,9052.0,,,,,3.5741803646087646,,,media/1effa889-52df-4133-a619-ce8d57db648d.jpg|media/dc29c7a8-5bcf-4bab-8446-db1dae48ef03.jpg|media/b72f41c9-f0b4-4bf8-9b82-5df34a0971ce.jpg
11863590762,"Jul 11, 2024, 1:49:04 PM",🧖🏼‍♂️ (Valgoglio Sauna Edition),Ride,"In 3 days, from freezing cold to 35° without legs
Everything is normal I guess
Need some chill but won't get some",9389,61.89,164.0,68,false,,Scott,activities/12651531863.fit.gz,,7.0,9389.0,8489.0,61893.37109375,17.676172256469727,7.291008472442627,1004.0,1024.0,388.79998779296875,1059.0,23.445907592773438,-0.03651437163352966,,,,,164.0,128.7216339111328,,172.35328674316406,1476.0,,32.0,68.0,,,,,,,,,,,0.0,,0.0,,1.0,,,,,,,,,,,,,,,,2806964.0,,,,,,,,,,,0.0,6.59211540222168,578.4000244140625,,,,,,,,,,,,media/674e48d5-fd3d-430e-9406-32dcb918a6b9.jpg
11878293942,"Jul 13, 2024, 7:24:18 AM",3️⃣0️⃣-4️⃣2️⃣ (SPACCA-NEUCHÂTEL),Ride,"From hydras to SpaccaNapoli 2.0
A long friendship story
First 100km ride for the gym rat mate [strava://athletes/138966941/17]Gabriele Grezzana
✈️✈️✈️",24772,126.54,171.0,178,false,,Scott,activities/12666771829.fit.gz,,7.0,24772.0,17159.0,126541.6953125,17.2978515625,7.374654293060303,1129.0,1132.0,426.6000061035156,715.4000244140625,40.691139221191406,-0.00015806032752152532,,,103.0,71.04838562011719,171.0,130.21055603027344,,137.5323486328125,2780.0,,24.0,178.0,2358894.0,,,,,,,,157.0,18590.0,0.0,,0.0,,1.0,,,,,,,,,,,,,,,,2806964.0,,,,,,,,,,,0.0,5.108254909515381,79.0999984741211,,,,,,,140.0,52.0,,,,media/d64ee90d-9ec7-4dae-b481-5c18b657625d.jpg|media/94253ccc-e01c-4491-9731-a759f6529b6d.jpg|media/71550ed2-d4df-4585-a540-a9f898219632.jpg|media/6dd312f9-974f-4aa9-9229-5aa5c704ee15.jpg
11882772010,"Jul 14, 2024, 3:00:29 AM",🪙 (Oro in bocca),Ride,Yet some more crazy places,10194,69.45,191.0,179,false,,Scott,activities/12671432825.fit.gz,,7.0,10194.0,9884.0,69457.421875,18.420312881469727,7.027258396148682,1342.0,1339.0,621.4000244140625,1574.199951171875,27.31808090209961,0.005470959935337305,,,106.0,67.09130859375,191.0,144.13487243652344,,183.46861267089844,2057.0,,13.0,179.0,1814889.0,,,,,,,,208.0,10124.0,0.0,,0.0,,1.0,,,,,,,,,,,,,,,,2806964.0,,,,,,,,,,,0.0,6.813559055328369,0.0,,,,,,,134.0,69.0,,,,media/3925c50d-b7e5-46f7-a5d7-160787ee20d5.mp4|media/0c7d305e-4168-4599-8bd0-70a5c286d0c7.jpg|media/c1f599ff-e15e-4ef5-a7d1-7e48dae9891a.jpg|media/eee82511-6923-40b8-96a0-aa63ff5c1da6.jpg|media/5b825993-ff7b-4322-9ebc-a30fb61dd7a5.jpg|media/82286cb5-5bc2-4ceb-877b-feb6c2f03383.jpg|media/e7780a27-e94d-406a-beff-fccb34095875.jpg
11894759754,"Jul 15, 2024, 4:45:38 AM",🔙 (I Missed This Routine),Ride,New bike Day H2W ride,40543,56.43,174.0,78,false,,Scott,activities/12683880158.fit.gz,,7.0,40543.0,6824.0,56437.83984375,15.033984184265137,8.270492553710938,527.0,538.0,216.8000030517578,565.2000122070312,19.404354095458984,-0.04146158695220947,,,,,174.0,135.865478515625,,180.7474822998047,1533.0,,28.0,78.0,,,,,,,,,,,0.0,,0.0,,1.0,,,,,,,,,,,,,,,,2806964.0,,,,,,,,,,,0.0,1.392048954963684,1909.9000244140625,,,,,,,,,,,,""
11898952731,"Jul 16, 2024, 4:34:57 AM",♨️ (Heat),Run,"I was not made for hot temperatures
Still, if breathing is hard = good training ",3428,12.00,165.0,59,false,,,activities/12688202411.fit.gz,,,3428.0,3428.0,12006.6201171875,5.480004787445068,3.502514600753784,209.0,222.0,382.20001220703125,561.4000244140625,18.88602066040039,-0.13492567837238312,,,84.0,80.28257751464844,165.0,143.7105255126953,,,801.0,,23.0,59.0,,,,,,,,,,,0.0,,0.0,,1.0,12481.099609375,,,,,,,,,,,,,,,,,,,,,,,,,,0.0,3.502514600753784,3022.5,,,,9196.0,,,,,3.64092755317688,,,media/2c9956a4-fff9-4c1e-a19c-46baa6a1d10f.jpg
11907522039,"Jul 17, 2024, 3:20:54 AM",🍴(Forcella e Forchella),Ride,"",6376,36.60,176.0,81,false,,Scott,activities/12697045024.fit.gz,,7.0,6376.0,6344.0,36606.8515625,16.244140625,5.770310878753662,1046.0,1080.0,373.6000061035156,964.7999877929688,44.71578598022461,-0.08468359708786011,,,,,176.0,138.26275634765625,,168.69110107421875,1238.0,,22.0,81.0,,,,,,,,,,,0.0,,0.0,,1.0,,,,,,,,,,,,,,,,2806964.0,,,,,,,,,,,0.0,5.7413506507873535,6237.60009765625,,,,,,,,,,,,media/f9c66534-cab1-4569-8e22-8630ec8d2e37.jpg
11921382517,"Jul 18, 2024, 1:49:36 PM",⛷️ (Rifugio Vodala Madness),Ride,"The Canyon is not meant for skiing tracks.
But it doesn't know it.
Worth every icecream",14081,72.65,174.0,97,false,,Scott,activities/12711412687.fit.gz,,7.0,14081.0,11876.0,72651.6171875,16.867969512939453,6.117516040802002,1481.0,1457.0,387.20001220703125,1614.800048828125,49.75509262084961,0.1563626229763031,,,,,174.0,128.8046417236328,,163.2294158935547,2003.0,,31.0,97.0,,,,,,,,,,,0.0,,0.0,,1.0,,,,,,,,,,,,,,,,2806964.0,,,,,,,,,,,0.0,5.159549713134766,5352.5,,,,,,,,,,,,media/a17252e2-3b5f-4318-950a-6699c9cfb3c2.jpg|media/e2260f63-3cec-497d-8d8c-dcc7b0b55c72.jpg|media/46cee68b-fdb2-471e-9644-0d7b5e6982fd.jpg|media/c00f3b10-9fce-4537-aafe-f222d6d240b4.mp4|media/2d00004b-f1ca-4cd6-b0ec-8c2b4d0f02a5.jpg|media/eebc156e-5c6f-4fa7-94a4-c86d6c9e84be.jpg|media/e2a223c7-1bb2-400e-a347-dfaf864fa867.jpg
11928604145,"Jul 19, 2024, 4:53:44 AM","😴 (Sonno, caldo e pioggia)",Ride,"",40534,54.29,178.0,64,false,,Scott,activities/12718907547.fit.gz,,7.0,40534.0,6718.0,54290.71875,16.360010147094727,8.081380844116211,550.0,573.0,220.8000030517578,708.7999877929688,13.017688751220703,-0.061888985335826874,,,,,178.0,133.09649658203125,,173.19454956054688,1435.0,,28.0,64.0,,,,,,,,,,,0.0,,0.0,,1.0,,,,,,,,,,,,,,,,2806964.0,,,,,,,,,,,0.0,1.3393871784210205,1213.800048828125,,,,,,,,,,,,""
11934524218,"Jul 20, 2024, 5:27:02 AM",🪨(Borno molto grave-l),Ride,I underestimated the whole thing 😂😵,21725,96.29,170.0,154,false,,Scott,activities/12725065441.fit.gz,,7.0,21725.0,18073.0,96291.609375,17.103906631469727,5.327926158905029,2021.0,2154.0,189.39999389648438,1535.0,49.672340393066406,-0.010177405551075935,,,,,170.0,130.79083251953125,,144.85986328125,3094.0,,28.0,154.0,,,,,,,,,,,0.0,,0.0,,1.0,,,,,,,,,,,,,,,,2806964.0,,,,,,,,,,,0.0,4.432294845581055,27035.30078125,,,,,,,,,,,,media/24c0431f-722a-4ea1-857c-c020a3239054.jpg|media/12480bb8-e6d8-4148-9cfd-09a3996489ac.jpg|media/4cd68ef4-62d3-44cb-9994-81e2b1008705.jpg|media/c1732573-18d0-4715-821d-ac71a3fb0f04.jpg|media/46e2ad9a-ac9e-4d1d-a49c-c6ce30128c64.jpg|media/b7310799-a04d-4695-9899-4c38a5a3530e.mp4|media/e2061bd0-335f-4511-9f07-cd660dfbd432.jpg|media/2c85e7b1-55a1-43b2-b87b-00c765009f96.jpg
11941357918,"Jul 21, 2024, 5:04:30 AM",🍴(The Mirko Forcella Initialization),Ride,"",12105,70.94,164.0,135,false,,Scott,activities/12732196927.fit.gz,,7.0,12105.0,11309.0,70940.03125,18.695703506469727,6.27288293838501,1683.0,1694.0,344.6000061035156,1041.199951171875,49.42867660522461,-0.03467714414000511,,,,,164.0,136.86386108398438,,170.66537475585938,2178.0,,24.0,135.0,,,,,,,,,,,0.0,,0.0,,1.0,,,,,,,,,,,,,,,,2806964.0,,,,,,,,,,,0.0,5.860390663146973,4913.2001953125,,,,,,,,,,,,media/511b80ac-2b5c-42f6-844c-546803f95632.jpg|media/a173a6b3-a933-47bb-be51-78d173884bcd.jpg|media/343e9745-1b42-4261-af98-46968e275d7e.jpg
11951702104,"Jul 22, 2024, 12:32:43 PM",👋🏼 (See you 20s),Run,"Last training as a youngster.
Tried to collapse before midnight.
I couldn't.
Now back to work hoping for the blackout to be ok",3976,13.13,170.0,51,false,,,activities/12742971374.fit.gz,,,3976.0,3945.0,13129.66015625,6.987988471984863,3.3281774520874023,311.0,337.0,375.3999938964844,704.2000122070312,19.551313400268555,-0.21325762569904327,,,84.0,79.39501953125,170.0,138.09600830078125,,,874.0,,34.0,51.0,,,,,,,,,,,0.0,,0.0,,1.0,13878.599609375,,,,,,,,,,,,,,,,,,,,,,,,,,0.0,3.3022282123565674,1436.0999755859375,,,,10478.0,,,,,3.5180227756500244,,,media/0b1a5180-8eed-477a-b8f6-b58f1624cf22.jpg|media/2bbfbd8b-1c79-4d59-8d8a-916a6f268d2b.jpg|media/b4af9f94-a7fd-46c9-8917-758817c8edeb.jpg
11957563746,"Jul 23, 2024, 3:38:10 AM",3️⃣0️⃣ (The Thirties),Ride,Welcoming them with the good Vaccaro birthday ride,9115,46.93,157.0,99,false,,Scott,activities/12749024198.fit.gz,,7.0,9115.0,8636.0,46936.6015625,19.162109375,5.434993267059326,1495.0,1525.0,387.3999938964844,1507.4000244140625,47.567832946777344,-0.06647267192602158,,,,,157.0,134.88589477539062,,183.34544372558594,1756.0,,22.0,99.0,,,,,,,,,,,0.0,,0.0,,1.0,,,,,,,,,,,,,,,,2806964.0,,,,,,,,,,,0.0,5.149380207061768,4491.0,,,,,,,,,,,,media/8e2c8c3d-013a-4c0f-bb6f-88fff5740d2d.jpg|media/c0811078-54b7-43f5-a4f0-0ef287c5a3ca.jpg|media/e3d86df8-5385-4aa9-bff0-5d5da58e21f7.jpg|media/ad2e28fc-65e6-4cf1-acdf-3609e7df9a99.jpg
11965988091,"Jul 24, 2024, 3:34:46 AM",☠️ (Cramping from the first step),Run,✌️✌️,3963,13.39,180.0,143,false,,,activities/12757732826.fit.gz,,,3963.0,3932.0,13390.26953125,5.300000190734863,3.4054603576660156,210.0,227.0,345.6000061035156,561.5999755859375,26.525060653686523,-0.13293226063251495,,,84.0,80.53189086914062,180.0,161.3621368408203,,,946.0,,22.0,143.0,,,,,,,,,,,0.0,,0.0,,1.0,13865.400390625,,,,,,,,,,,,,,,,,,,,,,,,,,0.0,3.378821611404419,3401.60009765625,,,,10576.0,,,,,3.526297092437744,,,media/f9fbadee-4343-47d2-ae0f-556a1ae8d91f.jpg
11972635183,"Jul 24, 2024, 4:16:28 PM",🥰 (Cena al Curò),Hike,Lovely afterwork with the family,16134,10.72,125.0,21,false,,,activities/12764611343.fit.gz,,,16134.0,10373.0,10722.58984375,6.115000247955322,1.0337018966674805,853.0,864.0,1009.0,1899.0,49.722373962402344,0.02238287962973118,,,116.0,58.02968978881836,125.0,89.0915298461914,,,797.0,,24.0,21.0,,,,,,,,,,,0.0,,0.0,,1.0,,,,,,,,,,,,,,,,,,,,,,,,,,,0.0,0.664595901966095,10722.7001953125,,,,18592.0,,,,,,,,media/64749e36-79e9-421d-b0fb-65cdfea43054.jpg|media/7e46e756-9ec9-4f5a-ba69-1d1a25ac8558.jpg|media/57405763-b8e6-474a-a71a-72c559652cc1.jpg
11977135705,"Jul 25, 2024, 10:51:53 AM",💆🏼‍♂️ (Selvinata Easy),Ride,0 sbatti 😂,5103,33.89,158.0,48,false,,Scott,activities/12769288104.fit.gz,,7.0,5103.0,5103.0,33893.91015625,18.232030868530273,6.641957759857178,796.0,802.0,320.20001220703125,1061.5999755859375,19.69357681274414,-0.04425573721528053,,,,,158.0,131.83343505859375,,179.01760864257812,1024.0,,30.0,48.0,,,,,,,,,,,0.0,,0.0,,1.0,,,,,,,,,,,,,,,,2806964.0,,,,,,,,,,,0.0,6.641957759857178,0.0,,,,,,,,,,,,""
11986938433,"Jul 26, 2024, 4:24:52 AM",✈️ (Vacations needed),Ride,But not in sight,41704,53.60,168.0,70,false,,Scott,activities/12779468661.fit.gz,,7.0,41704.0,6573.0,53606.19140625,16.662012100219727,8.155513763427734,517.0,544.0,215.1999969482422,712.0,17.558298110961914,-0.06864887475967407,,,,,168.0,134.6246337890625,,172.47647094726562,1455.0,,29.0,70.0,,,,,,,,,,,0.0,,0.0,,1.0,,,,,,,,,,,,,,,,2806964.0,,,,,,,,,,,0.0,1.285396933555603,1172.300048828125,,,,,,,,,,,,""
11994569257,"Jul 27, 2024, 6:15:59 AM",🇫🇷 (Iseran e Moncenisio),Ride,"Crazy hard and beautiful day.
Canyon gravel was not the smartest choice.
The pizza after Iseran was.
My idea of Festival Alta Felicità!",28895,152.23,161.0,310,false,,Scott,activities/12787431010.fit.gz,,7.0,28895.0,24863.0,152237.9375,20.3359375,6.123072147369385,4176.0,4158.0,506.6000061035156,2767.39990234375,43.64436340332031,-0.0028902285266667604,,,,,161.0,137.6228485107422,,176.92227172851562,4437.0,,26.0,310.0,,,,,,,,,,,0.0,,0.0,,1.0,,,,,,,,,,,,,,,,2806964.0,,,,,,,,,,,0.0,5.268660545349121,922.2000122070312,,,,,,,,,,,,media/7214862c-ee6c-4aa4-bf90-e209946574df.jpg|media/196c1e7b-3b02-4cce-ba7e-311f4dd104a4.jpg|media/13daa9ad-eab8-47d4-8729-73e92c39d0b5.jpg|media/f2ce287c-2b19-4f9e-a2c3-8992d3e16068.jpg|media/f555a415-4be4-4ab7-bca7-e74fdb6c6fe7.jpg|media/62ab979e-2630-4b12-bc89-b976db34c973.jpg|media/ce037442-f0c1-4fe9-b6d6-0c9dff35aa40.mp4|media/4f02e108-167a-4f24-8ff8-5e1d79409ba0.jpg|media/eeafd998-67ca-4261-a483-5974f583343d.jpg|media/cca3b041-eec0-4bbc-9bc5-9865b93545ef.jpg
12001983080,"Jul 28, 2024, 6:02:11 AM",🪟 (Colle delle Finestre),Ride,Top.,23655,92.63,161.0,148,false,,Scott,activities/12795168895.fit.gz,,7.0,23655.0,14712.0,92635.78125,18.470020294189453,6.296613693237305,2458.0,2396.0,488.0,2174.39990234375,48.35662841796875,0.014033454470336437,,,,,161.0,132.28797912597656,,182.5255126953125,2919.0,,28.0,148.0,,,,,,,,,,,0.0,,0.0,,1.0,,,,,,,,,,,,,,,,2806964.0,,,,,,,,,,,0.0,3.9161183834075928,11675.2998046875,,,,,,,,,,,,media/ebfc2a21-3a6e-48ce-a47e-2d915cf0904a.jpg|media/f7dea119-a1b9-42f0-a5c1-a169e19e312b.jpg|media/c69fc59b-e0ae-4992-8d9f-3b82e07bbaf7.jpg|media/f56d2f71-7090-433c-8c37-41538e9f9417.jpg|media/0cc78390-3009-42e2-9582-f4e1a6d3ce75.jpg|media/a4e0d5e4-18d3-46cd-8bd2-39ff607f1594.jpg|media/8a9c1626-2347-4ada-8a01-10fcd4854c5e.mp4
12011319459,"Jul 29, 2024, 4:59:23 AM",🤛🏼 (Another Monday Punched in the face),Ride,"",40430,54.65,167.0,52,false,,Scott,activities/12804910773.fit.gz,,7.0,40430.0,6703.0,54652.2109375,16.245996475219727,8.153395652770996,510.0,539.0,215.60000610351562,706.0,13.40117359161377,-0.05635634437203407,,,,,167.0,126.13441467285156,,168.3587646484375,1289.0,,29.0,52.0,,,,,,,,,,,0.0,,0.0,,1.0,,,,,,,,,,,,,,,,2806964.0,,,,,,,,,,,0.0,1.351773738861084,1084.5999755859375,,,,,,,,,,,,""
12015541372,"Jul 30, 2024, 4:13:22 AM",🧘🏼‍♂️ (Meditazioni e Escoriazioni),Ride,"",4704,22.87,152.0,24,false,,Scott,activities/12809269611.fit.gz,,7.0,4704.0,4335.0,22876.58984375,17.477733612060547,5.277183532714844,765.0,763.0,407.20001220703125,1123.0,20.804550170898438,-0.07955736666917801,,,,,152.0,124.05005645751953,,164.1829376220703,742.0,,24.0,24.0,,,,,,,,,,,0.0,,0.0,,1.0,,,,,,,,,,,,,,,,2806964.0,,,,,,,,,,,0.0,4.863220691680908,1902.0999755859375,,,,,,,,,,,,media/46012f60-c94a-4eee-bebe-e8660778cc14.jpg|media/75579401-1b5a-4b3c-b7c0-0c7b6978407d.jpg|media/f690a961-7aab-48c8-b724-3bdf22cfda66.jpg
12029345091,"Jul 31, 2024, 4:08:30 PM",🏋🏼‍♂️ (Why not),Weight Training,Recovering variations,5949,0,118.0,7,false,,,activities/12823599175.fit.gz,,,5949.0,5949.0,0.0,0.0,0.0,0.0,0.0,0.0,0.0,0.0,0.0,,,,,118.0,71.28105926513672,,,278.0,,31.0,7.0,,,,,,,,,,,0.0,,0.0,,1.0,,,,,,,,,,,,,,,,,,,,,,,,,,,0.0,0.0,0.0,,,,,,,,,,,,media/4cce1ec9-4c4a-4e70-9aed-336a08c8bd1e.jpg
12037428078,"Aug 1, 2024, 2:33:59 PM","🦁(Leoni, Tafani e Drittoni)",Ride,Con [strava://athletes/13909465/12]Luca Merelli sempre una garanzia,9706,52.24,159.0,65,false,,Scott,activities/12832015944.fit.gz,,7.0,9706.0,8708.0,52247.37890625,17.875782012939453,5.999928951263428,1125.0,1025.0,251.1999969482422,797.2000122070312,47.95504379272461,0.21551315486431122,,,,,159.0,125.99166870117188,,157.06336975097656,1493.0,,30.0,65.0,,,,,,,,,,,0.0,,0.0,,1.0,,,,,,,,,,,,,,,,2806964.0,,,,,,,,,,,0.0,5.382997989654541,3264.60009765625,,,,,,,,,,,,media/788fb375-92eb-46cd-8a87-2e38f2bb4263.jpg|media/7f7e0948-e7f5-47da-8fa8-a990dd94792c.jpg
12043090409,"Aug 2, 2024, 10:26:12 AM",🎙️(Podcast Ride),Ride,I missed these stimulating rides.,5319,33.09,161.0,61,false,,Scott,activities/12837909188.fit.gz,,7.0,5319.0,5244.0,33098.3984375,16.577733993530273,6.311670303344727,916.0,941.0,345.0,825.4000244140625,49.79233169555664,-0.08278334885835648,,,,,161.0,133.09918212890625,,182.911376953125,1044.0,,31.0,61.0,,,,,,,,,,,0.0,,0.0,,1.0,,,,,,,,,,,,,,,,2806964.0,,,,,,,,,,,0.0,6.222672939300537,0.0,,,,,,,,,,,,""
12050991248,"Aug 3, 2024, 10:54:53 AM",⚓ (Portovenere),Swim,"",2566,"1,001",122.0,5,false,,,activities/12846149439.fit.gz,,,2566.0,1633.0,1000.510009765625,1.5,0.6126821637153625,0.0,0.0,5.099999904632568,7.199999809265137,10.880331993103027,0.16991333663463593,,,38.0,26.52193260192871,122.0,106.18809509277344,,,193.0,,27.0,5.0,,,,,,,,,,,0.0,,0.0,,1.0,,,,,,,,,,,,,,,,,,,,,,,,,,,0.0,0.38991037011146545,0.0,,,,,,,,,,,,media/c9cdf3e4-3beb-4863-9073-88319c89f8aa.jpg|media/ed597d8d-f109-4814-a7b6-1817de30e38b.jpg
12057135611,"Aug 4, 2024, 3:36:31 AM",5️⃣ (Le Grazie),Ride,5 terre gravel powered by Negroni and Focaccia,8805,47.18,158.0,73,false,,Scott,activities/12852579934.fit.gz,,7.0,8805.0,8243.0,47187.421875,19.408496856689453,5.724544525146484,939.0,931.0,6.0,572.0,49.22414016723633,-0.006781465839594603,,,,,158.0,131.40899658203125,,141.95071411132812,1439.0,,27.0,73.0,,,,,,,,,,,0.0,,0.0,,1.0,,,,,,,,,,,,,,,,2806964.0,,,,,,,,,,,0.0,5.359161853790283,16966.900390625,,,,,,,,,,,,media/7ad1dc2c-ba9a-406c-bb5a-4b942c5111d4.jpg|media/bfdf8c60-1565-4519-8ec4-90fd72430d91.mp4|media/b4e87587-2585-41c0-bca1-2cc8d2b82a99.jpg|media/d7c0fce7-9f86-4293-b236-133128189f2b.mp4|media/a6451680-3d72-4fec-9371-c835876901ca.jpg|media/0371f201-7618-43d4-9406-94dfb3fe2c0b.jpg
12069722581,"Aug 5, 2024, 1:58:42 PM",🫓 (Focaccia Powered Farno),Ride,"Feeling great, with a great podcast",9154,46.60,173.0,148,false,,Scott,activities/12865769214.fit.gz,,7.0,9154.0,8467.0,46600.453125,18.711719512939453,5.5037736892700195,1526.0,1548.0,386.3999938964844,1531.5999755859375,46.757991790771484,-0.06566454470157623,,,,,173.0,142.3614044189453,,176.45973205566406,1830.0,,29.0,148.0,,,,,,,,,,,0.0,,0.0,,1.0,,,,,,,,,,,,,,,,2806964.0,,,,,,,,,,,0.0,5.090720176696777,9227.400390625,,,,,,,,,,,,media/70085654-df1d-4469-8704-0d47a7149773.jpg|media/42ad83c9-f5e1-4087-b0a7-2d33eeb3eff6.jpg
12078905782,"Aug 6, 2024, 2:55:44 PM",🌼 (Contrada Margherita),Ride,"",6897,46.63,170.0,58,false,,Scott,activities/12875377305.fit.gz,,7.0,6897.0,5354.0,46630.078125,19.847997665405273,8.709390640258789,586.0,615.0,387.20001220703125,709.2000122070312,46.757991790771484,-0.07420111447572708,,,113.0,82.77582550048828,170.0,133.2301025390625,,224.92771911621094,1335.0,,31.0,58.0,1204368.0,,,,,,,,243.0,5900.0,0.0,,0.0,,1.0,,,,,,,,,,,,,,,,2806964.0,,,,,,,,,,,0.0,6.760921955108643,0.0,,,,,,,107.0,81.0,,,,media/b574e602-4e06-4576-b8f6-8edbb06e2884.jpg|media/c4afbac3-525a-4e47-92cf-629608770295.jpg
12085054947,"Aug 7, 2024, 9:27:53 AM",🪦 (Gravel Grave),Ride,Aviatico not the best idea + Coldre',4848,18.75,154.0,29,false,,Scott,activities/12881800832.fit.gz,,7.0,4848.0,4065.0,18750.48046875,18.235937118530273,4.612664222717285,696.0,825.0,696.5999755859375,1342.800048828125,45.004119873046875,-0.06613177061080933,,,,,154.0,130.32933044433594,,164.7237548828125,781.0,,28.0,29.0,,,,,,,,,,,0.0,,0.0,,1.0,,,,,,,,,,,,,,,,2806964.0,,,,,,,,,,,0.0,3.867673397064209,2023.300048828125,,,,,,,,,,,,""
12092177428,"Aug 8, 2024, 5:00:23 AM",💀 (TARM x XRP),Run,"Finally some running.
Not a financial advice.",3879,13.50,179.0,95,false,,,activities/12889221790.fit.gz,,,3879.0,3871.0,13500.150390625,5.660009860992432,3.4875097274780273,207.0,226.0,346.20001220703125,562.0,17.821231842041016,-0.11259143054485321,,,84.0,80.07315063476562,179.0,152.05337524414062,,,903.0,,21.0,95.0,,,,,,,,,,,0.0,,0.0,,1.0,13993.2998046875,,,,,,,,,,,,,,,,,,,,,,,,,,0.0,3.4803171157836914,3367.699951171875,,,,10344.0,,,,,3.614905595779419,,,media/dc73ba8e-ee88-444f-b534-84f16db23866.jpg|media/bc1c9b1a-bb52-4c07-9d01-002d47363311.jpg
12102593850,"Aug 9, 2024, 3:34:05 AM",🏴‍☠️ (Orezzo - Mortirolo - Livigno),Ride,"Bandiera tra Pantani e finitudine del Foscagno
""Quelli che han fatto il mortirolo sono dei coglioni cit""
5400 kJ",28748,177.00,177.0,412,false,,Scott,activities/12900152528.fit.gz,,7.0,28748.0,26600.0,177007.0,19.153125762939453,6.654398441314697,4000.0,2745.0,192.8000030517578,2288.60009765625,40.354835510253906,0.7090114951133728,,,104.0,71.38895416259766,177.0,141.4399871826172,,203.2126922607422,6057.0,,24.0,412.0,5404980.0,,,,,,,,220.0,27985.0,0.0,,0.0,,1.0,,,,,,,,,,,,,,,,2806964.0,,,,,,,,,,,0.0,6.157193660736084,108.5,,,,,,,416.0,73.0,,,,media/e96c36bd-97cb-43ec-888f-b3a0d3858404.jpg|media/eae41b6c-4afa-4961-bfab-bf4548547639.jpg|media/7777f70d-a4e0-4065-9c9a-9076f14b7314.jpg|media/7d6d3f74-bcb4-4adc-a4c4-9c718217e856.jpg|media/c27d6c47-a190-4af4-8393-b3fa4625910f.jpg|media/c3aa5481-45b1-4165-a3d9-045452de24ea.jpg
12111409819,"Aug 10, 2024, 6:03:07 AM",🍕 (Livigno - Aprica - Ganda - Orezzo),Ride,"A tour of the greatest pizza places in Lombardy.
Crazy hard at first.
Extra Ganda at the end cause Vikings are together regardless of 33° and 9000kJ in two days.",25804,180.39,176.0,169,false,,Scott,activities/12909411701.fit.gz,,7.0,25804.0,22269.0,180397.015625,23.361719131469727,8.100813865661621,2812.0,3927.0,185.60000610351562,2315.0,48.50493240356445,-0.6235135793685913,,,110.0,75.84278869628906,176.0,129.00143432617188,,192.3501434326172,4823.0,,29.0,169.0,4281656.0,,,,,,,,217.0,23522.0,0.0,,0.0,,1.0,,,,,,,,,,,,,,,,2806964.0,,,,,,,,,,,0.0,6.991048812866211,2.4000000953674316,,,,,,,340.0,72.0,,,,media/9f48a5e9-2e01-4f96-9a9f-686fba6c252e.jpg|media/d097368f-9b53-4b00-99c4-8c2bba5917f1.jpg|media/2fca28e7-b6e6-4268-b7af-58f26f8ced7f.jpg|media/e2e3e3ff-2316-411a-9818-fd0f52050118.jpg|media/6fde5745-eccb-4814-bf85-a2fb0733ccad.jpg
12117783554,"Aug 11, 2024, 6:08:32 AM",⛰️ (Lago di Coca and GCA),Run,"Active recovery, good podcast, some prep for important interviews.
And a strudel.　

👏 4.72 new kilometers

-- From ",10884,9.89,146.0,24,false,,,activities/12916128741.fit.gz,,,10884.0,9383.0,9898.099609375,3.133333444595337,1.0548971891403198,1228.0,1208.0,898.5999755859375,2138.0,50.0,0.3071296513080597,,,112.0,58.08921813964844,146.0,105.42359161376953,,,931.0,,27.0,24.0,,,,,,,,,,,0.0,,0.0,,1.0,19795.30078125,,,,,,,,,,,,,,,,,,,,,,,,,,0.0,0.9094175100326538,9898.099609375,,,,18006.0,,,,,,,,media/1b9787d8-a4ba-42b6-b3a6-73662f62e1f5.jpg|media/38664480-2077-490c-badd-7d699973271f.jpg|media/dab87fcd-b94e-423b-b926-2cfbb286ea75.jpg|media/f2edb1e7-7a19-49a8-8d7b-163e2e0e9c69.jpg
12125986129,"Aug 12, 2024, 5:19:06 AM",🥌 (Costa Serina and Hard Legs),Ride,"Feeling like I had legs day yesterday.
",10255,66.18,159.0,84,false,,Scott,activities/12924763359.fit.gz,,7.0,10255.0,9896.0,66184.140625,18.06640625,6.687968730926514,1652.0,1656.0,380.6000061035156,1264.0,21.175683975219727,-0.03535594046115875,,,102.0,71.91141510009766,159.0,130.400390625,,189.0732879638672,2121.0,,25.0,84.0,1879067.0,,,,,,,,223.0,10223.0,0.0,,0.0,,1.0,,,,,,,,,,,,,,,,2806964.0,,,,,,,,,,,0.0,6.453841209411621,0.0,,,,,,,156.0,74.0,,,,""
12139234206,"Aug 13, 2024, 4:10:41 PM",✨(Notte di San Lorenzo),Ride,"Ride for ice cream
Sciogli gambe",8111,54.17,162.0,45,false,,Scott,activities/12938638425.fit.gz,,7.0,8111.0,7074.0,54172.609375,16.069995880126953,7.657988548278809,661.0,675.0,260.79998779296875,708.0,41.669212341308594,-0.04577957093715668,,,,,162.0,125.47447204589844,,168.77732849121094,1284.0,,29.0,45.0,,,,,,,,,,,0.0,,0.0,,1.0,,,,,,,,,,,,,,,,2806964.0,,,,,,,,,,,0.0,6.678906440734863,173.60000610351562,,,,,,,,,,,,media/17ced27f-f01a-48fb-bf16-cfc9ed1d4502.jpg
12148683162,"Aug 14, 2024, 4:42:50 PM",🦋 (Farfalle al tramonto),Hike,"",11706,8.08,135.0,13,false,,,activities/12948512610.fit.gz,,,11706.0,6574.0,8081.06982421875,2.211664915084839,1.229246973991394,344.0,345.0,1237.199951171875,1534.800048828125,44.19877624511719,-0.039599623531103134,,,80.0,52.92603302001953,135.0,89.81665802001953,,,525.0,,25.0,13.0,,,,,,,,,,,0.0,,0.0,,1.0,,,,,,,,,,,,,,,,,,,,,,,,,,,0.0,0.6903356909751892,7903.10009765625,,,,11138.0,,,,,,,,media/19d3b5ab-c5c2-44be-87bd-a7e95166b141.jpg|media/ba4a2412-481e-4646-8f10-a776940a3a06.jpg|media/512ac950-00a6-4e28-b894-8fb499193ad3.jpg|media/7d2915a4-018c-4ae8-9121-7875fe1e2a36.jpg|media/07aea9f3-55dd-42e1-aabd-fe534b077870.jpg|media/b05cefe9-0a24-4e85-9f2a-c593bb318831.jpg
12151699853,"Aug 15, 2024, 5:32:16 AM",➖ (Rethinking pre Ferragosto),Ride,"Out of the caos, of the heat, of the excessive stress.
Tomorrow = ✈️",10287,56.76,159.0,96,false,,Scott,activities/12951713852.fit.gz,,7.0,10287.0,9720.0,56762.26171875,17.23046875,5.839738845825195,1850.0,1852.0,452.3999938964844,1104.5999755859375,30.097034454345703,-0.0422816127538681,,,,,159.0,132.58236694335938,,185.00119018554688,1761.0,,25.0,96.0,,,,,,,,,,,0.0,,0.0,,1.0,,,,,,,,,,,,,,,,2806964.0,,,,,,,,,,,0.0,5.5178632736206055,0.0,,,,,,,,,,,,""
12171804015,"Aug 17, 2024, 6:45:14 AM",🏴󠁧󠁢󠁳󠁣󠁴󠁿 (Edinburgh - Dalmally | Scotland Highlands 1),Ride,"A group ride, shit lot of rain, good lunch with people from US and Canada, final amazing retreat all for myself. Thanks.",28421,163.98,174.0,366,false,,Scott,activities/12975428606.fit.gz,,7.0,28421.0,21379.0,163981.84375,17.326562881469727,7.670229911804199,1674.0,1700.0,5.400000095367432,301.20001220703125,27.06735610961914,-0.01158665120601654,,,108.0,73.00770568847656,174.0,143.9051513671875,,182.72427368164062,4426.0,,15.0,366.0,3903822.0,,,,,,,,193.0,23146.0,0.0,,0.0,,1.0,,,,,,,,,,,,,,,,2806964.0,,,,,,,,,,,0.0,5.769742012023926,220.3000030517578,,,,,,,264.0,64.0,,,,media/92965f2d-4414-47b2-9108-0c42740b2834.jpg|media/9fa0e6a9-ea5f-4866-a3d8-d24d56dba334.jpg|media/81e57a81-16de-4b62-8f76-b3b4bdf7d36e.jpg|media/29f6690a-8df3-4044-8df2-7b48ab0bd5a8.mp4|media/d85d3afd-84fa-4e7d-95b9-39b504f7c9c7.jpg|media/4d92d66f-57d9-4287-a448-659630a4303e.jpg|media/8b626db5-7c16-4b36-bb68-86090ba6449d.jpg|media/6911ccc9-9e82-4072-a4df-f84586c1c04a.jpg
12178643963,"Aug 18, 2024, 6:38:36 AM",🏴󠁧󠁢󠁳󠁣󠁴󠁿 (Dalmally - Fort William | Scotland Highlands 2),Ride,"",16856,105.05,173.0,206,false,,Scott,activities/12983104595.fit.gz,,7.0,16856.0,13878.0,105053.0625,16.9765625,7.5697550773620605,1066.0,1095.0,5.0,123.80000305175781,32.48860168457031,-0.03940865397453308,,,98.0,73.42120361328125,173.0,141.3440704345703,,162.03843688964844,2592.0,,16.0,206.0,2254154.0,,,,,,,,173.0,15410.0,0.0,,0.0,,1.0,,,,,,,,,,,,,,,,2806964.0,,,,,,,,,,,0.0,6.232383728027344,983.5999755859375,,,,,,,143.0,58.0,,,,media/b385474a-a63c-4e5b-9f90-7a12ee732d34.jpg|media/38f5dab4-5dfe-4606-b7d8-99aafacfb328.jpg|media/dff31d48-b757-4817-b860-dc12d13d2d5a.jpg|media/094ca321-efd7-45ca-9184-acc516070138.jpg|media/4abbc88d-d83c-4974-aa27-0e497881567c.jpg|media/0242b1cd-59ae-4432-b7e7-7812f26a289c.jpg
12189190195,"Aug 19, 2024, 7:35:13 AM",🏴󠁧󠁢󠁳󠁣󠁴󠁿 (Fort William - Teangue | Scotland Highlands 3),Ride,Mental cold,34059,152.07,176.0,409,false,,Scott,activities/12994822709.fit.gz,,7.0,34059.0,19835.0,152075.0,16.014062881469727,7.6670026779174805,1733.0,1724.0,3.4000000953674316,353.0,37.14451599121094,0.005918132606893778,,,108.0,75.12596893310547,176.0,147.4126739501953,,179.44923400878906,4042.0,,15.0,409.0,3557994.0,,,,,,,,191.0,21646.0,0.0,,0.0,,1.0,,,,,,,,,,,,,,,,2806964.0,,,,,,,,,,,0.0,4.465045928955078,68.0999984741211,,,,,,,245.0,64.0,,,,media/227c17e1-6b5d-4276-8b06-f1d1cac4a6d4.jpg|media/42eea904-cffb-422d-a285-570331c8fb9c.jpg|media/5ee7663d-1347-412a-b3e6-bf0fa257b495.mp4|media/fee420a4-fcd3-4da5-abd3-8f6a567f969e.jpg|media/fbd3b31a-86eb-47b9-bd55-96e6ef8e0edd.jpg|media/b1045323-b3c4-45da-80fa-d90dfa802a1d.jpg|media/bdba9ca5-e863-4ebd-8e07-be2a2d1c3388.jpg
12204305801,"Aug 21, 2024, 6:55:59 AM",🏴󠁧󠁢󠁳󠁣󠁴󠁿 (Teangue - Torridon | Scotland Highlands 4),Ride,"Okay, it didn't stop raining for a minute, but the scenery and the refuge at the end were priceless. In the midst of the wind and chaos, you really start to appreciate life's small retreats.
🙏🏼🫂",17269,99.75,169.0,208,false,,Scott,activities/13011300223.fit.gz,,7.0,17269.0,13518.0,99753.7890625,16.212108612060547,7.379330635070801,1413.0,1459.0,1.399999976158142,151.60000610351562,48.3383674621582,-0.040098730474710464,,,108.0,71.1680908203125,169.0,142.01808166503906,,171.45960998535156,2645.0,,14.0,208.0,2314494.0,,,,,,,,191.0,14693.0,0.0,,0.0,,1.0,,,,,,,,,,,,,,,,2806964.0,,,,,,,,,,,0.0,5.776465892791748,0.0,,,,,,,166.0,64.0,,,,media/c48eaab8-07f4-49e7-b91d-b35be65cd462.jpg|media/da02385a-7c73-427d-b695-d850153f7d16.mp4|media/94bdfa59-c061-41ed-a85b-fa510cbee444.jpg|media/23f60d03-d546-4b58-b9a8-7b010bcae5f6.jpg|media/fb4f4041-8cdd-4a60-a7e3-9129337ac88d.mp4|media/daf6e979-4e67-4a66-8943-42ddc7ef3237.jpg|media/ea1bc4c6-dcdf-4d2f-9169-04f2b5a78d7c.jpg|media/22bce050-55a8-4c6d-a71e-5d337554f3c7.jpg|media/9345139a-767a-4828-8872-58fb835b07fc.jpg|media/04457ca8-c808-4879-b67f-cd1ddc7a0436.jpg|media/206baf45-d1ee-4461-a59a-eae7fc2d753f.jpg|media/c1d1e0af-20b2-41d4-85e5-29912c4dfaf4.jpg
12213104292,"Aug 22, 2024, 6:59:18 AM",🏴󠁧󠁢󠁳󠁣󠁴󠁿(Torridon - Loch Ness | Scotland Highlands 5),Ride,"Very easy up to the last 20 km
Rescheduling needed cause I am out of gas
Few chilling days at the lake now 🧟‍♂️",17831,119.02,166.0,182,false,,Scott,activities/13020418569.fit.gz,,7.0,17831.0,15042.0,119023.7890625,16.524999618530273,7.912763595581055,1359.0,1330.0,1.600000023841858,264.0,25.8586368560791,0.014450891874730587,,,105.0,76.61957550048828,166.0,138.0321502685547,,162.90170288085938,2821.0,,17.0,182.0,2454363.0,,,,,,,,181.0,16199.0,0.0,,0.0,,1.0,,,,,,,,,,,,,,,,2806964.0,,,,,,,,,,,0.0,6.67510461807251,98.5,,,,,,,162.0,60.0,,,,media/92a8e06c-9f6b-413f-828a-994462f0d931.jpg|media/9d36d754-74d2-49b5-bf08-05790ca769f0.jpg|media/96d37e6d-9aa1-4ce5-8ac4-b4100654f4e4.mp4|media/3682fa99-d192-4bcc-9826-3e3c37740de4.jpg|media/661fdc39-7187-427d-b3f4-361169de8d5c.jpg
12222639459,"Aug 23, 2024, 9:13:02 AM",🏴󠁧󠁢󠁳󠁣󠁴󠁿 (Loch Ness Tour | Scotland Highlands 6),Ride,"Last bit of Scotland on the bike.
Stunning little corners
Wind, climbs and monstrous views on the lake.
Thanks 🙏🏼",20449,108.18,168.0,167,false,,Scott,activities/13030326808.fit.gz,,7.0,20449.0,14880.0,108180.3125,18.220312118530273,7.270182132720947,1584.0,1557.0,4.800000190734863,400.6000061035156,26.921567916870117,0.009983332827687263,,,101.0,71.67859649658203,168.0,135.66751098632812,,38.605552673339844,3174.0,,17.0,167.0,574466.0,,,,,,,,172.0,7632.0,0.0,,0.0,,1.0,,,,,,,,,,,,,,,,2806964.0,,,,,,,,,,,0.0,5.290249347686768,5377.2998046875,,,,,,,69.0,57.0,,,,media/bb3e3a17-d551-4ab7-ac9f-892fd8a6aab8.mp4|media/37aeaedb-5d80-4ef3-baae-3a6dc4aa1d92.jpg|media/fd35075a-ba08-4b6b-93d2-309bdc1ee4b5.jpg|media/d9ab80a8-7a89-4cdd-aecb-8bab4272dc0b.mp4|media/9391d199-66dc-4c89-a752-fa1c1db389ae.jpg|media/76da44ba-2b2c-472b-8878-a57f7b0c9d9b.jpg|media/7644ae02-4743-49e2-b7aa-dc9f33c0d52c.jpg|media/a7d52159-4503-44af-9f84-7916be50456a.jpg
12226947098,"Aug 24, 2024, 5:09:29 AM",🏴󠁧󠁢󠁳󠁣󠁴󠁿 (The Iverness End),Ride,"Trasferimento.
Scotland Highlands Tour end",5117,39.00,163.0,65,false,,Scott,activities/13034818155.fit.gz,,7.0,5117.0,5117.0,39003.421875,12.971875190734863,7.622322082519531,292.0,309.0,4.0,87.80000305175781,10.210634231567383,-0.04717534780502319,,,,,163.0,138.03224182128906,,123.72270202636719,1186.0,,13.0,65.0,,,,,,,,,,,0.0,,0.0,,1.0,,,,,,,,,,,,,,,,2806964.0,,,,,,,,,,,0.0,7.622322082519531,0.0,,,,,,,,,,,,media/d7d2237a-b733-48f2-bfb4-dcf3a1b6d5d7.jpg|media/e1ae2883-1591-4e3f-96cd-42a9a98aa3d8.jpg
12265568679,"Aug 28, 2024, 5:05:57 AM",🔂(Back at it),Ride,Always not easy,40434,53.70,170.0,146,false,,Scott,activities/13075036238.fit.gz,,7.0,40434.0,6502.0,53701.91015625,15.358007431030273,8.25929069519043,524.0,559.0,215.1999969482422,706.0,25.584903717041016,-0.057726066559553146,,,,,170.0,148.3137969970703,,180.78836059570312,1731.0,,27.0,146.0,,,,,,,,,,,0.0,,0.0,,1.0,,,,,,,,,,,,,,,,2806964.0,,,,,,,,,,,0.0,1.3281375169754028,1189.9000244140625,,,,,,,,,,,,media/20047592-0a0c-4304-8b63-4472649e6943.jpg
12270153047,"Aug 29, 2024, 5:08:35 AM",🏃🏼‍♂️(Running Back To It),Run,"I miss (also in the training and general fitness) running so much.
Hoping the pain won't come back.
Key moments: grannies meetings ",3853,13.24,180.0,108,false,,,activities/13080431260.fit.gz,,,3853.0,3836.0,13243.16015625,6.339990139007568,3.452335834503174,214.0,229.0,343.3999938964844,563.0,17.42089080810547,-0.1404496729373932,,,86.0,80.80693817138672,180.0,155.7867889404297,,,934.0,,22.0,108.0,,,,,,,,,,,0.0,,0.0,,1.0,13744.5,,,,,,,,,,,,,,,,,,,,,,,,,,0.0,3.437103509902954,3295.10009765625,,,,10348.0,,,,,3.583029270172119,,,media/e379a02f-c59f-411b-aa74-e5ca527a5a22.jpg
12275716214,"Aug 29, 2024, 6:27:25 PM",Evening Alpine Ski,Alpine Ski,"Calcetto, vecchie e vecchie glorie
Mezzi acciacchi gratuiti ",2128,1.30,139.0,4,false,,,activities/13086294083.fit.gz,,,2128.0,1379.0,1308.2100830078125,3.593994140625,0.9486657381057739,3.0,7.0,264.0,268.6000061035156,8.284956932067871,-0.24460996687412262,,,,,139.0,109.22039031982422,,,365.0,,28.0,4.0,,0,,,,,,,,,0.0,,0.0,,1.0,,,,,,,,,,,,,,,,,,,,,,,,,,,0.0,0.6147603988647461,0.0,,,,,,,,,,,,media/dcc0bfe6-65d6-4e49-ad1e-0da607ec8937.jpg
12282576847,"Aug 30, 2024, 4:52:21 AM",👌🏼(Can't complain),Ride,"",40724,53.36,170.0,96,false,,Scott,activities/13093456108.fit.gz,,7.0,40724.0,6418.0,53366.94140625,17.43603515625,8.315197944641113,532.0,558.0,216.39999389648438,709.7999877929688,33.531368255615234,-0.05509021505713463,,,,,170.0,139.76812744140625,,187.48434448242188,1584.0,,28.0,96.0,,,,,,,,,,,0.0,,0.0,,1.0,,,,,,,,,,,,,,,,2806964.0,,,,,,,,,,,0.0,1.3104543685913086,967.0,,,,,,,,,,,,media/f741788b-c581-42f6-bb7d-84ce3a477a6e.jpg
12287864968,"Aug 31, 2024, 7:21:15 AM",🥧(Favorite Saturday),Ride,"Farno after two weeks of bad food.
+1.5 kg of shitty oils and fat
Back at it with full conviction!",10376,45.17,170.0,130,false,,Scott,activities/13098983672.fit.gz,,7.0,10376.0,8592.0,45172.76171875,17.0859375,5.257537364959717,1537.0,1568.0,384.79998779296875,1533.0,36.305503845214844,-0.06198425590991974,,,,,170.0,138.50680541992188,,171.71730041503906,1864.0,,28.0,130.0,,,,,,,,,,,0.0,,0.0,,1.0,,,,,,,,,,,,,,,,2806964.0,,,,,,,,,,,0.0,4.353581428527832,9683.2001953125,,,,,,,,,,,,media/c53c1056-ee54-4ae5-be70-7edc0740e7b8.jpg
12295223796,"Sep 1, 2024, 6:31:50 AM",🧘🏼‍♂️(Monk Mode On),Run,"Fiorentina + bad sleep + calcetto injuries combo
That's life. You get what you get.
If it's a fiorentina, I'll take it!",5590,18.01,181.0,203,false,,,activities/13106814842.fit.gz,,,5590.0,5540.0,18011.26953125,6.711999416351318,3.251131772994995,232.0,252.0,324.79998779296875,562.2000122070312,22.123798370361328,-0.12103526294231415,,,83.0,80.1136703491211,181.0,162.32977294921875,,,1319.0,,27.0,203.0,,,,,,,,,,,0.0,,0.0,,1.0,18528.30078125,,,,,,,,,,,,,,,,,,,,,,,,,,0.0,3.2220518589019775,5525.39990234375,,,,14848.0,,,,,3.34445858001709,,,media/9f057ed3-463f-4e82-8aec-b655067fdb7b.jpg|media/b54e7da7-085a-4e17-8860-c7e85dfddfda.jpg
12307288198,"Sep 2, 2024, 4:45:28 AM",9️⃣(Do you remember?),Ride,"",41160,53.52,176.0,83,false,,Scott,activities/13119922956.fit.gz,,7.0,41160.0,6458.0,53528.2109375,16.200000762939453,8.288666725158691,541.0,569.0,217.0,707.7999877929688,13.353145599365234,-0.05455069616436958,,,,,176.0,138.17567443847656,,183.07896423339844,1572.0,,26.0,83.0,,,,,,,,,,,0.0,,0.0,,1.0,,,,,,,,,,,,,,,,2806964.0,,,,,,,,,,,0.0,1.3004909753799438,1197.699951171875,,,,,,,,,,,,media/267f5a1c-ef90-49ea-923d-3b3b8e74f4f9.jpg|media/d3e6aaef-8cac-42c8-97e8-ae03379a8686.jpg
12311883144,"Sep 3, 2024, 4:21:36 AM",🔁(Slow Recovery On),Run,"",3837,13.01,168.0,58,false,"",,activities/13124950861.fit.gz,,,3837.0,3834.0,13014.419921875,5.359961032867432,3.3944756984710693,220.0,234.0,372.6000061035156,561.5999755859375,40.00244140625,-0.14599190652370453,,,83.0,79.80577850341797,168.0,142.51113891601562,,,881.0,,21.0,58.0,,,,,,,,,,,,,0.0,,1.0,13516.400390625,,,,,,,,,,,,,,,,,,,,,,,,,,0.0,3.3918216228485107,3994.800048828125,,,,10238.0,,,,,3.525404214859009,,,""
12326332917,"Sep 4, 2024, 4:43:14 PM",🧖🏼‍♂️(Sauna Session 1),Virtual Ride,"",4490,47.35,,,false,,Scott,activities/13141419482.fit.gz,,7.0,4490.0,4490.0,47350.75,12.162109375,10.54582405090332,0.0,0.0,,,0.0,0.0,,,90.0,62.76247787475586,,,,219.46971130371094,985.0,,,,,,,,,,,,229.0,4491.0,0.0,,0.0,,1.0,,,,,,,,,,,,,,,,2806964.0,,,,,,,,,,,0.0,10.54582405090332,0.0,,,,,,,72.0,76.0,,,,""
12331125577,"Sep 5, 2024, 8:37:29 AM",🧖🏼‍♂️ (Sauna Session 2),Virtual Ride,"",4623,48.55,,,false,,Scott,activities/13146545525.fit.gz,,7.0,4623.0,4623.0,48557.8203125,11.921875,10.50352954864502,0.0,0.0,,,0.0,0.0,,,76.0,59.03507995605469,,,,215.63638305664062,996.0,,,,,,,,,,,,225.0,4624.0,0.0,,0.0,,1.0,,,,,,,,,,,,,,,,2806964.0,,,,,,,,,,,0.0,10.50352954864502,0.0,,,,,,,72.0,75.0,,,,""
12342149907,"Sep 6, 2024, 4:52:23 AM",🇬🇷 (Oggi Greco),Ride,"",40789,53.53,170.0,72,false,,Scott,activities/13158490843.fit.gz,,7.0,40789.0,6535.0,53536.28125,15.612011909484863,8.192238807678223,509.0,542.0,217.60000610351562,714.0,15.601086616516113,-0.06649691611528397,,,,,170.0,135.492431640625,,173.21311950683594,1522.0,,24.0,72.0,,,,,,,,,,,0.0,,0.0,,1.0,,,,,,,,,,,,,,,,2806964.0,,,,,,,,,,,0.0,1.3125176429748535,1163.199951171875,,,,,,,,,,,,""
12349569535,"Sep 7, 2024, 10:54:02 AM",🙂‍↕️ (September Gravel),Ride,"",9104,58.59,160.0,121,false,,Scott,activities/13166479281.fit.gz,,7.0,9104.0,8796.0,58592.421875,17.632030487060547,6.661257743835449,1405.0,1363.0,387.20001220703125,1263.800048828125,24.661792755126953,0.016384433954954147,,,,,160.0,139.58441162109375,,186.68878173828125,1783.0,,26.0,121.0,,,,,,,,,,,0.0,,0.0,,1.0,,,,,,,,,,,,,,,,2806964.0,,,,,,,,,,,0.0,6.435898780822754,0.0,,,,,,,,,,,,""
12356202281,"Sep 8, 2024, 8:16:33 AM",⚔️(Melzo Duathlon and Trails),Run,"",5264,14.01,169.0,73,false,,,activities/13173624526.fit.gz,,,5264.0,3969.0,14018.1396484375,5.452002048492432,3.531907081604004,39.0,39.0,109.4000015258789,122.80000305175781,11.990632057189941,-0.005706858821213245,,,85.0,80.07173156738281,169.0,146.71104431152344,,,977.0,,24.0,73.0,,,,,,,,,,,0.0,,0.0,,1.0,14115.900390625,,,,,,,,,,,,,,,,,,,,,,,,,,0.0,2.663020372390747,3658.5,,,,10606.0,,,,,3.5565381050109863,,,media/1bff342f-2ba3-4850-8ef9-6d307752a81e.jpg|media/36a015c7-9a54-4364-b32f-d079eea252d1.jpg
12365091795,"Sep 9, 2024, 9:42:03 AM",😂(Long Term Plan),Run,Neanche l'orologio riesco a fermare,3993,13.10,166.0,85,false,,,activities/13183189549.fit.gz,,,3993.0,3975.0,13102.0,5.400000095367432,3.296100616455078,321.0,357.0,370.20001220703125,706.2000122070312,21.7391300201416,-0.22134025394916534,,,82.0,79.12421417236328,166.0,149.3592987060547,,,1022.0,,27.0,85.0,,,,,,,,,,,0.0,,0.0,,1.0,13855.599609375,,,,,,,,,,,,,,,,,,,,,,,,,,0.0,3.2812421321868896,1403.0999755859375,,,,10644.0,,,,,3.2176077365875244,,,""
12371911387,"Sep 10, 2024, 5:17:00 AM",🇪🇸(Malaga e Visconti),Run,Building 🏫 Block on 🤡🎪,3783,13.00,169.0,59,false,,,activities/13190465105.fit.gz,,,3783.0,3772.0,13005.0,6.139990329742432,3.447772979736328,222.0,236.0,375.79998779296875,562.7999877929688,26.376083374023438,-0.11072636395692825,,,85.0,81.65754699707031,169.0,144.21939086914062,,,903.0,,16.0,59.0,,,,,,,,,,,0.0,,0.0,,1.0,13542.099609375,,,,,,,,,,,,,,,,,,,,,,,,,,0.0,3.4377477169036865,3970.0,,,,10292.0,,,,,3.5901644229888916,,,media/5f95b92b-7ba0-4977-85db-6327c1fefddf.jpg|media/9543ffa4-31b6-4fbb-ac39-b373fb81fc75.jpg|media/b0e34685-74d0-485e-8e8c-86b2503732dd.jpg|media/e633f83e-5a03-4692-b966-887aa086912d.jpg
12384632478,"Sep 11, 2024, 4:55:57 AM",🏎️ (The Process and Cheesecakes),Ride,"",39366,53.67,169.0,75,false,,Scott,activities/13203947951.fit.gz,,7.0,39366.0,6622.0,53674.2109375,16.11199951171875,8.105438232421875,535.0,524.0,216.0,680.4000244140625,12.145410537719727,0.014159568585455418,,,,,169.0,136.27813720703125,,173.2541961669922,1577.0,,24.0,75.0,,,,,,,,,,,0.0,,0.0,,1.0,,,,,,,,,,,,,,,,2806964.0,,,,,,,,,,,0.0,1.3634662628173828,1157.800048828125,,,,,,,,,,,,""
12392573528,"Sep 12, 2024, 1:37:59 PM",🤹🏼‍♂️(The Rebalancing),Run,"Slowly back to running
Still some weird hips feelings
But it's all a rebalance. Maybe.",5810,18.50,172.0,172,false,,,activities/13212448550.fit.gz,,,5810.0,5810.0,18501.91015625,6.218017578125,3.1844940185546875,676.0,689.0,392.3999938964844,1065.4000244140625,24.88823699951172,-0.12106871604919434,,,84.0,79.78882598876953,172.0,157.1132049560547,,,1359.0,,18.0,172.0,,,,,,,,,,,0.0,,0.0,,1.0,20370.599609375,,,,,,,,,,,,,,,,,,,,,,,,,,0.0,3.1844940185546875,0.0,,,,15516.0,,,,,3.50612735748291,,,media/75b4f58b-afdd-4590-9b90-94faa08d58ce.jpg
12405598959,"Sep 14, 2024, 7:32:11 AM",🥓(Amatriciana di Lacco e Veneziana),Run,"Good to be back.
Half marathon check ",7261,23.00,188.0,221,false,,,activities/13226458295.fit.gz,,,7261.0,6598.0,23007.958984375,5.814013481140137,3.4871113300323486,375.0,389.0,318.3999938964844,706.2000122070312,21.256664276123047,-0.11300437152385712,,,85.0,82.76454162597656,188.0,159.5902557373047,,,1640.0,,16.0,221.0,,,,,,,,,,,0.0,,0.0,,1.0,23908.19921875,,,,,,,,,,,,,,,,,,,,,,,,,,0.0,3.168704032897949,11291.400390625,,,,18176.0,,,,,3.6235525608062744,,,media/f91747f3-316d-4d03-87cd-4ea7d86eefad.jpg|media/3de37573-4557-4e69-b654-9e1f76e3422d.jpg
12415539728,"Sep 15, 2024, 5:18:22 AM",🇮🇹(Italian Championship Vertical KM),Ride,Filming it 👌🏼😂,22638,46.87,159.0,65,false,,Scott,activities/13237120276.fit.gz,,7.0,22638.0,9005.0,46869.94921875,16.86328125,5.204880714416504,1592.0,1641.0,384.20001220703125,1534.800048828125,32.3448600769043,-0.06187333166599274,,,,,159.0,129.4636688232422,,173.84693908691406,1857.0,,20.0,65.0,,,,,,,,,,,0.0,,0.0,,1.0,,,,,,,,,,,,,,,,2806964.0,,,,,,,,,,,0.0,2.0704102516174316,9761.7001953125,,,,,,,,,,,,media/582d6546-11f9-411c-af45-b3141c99ed2f.jpg|media/58d1e185-9bc0-470b-85eb-0d4e8e0ded4a.jpg
12425356834,"Sep 16, 2024, 4:52:41 AM",🏍️ (BDC = Easy Mode),Ride,"",40241,53.47,171.0,129,false,,Scott,activities/13247655877.fit.gz,,7.0,40241.0,6357.0,53476.30859375,15.166003227233887,8.412192344665527,554.0,578.0,216.8000030517578,706.2000122070312,14.797687530517578,-0.04562772810459137,,,,,171.0,145.583740234375,,188.47012329101562,1720.0,,20.0,129.0,,,,,,,,,,,0.0,,0.0,,1.0,,,,,,,,,,,,,,,,2806964.0,,,,,,,,,,,0.0,1.3289010524749756,1161.699951171875,,,,,,,,,,,,""
12429898711,"Sep 17, 2024, 4:41:48 AM",🍋 (Stirred Limonov),Run,"",4015,15.03,179.0,137,false,,,activities/13252469052.fit.gz,,,4015.0,3967.0,15031.7802734375,7.642187595367432,3.789206027984619,65.0,70.0,203.8000030517578,223.8000030517578,12.7999267578125,-0.03725434094667435,,,86.0,81.78406524658203,179.0,160.9759979248047,,,1050.0,,17.0,137.0,,,,,,,,,,,0.0,,0.0,,1.0,15138.2998046875,,,,,,,,,,,,,,,,,,,,,,,,,,0.0,3.7439053058624268,12474.7998046875,,,,10808.0,,,,,3.8160574436187744,,,media/3722ff6c-e8ff-40ba-a306-3196c6b5148c.jpg|media/8a61d005-76f4-4d7e-baa5-d4422b0ebc2e.jpg|media/05d5d93d-8e01-4056-84c4-d74f80bbec74.jpg
12440596554,"Sep 18, 2024, 9:38:25 AM",🇺🇸 (The Lombardia Prospect-ive),Ride,"",5470,33.73,161.0,36,false,,Scott,activities/13263884622.fit.gz,,7.0,5470.0,5106.0,33735.609375,17.8232421875,6.607052326202393,798.0,822.0,315.0,1061.0,46.81006622314453,-0.09959795325994492,,,,,161.0,125.33934020996094,,175.04734802246094,857.0,,19.0,36.0,,,,,,,,,,,0.0,,0.0,,1.0,,,,,,,,,,,,,,,,2806964.0,,,,,,,,,,,0.0,6.16738748550415,0.0,,,,,,,,,,,,media/ff69bc13-cb89-4622-b4cb-0b7685dc60f4.jpg|media/98374f4a-6669-4df5-b3ec-82e15d15fcbf.jpg|media/ea9aaa08-84a6-41b0-8826-2b9b9acb7c4e.jpg
12449025898,"Sep 19, 2024, 9:14:19 AM",🦴 (Battuta di Manzo),Run,"",4095,14.01,169.0,86,false,,,activities/13272870102.fit.gz,,,4095.0,4075.0,14010.1904296875,5.261999607086182,3.4380836486816406,326.0,345.0,374.79998779296875,705.5999755859375,17.258310317993164,-0.15988336503505707,,,84.0,80.4572525024414,169.0,149.99383544921875,,,973.0,,23.0,86.0,,,,,,,,,,,0.0,,0.0,,1.0,14836.900390625,,,,,,,,,,,,,,,,,,,,,,,,,,0.0,3.4212918281555176,1707.0,,,,10948.0,,,,,3.6409571170806885,,,media/61a9a0bc-dcde-4b80-b558-5a4a9828f45b.jpg|media/d15057c5-1fae-43dd-8e1e-9b38c5548a5f.jpg
12455570968,"Sep 20, 2024, 2:59:06 AM",Morning Ride,Virtual Ride,,424,3.93,,,false,,Scott,activities/13279827586.fit.gz,,7.0,424.0,424.0,3937.56005859375,10.47998046875,9.286698341369629,0.0,0.0,,,0.0,0.0,,,67.0,59.411346435546875,,,,171.4811248779297,72.0,,,,,,,,,,,,170.0,425.0,,,0.0,,1.0,,,,,,,,,,,,,,,,2806964.0,,,,,,,,,,,0.0,9.286698341369629,0.0,,,,,,,3.0,57.0,,,,""
12455733830,"Sep 20, 2024, 3:06:50 AM",💍(Anelli e Z2),Virtual Ride,"",4306,45.17,,,false,,Scott,activities/13280003653.fit.gz,,7.0,4306.0,4306.0,45177.87890625,11.621973037719727,10.491843223571777,0.0,0.0,,,0.0,0.0,,,74.0,54.62369155883789,,,,214.3355712890625,922.0,,,,,,,,,,,,214.0,4307.0,0.0,,0.0,,1.0,,,,,,,,,,,,,,,,2806964.0,,,,,,,,,,,0.0,10.491843223571777,0.0,,,,,,,60.0,71.0,,,,""
12464190633,"Sep 21, 2024, 5:30:49 AM",🙏🏼(The Classic September Miracle),Ride,Tapering for tomorrow 🤡,9149,64.62,173.0,151,false,,Scott,activities/13289087324.fit.gz,,7.0,9149.0,8902.0,64625.80859375,18.732030868530273,7.259695529937744,1307.0,1329.0,268.6000061035156,1104.800048828125,20.546855926513672,-0.04146948084235191,,,,,173.0,143.21209716796875,,188.51625061035156,1933.0,,18.0,151.0,,,,,,,,,,,0.0,,0.0,,1.0,,,,,,,,,,,,,,,,2806964.0,,,,,,,,,,,0.0,7.06370210647583,0.0,,,,,,,,,,,,media/45f9059b-02a6-4cba-be3f-2fca3936d668.jpg
12474478990,"Sep 22, 2024, 7:32:44 AM",🇺🇸 (MAGA 2024 - Make Arera Grem Again!),Run,"🐢⬆️🦥⬇️
22° cause I can't run downhill
What an amazing scenery though!
Legs didn't enjoy it ",11136,24.15,176.0,229,false,,,activities/13300100434.fit.gz,,,11136.0,11062.0,24151.9296875,5.556054592132568,2.183323860168457,1539.0,2293.0,829.0,2044.199951171875,49.714080810546875,-3.122732162475586,,,110.0,74.68934631347656,176.0,148.01805114746094,,,2145.0,,16.0,229.0,,,,,,,,,,,0.0,,0.0,,1.0,35647.80078125,,,,,,,,,,,,,,,,,,,,,,,,,,0.0,2.1688156127929688,22613.80078125,,,,27710.0,,,,,3.222545623779297,,,media/354211a8-6379-4a20-9c06-e4ac3e37ca21.jpg|media/efda24d1-c4d5-41da-8157-689fb3a010bb.jpg|media/7f4e00bf-74da-4604-b019-63930a9f8d50.jpg|media/fdb6333d-d451-4892-b801-ec6ba6d696d2.jpg|media/1f076752-4a39-4a7f-96b3-f17b48aab1dd.jpg
12482358324,"Sep 23, 2024, 9:03:03 AM",🍂(Defa autunnale pre trasferta),Ride,🤡,4856,33.78,166.0,55,false,,Scott,activities/13308554952.fit.gz,,7.0,4856.0,4856.0,33785.80078125,17.362110137939453,6.9575371742248535,792.0,808.0,319.20001220703125,1061.199951171875,17.767375946044922,-0.07281176000833511,,,95.0,71.29557037353516,166.0,134.6624755859375,,217.5611572265625,1176.0,,22.0,55.0,1056382.0,,,,,,,,242.0,4857.0,0.0,,0.0,,1.0,,,,,,,,,,,,,,,,2806964.0,,,,,,,,,,,0.0,6.9575371742248535,0.0,,,,,,,88.0,81.0,,,,media/4bfa5f25-8038-4582-8a19-feddc6b90202.jpg
12489114631,"Sep 24, 2024, 4:12:05 AM",✈️(Check in and Beatì),Virtual Ride,"",4332,44.02,,,false,,Scott,activities/13315727603.fit.gz,,7.0,4332.0,4332.0,44021.890625,10.516016006469727,10.16202449798584,0.0,0.0,,,0.0,0.0,,,85.0,72.86605072021484,,,,196.86587524414062,852.0,,,,,,,,,,,,197.0,4333.0,0.0,,0.0,,1.0,,,,,,,,,,,,,,,,2806964.0,,,,,,,,,,,0.0,10.16202449798584,0.0,,,,,,,52.0,66.0,,,,media/beb3567f-fe90-4381-b10e-70dec5ff27f6.jpg
12497942478,"Sep 25, 2024, 4:53:08 AM",🪨(Hard Legs and Eritrean Frankfurt Treats),Run,"Frankfurt is nice
Poggy made it easy",3880,14.06,174.0,88,false,,,activities/13325108593.fit.gz,,,3880.0,3803.0,14060.740234375,8.372021675109863,3.6972758769989014,31.0,28.0,97.80000305175781,108.4000015258789,18.135377883911133,-0.004267189651727676,,,91.0,84.95154571533203,174.0,150.56329345703125,,,949.0,,19.0,88.0,,,,,,,,,,,0.0,,0.0,,1.0,14149.5,,,,,,,,,,,,,,,,,,,,,,,,,,0.0,3.6239020824432373,903.4000244140625,,,,10786.0,,,,,3.7206153869628906,,,media/8d6b5cfa-e37b-4497-a8c7-a2ef26229757.jpg|media/740aa874-cba0-400f-a02c-4b9d7fd8819f.jpg|media/e49ea969-6f67-4eff-a48c-08981ed3e0cd.jpg|media/0041abc1-ef05-4f27-bc15-c22340df6d96.jpg
12506045738,"Sep 26, 2024, 4:50:07 AM",🌂 (Frankfurt: Umbrella Academy),Run,"",3787,14.01,177.0,102,false,,,activities/13333732110.fit.gz,,,3787.0,3688.0,14018.58984375,10.002001762390137,3.801136016845703,34.68135070800781,228.0,97.0999984741211,106.5999984741211,49.41524124145508,0.03923359140753746,,,104.0,85.05465698242188,177.0,154.52467346191406,,,948.0,,16.0,102.0,,,,,,,,,,,0.0,,0.0,,1.0,14091.458984375,,,,,,,,,,,,,,,,,,,,,,,,,,0.0,3.7017664909362793,11.800000190734863,,,,10478.0,,,,,4.236822128295898,,,media/27fd14ab-afb9-4a95-b1e3-40654efa4bf5.jpg|media/1a28961b-7500-4115-8349-7e0a77260468.jpg|media/7cd3cbcc-a229-4170-a6eb-7c140fec5b6b.jpg|media/4f089633-41bf-441c-bb9d-c2500cc17c92.jpg
12516716580,"Sep 27, 2024, 1:37:55 PM",😅 (Bike = Volume),Ride,"You can't take a day off, as a cyclist...",7108,50.40,171.0,81,false,,Scott,activities/13345144226.fit.gz,,7.0,7108.0,7108.0,50403.02734375,17.371875762939453,7.091028213500977,1131.0,1157.0,322.6000061035156,766.7999877929688,22.908178329467773,-0.05317138507962227,,,104.0,73.81371307373047,171.0,135.07301330566406,,211.3649444580078,1683.0,,24.0,81.0,1507647.0,,,,,,,,241.0,7109.0,0.0,,0.0,,1.0,,,,,,,,,,,,,,,,2806964.0,,,,,,,,,,,0.0,7.091028213500977,0.0,,,,,,,126.0,80.0,,,,media/b3cca381-4f0f-4407-94d6-5458de0f8755.jpg|media/f92b9578-0cdf-43f8-8934-8d7ae0b6393c.jpg
12520692486,"Sep 28, 2024, 5:16:48 AM",🥐 (Croissant Half),Run,"sorsi, bocconi e spolmonate",6618,21.12,181.0,206,false,,,activities/13349392302.fit.gz,,,6618.0,5895.0,21119.4609375,5.618017673492432,3.5826058387756348,257.0,260.0,320.79998779296875,564.0,18.08228874206543,-0.06534280627965927,,,90.0,83.76878356933594,181.0,160.336669921875,,,1495.0,,16.0,206.0,,,,,,,,,,,0.0,,0.0,,1.0,21709.400390625,,,,,,,,,,,,,,,,,,,,,,,,,,0.0,3.1912150382995605,11980.7998046875,,,,16450.0,,,,,3.682680130004883,,,media/7e0496a6-bde0-4b4f-bd33-2fbd3b303234.jpg|media/d0529c5f-47e3-46e0-9196-9ce05e703c98.jpg
12522165644,"Sep 28, 2024, 8:27:46 AM",💆🏼‍♂️ (Chiaccherate),Hike,"",4829,5.29,161.0,13,false,,,activities/13350955288.fit.gz,,,4829.0,3754.0,5291.990234375,2.9949951171875,1.409693717956543,383.0,269.0,392.3999938964844,777.2000122070312,42.27964401245117,2.1315228939056396,,,107.0,50.57037353515625,161.0,103.65922546386719,,,410.0,,27.0,13.0,,,,,,,,,,,0.0,,0.0,,1.0,,,,,,,,,,,,,,,,,,,,,,,,,,,0.0,1.0958770513534546,248.8000030517578,,,,6244.0,,,,,,,,""
12530344942,"Sep 29, 2024, 6:00:58 AM",🍄(Funghi del Pora),Ride,"meglio quelli dello ian
+ indians motorbike association at the end",13910,87.88,169.0,143,false,,Scott,activities/13359706635.fit.gz,,7.0,13910.0,12056.0,87884.65625,18.640625,7.289702892303467,1942.0,1929.0,381.0,1527.5999755859375,47.07224655151367,-0.015929970890283585,,,109.0,72.17620086669922,169.0,136.8778076171875,,213.62612915039062,2871.0,,16.0,143.0,2574380.0,,,,,,,,236.0,12582.0,0.0,,0.0,,1.0,,,,,,,,,,,,,,,,2806964.0,,,,,,,,,,,0.0,6.318091869354248,1061.300048828125,,,,,,,217.0,79.0,,,,media/27c52704-2fd9-4494-a592-744f0d1adb0b.jpg|media/9799563b-0b2c-4b40-9214-ea62745d31b1.jpg
12541074160,"Sep 30, 2024, 5:02:24 AM",⚰️(Gravel is back),Ride,"possibly one of the last h2w in the traffic and the stress
incoming: more peaceful bike rides ",40634,53.73,155.0,33,false,,Scott,activities/13371220438.fit.gz,,7.0,40634.0,6733.0,53733.078125,15.752001762390137,7.980555057525635,551.0,586.0,216.0,706.4000244140625,31.552528381347656,-0.04652627557516098,,,,,155.0,123.04412078857422,,170.32357788085938,1211.0,,21.0,33.0,,,,,,,,,,,0.0,,0.0,,1.0,,,,,,,,,,,,,,,,2806964.0,,,,,,,,,,,0.0,1.3223674297332764,1112.0,,,,,,,,,,,,""
12545235387,"Oct 1, 2024, 4:13:02 AM",🥙 (Piadina and 16km),Run,starting to feel the rhythm ,4662,16.11,180.0,103,false,,,activities/13375630754.fit.gz,,,4662.0,4632.0,16118.4404296875,5.535937309265137,3.4798014163970947,228.0,240.0,324.20001220703125,561.7999877929688,18.483755111694336,-0.08561614900827408,,,88.0,81.9521255493164,180.0,150.4248046875,,,1131.0,,16.0,103.0,,,,,,,,,,,0.0,,0.0,,1.0,16647.900390625,,,,,,,,,,,,,,,,,,,,,,,,,,0.0,3.457408905029297,9133.099609375,,,,12678.0,,,,,3.5941061973571777,,,media/6d2d47f6-667b-4eef-b1a9-cf19a6100c40.jpg|media/64498a39-f659-473c-97c8-9bc0ba8ff066.jpg|media/471da35e-bc26-4d27-9bc4-e677821fabeb.jpg
12558782600,"Oct 2, 2024, 4:26:18 PM",🍕 (Mizuno test x We Run),Run,back at Montecchio like 15 years ago,6193,17.01,178.0,117,false,,,activities/13390096513.fit.gz,,,6193.0,4625.0,17009.701171875,6.563867092132568,3.6777732372283936,68.0,73.0,271.20001220703125,306.20001220703125,33.96677017211914,-0.01410955935716629,,,91.0,81.3065414428711,178.0,153.19747924804688,,,1179.0,,19.0,117.0,,,,,,,,,,,0.0,,0.0,,1.0,17147.80078125,,,,,,,,,,,,,,,,,,,,,,,,,,0.0,2.746601104736328,6799.39990234375,,,,12548.0,,,,,3.707632541656494,,,media/cd01cc1c-7821-436b-bbf9-0831e0acc75d.jpg|media/c705f5a4-b4b1-40d7-a0db-5314ff034a34.jpg|media/ccad927d-0a47-444e-8f48-4c0ef46f291c.jpg
12565586691,"Oct 3, 2024, 2:45:15 PM",🗼(Mickey in Paris),Virtual Ride,Foggy but lovely,4323,45.12,,,false,,Scott,activities/13397383307.fit.gz,,7.0,4323.0,4323.0,45125.671875,10.789843559265137,10.438508033752441,0.0,0.0,,,0.0,0.0,,,84.0,72.70506286621094,,,,209.5984344482422,905.0,,,,,,,,,,,,209.0,4324.0,0.0,,0.0,,1.0,,,,,,,,,,,,,,,,2806964.0,,,,,,,,,,,0.0,10.438508033752441,0.0,,,,,,,58.0,70.0,,,,""
12571438886,"Oct 4, 2024, 9:55:42 AM",💷 (Deposito bancario),Run,"Empty day today.
gotta refuel",3954,13.16,169.0,61,false,,,activities/13403644051.fit.gz,,,3954.0,3897.0,13159.1298828125,5.780029296875,3.3767333030700684,319.0,347.0,371.0,707.7999877929688,37.545833587646484,-0.19606150686740875,,,91.0,81.77263641357422,169.0,142.56532287597656,,,894.0,,19.0,61.0,,,,,,,,,,,0.0,,0.0,,1.0,13971.7998046875,,,,,,,,,,,,,,,,,,,,,,,,,,0.0,3.3280551433563232,1408.5999755859375,,,,10624.0,,,,,3.585270643234253,,,""
12577605441,"Oct 5, 2024, 6:02:38 AM",😍(Netflix and Spin),Virtual Ride,"later on...
10k YTD",7202,75.05,,,false,,Scott,activities/13410282924.fit.gz,,7.0,7202.0,7202.0,75052.078125,11.519922256469727,10.421005249023438,0.0,0.0,,,0.0,0.0,,,79.0,65.56470489501953,,,,209.4602813720703,1508.0,,,,,,,,,,,,209.0,7203.0,0.0,,0.0,,1.0,,,,,,,,,,,,,,,,2806964.0,,,,,,,,,,,0.0,10.421005249023438,0.0,,,,,,,97.0,70.0,,,,""
12580597623,"Oct 5, 2024, 12:31:01 PM",🔁 (Staffetta 6 Ore Azzano),Run,carbonara with nutritional yeast was not a smart choice,3619,15.56,179.0,140,false,,,activities/13413480756.fit.gz,,,3619.0,3619.0,15567.33984375,5.5920000076293945,4.301558494567871,3.0,8.0,216.60000610351562,223.0,5.740553855895996,-0.032118525356054306,,,91.0,82.92224884033203,179.0,163.09255981445312,,,1062.0,,22.0,140.0,,,,,,,,,,,0.0,,0.0,,1.0,15602.7001953125,,,,,,,,,,,,,,,,,,,,,,,,,,0.0,4.301558494567871,0.0,,,,9994.0,,,,,4.311328887939453,,,media/261acad0-6614-4f75-bf5e-056b3c533049.jpg|media/af6d7eb4-7b82-4602-83db-f230e2b4be85.jpg|media/64332c7e-ead0-48d6-a126-15663a96e92b.jpg
12586594719,"Oct 6, 2024, 5:36:52 AM",☠️ (Scedrina Death Race),Run,big day in Orezzo today,4423,15.01,188.0,153,false,,,activities/13419097266.fit.gz,,,4423.0,4344.0,15009.7998046875,6.763964653015137,3.455294609069824,339.0,361.0,375.79998779296875,706.7999877929688,24.07281494140625,-0.14390581846237183,,,88.0,82.07774353027344,188.0,160.77230834960938,,,1090.0,,14.0,153.0,,,,,,,,,,,0.0,,0.0,,1.0,15826.400390625,,,,,,,,,,,,,,,,,,,,,,,,,,0.0,3.3935790061950684,1702.0,,,,11880.0,,,,,3.643278121948242,,,""
12595217511,"Oct 7, 2024, 4:43:29 AM",🏮(Glimpse of New Beginnings),Run,"bergamo, you are back 😍",4464,15.01,174.0,71,false,,,activities/13428310621.fit.gz,,,4464.0,4276.0,15018.25,10.358007431030273,3.5122194290161133,271.0,274.0,233.0,466.79998779296875,19.087778091430664,0.0013316927943378687,,,89.0,83.27249145507812,174.0,144.44410705566406,,,1021.0,,16.0,71.0,,,,,,,,,,,0.0,,0.0,,1.0,15656.099609375,,,,,,,,,,,,,,,,,,,,,,,,,,0.0,3.3643033504486084,109.0,,,,11866.0,,,,,3.661389112472534,,,media/5991f8fd-8bde-4fab-a8fe-62f61db6dc24.jpg
